task=11 cfg_img_scale ablation
start_utc=2026-06-01T12:48:34Z
repo_root=/root/autodl-tmp/BAGEL
record_dir=/root/autodl-tmp/BAGEL/repro_records/task11_20260601_204507
python_cmd=/root/miniconda3/bin/conda run -n bagel python
model_path=models/BAGEL-7B-MoT
image_path=test_images/women.jpg
prompt=change the background into a snowy mountain while keeping the main subject unchanged
seed=42
num_timesteps=30
cfg_text_scale=4.0
mode=2
think=false

input_image_file:
test_images/women.jpg: JPEG image data, JFIF standard 1.01, aspect ratio, density 1x1, segment length 16, baseline, precision 8, 800x1024, components 3

===== cfg_img_scale=1.0 =====
output=/root/autodl-tmp/BAGEL/repro_records/task11_20260601_204507/outputs/cfg_img_1.png
before_gpu:
Mon Jun  1 20:48:34 2026       
+-----------------------------------------------------------------------------------------+
| NVIDIA-SMI 595.58.03              Driver Version: 595.58.03      CUDA Version: 13.2     |
+-----------------------------------------+------------------------+----------------------+
| GPU  Name                 Persistence-M | Bus-Id          Disp.A | Volatile Uncorr. ECC |
| Fan  Temp   Perf          Pwr:Usage/Cap |           Memory-Usage | GPU-Util  Compute M. |
|                                         |                        |               MIG M. |
|=========================================+========================+======================|
|   0  NVIDIA GeForce RTX 4090        On  |   00000000:16:00.0 Off |                  Off |
| 30%   28C    P8             21W /  450W |       1MiB /  24564MiB |      0%      Default |
|                                         |                        |                  N/A |
+-----------------------------------------+------------------------+----------------------+
|   1  NVIDIA GeForce RTX 4090        On  |   00000000:5A:00.0 Off |                  Off |
| 30%   28C    P8             28W /  450W |     672MiB /  24564MiB |      0%      Default |
|                                         |                        |                  N/A |
+-----------------------------------------+------------------------+----------------------+

+-----------------------------------------------------------------------------------------+
| Processes:                                                                              |
|  GPU   GI   CI              PID   Type   Process name                        GPU Memory |
|        ID   ID                                                               Usage      |
|=========================================================================================|
|  No running processes found                                                             |
+-----------------------------------------------------------------------------------------+
command=/root/miniconda3/bin/conda run -n bagel python scripts/run_bagel_minimal.py --task edit --image test_images/women.jpg --prompt change the background into a snowy mountain while keeping the main subject unchanged --output /root/autodl-tmp/BAGEL/repro_records/task11_20260601_204507/outputs/cfg_img_1.png --mode 2 --seed 42 --think false --num_timesteps 30 --cfg_text_scale 4.0 --cfg_img_scale 1.0 --model_path models/BAGEL-7B-MoT
The safetensors archive passed at models/BAGEL-7B-MoT/ema.safetensors does not contain metadata. Make sure to save your model with the `save_pretrained` method. Defaulting to 'pt' metadata.

  0%|          | 0/1223 [00:00<?, ?w/s]
language_model.model.embed_tokens.weight:   0%|          | 0/1223 [00:00<?, ?w/s, dev=0]
language_model.model.embed_tokens.weight:   0%|          | 1/1223 [00:00<07:09,  2.84w/s, dev=0]
language_model.model.layers.0.input_layernorm.weight:   0%|          | 1/1223 [00:00<07:10,  2.84w/s, dev=0]
language_model.model.layers.0.input_layernorm_moe_gen.weight:   0%|          | 2/1223 [00:00<03:35,  5.67w/s, dev=0]
language_model.model.layers.0.mlp.down_proj.weight:   0%|          | 3/1223 [00:00<02:23,  8.51w/s, dev=0]          
language_model.model.layers.0.mlp.gate_proj.weight:   0%|          | 4/1223 [00:00<01:55, 10.57w/s, dev=0]
language_model.model.layers.0.mlp.up_proj.weight:   0%|          | 5/1223 [00:00<01:38, 12.38w/s, dev=0]  
language_model.model.layers.0.mlp_moe_gen.down_proj.weight:   0%|          | 6/1223 [00:00<01:27, 13.96w/s, dev=0]
language_model.model.layers.0.mlp_moe_gen.down_proj.weight:   1%|          | 7/1223 [00:00<01:19, 15.37w/s, dev=0]
language_model.model.layers.0.mlp_moe_gen.gate_proj.weight:   1%|          | 7/1223 [00:00<01:19, 15.37w/s, dev=0]
language_model.model.layers.0.mlp_moe_gen.up_proj.weight:   1%|          | 8/1223 [00:00<01:13, 16.62w/s, dev=0]  
language_model.model.layers.0.post_attention_layernorm.weight:   1%|          | 9/1223 [00:00<01:08, 17.75w/s, dev=0]
language_model.model.layers.0.post_attention_layernorm_moe_gen.weight:   1%|          | 10/1223 [00:00<01:01, 19.71w/s, dev=0]
language_model.model.layers.0.self_attn.k_norm.weight:   1%|          | 11/1223 [00:00<00:55, 21.67w/s, dev=0]                
language_model.model.layers.0.self_attn.k_norm_moe_gen.weight:   1%|          | 12/1223 [00:00<00:51, 23.64w/s, dev=0]
language_model.model.layers.0.self_attn.k_proj.bias:   1%|          | 13/1223 [00:00<00:47, 25.60w/s, dev=0]          
language_model.model.layers.0.self_attn.k_proj.weight:   1%|          | 14/1223 [00:00<00:43, 27.57w/s, dev=0]
language_model.model.layers.0.self_attn.k_proj_moe_gen.bias:   1%|          | 15/1223 [00:00<00:40, 29.48w/s, dev=0]
language_model.model.layers.0.self_attn.k_proj_moe_gen.weight:   1%|▏         | 16/1223 [00:00<00:38, 31.43w/s, dev=0]
language_model.model.layers.0.self_attn.o_proj.weight:   1%|▏         | 17/1223 [00:00<00:36, 33.34w/s, dev=0]        
language_model.model.layers.0.self_attn.o_proj_moe_gen.weight:   1%|▏         | 18/1223 [00:00<00:34, 34.94w/s, dev=0]
language_model.model.layers.0.self_attn.q_norm.weight:   2%|▏         | 19/1223 [00:00<00:32, 36.52w/s, dev=0]        
language_model.model.layers.0.self_attn.q_norm_moe_gen.weight:   2%|▏         | 20/1223 [00:00<00:31, 38.42w/s, dev=0]
language_model.model.layers.0.self_attn.q_proj.bias:   2%|▏         | 21/1223 [00:00<00:29, 40.33w/s, dev=0]          
language_model.model.layers.0.self_attn.q_proj.weight:   2%|▏         | 22/1223 [00:00<00:28, 42.25w/s, dev=0]
language_model.model.layers.0.self_attn.q_proj_moe_gen.bias:   2%|▏         | 23/1223 [00:00<00:27, 43.74w/s, dev=0]
language_model.model.layers.0.self_attn.q_proj_moe_gen.weight:   2%|▏         | 24/1223 [00:00<00:26, 45.62w/s, dev=0]
language_model.model.layers.0.self_attn.v_proj.bias:   2%|▏         | 25/1223 [00:00<00:25, 47.07w/s, dev=0]          
language_model.model.layers.0.self_attn.v_proj.weight:   2%|▏         | 26/1223 [00:00<00:24, 48.93w/s, dev=0]
language_model.model.layers.0.self_attn.v_proj_moe_gen.bias:   2%|▏         | 27/1223 [00:00<00:23, 50.73w/s, dev=0]
language_model.model.layers.0.self_attn.v_proj_moe_gen.weight:   2%|▏         | 28/1223 [00:00<00:22, 52.60w/s, dev=0]
language_model.model.layers.1.input_layernorm.weight:   2%|▏         | 29/1223 [00:00<00:21, 54.39w/s, dev=0]         
language_model.model.layers.1.input_layernorm_moe_gen.weight:   2%|▏         | 30/1223 [00:00<00:21, 56.25w/s, dev=0]
language_model.model.layers.1.mlp.down_proj.weight:   3%|▎         | 31/1223 [00:00<00:20, 58.11w/s, dev=0]          
language_model.model.layers.1.mlp.down_proj.weight:   3%|▎         | 32/1223 [00:00<00:20, 57.24w/s, dev=0]
language_model.model.layers.1.mlp.gate_proj.weight:   3%|▎         | 32/1223 [00:00<00:20, 57.23w/s, dev=0]
language_model.model.layers.1.mlp.up_proj.weight:   3%|▎         | 33/1223 [00:00<00:21, 56.43w/s, dev=0]  
language_model.model.layers.1.mlp_moe_gen.down_proj.weight:   3%|▎         | 34/1223 [00:00<00:21, 55.70w/s, dev=0]
language_model.model.layers.1.mlp_moe_gen.gate_proj.weight:   3%|▎         | 35/1223 [00:00<00:21, 55.02w/s, dev=0]
language_model.model.layers.1.mlp_moe_gen.up_proj.weight:   3%|▎         | 36/1223 [00:00<00:21, 54.40w/s, dev=0]  
language_model.model.layers.1.post_attention_layernorm.weight:   3%|▎         | 37/1223 [00:00<00:22, 53.82w/s, dev=0]
language_model.model.layers.1.post_attention_layernorm_moe_gen.weight:   3%|▎         | 38/1223 [00:00<00:21, 55.26w/s, dev=0]
language_model.model.layers.1.self_attn.k_norm.weight:   3%|▎         | 39/1223 [00:00<00:20, 56.71w/s, dev=0]                
language_model.model.layers.1.self_attn.k_norm_moe_gen.weight:   3%|▎         | 40/1223 [00:00<00:20, 58.15w/s, dev=0]
language_model.model.layers.1.self_attn.k_proj.bias:   3%|▎         | 41/1223 [00:00<00:19, 59.60w/s, dev=0]          
language_model.model.layers.1.self_attn.k_proj.weight:   3%|▎         | 42/1223 [00:00<00:19, 61.04w/s, dev=0]
language_model.model.layers.1.self_attn.k_proj_moe_gen.bias:   4%|▎         | 43/1223 [00:00<00:18, 62.42w/s, dev=0]
language_model.model.layers.1.self_attn.k_proj_moe_gen.weight:   4%|▎         | 44/1223 [00:00<00:18, 63.86w/s, dev=0]
language_model.model.layers.1.self_attn.o_proj.weight:   4%|▎         | 45/1223 [00:00<00:18, 65.21w/s, dev=0]        
language_model.model.layers.1.self_attn.o_proj_moe_gen.weight:   4%|▍         | 46/1223 [00:00<00:17, 66.16w/s, dev=0]
language_model.model.layers.1.self_attn.q_norm.weight:   4%|▍         | 47/1223 [00:00<00:17, 67.10w/s, dev=0]        
language_model.model.layers.1.self_attn.q_norm_moe_gen.weight:   4%|▍         | 48/1223 [00:00<00:17, 68.51w/s, dev=0]
language_model.model.layers.1.self_attn.q_proj.bias:   4%|▍         | 49/1223 [00:00<00:16, 69.92w/s, dev=0]          
language_model.model.layers.1.self_attn.q_proj.weight:   4%|▍         | 50/1223 [00:00<00:16, 71.34w/s, dev=0]
language_model.model.layers.1.self_attn.q_proj_moe_gen.bias:   4%|▍         | 51/1223 [00:00<00:16, 72.24w/s, dev=0]
language_model.model.layers.1.self_attn.q_proj_moe_gen.weight:   4%|▍         | 52/1223 [00:00<00:15, 73.64w/s, dev=0]
language_model.model.layers.1.self_attn.v_proj.bias:   4%|▍         | 53/1223 [00:00<00:15, 74.52w/s, dev=0]          
language_model.model.layers.1.self_attn.v_proj.weight:   4%|▍         | 54/1223 [00:00<00:15, 75.91w/s, dev=0]
language_model.model.layers.1.self_attn.v_proj_moe_gen.bias:   4%|▍         | 55/1223 [00:00<00:15, 77.22w/s, dev=0]
language_model.model.layers.1.self_attn.v_proj_moe_gen.weight:   5%|▍         | 56/1223 [00:00<00:14, 78.61w/s, dev=0]
language_model.model.layers.1.self_attn.v_proj_moe_gen.weight:   5%|▍         | 57/1223 [00:00<00:14, 79.92w/s, dev=0]
language_model.model.layers.2.input_layernorm.weight:   5%|▍         | 57/1223 [00:00<00:14, 79.91w/s, dev=0]         
language_model.model.layers.2.input_layernorm_moe_gen.weight:   5%|▍         | 58/1223 [00:00<00:14, 81.29w/s, dev=0]
language_model.model.layers.2.mlp.down_proj.weight:   5%|▍         | 59/1223 [00:00<00:14, 82.68w/s, dev=0]          
language_model.model.layers.2.mlp.gate_proj.weight:   5%|▍         | 60/1223 [00:00<00:14, 81.18w/s, dev=0]
language_model.model.layers.2.mlp.up_proj.weight:   5%|▍         | 61/1223 [00:00<00:14, 79.75w/s, dev=0]  
language_model.model.layers.2.mlp_moe_gen.down_proj.weight:   5%|▌         | 62/1223 [00:00<00:14, 78.42w/s, dev=0]
language_model.model.layers.2.mlp_moe_gen.gate_proj.weight:   5%|▌         | 63/1223 [00:00<00:15, 77.18w/s, dev=0]
language_model.model.layers.2.mlp_moe_gen.up_proj.weight:   5%|▌         | 64/1223 [00:00<00:15, 76.01w/s, dev=0]  
language_model.model.layers.2.post_attention_layernorm.weight:   5%|▌         | 65/1223 [00:00<00:15, 74.92w/s, dev=0]
language_model.model.layers.2.post_attention_layernorm_moe_gen.weight:   5%|▌         | 66/1223 [00:00<00:15, 76.05w/s, dev=0]
language_model.model.layers.2.self_attn.k_norm.weight:   5%|▌         | 67/1223 [00:00<00:14, 77.19w/s, dev=0]                
language_model.model.layers.2.self_attn.k_norm_moe_gen.weight:   6%|▌         | 68/1223 [00:00<00:14, 78.34w/s, dev=0]
language_model.model.layers.2.self_attn.k_proj.bias:   6%|▌         | 69/1223 [00:00<00:14, 79.48w/s, dev=0]          
language_model.model.layers.2.self_attn.k_proj.weight:   6%|▌         | 70/1223 [00:00<00:14, 80.62w/s, dev=0]
language_model.model.layers.2.self_attn.k_proj_moe_gen.bias:   6%|▌         | 71/1223 [00:00<00:14, 81.69w/s, dev=0]
language_model.model.layers.2.self_attn.k_proj_moe_gen.weight:   6%|▌         | 72/1223 [00:00<00:13, 82.83w/s, dev=0]
language_model.model.layers.2.self_attn.o_proj.weight:   6%|▌         | 73/1223 [00:00<00:13, 83.90w/s, dev=0]        
language_model.model.layers.2.self_attn.o_proj_moe_gen.weight:   6%|▌         | 74/1223 [00:00<00:13, 84.55w/s, dev=0]
language_model.model.layers.2.self_attn.q_norm.weight:   6%|▌         | 75/1223 [00:00<00:13, 85.19w/s, dev=0]        
language_model.model.layers.2.self_attn.q_norm_moe_gen.weight:   6%|▌         | 76/1223 [00:00<00:13, 86.30w/s, dev=0]
language_model.model.layers.2.self_attn.q_proj.bias:   6%|▋         | 77/1223 [00:00<00:13, 87.43w/s, dev=0]          
language_model.model.layers.2.self_attn.q_proj.weight:   6%|▋         | 78/1223 [00:00<00:12, 88.55w/s, dev=0]
language_model.model.layers.2.self_attn.q_proj_moe_gen.bias:   6%|▋         | 79/1223 [00:00<00:12, 89.18w/s, dev=0]
language_model.model.layers.2.self_attn.q_proj_moe_gen.weight:   7%|▋         | 80/1223 [00:00<00:12, 90.29w/s, dev=0]
language_model.model.layers.2.self_attn.v_proj.bias:   7%|▋         | 81/1223 [00:00<00:12, 90.89w/s, dev=0]          
language_model.model.layers.2.self_attn.v_proj.bias:   7%|▋         | 82/1223 [00:00<00:12, 91.99w/s, dev=0]
language_model.model.layers.2.self_attn.v_proj.weight:   7%|▋         | 82/1223 [00:00<00:12, 91.99w/s, dev=0]
language_model.model.layers.2.self_attn.v_proj_moe_gen.bias:   7%|▋         | 83/1223 [00:00<00:12, 93.00w/s, dev=0]
language_model.model.layers.2.self_attn.v_proj_moe_gen.weight:   7%|▋         | 84/1223 [00:00<00:12, 94.11w/s, dev=0]
language_model.model.layers.3.input_layernorm.weight:   7%|▋         | 85/1223 [00:00<00:11, 95.14w/s, dev=0]         
language_model.model.layers.3.input_layernorm_moe_gen.weight:   7%|▋         | 86/1223 [00:00<00:11, 96.24w/s, dev=0]
language_model.model.layers.3.mlp.down_proj.weight:   7%|▋         | 87/1223 [00:00<00:11, 97.35w/s, dev=0]          
language_model.model.layers.3.mlp.gate_proj.weight:   7%|▋         | 88/1223 [00:00<00:11, 95.72w/s, dev=0]
language_model.model.layers.3.mlp.up_proj.weight:   7%|▋         | 89/1223 [00:00<00:12, 94.17w/s, dev=0]  
language_model.model.layers.3.mlp_moe_gen.down_proj.weight:   7%|▋         | 90/1223 [00:00<00:12, 92.71w/s, dev=0]
language_model.model.layers.3.mlp_moe_gen.gate_proj.weight:   7%|▋         | 91/1223 [00:00<00:12, 91.33w/s, dev=0]
language_model.model.layers.3.mlp_moe_gen.up_proj.weight:   8%|▊         | 92/1223 [00:01<00:12, 90.01w/s, dev=0]  
language_model.model.layers.3.post_attention_layernorm.weight:   8%|▊         | 93/1223 [00:01<00:12, 88.76w/s, dev=0]
language_model.model.layers.3.post_attention_layernorm_moe_gen.weight:   8%|▊         | 94/1223 [00:01<00:12, 89.70w/s, dev=0]
language_model.model.layers.3.self_attn.k_norm.weight:   8%|▊         | 95/1223 [00:01<00:12, 90.64w/s, dev=0]                
language_model.model.layers.3.self_attn.k_norm_moe_gen.weight:   8%|▊         | 96/1223 [00:01<00:12, 91.59w/s, dev=0]
language_model.model.layers.3.self_attn.k_proj.bias:   8%|▊         | 97/1223 [00:01<00:12, 92.53w/s, dev=0]          
language_model.model.layers.3.self_attn.k_proj.weight:   8%|▊         | 98/1223 [00:01<00:12, 93.48w/s, dev=0]
language_model.model.layers.3.self_attn.k_proj_moe_gen.bias:   8%|▊         | 99/1223 [00:01<00:11, 94.36w/s, dev=0]
language_model.model.layers.3.self_attn.k_proj_moe_gen.weight:   8%|▊         | 100/1223 [00:01<00:11, 95.29w/s, dev=0]
language_model.model.layers.3.self_attn.o_proj.weight:   8%|▊         | 101/1223 [00:01<00:11, 96.17w/s, dev=0]        
language_model.model.layers.3.self_attn.o_proj_moe_gen.weight:   8%|▊         | 102/1223 [00:01<00:11, 96.65w/s, dev=0]
language_model.model.layers.3.self_attn.q_norm.weight:   8%|▊         | 103/1223 [00:01<00:11, 97.12w/s, dev=0]        
language_model.model.layers.3.self_attn.q_norm_moe_gen.weight:   9%|▊         | 104/1223 [00:01<00:11, 98.05w/s, dev=0]
language_model.model.layers.3.self_attn.q_proj.bias:   9%|▊         | 105/1223 [00:01<00:11, 98.98w/s, dev=0]          
language_model.model.layers.3.self_attn.q_proj.weight:   9%|▊         | 106/1223 [00:01<00:11, 99.91w/s, dev=0]
language_model.model.layers.3.self_attn.q_proj.weight:   9%|▊         | 107/1223 [00:01<00:11, 100.37w/s, dev=0]
language_model.model.layers.3.self_attn.q_proj_moe_gen.bias:   9%|▊         | 107/1223 [00:01<00:11, 100.36w/s, dev=0]
language_model.model.layers.3.self_attn.q_proj_moe_gen.weight:   9%|▉         | 108/1223 [00:01<00:11, 101.29w/s, dev=0]
language_model.model.layers.3.self_attn.v_proj.bias:   9%|▉         | 109/1223 [00:01<00:10, 101.74w/s, dev=0]          
language_model.model.layers.3.self_attn.v_proj.weight:   9%|▉         | 110/1223 [00:01<00:10, 102.66w/s, dev=0]
language_model.model.layers.3.self_attn.v_proj_moe_gen.bias:   9%|▉         | 111/1223 [00:01<00:10, 103.51w/s, dev=0]
language_model.model.layers.3.self_attn.v_proj_moe_gen.weight:   9%|▉         | 112/1223 [00:01<00:10, 104.43w/s, dev=0]
language_model.model.layers.4.input_layernorm.weight:   9%|▉         | 113/1223 [00:01<00:10, 105.26w/s, dev=0]         
language_model.model.layers.4.input_layernorm_moe_gen.weight:   9%|▉         | 114/1223 [00:01<00:10, 106.18w/s, dev=0]
language_model.model.layers.4.mlp.down_proj.weight:   9%|▉         | 115/1223 [00:01<00:10, 107.10w/s, dev=0]          
language_model.model.layers.4.mlp.gate_proj.weight:   9%|▉         | 116/1223 [00:01<00:10, 105.51w/s, dev=0]
language_model.model.layers.4.mlp.up_proj.weight:  10%|▉         | 117/1223 [00:01<00:10, 104.00w/s, dev=0]  
language_model.model.layers.4.mlp_moe_gen.down_proj.weight:  10%|▉         | 118/1223 [00:01<00:10, 102.52w/s, dev=0]
language_model.model.layers.4.mlp_moe_gen.gate_proj.weight:  10%|▉         | 119/1223 [00:01<00:10, 101.13w/s, dev=0]
language_model.model.layers.4.mlp_moe_gen.up_proj.weight:  10%|▉         | 120/1223 [00:01<00:11, 99.80w/s, dev=0]   
language_model.model.layers.4.post_attention_layernorm.weight:  10%|▉         | 121/1223 [00:01<00:11, 98.53w/s, dev=0]
language_model.model.layers.4.post_attention_layernorm_moe_gen.weight:  10%|▉         | 122/1223 [00:01<00:11, 99.33w/s, dev=0]
language_model.model.layers.4.self_attn.k_norm.weight:  10%|█         | 123/1223 [00:01<00:10, 100.14w/s, dev=0]               
language_model.model.layers.4.self_attn.k_norm_moe_gen.weight:  10%|█         | 124/1223 [00:01<00:10, 100.94w/s, dev=0]
language_model.model.layers.4.self_attn.k_proj.bias:  10%|█         | 125/1223 [00:01<00:10, 101.75w/s, dev=0]          
language_model.model.layers.4.self_attn.k_proj.weight:  10%|█         | 126/1223 [00:01<00:10, 102.55w/s, dev=0]
language_model.model.layers.4.self_attn.k_proj_moe_gen.bias:  10%|█         | 127/1223 [00:01<00:10, 103.30w/s, dev=0]
language_model.model.layers.4.self_attn.k_proj_moe_gen.weight:  10%|█         | 128/1223 [00:01<00:10, 104.10w/s, dev=0]
language_model.model.layers.4.self_attn.o_proj.weight:  11%|█         | 129/1223 [00:01<00:10, 104.84w/s, dev=0]        
language_model.model.layers.4.self_attn.o_proj_moe_gen.weight:  11%|█         | 130/1223 [00:01<00:10, 105.20w/s, dev=0]
language_model.model.layers.4.self_attn.q_norm.weight:  11%|█         | 131/1223 [00:01<00:10, 105.57w/s, dev=0]        
language_model.model.layers.4.self_attn.q_norm.weight:  11%|█         | 132/1223 [00:01<00:10, 106.36w/s, dev=0]
language_model.model.layers.4.self_attn.q_norm_moe_gen.weight:  11%|█         | 132/1223 [00:01<00:10, 106.35w/s, dev=0]
language_model.model.layers.4.self_attn.q_proj.bias:  11%|█         | 133/1223 [00:01<00:10, 107.15w/s, dev=0]          
language_model.model.layers.4.self_attn.q_proj.weight:  11%|█         | 134/1223 [00:01<00:10, 107.95w/s, dev=0]
language_model.model.layers.4.self_attn.q_proj_moe_gen.bias:  11%|█         | 135/1223 [00:01<00:10, 108.31w/s, dev=0]
language_model.model.layers.4.self_attn.q_proj_moe_gen.weight:  11%|█         | 136/1223 [00:01<00:09, 109.09w/s, dev=0]
language_model.model.layers.4.self_attn.v_proj.bias:  11%|█         | 137/1223 [00:01<00:09, 109.45w/s, dev=0]          
language_model.model.layers.4.self_attn.v_proj.weight:  11%|█▏        | 138/1223 [00:01<00:09, 110.23w/s, dev=0]
language_model.model.layers.4.self_attn.v_proj_moe_gen.bias:  11%|█▏        | 139/1223 [00:01<00:09, 110.96w/s, dev=0]
language_model.model.layers.4.self_attn.v_proj_moe_gen.weight:  11%|█▏        | 140/1223 [00:01<00:09, 111.74w/s, dev=0]
language_model.model.layers.5.input_layernorm.weight:  12%|█▏        | 141/1223 [00:01<00:09, 112.46w/s, dev=0]         
language_model.model.layers.5.input_layernorm_moe_gen.weight:  12%|█▏        | 142/1223 [00:01<00:09, 113.25w/s, dev=0]
language_model.model.layers.5.mlp.down_proj.weight:  12%|█▏        | 143/1223 [00:01<00:09, 114.03w/s, dev=0]          
language_model.model.layers.5.mlp.gate_proj.weight:  12%|█▏        | 144/1223 [00:01<00:09, 112.53w/s, dev=0]
language_model.model.layers.5.mlp.up_proj.weight:  12%|█▏        | 145/1223 [00:01<00:09, 111.09w/s, dev=0]  
language_model.model.layers.5.mlp_moe_gen.down_proj.weight:  12%|█▏        | 146/1223 [00:01<00:09, 109.71w/s, dev=0]
language_model.model.layers.5.mlp_moe_gen.gate_proj.weight:  12%|█▏        | 147/1223 [00:01<00:09, 108.37w/s, dev=0]
language_model.model.layers.5.mlp_moe_gen.up_proj.weight:  12%|█▏        | 148/1223 [00:01<00:10, 107.08w/s, dev=0]  
language_model.model.layers.5.post_attention_layernorm.weight:  12%|█▏        | 149/1223 [00:01<00:10, 105.83w/s, dev=0]
language_model.model.layers.5.post_attention_layernorm_moe_gen.weight:  12%|█▏        | 150/1223 [00:01<00:10, 106.53w/s, dev=0]
language_model.model.layers.5.self_attn.k_norm.weight:  12%|█▏        | 151/1223 [00:01<00:09, 107.23w/s, dev=0]                
language_model.model.layers.5.self_attn.k_norm_moe_gen.weight:  12%|█▏        | 152/1223 [00:01<00:09, 107.93w/s, dev=0]
language_model.model.layers.5.self_attn.k_proj.bias:  13%|█▎        | 153/1223 [00:01<00:09, 108.63w/s, dev=0]          
language_model.model.layers.5.self_attn.k_proj.weight:  13%|█▎        | 154/1223 [00:01<00:09, 109.34w/s, dev=0]
language_model.model.layers.5.self_attn.k_proj_moe_gen.bias:  13%|█▎        | 155/1223 [00:01<00:09, 109.97w/s, dev=0]
language_model.model.layers.5.self_attn.k_proj_moe_gen.weight:  13%|█▎        | 156/1223 [00:01<00:09, 110.66w/s, dev=0]
language_model.model.layers.5.self_attn.k_proj_moe_gen.weight:  13%|█▎        | 157/1223 [00:01<00:09, 111.31w/s, dev=0]
language_model.model.layers.5.self_attn.o_proj.weight:  13%|█▎        | 157/1223 [00:01<00:09, 111.30w/s, dev=0]        
language_model.model.layers.5.self_attn.o_proj_moe_gen.weight:  13%|█▎        | 158/1223 [00:01<00:09, 111.60w/s, dev=0]
language_model.model.layers.5.self_attn.q_norm.weight:  13%|█▎        | 159/1223 [00:01<00:09, 111.90w/s, dev=0]        
language_model.model.layers.5.self_attn.q_norm_moe_gen.weight:  13%|█▎        | 160/1223 [00:01<00:09, 112.59w/s, dev=0]
language_model.model.layers.5.self_attn.q_proj.bias:  13%|█▎        | 161/1223 [00:01<00:09, 113.29w/s, dev=0]          
language_model.model.layers.5.self_attn.q_proj.weight:  13%|█▎        | 162/1223 [00:01<00:09, 113.98w/s, dev=0]
language_model.model.layers.5.self_attn.q_proj_moe_gen.bias:  13%|█▎        | 163/1223 [00:01<00:09, 114.28w/s, dev=0]
language_model.model.layers.5.self_attn.q_proj_moe_gen.weight:  13%|█▎        | 164/1223 [00:01<00:09, 114.96w/s, dev=0]
language_model.model.layers.5.self_attn.v_proj.bias:  13%|█▎        | 165/1223 [00:01<00:09, 115.25w/s, dev=0]          
language_model.model.layers.5.self_attn.v_proj.weight:  14%|█▎        | 166/1223 [00:01<00:09, 115.93w/s, dev=0]
language_model.model.layers.5.self_attn.v_proj_moe_gen.bias:  14%|█▎        | 167/1223 [00:01<00:09, 116.56w/s, dev=0]
language_model.model.layers.5.self_attn.v_proj_moe_gen.weight:  14%|█▎        | 168/1223 [00:01<00:08, 117.25w/s, dev=0]
language_model.model.layers.6.input_layernorm.weight:  14%|█▍        | 169/1223 [00:01<00:08, 117.87w/s, dev=0]         
language_model.model.layers.6.input_layernorm_moe_gen.weight:  14%|█▍        | 170/1223 [00:01<00:08, 118.56w/s, dev=0]
language_model.model.layers.6.mlp.down_proj.weight:  14%|█▍        | 171/1223 [00:01<00:08, 119.24w/s, dev=0]          
language_model.model.layers.6.mlp.gate_proj.weight:  14%|█▍        | 172/1223 [00:01<00:08, 117.80w/s, dev=0]
language_model.model.layers.6.mlp.up_proj.weight:  14%|█▍        | 173/1223 [00:01<00:09, 116.39w/s, dev=0]  
language_model.model.layers.6.mlp_moe_gen.down_proj.weight:  14%|█▍        | 174/1223 [00:01<00:09, 115.07w/s, dev=0]
language_model.model.layers.6.mlp_moe_gen.gate_proj.weight:  14%|█▍        | 175/1223 [00:01<00:09, 113.80w/s, dev=0]
language_model.model.layers.6.mlp_moe_gen.up_proj.weight:  14%|█▍        | 176/1223 [00:01<00:09, 112.57w/s, dev=0]  
language_model.model.layers.6.post_attention_layernorm.weight:  14%|█▍        | 177/1223 [00:01<00:09, 111.38w/s, dev=0]
language_model.model.layers.6.post_attention_layernorm_moe_gen.weight:  15%|█▍        | 178/1223 [00:01<00:09, 112.00w/s, dev=0]
language_model.model.layers.6.self_attn.k_norm.weight:  15%|█▍        | 179/1223 [00:01<00:09, 112.62w/s, dev=0]                
language_model.model.layers.6.self_attn.k_norm_moe_gen.weight:  15%|█▍        | 180/1223 [00:01<00:09, 113.24w/s, dev=0]
language_model.model.layers.6.self_attn.k_proj.bias:  15%|█▍        | 181/1223 [00:01<00:09, 113.86w/s, dev=0]          
language_model.model.layers.6.self_attn.k_proj.bias:  15%|█▍        | 182/1223 [00:01<00:09, 114.49w/s, dev=0]
language_model.model.layers.6.self_attn.k_proj.weight:  15%|█▍        | 182/1223 [00:01<00:09, 114.48w/s, dev=0]
language_model.model.layers.6.self_attn.k_proj_moe_gen.bias:  15%|█▍        | 183/1223 [00:01<00:09, 115.05w/s, dev=0]
language_model.model.layers.6.self_attn.k_proj_moe_gen.weight:  15%|█▌        | 184/1223 [00:01<00:08, 115.67w/s, dev=0]
language_model.model.layers.6.self_attn.o_proj.weight:  15%|█▌        | 185/1223 [00:01<00:08, 116.22w/s, dev=0]        
language_model.model.layers.6.self_attn.o_proj_moe_gen.weight:  15%|█▌        | 186/1223 [00:01<00:08, 116.46w/s, dev=0]
language_model.model.layers.6.self_attn.q_norm.weight:  15%|█▌        | 187/1223 [00:01<00:08, 116.71w/s, dev=0]        
language_model.model.layers.6.self_attn.q_norm_moe_gen.weight:  15%|█▌        | 188/1223 [00:01<00:08, 117.33w/s, dev=0]
language_model.model.layers.6.self_attn.q_proj.bias:  15%|█▌        | 189/1223 [00:01<00:08, 117.94w/s, dev=0]          
language_model.model.layers.6.self_attn.q_proj.weight:  16%|█▌        | 190/1223 [00:01<00:08, 118.56w/s, dev=0]
language_model.model.layers.6.self_attn.q_proj_moe_gen.bias:  16%|█▌        | 191/1223 [00:01<00:08, 118.81w/s, dev=0]
language_model.model.layers.6.self_attn.q_proj_moe_gen.weight:  16%|█▌        | 192/1223 [00:01<00:08, 119.41w/s, dev=0]
language_model.model.layers.6.self_attn.v_proj.bias:  16%|█▌        | 193/1223 [00:01<00:08, 119.66w/s, dev=0]          
language_model.model.layers.6.self_attn.v_proj.weight:  16%|█▌        | 194/1223 [00:01<00:08, 120.27w/s, dev=0]
language_model.model.layers.6.self_attn.v_proj_moe_gen.bias:  16%|█▌        | 195/1223 [00:01<00:08, 120.82w/s, dev=0]
language_model.model.layers.6.self_attn.v_proj_moe_gen.weight:  16%|█▌        | 196/1223 [00:01<00:08, 121.43w/s, dev=0]
language_model.model.layers.7.input_layernorm.weight:  16%|█▌        | 197/1223 [00:01<00:08, 121.99w/s, dev=0]         
language_model.model.layers.7.input_layernorm_moe_gen.weight:  16%|█▌        | 198/1223 [00:01<00:08, 122.59w/s, dev=0]
language_model.model.layers.7.mlp.down_proj.weight:  16%|█▋        | 199/1223 [00:01<00:08, 123.20w/s, dev=0]          
language_model.model.layers.7.mlp.gate_proj.weight:  16%|█▋        | 200/1223 [00:01<00:08, 121.89w/s, dev=0]
language_model.model.layers.7.mlp.up_proj.weight:  16%|█▋        | 201/1223 [00:01<00:08, 120.61w/s, dev=0]  
language_model.model.layers.7.mlp_moe_gen.down_proj.weight:  17%|█▋        | 202/1223 [00:01<00:08, 119.37w/s, dev=0]
language_model.model.layers.7.mlp_moe_gen.gate_proj.weight:  17%|█▋        | 203/1223 [00:01<00:08, 118.17w/s, dev=0]
language_model.model.layers.7.mlp_moe_gen.up_proj.weight:  17%|█▋        | 204/1223 [00:01<00:08, 117.00w/s, dev=0]  
language_model.model.layers.7.post_attention_layernorm.weight:  17%|█▋        | 205/1223 [00:01<00:08, 115.87w/s, dev=0]
language_model.model.layers.7.post_attention_layernorm_moe_gen.weight:  17%|█▋        | 206/1223 [00:01<00:08, 116.42w/s, dev=0]
language_model.model.layers.7.post_attention_layernorm_moe_gen.weight:  17%|█▋        | 207/1223 [00:01<00:08, 116.98w/s, dev=0]
language_model.model.layers.7.self_attn.k_norm.weight:  17%|█▋        | 207/1223 [00:01<00:08, 116.97w/s, dev=0]                
language_model.model.layers.7.self_attn.k_norm_moe_gen.weight:  17%|█▋        | 208/1223 [00:01<00:08, 117.53w/s, dev=0]
language_model.model.layers.7.self_attn.k_proj.bias:  17%|█▋        | 209/1223 [00:01<00:08, 118.09w/s, dev=0]          
language_model.model.layers.7.self_attn.k_proj.weight:  17%|█▋        | 210/1223 [00:01<00:08, 118.65w/s, dev=0]
language_model.model.layers.7.self_attn.k_proj_moe_gen.bias:  17%|█▋        | 211/1223 [00:01<00:08, 119.16w/s, dev=0]
language_model.model.layers.7.self_attn.k_proj_moe_gen.weight:  17%|█▋        | 212/1223 [00:01<00:08, 119.71w/s, dev=0]
language_model.model.layers.7.self_attn.o_proj.weight:  17%|█▋        | 213/1223 [00:01<00:08, 120.22w/s, dev=0]        
language_model.model.layers.7.self_attn.o_proj_moe_gen.weight:  17%|█▋        | 214/1223 [00:01<00:08, 120.43w/s, dev=0]
language_model.model.layers.7.self_attn.q_norm.weight:  18%|█▊        | 215/1223 [00:01<00:08, 120.65w/s, dev=0]        
language_model.model.layers.7.self_attn.q_norm_moe_gen.weight:  18%|█▊        | 216/1223 [00:01<00:08, 121.20w/s, dev=0]
language_model.model.layers.7.self_attn.q_proj.bias:  18%|█▊        | 217/1223 [00:01<00:08, 121.75w/s, dev=0]          
language_model.model.layers.7.self_attn.q_proj.weight:  18%|█▊        | 218/1223 [00:01<00:08, 122.30w/s, dev=0]
language_model.model.layers.7.self_attn.q_proj_moe_gen.bias:  18%|█▊        | 219/1223 [00:01<00:08, 122.51w/s, dev=0]
language_model.model.layers.7.self_attn.q_proj_moe_gen.weight:  18%|█▊        | 220/1223 [00:01<00:08, 123.06w/s, dev=0]
language_model.model.layers.7.self_attn.v_proj.bias:  18%|█▊        | 221/1223 [00:01<00:08, 123.26w/s, dev=0]          
language_model.model.layers.7.self_attn.v_proj.weight:  18%|█▊        | 222/1223 [00:01<00:08, 123.81w/s, dev=0]
language_model.model.layers.7.self_attn.v_proj_moe_gen.bias:  18%|█▊        | 223/1223 [00:01<00:08, 124.30w/s, dev=0]
language_model.model.layers.7.self_attn.v_proj_moe_gen.weight:  18%|█▊        | 224/1223 [00:01<00:08, 124.84w/s, dev=0]
language_model.model.layers.8.input_layernorm.weight:  18%|█▊        | 225/1223 [00:01<00:07, 125.34w/s, dev=0]         
language_model.model.layers.8.input_layernorm_moe_gen.weight:  18%|█▊        | 226/1223 [00:01<00:07, 125.89w/s, dev=0]
language_model.model.layers.8.mlp.down_proj.weight:  19%|█▊        | 227/1223 [00:01<00:07, 126.44w/s, dev=0]          
language_model.model.layers.8.mlp.gate_proj.weight:  19%|█▊        | 228/1223 [00:01<00:07, 125.20w/s, dev=0]
language_model.model.layers.8.mlp.up_proj.weight:  19%|█▊        | 229/1223 [00:01<00:08, 124.00w/s, dev=0]  
language_model.model.layers.8.mlp_moe_gen.down_proj.weight:  19%|█▉        | 230/1223 [00:01<00:08, 122.84w/s, dev=0]
language_model.model.layers.8.mlp_moe_gen.gate_proj.weight:  19%|█▉        | 231/1223 [00:01<00:08, 121.69w/s, dev=0]
language_model.model.layers.8.mlp_moe_gen.gate_proj.weight:  19%|█▉        | 232/1223 [00:01<00:08, 120.57w/s, dev=0]
language_model.model.layers.8.mlp_moe_gen.up_proj.weight:  19%|█▉        | 232/1223 [00:01<00:08, 120.56w/s, dev=0]  
language_model.model.layers.8.post_attention_layernorm.weight:  19%|█▉        | 233/1223 [00:01<00:08, 119.46w/s, dev=0]
language_model.model.layers.8.post_attention_layernorm_moe_gen.weight:  19%|█▉        | 234/1223 [00:01<00:08, 119.96w/s, dev=0]
language_model.model.layers.8.self_attn.k_norm.weight:  19%|█▉        | 235/1223 [00:01<00:08, 120.46w/s, dev=0]                
language_model.model.layers.8.self_attn.k_norm_moe_gen.weight:  19%|█▉        | 236/1223 [00:01<00:08, 120.97w/s, dev=0]
language_model.model.layers.8.self_attn.k_proj.bias:  19%|█▉        | 237/1223 [00:01<00:08, 121.48w/s, dev=0]          
language_model.model.layers.8.self_attn.k_proj.weight:  19%|█▉        | 238/1223 [00:01<00:08, 121.98w/s, dev=0]
language_model.model.layers.8.self_attn.k_proj_moe_gen.bias:  20%|█▉        | 239/1223 [00:01<00:08, 122.44w/s, dev=0]
language_model.model.layers.8.self_attn.k_proj_moe_gen.weight:  20%|█▉        | 240/1223 [00:01<00:07, 122.94w/s, dev=0]
language_model.model.layers.8.self_attn.o_proj.weight:  20%|█▉        | 241/1223 [00:01<00:07, 123.40w/s, dev=0]        
language_model.model.layers.8.self_attn.o_proj_moe_gen.weight:  20%|█▉        | 242/1223 [00:01<00:07, 123.40w/s, dev=0]
language_model.model.layers.8.self_attn.q_norm.weight:  20%|█▉        | 243/1223 [00:01<00:07, 123.55w/s, dev=0]        
language_model.model.layers.8.self_attn.q_norm_moe_gen.weight:  20%|█▉        | 244/1223 [00:01<00:07, 124.05w/s, dev=0]
language_model.model.layers.8.self_attn.q_proj.bias:  20%|██        | 245/1223 [00:01<00:07, 124.55w/s, dev=0]          
language_model.model.layers.8.self_attn.q_proj.weight:  20%|██        | 246/1223 [00:01<00:07, 125.05w/s, dev=0]
language_model.model.layers.8.self_attn.q_proj_moe_gen.bias:  20%|██        | 247/1223 [00:01<00:07, 125.22w/s, dev=0]
language_model.model.layers.8.self_attn.q_proj_moe_gen.weight:  20%|██        | 248/1223 [00:01<00:07, 125.71w/s, dev=0]
language_model.model.layers.8.self_attn.v_proj.bias:  20%|██        | 249/1223 [00:01<00:07, 125.82w/s, dev=0]          
language_model.model.layers.8.self_attn.v_proj.weight:  20%|██        | 250/1223 [00:01<00:07, 126.31w/s, dev=0]
language_model.model.layers.8.self_attn.v_proj_moe_gen.bias:  21%|██        | 251/1223 [00:01<00:07, 126.76w/s, dev=0]
language_model.model.layers.8.self_attn.v_proj_moe_gen.weight:  21%|██        | 252/1223 [00:01<00:07, 127.26w/s, dev=0]
time_embedder.mlp.0.bias:  21%|██        | 253/1223 [00:01<00:07, 127.69w/s, dev=0]                                     
time_embedder.mlp.0.weight:  21%|██        | 254/1223 [00:01<00:07, 128.19w/s, dev=0]
time_embedder.mlp.2.bias:  21%|██        | 255/1223 [00:01<00:07, 128.66w/s, dev=0]  
time_embedder.mlp.2.weight:  21%|██        | 256/1223 [00:01<00:07, 129.15w/s, dev=0]
vae2llm.bias:  21%|██        | 257/1223 [00:01<00:07, 129.32w/s, dev=0]              
vae2llm.weight:  21%|██        | 258/1223 [00:01<00:07, 129.82w/s, dev=0]
llm2vae.bias:  21%|██        | 259/1223 [00:01<00:07, 130.30w/s, dev=0]  
llm2vae.weight:  21%|██▏       | 260/1223 [00:01<00:07, 130.80w/s, dev=0]
latent_pos_embed.pos_embed:  21%|██▏       | 261/1223 [00:01<00:07, 131.29w/s, dev=0]
connector.fc1.bias:  21%|██▏       | 262/1223 [00:01<00:07, 131.41w/s, dev=0]        
connector.fc1.weight:  22%|██▏       | 263/1223 [00:01<00:07, 131.90w/s, dev=0]
connector.fc2.bias:  22%|██▏       | 264/1223 [00:01<00:07, 132.25w/s, dev=0]  
connector.fc2.weight:  22%|██▏       | 265/1223 [00:01<00:07, 132.74w/s, dev=0]
vit_pos_embed.pos_embed:  22%|██▏       | 266/1223 [00:02<00:07, 132.80w/s, dev=0]
language_model.model.layers.9.input_layernorm.weight:  22%|██▏       | 267/1223 [00:02<00:08, 107.31w/s, dev=1]
language_model.model.layers.9.input_layernorm.weight:  22%|██▏       | 268/1223 [00:02<00:09, 101.92w/s, dev=1]
language_model.model.layers.9.input_layernorm_moe_gen.weight:  22%|██▏       | 268/1223 [00:02<00:09, 101.91w/s, dev=1]
language_model.model.layers.9.mlp.down_proj.weight:  22%|██▏       | 269/1223 [00:02<00:09, 102.28w/s, dev=1]          
language_model.model.layers.9.mlp.gate_proj.weight:  22%|██▏       | 270/1223 [00:02<00:09, 101.67w/s, dev=1]
language_model.model.layers.9.mlp.up_proj.weight:  22%|██▏       | 271/1223 [00:02<00:09, 101.06w/s, dev=1]  
language_model.model.layers.9.mlp_moe_gen.down_proj.weight:  22%|██▏       | 272/1223 [00:02<00:09, 100.47w/s, dev=1]
language_model.model.layers.9.mlp_moe_gen.gate_proj.weight:  22%|██▏       | 273/1223 [00:02<00:09, 99.89w/s, dev=1] 
language_model.model.layers.9.mlp_moe_gen.up_proj.weight:  22%|██▏       | 274/1223 [00:02<00:09, 99.32w/s, dev=1]  
language_model.model.layers.9.post_attention_layernorm.weight:  22%|██▏       | 275/1223 [00:02<00:09, 98.76w/s, dev=1]
language_model.model.layers.9.post_attention_layernorm_moe_gen.weight:  23%|██▎       | 276/1223 [00:02<00:09, 99.11w/s, dev=1]
language_model.model.layers.9.self_attn.k_norm.weight:  23%|██▎       | 277/1223 [00:02<00:09, 99.47w/s, dev=1]                
language_model.model.layers.9.self_attn.k_norm_moe_gen.weight:  23%|██▎       | 278/1223 [00:02<00:09, 99.82w/s, dev=1]
language_model.model.layers.9.self_attn.k_proj.bias:  23%|██▎       | 279/1223 [00:02<00:09, 100.18w/s, dev=1]         
language_model.model.layers.9.self_attn.k_proj.weight:  23%|██▎       | 280/1223 [00:02<00:09, 100.53w/s, dev=1]
language_model.model.layers.9.self_attn.k_proj_moe_gen.bias:  23%|██▎       | 281/1223 [00:02<00:09, 100.86w/s, dev=1]
language_model.model.layers.9.self_attn.k_proj_moe_gen.weight:  23%|██▎       | 282/1223 [00:02<00:09, 101.21w/s, dev=1]
language_model.model.layers.9.self_attn.o_proj.weight:  23%|██▎       | 283/1223 [00:02<00:09, 101.54w/s, dev=1]        
language_model.model.layers.9.self_attn.o_proj_moe_gen.weight:  23%|██▎       | 284/1223 [00:02<00:09, 101.70w/s, dev=1]
language_model.model.layers.9.self_attn.q_norm.weight:  23%|██▎       | 285/1223 [00:02<00:09, 101.87w/s, dev=1]        
language_model.model.layers.9.self_attn.q_norm_moe_gen.weight:  23%|██▎       | 286/1223 [00:02<00:09, 102.22w/s, dev=1]
language_model.model.layers.9.self_attn.q_proj.bias:  23%|██▎       | 287/1223 [00:02<00:09, 102.58w/s, dev=1]          
language_model.model.layers.9.self_attn.q_proj.weight:  24%|██▎       | 288/1223 [00:02<00:09, 102.93w/s, dev=1]
language_model.model.layers.9.self_attn.q_proj_moe_gen.bias:  24%|██▎       | 289/1223 [00:02<00:09, 103.10w/s, dev=1]
language_model.model.layers.9.self_attn.q_proj_moe_gen.weight:  24%|██▎       | 290/1223 [00:02<00:09, 103.45w/s, dev=1]
language_model.model.layers.9.self_attn.v_proj.bias:  24%|██▍       | 291/1223 [00:02<00:08, 103.62w/s, dev=1]          
language_model.model.layers.9.self_attn.v_proj.weight:  24%|██▍       | 292/1223 [00:02<00:08, 103.97w/s, dev=1]
language_model.model.layers.9.self_attn.v_proj_moe_gen.bias:  24%|██▍       | 293/1223 [00:02<00:08, 104.29w/s, dev=1]
language_model.model.layers.9.self_attn.v_proj_moe_gen.weight:  24%|██▍       | 294/1223 [00:02<00:08, 104.64w/s, dev=1]
language_model.model.layers.10.input_layernorm.weight:  24%|██▍       | 295/1223 [00:02<00:08, 104.97w/s, dev=1]        
language_model.model.layers.10.input_layernorm_moe_gen.weight:  24%|██▍       | 296/1223 [00:02<00:08, 105.32w/s, dev=1]
language_model.model.layers.10.mlp.down_proj.weight:  24%|██▍       | 297/1223 [00:02<00:08, 105.67w/s, dev=1]          
language_model.model.layers.10.mlp.gate_proj.weight:  24%|██▍       | 298/1223 [00:02<00:08, 105.06w/s, dev=1]
language_model.model.layers.10.mlp.up_proj.weight:  24%|██▍       | 299/1223 [00:02<00:08, 104.47w/s, dev=1]  
language_model.model.layers.10.mlp_moe_gen.down_proj.weight:  25%|██▍       | 300/1223 [00:02<00:08, 103.88w/s, dev=1]
language_model.model.layers.10.mlp_moe_gen.gate_proj.weight:  25%|██▍       | 301/1223 [00:02<00:08, 103.29w/s, dev=1]
language_model.model.layers.10.mlp_moe_gen.up_proj.weight:  25%|██▍       | 302/1223 [00:02<00:08, 102.72w/s, dev=1]  
language_model.model.layers.10.post_attention_layernorm.weight:  25%|██▍       | 303/1223 [00:02<00:09, 102.16w/s, dev=1]
language_model.model.layers.10.post_attention_layernorm.weight:  25%|██▍       | 304/1223 [00:02<00:08, 102.49w/s, dev=1]
language_model.model.layers.10.post_attention_layernorm_moe_gen.weight:  25%|██▍       | 304/1223 [00:02<00:08, 102.48w/s, dev=1]
language_model.model.layers.10.self_attn.k_norm.weight:  25%|██▍       | 305/1223 [00:02<00:08, 102.82w/s, dev=1]                
language_model.model.layers.10.self_attn.k_norm_moe_gen.weight:  25%|██▌       | 306/1223 [00:02<00:08, 103.15w/s, dev=1]
language_model.model.layers.10.self_attn.k_proj.bias:  25%|██▌       | 307/1223 [00:02<00:08, 103.48w/s, dev=1]          
language_model.model.layers.10.self_attn.k_proj.weight:  25%|██▌       | 308/1223 [00:02<00:08, 103.82w/s, dev=1]
language_model.model.layers.10.self_attn.k_proj_moe_gen.bias:  25%|██▌       | 309/1223 [00:02<00:08, 104.12w/s, dev=1]
language_model.model.layers.10.self_attn.k_proj_moe_gen.weight:  25%|██▌       | 310/1223 [00:02<00:08, 104.45w/s, dev=1]
language_model.model.layers.10.self_attn.o_proj.weight:  25%|██▌       | 311/1223 [00:02<00:08, 104.75w/s, dev=1]        
language_model.model.layers.10.self_attn.o_proj_moe_gen.weight:  26%|██▌       | 312/1223 [00:02<00:08, 104.91w/s, dev=1]
language_model.model.layers.10.self_attn.q_norm.weight:  26%|██▌       | 313/1223 [00:02<00:08, 105.06w/s, dev=1]        
language_model.model.layers.10.self_attn.q_norm_moe_gen.weight:  26%|██▌       | 314/1223 [00:02<00:08, 105.39w/s, dev=1]
language_model.model.layers.10.self_attn.q_proj.bias:  26%|██▌       | 315/1223 [00:02<00:08, 105.72w/s, dev=1]          
language_model.model.layers.10.self_attn.q_proj.weight:  26%|██▌       | 316/1223 [00:02<00:08, 106.05w/s, dev=1]
language_model.model.layers.10.self_attn.q_proj_moe_gen.bias:  26%|██▌       | 317/1223 [00:02<00:08, 106.19w/s, dev=1]
language_model.model.layers.10.self_attn.q_proj_moe_gen.weight:  26%|██▌       | 318/1223 [00:02<00:08, 106.51w/s, dev=1]
language_model.model.layers.10.self_attn.v_proj.bias:  26%|██▌       | 319/1223 [00:02<00:08, 106.66w/s, dev=1]          
language_model.model.layers.10.self_attn.v_proj.weight:  26%|██▌       | 320/1223 [00:02<00:08, 106.99w/s, dev=1]
language_model.model.layers.10.self_attn.v_proj_moe_gen.bias:  26%|██▌       | 321/1223 [00:02<00:08, 107.29w/s, dev=1]
language_model.model.layers.10.self_attn.v_proj_moe_gen.weight:  26%|██▋       | 322/1223 [00:02<00:08, 107.62w/s, dev=1]
language_model.model.layers.11.input_layernorm.weight:  26%|██▋       | 323/1223 [00:02<00:08, 107.92w/s, dev=1]         
language_model.model.layers.11.input_layernorm_moe_gen.weight:  26%|██▋       | 324/1223 [00:02<00:08, 108.25w/s, dev=1]
language_model.model.layers.11.mlp.down_proj.weight:  27%|██▋       | 325/1223 [00:02<00:08, 108.58w/s, dev=1]          
language_model.model.layers.11.mlp.gate_proj.weight:  27%|██▋       | 326/1223 [00:03<00:08, 107.98w/s, dev=1]
language_model.model.layers.11.mlp.up_proj.weight:  27%|██▋       | 327/1223 [00:03<00:08, 107.40w/s, dev=1]  
language_model.model.layers.11.mlp_moe_gen.down_proj.weight:  27%|██▋       | 328/1223 [00:03<00:08, 106.82w/s, dev=1]
language_model.model.layers.11.mlp_moe_gen.gate_proj.weight:  27%|██▋       | 329/1223 [00:03<00:08, 106.26w/s, dev=1]
language_model.model.layers.11.mlp_moe_gen.up_proj.weight:  27%|██▋       | 330/1223 [00:03<00:08, 105.71w/s, dev=1]  
language_model.model.layers.11.post_attention_layernorm.weight:  27%|██▋       | 331/1223 [00:03<00:08, 105.14w/s, dev=1]
language_model.model.layers.11.post_attention_layernorm_moe_gen.weight:  27%|██▋       | 332/1223 [00:03<00:08, 105.45w/s, dev=1]
language_model.model.layers.11.self_attn.k_norm.weight:  27%|██▋       | 333/1223 [00:03<00:08, 105.76w/s, dev=1]                
language_model.model.layers.11.self_attn.k_norm_moe_gen.weight:  27%|██▋       | 334/1223 [00:03<00:08, 106.07w/s, dev=1]
language_model.model.layers.11.self_attn.k_proj.bias:  27%|██▋       | 335/1223 [00:03<00:08, 106.39w/s, dev=1]          
language_model.model.layers.11.self_attn.k_proj.weight:  27%|██▋       | 336/1223 [00:03<00:08, 106.70w/s, dev=1]
language_model.model.layers.11.self_attn.k_proj_moe_gen.bias:  28%|██▊       | 337/1223 [00:03<00:08, 106.99w/s, dev=1]
language_model.model.layers.11.self_attn.k_proj_moe_gen.weight:  28%|██▊       | 338/1223 [00:03<00:08, 107.30w/s, dev=1]
language_model.model.layers.11.self_attn.o_proj.weight:  28%|██▊       | 339/1223 [00:03<00:08, 107.59w/s, dev=1]        
language_model.model.layers.11.self_attn.o_proj.weight:  28%|██▊       | 340/1223 [00:03<00:08, 107.73w/s, dev=1]
language_model.model.layers.11.self_attn.o_proj_moe_gen.weight:  28%|██▊       | 340/1223 [00:03<00:08, 107.73w/s, dev=1]
language_model.model.layers.11.self_attn.q_norm.weight:  28%|██▊       | 341/1223 [00:03<00:08, 107.87w/s, dev=1]        
language_model.model.layers.11.self_attn.q_norm_moe_gen.weight:  28%|██▊       | 342/1223 [00:03<00:08, 108.18w/s, dev=1]
language_model.model.layers.11.self_attn.q_proj.bias:  28%|██▊       | 343/1223 [00:03<00:08, 108.49w/s, dev=1]          
language_model.model.layers.11.self_attn.q_proj.weight:  28%|██▊       | 344/1223 [00:03<00:08, 108.80w/s, dev=1]
language_model.model.layers.11.self_attn.q_proj_moe_gen.bias:  28%|██▊       | 345/1223 [00:03<00:08, 108.94w/s, dev=1]
language_model.model.layers.11.self_attn.q_proj_moe_gen.weight:  28%|██▊       | 346/1223 [00:03<00:08, 109.25w/s, dev=1]
language_model.model.layers.11.self_attn.v_proj.bias:  28%|██▊       | 347/1223 [00:03<00:08, 109.39w/s, dev=1]          
language_model.model.layers.11.self_attn.v_proj.weight:  28%|██▊       | 348/1223 [00:03<00:07, 109.70w/s, dev=1]
language_model.model.layers.11.self_attn.v_proj_moe_gen.bias:  29%|██▊       | 349/1223 [00:03<00:07, 109.98w/s, dev=1]
language_model.model.layers.11.self_attn.v_proj_moe_gen.weight:  29%|██▊       | 350/1223 [00:03<00:07, 110.28w/s, dev=1]
language_model.model.layers.12.input_layernorm.weight:  29%|██▊       | 351/1223 [00:03<00:07, 110.57w/s, dev=1]         
language_model.model.layers.12.input_layernorm_moe_gen.weight:  29%|██▉       | 352/1223 [00:03<00:07, 110.88w/s, dev=1]
language_model.model.layers.12.mlp.down_proj.weight:  29%|██▉       | 353/1223 [00:03<00:07, 111.19w/s, dev=1]          
language_model.model.layers.12.mlp.gate_proj.weight:  29%|██▉       | 354/1223 [00:03<00:07, 110.61w/s, dev=1]
language_model.model.layers.12.mlp.up_proj.weight:  29%|██▉       | 355/1223 [00:03<00:07, 110.04w/s, dev=1]  
language_model.model.layers.12.mlp_moe_gen.down_proj.weight:  29%|██▉       | 356/1223 [00:03<00:07, 109.48w/s, dev=1]
language_model.model.layers.12.mlp_moe_gen.gate_proj.weight:  29%|██▉       | 357/1223 [00:03<00:07, 108.93w/s, dev=1]
language_model.model.layers.12.mlp_moe_gen.up_proj.weight:  29%|██▉       | 358/1223 [00:03<00:07, 108.37w/s, dev=1]  
language_model.model.layers.12.post_attention_layernorm.weight:  29%|██▉       | 359/1223 [00:03<00:08, 107.83w/s, dev=1]
language_model.model.layers.12.post_attention_layernorm_moe_gen.weight:  29%|██▉       | 360/1223 [00:03<00:07, 108.12w/s, dev=1]
language_model.model.layers.12.self_attn.k_norm.weight:  30%|██▉       | 361/1223 [00:03<00:07, 108.42w/s, dev=1]                
language_model.model.layers.12.self_attn.k_norm_moe_gen.weight:  30%|██▉       | 362/1223 [00:03<00:07, 108.72w/s, dev=1]
language_model.model.layers.12.self_attn.k_proj.bias:  30%|██▉       | 363/1223 [00:03<00:07, 109.01w/s, dev=1]          
language_model.model.layers.12.self_attn.k_proj.weight:  30%|██▉       | 364/1223 [00:03<00:07, 109.31w/s, dev=1]
language_model.model.layers.12.self_attn.k_proj_moe_gen.bias:  30%|██▉       | 365/1223 [00:03<00:07, 109.58w/s, dev=1]
language_model.model.layers.12.self_attn.k_proj_moe_gen.weight:  30%|██▉       | 366/1223 [00:03<00:07, 109.88w/s, dev=1]
language_model.model.layers.12.self_attn.o_proj.weight:  30%|███       | 367/1223 [00:03<00:07, 110.15w/s, dev=1]        
language_model.model.layers.12.self_attn.o_proj_moe_gen.weight:  30%|███       | 368/1223 [00:03<00:07, 110.28w/s, dev=1]
language_model.model.layers.12.self_attn.q_norm.weight:  30%|███       | 369/1223 [00:03<00:07, 110.41w/s, dev=1]        
language_model.model.layers.12.self_attn.q_norm_moe_gen.weight:  30%|███       | 370/1223 [00:03<00:07, 110.70w/s, dev=1]
language_model.model.layers.12.self_attn.q_proj.bias:  30%|███       | 371/1223 [00:03<00:07, 110.99w/s, dev=1]          
language_model.model.layers.12.self_attn.q_proj.weight:  30%|███       | 372/1223 [00:03<00:07, 111.29w/s, dev=1]
language_model.model.layers.12.self_attn.q_proj_moe_gen.bias:  30%|███       | 373/1223 [00:03<00:07, 111.42w/s, dev=1]
language_model.model.layers.12.self_attn.q_proj_moe_gen.weight:  31%|███       | 374/1223 [00:03<00:07, 111.71w/s, dev=1]
language_model.model.layers.12.self_attn.v_proj.bias:  31%|███       | 375/1223 [00:03<00:07, 111.84w/s, dev=1]          
language_model.model.layers.12.self_attn.v_proj.bias:  31%|███       | 376/1223 [00:03<00:07, 112.13w/s, dev=1]
language_model.model.layers.12.self_attn.v_proj.weight:  31%|███       | 376/1223 [00:03<00:07, 112.13w/s, dev=1]
language_model.model.layers.12.self_attn.v_proj_moe_gen.bias:  31%|███       | 377/1223 [00:03<00:07, 112.40w/s, dev=1]
language_model.model.layers.12.self_attn.v_proj_moe_gen.weight:  31%|███       | 378/1223 [00:03<00:07, 112.69w/s, dev=1]
language_model.model.layers.13.input_layernorm.weight:  31%|███       | 379/1223 [00:03<00:07, 112.96w/s, dev=1]         
language_model.model.layers.13.input_layernorm_moe_gen.weight:  31%|███       | 380/1223 [00:03<00:07, 113.25w/s, dev=1]
language_model.model.layers.13.mlp.down_proj.weight:  31%|███       | 381/1223 [00:03<00:07, 113.54w/s, dev=1]          
language_model.model.layers.13.mlp.gate_proj.weight:  31%|███       | 382/1223 [00:03<00:07, 112.97w/s, dev=1]
language_model.model.layers.13.mlp.up_proj.weight:  31%|███▏      | 383/1223 [00:03<00:07, 112.42w/s, dev=1]  
language_model.model.layers.13.mlp_moe_gen.down_proj.weight:  31%|███▏      | 384/1223 [00:03<00:07, 111.87w/s, dev=1]
language_model.model.layers.13.mlp_moe_gen.gate_proj.weight:  31%|███▏      | 385/1223 [00:03<00:07, 111.33w/s, dev=1]
language_model.model.layers.13.mlp_moe_gen.up_proj.weight:  32%|███▏      | 386/1223 [00:03<00:07, 110.80w/s, dev=1]  
language_model.model.layers.13.post_attention_layernorm.weight:  32%|███▏      | 387/1223 [00:03<00:07, 110.25w/s, dev=1]
language_model.model.layers.13.post_attention_layernorm_moe_gen.weight:  32%|███▏      | 388/1223 [00:03<00:07, 110.53w/s, dev=1]
language_model.model.layers.13.self_attn.k_norm.weight:  32%|███▏      | 389/1223 [00:03<00:07, 110.81w/s, dev=1]                
language_model.model.layers.13.self_attn.k_norm_moe_gen.weight:  32%|███▏      | 390/1223 [00:03<00:07, 111.10w/s, dev=1]
language_model.model.layers.13.self_attn.k_proj.bias:  32%|███▏      | 391/1223 [00:03<00:07, 111.38w/s, dev=1]          
language_model.model.layers.13.self_attn.k_proj.weight:  32%|███▏      | 392/1223 [00:03<00:07, 111.66w/s, dev=1]
language_model.model.layers.13.self_attn.k_proj_moe_gen.bias:  32%|███▏      | 393/1223 [00:03<00:07, 111.92w/s, dev=1]
language_model.model.layers.13.self_attn.k_proj_moe_gen.weight:  32%|███▏      | 394/1223 [00:03<00:07, 112.19w/s, dev=1]
language_model.model.layers.13.self_attn.o_proj.weight:  32%|███▏      | 395/1223 [00:03<00:07, 112.45w/s, dev=1]        
language_model.model.layers.13.self_attn.o_proj_moe_gen.weight:  32%|███▏      | 396/1223 [00:03<00:07, 112.57w/s, dev=1]
language_model.model.layers.13.self_attn.q_norm.weight:  32%|███▏      | 397/1223 [00:03<00:07, 112.68w/s, dev=1]        
language_model.model.layers.13.self_attn.q_norm_moe_gen.weight:  33%|███▎      | 398/1223 [00:03<00:07, 112.96w/s, dev=1]
language_model.model.layers.13.self_attn.q_proj.bias:  33%|███▎      | 399/1223 [00:03<00:07, 113.24w/s, dev=1]          
language_model.model.layers.13.self_attn.q_proj.weight:  33%|███▎      | 400/1223 [00:03<00:07, 113.48w/s, dev=1]
language_model.model.layers.13.self_attn.q_proj_moe_gen.bias:  33%|███▎      | 401/1223 [00:03<00:07, 113.59w/s, dev=1]
language_model.model.layers.13.self_attn.q_proj_moe_gen.weight:  33%|███▎      | 402/1223 [00:03<00:07, 113.87w/s, dev=1]
language_model.model.layers.13.self_attn.v_proj.bias:  33%|███▎      | 403/1223 [00:03<00:07, 113.99w/s, dev=1]          
language_model.model.layers.13.self_attn.v_proj.weight:  33%|███▎      | 404/1223 [00:03<00:07, 114.26w/s, dev=1]
language_model.model.layers.13.self_attn.v_proj_moe_gen.bias:  33%|███▎      | 405/1223 [00:03<00:07, 114.52w/s, dev=1]
language_model.model.layers.13.self_attn.v_proj_moe_gen.weight:  33%|███▎      | 406/1223 [00:03<00:07, 114.80w/s, dev=1]
language_model.model.layers.14.input_layernorm.weight:  33%|███▎      | 407/1223 [00:03<00:07, 115.05w/s, dev=1]         
language_model.model.layers.14.input_layernorm_moe_gen.weight:  33%|███▎      | 408/1223 [00:03<00:07, 115.33w/s, dev=1]
language_model.model.layers.14.mlp.down_proj.weight:  33%|███▎      | 409/1223 [00:03<00:07, 115.61w/s, dev=1]          
language_model.model.layers.14.mlp.gate_proj.weight:  34%|███▎      | 410/1223 [00:03<00:07, 115.06w/s, dev=1]
language_model.model.layers.14.mlp.up_proj.weight:  34%|███▎      | 411/1223 [00:03<00:07, 114.51w/s, dev=1]  
language_model.model.layers.14.mlp.up_proj.weight:  34%|███▎      | 412/1223 [00:03<00:07, 113.97w/s, dev=1]
language_model.model.layers.14.mlp_moe_gen.down_proj.weight:  34%|███▎      | 412/1223 [00:03<00:07, 113.97w/s, dev=1]
language_model.model.layers.14.mlp_moe_gen.gate_proj.weight:  34%|███▍      | 413/1223 [00:03<00:07, 113.44w/s, dev=1]
language_model.model.layers.14.mlp_moe_gen.up_proj.weight:  34%|███▍      | 414/1223 [00:03<00:07, 112.91w/s, dev=1]  
language_model.model.layers.14.post_attention_layernorm.weight:  34%|███▍      | 415/1223 [00:03<00:07, 112.40w/s, dev=1]
language_model.model.layers.14.post_attention_layernorm_moe_gen.weight:  34%|███▍      | 416/1223 [00:03<00:07, 112.66w/s, dev=1]
language_model.model.layers.14.self_attn.k_norm.weight:  34%|███▍      | 417/1223 [00:03<00:07, 112.93w/s, dev=1]                
language_model.model.layers.14.self_attn.k_norm_moe_gen.weight:  34%|███▍      | 418/1223 [00:03<00:07, 113.19w/s, dev=1]
language_model.model.layers.14.self_attn.k_proj.bias:  34%|███▍      | 419/1223 [00:03<00:07, 113.46w/s, dev=1]          
language_model.model.layers.14.self_attn.k_proj.weight:  34%|███▍      | 420/1223 [00:03<00:07, 113.73w/s, dev=1]
language_model.model.layers.14.self_attn.k_proj_moe_gen.bias:  34%|███▍      | 421/1223 [00:03<00:07, 113.97w/s, dev=1]
language_model.model.layers.14.self_attn.k_proj_moe_gen.weight:  35%|███▍      | 422/1223 [00:03<00:07, 114.23w/s, dev=1]
language_model.model.layers.14.self_attn.o_proj.weight:  35%|███▍      | 423/1223 [00:03<00:06, 114.48w/s, dev=1]        
language_model.model.layers.14.self_attn.o_proj_moe_gen.weight:  35%|███▍      | 424/1223 [00:03<00:06, 114.59w/s, dev=1]
language_model.model.layers.14.self_attn.q_norm.weight:  35%|███▍      | 425/1223 [00:03<00:06, 114.70w/s, dev=1]        
language_model.model.layers.14.self_attn.q_norm_moe_gen.weight:  35%|███▍      | 426/1223 [00:03<00:06, 114.96w/s, dev=1]
language_model.model.layers.14.self_attn.q_proj.bias:  35%|███▍      | 427/1223 [00:03<00:06, 115.23w/s, dev=1]          
language_model.model.layers.14.self_attn.q_proj.weight:  35%|███▍      | 428/1223 [00:03<00:06, 115.50w/s, dev=1]
language_model.model.layers.14.self_attn.q_proj_moe_gen.bias:  35%|███▌      | 429/1223 [00:03<00:06, 115.61w/s, dev=1]
language_model.model.layers.14.self_attn.q_proj_moe_gen.weight:  35%|███▌      | 430/1223 [00:03<00:06, 115.87w/s, dev=1]
language_model.model.layers.14.self_attn.v_proj.bias:  35%|███▌      | 431/1223 [00:03<00:06, 115.98w/s, dev=1]          
language_model.model.layers.14.self_attn.v_proj.weight:  35%|███▌      | 432/1223 [00:03<00:06, 116.24w/s, dev=1]
language_model.model.layers.14.self_attn.v_proj_moe_gen.bias:  35%|███▌      | 433/1223 [00:03<00:06, 116.48w/s, dev=1]
language_model.model.layers.14.self_attn.v_proj_moe_gen.weight:  35%|███▌      | 434/1223 [00:03<00:06, 116.75w/s, dev=1]
language_model.model.layers.15.input_layernorm.weight:  36%|███▌      | 435/1223 [00:03<00:06, 116.99w/s, dev=1]         
language_model.model.layers.15.input_layernorm_moe_gen.weight:  36%|███▌      | 436/1223 [00:03<00:06, 117.26w/s, dev=1]
language_model.model.layers.15.mlp.down_proj.weight:  36%|███▌      | 437/1223 [00:03<00:06, 117.52w/s, dev=1]          
language_model.model.layers.15.mlp.gate_proj.weight:  36%|███▌      | 438/1223 [00:03<00:06, 116.99w/s, dev=1]
language_model.model.layers.15.mlp.up_proj.weight:  36%|███▌      | 439/1223 [00:03<00:06, 116.46w/s, dev=1]  
language_model.model.layers.15.mlp_moe_gen.down_proj.weight:  36%|███▌      | 440/1223 [00:03<00:06, 115.93w/s, dev=1]
language_model.model.layers.15.mlp_moe_gen.gate_proj.weight:  36%|███▌      | 441/1223 [00:03<00:06, 115.42w/s, dev=1]
language_model.model.layers.15.mlp_moe_gen.up_proj.weight:  36%|███▌      | 442/1223 [00:03<00:06, 114.91w/s, dev=1]  
language_model.model.layers.15.post_attention_layernorm.weight:  36%|███▌      | 443/1223 [00:03<00:06, 114.40w/s, dev=1]
language_model.model.layers.15.post_attention_layernorm_moe_gen.weight:  36%|███▋      | 444/1223 [00:03<00:06, 114.66w/s, dev=1]
language_model.model.layers.15.self_attn.k_norm.weight:  36%|███▋      | 445/1223 [00:03<00:06, 114.91w/s, dev=1]                
language_model.model.layers.15.self_attn.k_norm_moe_gen.weight:  36%|███▋      | 446/1223 [00:03<00:06, 115.17w/s, dev=1]
language_model.model.layers.15.self_attn.k_proj.bias:  37%|███▋      | 447/1223 [00:03<00:06, 115.42w/s, dev=1]          
language_model.model.layers.15.self_attn.k_proj.bias:  37%|███▋      | 448/1223 [00:03<00:06, 115.68w/s, dev=1]
language_model.model.layers.15.self_attn.k_proj.weight:  37%|███▋      | 448/1223 [00:03<00:06, 115.67w/s, dev=1]
language_model.model.layers.15.self_attn.k_proj_moe_gen.bias:  37%|███▋      | 449/1223 [00:03<00:06, 115.91w/s, dev=1]
language_model.model.layers.15.self_attn.k_proj_moe_gen.weight:  37%|███▋      | 450/1223 [00:03<00:06, 116.16w/s, dev=1]
language_model.model.layers.15.self_attn.o_proj.weight:  37%|███▋      | 451/1223 [00:03<00:06, 116.39w/s, dev=1]        
language_model.model.layers.15.self_attn.o_proj_moe_gen.weight:  37%|███▋      | 452/1223 [00:03<00:06, 116.49w/s, dev=1]
language_model.model.layers.15.self_attn.q_norm.weight:  37%|███▋      | 453/1223 [00:03<00:06, 116.59w/s, dev=1]        
language_model.model.layers.15.self_attn.q_norm_moe_gen.weight:  37%|███▋      | 454/1223 [00:03<00:06, 116.85w/s, dev=1]
language_model.model.layers.15.self_attn.q_proj.bias:  37%|███▋      | 455/1223 [00:03<00:06, 117.10w/s, dev=1]          
language_model.model.layers.15.self_attn.q_proj.weight:  37%|███▋      | 456/1223 [00:03<00:06, 117.35w/s, dev=1]
language_model.model.layers.15.self_attn.q_proj_moe_gen.bias:  37%|███▋      | 457/1223 [00:03<00:06, 117.46w/s, dev=1]
language_model.model.layers.15.self_attn.q_proj_moe_gen.weight:  37%|███▋      | 458/1223 [00:03<00:06, 117.71w/s, dev=1]
language_model.model.layers.15.self_attn.v_proj.bias:  38%|███▊      | 459/1223 [00:03<00:06, 117.81w/s, dev=1]          
language_model.model.layers.15.self_attn.v_proj.weight:  38%|███▊      | 460/1223 [00:03<00:06, 118.06w/s, dev=1]
language_model.model.layers.15.self_attn.v_proj_moe_gen.bias:  38%|███▊      | 461/1223 [00:03<00:06, 118.29w/s, dev=1]
language_model.model.layers.15.self_attn.v_proj_moe_gen.weight:  38%|███▊      | 462/1223 [00:03<00:06, 118.55w/s, dev=1]
language_model.model.layers.16.input_layernorm.weight:  38%|███▊      | 463/1223 [00:03<00:06, 118.78w/s, dev=1]         
language_model.model.layers.16.input_layernorm_moe_gen.weight:  38%|███▊      | 464/1223 [00:03<00:06, 119.03w/s, dev=1]
language_model.model.layers.16.mlp.down_proj.weight:  38%|███▊      | 465/1223 [00:03<00:06, 119.28w/s, dev=1]          
language_model.model.layers.16.mlp.gate_proj.weight:  38%|███▊      | 466/1223 [00:03<00:06, 118.76w/s, dev=1]
language_model.model.layers.16.mlp.up_proj.weight:  38%|███▊      | 467/1223 [00:03<00:06, 118.25w/s, dev=1]  
language_model.model.layers.16.mlp_moe_gen.down_proj.weight:  38%|███▊      | 468/1223 [00:03<00:06, 117.68w/s, dev=1]
language_model.model.layers.16.mlp_moe_gen.gate_proj.weight:  38%|███▊      | 469/1223 [00:04<00:06, 117.17w/s, dev=1]
language_model.model.layers.16.mlp_moe_gen.up_proj.weight:  38%|███▊      | 470/1223 [00:04<00:06, 116.67w/s, dev=1]  
language_model.model.layers.16.post_attention_layernorm.weight:  39%|███▊      | 471/1223 [00:04<00:06, 116.18w/s, dev=1]
language_model.model.layers.16.post_attention_layernorm_moe_gen.weight:  39%|███▊      | 472/1223 [00:04<00:06, 116.42w/s, dev=1]
language_model.model.layers.16.self_attn.k_norm.weight:  39%|███▊      | 473/1223 [00:04<00:06, 116.66w/s, dev=1]                
language_model.model.layers.16.self_attn.k_norm_moe_gen.weight:  39%|███▉      | 474/1223 [00:04<00:06, 116.91w/s, dev=1]
language_model.model.layers.16.self_attn.k_proj.bias:  39%|███▉      | 475/1223 [00:04<00:06, 117.15w/s, dev=1]          
language_model.model.layers.16.self_attn.k_proj.weight:  39%|███▉      | 476/1223 [00:04<00:06, 117.40w/s, dev=1]
language_model.model.layers.16.self_attn.k_proj_moe_gen.bias:  39%|███▉      | 477/1223 [00:04<00:06, 117.62w/s, dev=1]
language_model.model.layers.16.self_attn.k_proj_moe_gen.weight:  39%|███▉      | 478/1223 [00:04<00:06, 117.86w/s, dev=1]
language_model.model.layers.16.self_attn.o_proj.weight:  39%|███▉      | 479/1223 [00:04<00:06, 118.08w/s, dev=1]        
language_model.model.layers.16.self_attn.o_proj_moe_gen.weight:  39%|███▉      | 480/1223 [00:04<00:06, 118.18w/s, dev=1]
language_model.model.layers.16.self_attn.q_norm.weight:  39%|███▉      | 481/1223 [00:04<00:06, 118.27w/s, dev=1]        
language_model.model.layers.16.self_attn.q_norm_moe_gen.weight:  39%|███▉      | 482/1223 [00:04<00:06, 118.51w/s, dev=1]
language_model.model.layers.16.self_attn.q_proj.bias:  39%|███▉      | 483/1223 [00:04<00:06, 118.76w/s, dev=1]          
language_model.model.layers.16.self_attn.q_proj.bias:  40%|███▉      | 484/1223 [00:04<00:06, 119.00w/s, dev=1]
language_model.model.layers.16.self_attn.q_proj.weight:  40%|███▉      | 484/1223 [00:04<00:06, 119.00w/s, dev=1]
language_model.model.layers.16.self_attn.q_proj_moe_gen.bias:  40%|███▉      | 485/1223 [00:04<00:06, 119.09w/s, dev=1]
language_model.model.layers.16.self_attn.q_proj_moe_gen.weight:  40%|███▉      | 486/1223 [00:04<00:06, 119.33w/s, dev=1]
language_model.model.layers.16.self_attn.v_proj.bias:  40%|███▉      | 487/1223 [00:04<00:06, 119.43w/s, dev=1]          
language_model.model.layers.16.self_attn.v_proj.weight:  40%|███▉      | 488/1223 [00:04<00:06, 119.67w/s, dev=1]
language_model.model.layers.16.self_attn.v_proj_moe_gen.bias:  40%|███▉      | 489/1223 [00:04<00:06, 119.88w/s, dev=1]
language_model.model.layers.16.self_attn.v_proj_moe_gen.weight:  40%|████      | 490/1223 [00:04<00:06, 120.12w/s, dev=1]
language_model.model.layers.17.input_layernorm.weight:  40%|████      | 491/1223 [00:04<00:06, 120.34w/s, dev=1]         
language_model.model.layers.17.input_layernorm_moe_gen.weight:  40%|████      | 492/1223 [00:04<00:06, 120.58w/s, dev=1]
language_model.model.layers.17.mlp.down_proj.weight:  40%|████      | 493/1223 [00:04<00:06, 120.82w/s, dev=1]          
language_model.model.layers.17.mlp.gate_proj.weight:  40%|████      | 494/1223 [00:04<00:06, 120.31w/s, dev=1]
language_model.model.layers.17.mlp.up_proj.weight:  40%|████      | 495/1223 [00:04<00:06, 119.81w/s, dev=1]  
language_model.model.layers.17.mlp_moe_gen.down_proj.weight:  41%|████      | 496/1223 [00:04<00:06, 119.31w/s, dev=1]
language_model.model.layers.17.mlp_moe_gen.gate_proj.weight:  41%|████      | 497/1223 [00:04<00:06, 118.82w/s, dev=1]
language_model.model.layers.17.mlp_moe_gen.up_proj.weight:  41%|████      | 498/1223 [00:04<00:06, 118.33w/s, dev=1]  
language_model.model.layers.17.post_attention_layernorm.weight:  41%|████      | 499/1223 [00:04<00:06, 117.85w/s, dev=1]
language_model.model.layers.17.post_attention_layernorm_moe_gen.weight:  41%|████      | 500/1223 [00:04<00:06, 118.08w/s, dev=1]
language_model.model.layers.17.self_attn.k_norm.weight:  41%|████      | 501/1223 [00:04<00:06, 118.31w/s, dev=1]                
language_model.model.layers.17.self_attn.k_norm_moe_gen.weight:  41%|████      | 502/1223 [00:04<00:06, 118.54w/s, dev=1]
language_model.model.layers.17.self_attn.k_proj.bias:  41%|████      | 503/1223 [00:04<00:06, 118.78w/s, dev=1]          
language_model.model.layers.17.self_attn.k_proj.weight:  41%|████      | 504/1223 [00:04<00:06, 119.01w/s, dev=1]
language_model.model.layers.17.self_attn.k_proj_moe_gen.bias:  41%|████▏     | 505/1223 [00:04<00:06, 119.22w/s, dev=1]
language_model.model.layers.17.self_attn.k_proj_moe_gen.weight:  41%|████▏     | 506/1223 [00:04<00:06, 119.45w/s, dev=1]
language_model.model.layers.17.self_attn.o_proj.weight:  41%|████▏     | 507/1223 [00:04<00:05, 119.67w/s, dev=1]        
language_model.model.layers.17.self_attn.o_proj_moe_gen.weight:  42%|████▏     | 508/1223 [00:04<00:05, 119.76w/s, dev=1]
language_model.model.layers.17.self_attn.q_norm.weight:  42%|████▏     | 509/1223 [00:04<00:05, 119.85w/s, dev=1]        
language_model.model.layers.17.self_attn.q_norm_moe_gen.weight:  42%|████▏     | 510/1223 [00:04<00:05, 120.08w/s, dev=1]
language_model.model.layers.17.self_attn.q_proj.bias:  42%|████▏     | 511/1223 [00:04<00:05, 120.31w/s, dev=1]          
language_model.model.layers.17.self_attn.q_proj.weight:  42%|████▏     | 512/1223 [00:04<00:05, 120.54w/s, dev=1]
language_model.model.layers.17.self_attn.q_proj_moe_gen.bias:  42%|████▏     | 513/1223 [00:04<00:05, 120.63w/s, dev=1]
language_model.model.layers.17.self_attn.q_proj_moe_gen.weight:  42%|████▏     | 514/1223 [00:04<00:05, 120.86w/s, dev=1]
language_model.model.layers.17.self_attn.v_proj.bias:  42%|████▏     | 515/1223 [00:04<00:05, 120.95w/s, dev=1]          
language_model.model.layers.17.self_attn.v_proj.weight:  42%|████▏     | 516/1223 [00:04<00:05, 121.18w/s, dev=1]
language_model.model.layers.17.self_attn.v_proj_moe_gen.bias:  42%|████▏     | 517/1223 [00:04<00:05, 121.39w/s, dev=1]
language_model.model.layers.17.self_attn.v_proj_moe_gen.weight:  42%|████▏     | 518/1223 [00:04<00:05, 121.62w/s, dev=1]
language_model.model.layers.18.input_layernorm.weight:  42%|████▏     | 519/1223 [00:04<00:05, 121.83w/s, dev=1]         
language_model.model.layers.18.input_layernorm.weight:  43%|████▎     | 520/1223 [00:04<00:05, 122.06w/s, dev=1]
language_model.model.layers.18.input_layernorm_moe_gen.weight:  43%|████▎     | 520/1223 [00:04<00:05, 122.05w/s, dev=1]
language_model.model.layers.18.mlp.down_proj.weight:  43%|████▎     | 521/1223 [00:04<00:05, 122.29w/s, dev=1]          
language_model.model.layers.18.mlp.gate_proj.weight:  43%|████▎     | 522/1223 [00:04<00:05, 121.79w/s, dev=1]
language_model.model.layers.18.mlp.up_proj.weight:  43%|████▎     | 523/1223 [00:04<00:05, 121.30w/s, dev=1]  
language_model.model.layers.18.mlp_moe_gen.down_proj.weight:  43%|████▎     | 524/1223 [00:04<00:05, 120.81w/s, dev=1]
language_model.model.layers.18.mlp_moe_gen.gate_proj.weight:  43%|████▎     | 525/1223 [00:04<00:05, 120.32w/s, dev=1]
language_model.model.layers.18.mlp_moe_gen.up_proj.weight:  43%|████▎     | 526/1223 [00:04<00:05, 119.84w/s, dev=1]  
language_model.model.layers.18.post_attention_layernorm.weight:  43%|████▎     | 527/1223 [00:04<00:05, 119.37w/s, dev=1]
language_model.model.layers.18.post_attention_layernorm_moe_gen.weight:  43%|████▎     | 528/1223 [00:04<00:05, 119.59w/s, dev=1]
language_model.model.layers.18.self_attn.k_norm.weight:  43%|████▎     | 529/1223 [00:04<00:05, 119.81w/s, dev=1]                
language_model.model.layers.18.self_attn.k_norm_moe_gen.weight:  43%|████▎     | 530/1223 [00:04<00:05, 120.04w/s, dev=1]
language_model.model.layers.18.self_attn.k_proj.bias:  43%|████▎     | 531/1223 [00:04<00:05, 120.26w/s, dev=1]          
language_model.model.layers.18.self_attn.k_proj.weight:  43%|████▎     | 532/1223 [00:04<00:05, 120.48w/s, dev=1]
language_model.model.layers.18.self_attn.k_proj_moe_gen.bias:  44%|████▎     | 533/1223 [00:04<00:05, 120.69w/s, dev=1]
language_model.model.layers.18.self_attn.k_proj_moe_gen.weight:  44%|████▎     | 534/1223 [00:04<00:05, 120.91w/s, dev=1]
language_model.model.layers.18.self_attn.o_proj.weight:  44%|████▎     | 535/1223 [00:04<00:05, 121.11w/s, dev=1]        
language_model.model.layers.18.self_attn.o_proj_moe_gen.weight:  44%|████▍     | 536/1223 [00:04<00:05, 121.20w/s, dev=1]
language_model.model.layers.18.self_attn.q_norm.weight:  44%|████▍     | 537/1223 [00:04<00:05, 121.28w/s, dev=1]        
language_model.model.layers.18.self_attn.q_norm_moe_gen.weight:  44%|████▍     | 538/1223 [00:04<00:05, 121.50w/s, dev=1]
language_model.model.layers.18.self_attn.q_proj.bias:  44%|████▍     | 539/1223 [00:04<00:05, 121.72w/s, dev=1]          
language_model.model.layers.18.self_attn.q_proj.weight:  44%|████▍     | 540/1223 [00:04<00:05, 121.95w/s, dev=1]
language_model.model.layers.18.self_attn.q_proj_moe_gen.bias:  44%|████▍     | 541/1223 [00:04<00:05, 122.03w/s, dev=1]
language_model.model.layers.18.self_attn.q_proj_moe_gen.weight:  44%|████▍     | 542/1223 [00:04<00:05, 122.25w/s, dev=1]
language_model.model.layers.18.self_attn.v_proj.bias:  44%|████▍     | 543/1223 [00:04<00:05, 122.34w/s, dev=1]          
language_model.model.layers.18.self_attn.v_proj.weight:  44%|████▍     | 544/1223 [00:04<00:05, 122.56w/s, dev=1]
language_model.model.layers.18.self_attn.v_proj_moe_gen.bias:  45%|████▍     | 545/1223 [00:04<00:05, 122.76w/s, dev=1]
language_model.model.layers.18.self_attn.v_proj_moe_gen.weight:  45%|████▍     | 546/1223 [00:04<00:05, 122.98w/s, dev=1]
language_model.model.layers.19.input_layernorm.weight:  45%|████▍     | 547/1223 [00:04<00:05, 123.18w/s, dev=1]         
language_model.model.layers.19.input_layernorm_moe_gen.weight:  45%|████▍     | 548/1223 [00:04<00:05, 123.40w/s, dev=1]
language_model.model.layers.19.mlp.down_proj.weight:  45%|████▍     | 549/1223 [00:04<00:05, 123.62w/s, dev=1]          
language_model.model.layers.19.mlp.gate_proj.weight:  45%|████▍     | 550/1223 [00:04<00:05, 123.13w/s, dev=1]
language_model.model.layers.19.mlp.up_proj.weight:  45%|████▌     | 551/1223 [00:04<00:05, 122.65w/s, dev=1]  
language_model.model.layers.19.mlp_moe_gen.down_proj.weight:  45%|████▌     | 552/1223 [00:04<00:05, 122.17w/s, dev=1]
language_model.model.layers.19.mlp_moe_gen.gate_proj.weight:  45%|████▌     | 553/1223 [00:04<00:05, 121.70w/s, dev=1]
language_model.model.layers.19.mlp_moe_gen.up_proj.weight:  45%|████▌     | 554/1223 [00:04<00:05, 121.21w/s, dev=1]  
language_model.model.layers.19.post_attention_layernorm.weight:  45%|████▌     | 555/1223 [00:04<00:05, 120.74w/s, dev=1]
language_model.model.layers.19.post_attention_layernorm.weight:  45%|████▌     | 556/1223 [00:04<00:05, 120.95w/s, dev=1]
language_model.model.layers.19.post_attention_layernorm_moe_gen.weight:  45%|████▌     | 556/1223 [00:04<00:05, 120.95w/s, dev=1]
language_model.model.layers.19.self_attn.k_norm.weight:  46%|████▌     | 557/1223 [00:04<00:05, 121.16w/s, dev=1]                
language_model.model.layers.19.self_attn.k_norm_moe_gen.weight:  46%|████▌     | 558/1223 [00:04<00:05, 121.37w/s, dev=1]
language_model.model.layers.19.self_attn.k_proj.bias:  46%|████▌     | 559/1223 [00:04<00:05, 121.59w/s, dev=1]          
language_model.model.layers.19.self_attn.k_proj.weight:  46%|████▌     | 560/1223 [00:04<00:05, 121.80w/s, dev=1]
language_model.model.layers.19.self_attn.k_proj_moe_gen.bias:  46%|████▌     | 561/1223 [00:04<00:05, 121.99w/s, dev=1]
language_model.model.layers.19.self_attn.k_proj_moe_gen.weight:  46%|████▌     | 562/1223 [00:04<00:05, 122.21w/s, dev=1]
language_model.model.layers.19.self_attn.o_proj.weight:  46%|████▌     | 563/1223 [00:04<00:05, 122.40w/s, dev=1]        
language_model.model.layers.19.self_attn.o_proj_moe_gen.weight:  46%|████▌     | 564/1223 [00:04<00:05, 122.48w/s, dev=1]
language_model.model.layers.19.self_attn.q_norm.weight:  46%|████▌     | 565/1223 [00:04<00:05, 122.55w/s, dev=1]        
language_model.model.layers.19.self_attn.q_norm_moe_gen.weight:  46%|████▋     | 566/1223 [00:04<00:05, 122.76w/s, dev=1]
language_model.model.layers.19.self_attn.q_proj.bias:  46%|████▋     | 567/1223 [00:04<00:05, 122.98w/s, dev=1]          
language_model.model.layers.19.self_attn.q_proj.weight:  46%|████▋     | 568/1223 [00:04<00:05, 123.19w/s, dev=1]
language_model.model.layers.19.self_attn.q_proj_moe_gen.bias:  47%|████▋     | 569/1223 [00:04<00:05, 123.27w/s, dev=1]
language_model.model.layers.19.self_attn.q_proj_moe_gen.weight:  47%|████▋     | 570/1223 [00:04<00:05, 123.48w/s, dev=1]
language_model.model.layers.19.self_attn.v_proj.bias:  47%|████▋     | 571/1223 [00:04<00:05, 123.56w/s, dev=1]          
language_model.model.layers.19.self_attn.v_proj.weight:  47%|████▋     | 572/1223 [00:04<00:05, 123.77w/s, dev=1]
language_model.model.layers.19.self_attn.v_proj_moe_gen.bias:  47%|████▋     | 573/1223 [00:04<00:05, 123.96w/s, dev=1]
language_model.model.layers.19.self_attn.v_proj_moe_gen.weight:  47%|████▋     | 574/1223 [00:04<00:05, 124.17w/s, dev=1]
language_model.model.layers.20.input_layernorm.weight:  47%|████▋     | 575/1223 [00:05<00:05, 112.13w/s, dev=cpu]       
language_model.model.layers.20.input_layernorm_moe_gen.weight:  47%|████▋     | 576/1223 [00:05<00:05, 112.32w/s, dev=cpu]
language_model.model.layers.20.mlp.down_proj.weight:  47%|████▋     | 577/1223 [00:05<00:05, 112.51w/s, dev=cpu]          
language_model.model.layers.20.mlp.gate_proj.weight:  47%|████▋     | 578/1223 [00:05<00:05, 112.70w/s, dev=cpu]
language_model.model.layers.20.mlp.up_proj.weight:  47%|████▋     | 579/1223 [00:05<00:05, 112.90w/s, dev=cpu]  
language_model.model.layers.20.mlp_moe_gen.down_proj.weight:  47%|████▋     | 580/1223 [00:05<00:05, 113.09w/s, dev=cpu]
language_model.model.layers.20.mlp_moe_gen.gate_proj.weight:  48%|████▊     | 581/1223 [00:05<00:05, 113.28w/s, dev=cpu]
language_model.model.layers.20.mlp_moe_gen.up_proj.weight:  48%|████▊     | 582/1223 [00:05<00:05, 113.47w/s, dev=cpu]  
language_model.model.layers.20.post_attention_layernorm.weight:  48%|████▊     | 583/1223 [00:05<00:05, 113.67w/s, dev=cpu]
language_model.model.layers.20.post_attention_layernorm_moe_gen.weight:  48%|████▊     | 584/1223 [00:05<00:05, 113.86w/s, dev=cpu]
language_model.model.layers.20.self_attn.k_norm.weight:  48%|████▊     | 585/1223 [00:05<00:05, 114.05w/s, dev=cpu]                
language_model.model.layers.20.self_attn.k_norm_moe_gen.weight:  48%|████▊     | 586/1223 [00:05<00:05, 114.25w/s, dev=cpu]
language_model.model.layers.20.self_attn.k_proj.bias:  48%|████▊     | 587/1223 [00:05<00:05, 114.44w/s, dev=cpu]          
language_model.model.layers.20.self_attn.k_proj.weight:  48%|████▊     | 588/1223 [00:05<00:05, 114.63w/s, dev=cpu]
language_model.model.layers.20.self_attn.k_proj_moe_gen.bias:  48%|████▊     | 589/1223 [00:05<00:05, 114.83w/s, dev=cpu]
language_model.model.layers.20.self_attn.k_proj_moe_gen.weight:  48%|████▊     | 590/1223 [00:05<00:05, 115.02w/s, dev=cpu]
language_model.model.layers.20.self_attn.o_proj.weight:  48%|████▊     | 591/1223 [00:05<00:05, 115.21w/s, dev=cpu]        
language_model.model.layers.20.self_attn.o_proj.weight:  48%|████▊     | 592/1223 [00:05<00:05, 115.41w/s, dev=cpu]
language_model.model.layers.20.self_attn.o_proj_moe_gen.weight:  48%|████▊     | 592/1223 [00:05<00:05, 115.40w/s, dev=cpu]
language_model.model.layers.20.self_attn.q_norm.weight:  48%|████▊     | 593/1223 [00:05<00:05, 115.60w/s, dev=cpu]        
language_model.model.layers.20.self_attn.q_norm_moe_gen.weight:  49%|████▊     | 594/1223 [00:05<00:05, 115.79w/s, dev=cpu]
language_model.model.layers.20.self_attn.q_proj.bias:  49%|████▊     | 595/1223 [00:05<00:05, 115.98w/s, dev=cpu]          
language_model.model.layers.20.self_attn.q_proj.weight:  49%|████▊     | 596/1223 [00:05<00:05, 116.18w/s, dev=cpu]
language_model.model.layers.20.self_attn.q_proj_moe_gen.bias:  49%|████▉     | 597/1223 [00:05<00:05, 116.37w/s, dev=cpu]
language_model.model.layers.20.self_attn.q_proj_moe_gen.weight:  49%|████▉     | 598/1223 [00:05<00:05, 116.56w/s, dev=cpu]
language_model.model.layers.20.self_attn.v_proj.bias:  49%|████▉     | 599/1223 [00:05<00:05, 116.76w/s, dev=cpu]          
language_model.model.layers.20.self_attn.v_proj.weight:  49%|████▉     | 600/1223 [00:05<00:05, 116.95w/s, dev=cpu]
language_model.model.layers.20.self_attn.v_proj_moe_gen.bias:  49%|████▉     | 601/1223 [00:05<00:05, 117.14w/s, dev=cpu]
language_model.model.layers.20.self_attn.v_proj_moe_gen.weight:  49%|████▉     | 602/1223 [00:05<00:05, 117.33w/s, dev=cpu]
language_model.model.layers.21.input_layernorm.weight:  49%|████▉     | 603/1223 [00:05<00:05, 117.53w/s, dev=cpu]         
language_model.model.layers.21.input_layernorm_moe_gen.weight:  49%|████▉     | 604/1223 [00:05<00:05, 117.72w/s, dev=cpu]
language_model.model.layers.21.mlp.down_proj.weight:  49%|████▉     | 605/1223 [00:05<00:05, 117.91w/s, dev=cpu]          
language_model.model.layers.21.mlp.gate_proj.weight:  50%|████▉     | 606/1223 [00:05<00:05, 118.11w/s, dev=cpu]
language_model.model.layers.21.mlp.up_proj.weight:  50%|████▉     | 607/1223 [00:05<00:05, 118.30w/s, dev=cpu]  
language_model.model.layers.21.mlp_moe_gen.down_proj.weight:  50%|████▉     | 608/1223 [00:05<00:05, 118.49w/s, dev=cpu]
language_model.model.layers.21.mlp_moe_gen.gate_proj.weight:  50%|████▉     | 609/1223 [00:05<00:05, 118.68w/s, dev=cpu]
language_model.model.layers.21.mlp_moe_gen.up_proj.weight:  50%|████▉     | 610/1223 [00:05<00:05, 118.88w/s, dev=cpu]  
language_model.model.layers.21.post_attention_layernorm.weight:  50%|████▉     | 611/1223 [00:05<00:05, 119.07w/s, dev=cpu]
language_model.model.layers.21.post_attention_layernorm_moe_gen.weight:  50%|█████     | 612/1223 [00:05<00:05, 119.26w/s, dev=cpu]
language_model.model.layers.21.self_attn.k_norm.weight:  50%|█████     | 613/1223 [00:05<00:05, 119.46w/s, dev=cpu]                
language_model.model.layers.21.self_attn.k_norm_moe_gen.weight:  50%|█████     | 614/1223 [00:05<00:05, 119.65w/s, dev=cpu]
language_model.model.layers.21.self_attn.k_proj.bias:  50%|█████     | 615/1223 [00:05<00:05, 119.84w/s, dev=cpu]          
language_model.model.layers.21.self_attn.k_proj.weight:  50%|█████     | 616/1223 [00:05<00:05, 120.04w/s, dev=cpu]
language_model.model.layers.21.self_attn.k_proj_moe_gen.bias:  50%|█████     | 617/1223 [00:05<00:05, 120.23w/s, dev=cpu]
language_model.model.layers.21.self_attn.k_proj_moe_gen.weight:  51%|█████     | 618/1223 [00:05<00:05, 120.42w/s, dev=cpu]
language_model.model.layers.21.self_attn.o_proj.weight:  51%|█████     | 619/1223 [00:05<00:05, 120.61w/s, dev=cpu]        
language_model.model.layers.21.self_attn.o_proj_moe_gen.weight:  51%|█████     | 620/1223 [00:05<00:04, 120.81w/s, dev=cpu]
language_model.model.layers.21.self_attn.q_norm.weight:  51%|█████     | 621/1223 [00:05<00:04, 121.00w/s, dev=cpu]        
language_model.model.layers.21.self_attn.q_norm_moe_gen.weight:  51%|█████     | 622/1223 [00:05<00:04, 121.19w/s, dev=cpu]
language_model.model.layers.21.self_attn.q_proj.bias:  51%|█████     | 623/1223 [00:05<00:04, 121.39w/s, dev=cpu]          
language_model.model.layers.21.self_attn.q_proj.weight:  51%|█████     | 624/1223 [00:05<00:04, 121.58w/s, dev=cpu]
language_model.model.layers.21.self_attn.q_proj_moe_gen.bias:  51%|█████     | 625/1223 [00:05<00:04, 121.77w/s, dev=cpu]
language_model.model.layers.21.self_attn.q_proj_moe_gen.weight:  51%|█████     | 626/1223 [00:05<00:04, 121.97w/s, dev=cpu]
language_model.model.layers.21.self_attn.v_proj.bias:  51%|█████▏    | 627/1223 [00:05<00:04, 122.16w/s, dev=cpu]          
language_model.model.layers.21.self_attn.v_proj.weight:  51%|█████▏    | 628/1223 [00:05<00:04, 122.35w/s, dev=cpu]
language_model.model.layers.21.self_attn.v_proj_moe_gen.bias:  51%|█████▏    | 629/1223 [00:05<00:04, 122.54w/s, dev=cpu]
language_model.model.layers.21.self_attn.v_proj_moe_gen.weight:  52%|█████▏    | 630/1223 [00:05<00:04, 122.74w/s, dev=cpu]
language_model.model.layers.22.input_layernorm.weight:  52%|█████▏    | 631/1223 [00:05<00:04, 122.93w/s, dev=cpu]         
language_model.model.layers.22.input_layernorm_moe_gen.weight:  52%|█████▏    | 632/1223 [00:05<00:04, 123.12w/s, dev=cpu]
language_model.model.layers.22.mlp.down_proj.weight:  52%|█████▏    | 633/1223 [00:05<00:04, 123.32w/s, dev=cpu]          
language_model.model.layers.22.mlp.gate_proj.weight:  52%|█████▏    | 634/1223 [00:05<00:04, 123.51w/s, dev=cpu]
language_model.model.layers.22.mlp.up_proj.weight:  52%|█████▏    | 635/1223 [00:05<00:04, 123.70w/s, dev=cpu]  
language_model.model.layers.22.mlp_moe_gen.down_proj.weight:  52%|█████▏    | 636/1223 [00:05<00:04, 123.89w/s, dev=cpu]
language_model.model.layers.22.mlp_moe_gen.gate_proj.weight:  52%|█████▏    | 637/1223 [00:05<00:04, 124.09w/s, dev=cpu]
language_model.model.layers.22.mlp_moe_gen.up_proj.weight:  52%|█████▏    | 638/1223 [00:05<00:04, 124.28w/s, dev=cpu]  
language_model.model.layers.22.post_attention_layernorm.weight:  52%|█████▏    | 639/1223 [00:05<00:04, 124.47w/s, dev=cpu]
language_model.model.layers.22.post_attention_layernorm_moe_gen.weight:  52%|█████▏    | 640/1223 [00:05<00:04, 124.66w/s, dev=cpu]
language_model.model.layers.22.self_attn.k_norm.weight:  52%|█████▏    | 641/1223 [00:05<00:04, 124.86w/s, dev=cpu]                
language_model.model.layers.22.self_attn.k_norm_moe_gen.weight:  52%|█████▏    | 642/1223 [00:05<00:04, 125.05w/s, dev=cpu]
language_model.model.layers.22.self_attn.k_proj.bias:  53%|█████▎    | 643/1223 [00:05<00:04, 125.24w/s, dev=cpu]          
language_model.model.layers.22.self_attn.k_proj.weight:  53%|█████▎    | 644/1223 [00:05<00:04, 125.44w/s, dev=cpu]
language_model.model.layers.22.self_attn.k_proj_moe_gen.bias:  53%|█████▎    | 645/1223 [00:05<00:04, 125.63w/s, dev=cpu]
language_model.model.layers.22.self_attn.k_proj_moe_gen.weight:  53%|█████▎    | 646/1223 [00:05<00:04, 125.82w/s, dev=cpu]
language_model.model.layers.22.self_attn.o_proj.weight:  53%|█████▎    | 647/1223 [00:05<00:04, 126.01w/s, dev=cpu]        
language_model.model.layers.22.self_attn.o_proj_moe_gen.weight:  53%|█████▎    | 648/1223 [00:05<00:04, 126.21w/s, dev=cpu]
language_model.model.layers.22.self_attn.q_norm.weight:  53%|█████▎    | 649/1223 [00:05<00:04, 126.40w/s, dev=cpu]        
language_model.model.layers.22.self_attn.q_norm_moe_gen.weight:  53%|█████▎    | 650/1223 [00:05<00:04, 126.59w/s, dev=cpu]
language_model.model.layers.22.self_attn.q_proj.bias:  53%|█████▎    | 651/1223 [00:05<00:04, 126.79w/s, dev=cpu]          
language_model.model.layers.22.self_attn.q_proj.weight:  53%|█████▎    | 652/1223 [00:05<00:04, 126.98w/s, dev=cpu]
language_model.model.layers.22.self_attn.q_proj_moe_gen.bias:  53%|█████▎    | 653/1223 [00:05<00:04, 127.17w/s, dev=cpu]
language_model.model.layers.22.self_attn.q_proj_moe_gen.weight:  53%|█████▎    | 654/1223 [00:05<00:04, 127.36w/s, dev=cpu]
language_model.model.layers.22.self_attn.v_proj.bias:  54%|█████▎    | 655/1223 [00:05<00:04, 127.56w/s, dev=cpu]          
language_model.model.layers.22.self_attn.v_proj.weight:  54%|█████▎    | 656/1223 [00:05<00:04, 127.75w/s, dev=cpu]
language_model.model.layers.22.self_attn.v_proj_moe_gen.bias:  54%|█████▎    | 657/1223 [00:05<00:04, 127.94w/s, dev=cpu]
language_model.model.layers.22.self_attn.v_proj_moe_gen.weight:  54%|█████▍    | 658/1223 [00:05<00:04, 128.14w/s, dev=cpu]
language_model.model.layers.23.input_layernorm.weight:  54%|█████▍    | 659/1223 [00:05<00:04, 128.33w/s, dev=cpu]         
language_model.model.layers.23.input_layernorm_moe_gen.weight:  54%|█████▍    | 660/1223 [00:05<00:04, 128.52w/s, dev=cpu]
language_model.model.layers.23.mlp.down_proj.weight:  54%|█████▍    | 661/1223 [00:05<00:04, 128.71w/s, dev=cpu]          
language_model.model.layers.23.mlp.gate_proj.weight:  54%|█████▍    | 662/1223 [00:05<00:04, 128.91w/s, dev=cpu]
language_model.model.layers.23.mlp.up_proj.weight:  54%|█████▍    | 663/1223 [00:05<00:04, 129.10w/s, dev=cpu]  
language_model.model.layers.23.mlp_moe_gen.down_proj.weight:  54%|█████▍    | 664/1223 [00:05<00:04, 129.29w/s, dev=cpu]
language_model.model.layers.23.mlp_moe_gen.gate_proj.weight:  54%|█████▍    | 665/1223 [00:05<00:04, 129.48w/s, dev=cpu]
language_model.model.layers.23.mlp_moe_gen.up_proj.weight:  54%|█████▍    | 666/1223 [00:05<00:04, 129.68w/s, dev=cpu]  
language_model.model.layers.23.post_attention_layernorm.weight:  55%|█████▍    | 667/1223 [00:05<00:04, 129.87w/s, dev=cpu]
language_model.model.layers.23.post_attention_layernorm_moe_gen.weight:  55%|█████▍    | 668/1223 [00:05<00:04, 130.06w/s, dev=cpu]
language_model.model.layers.23.self_attn.k_norm.weight:  55%|█████▍    | 669/1223 [00:05<00:04, 130.25w/s, dev=cpu]                
language_model.model.layers.23.self_attn.k_norm_moe_gen.weight:  55%|█████▍    | 670/1223 [00:05<00:04, 130.45w/s, dev=cpu]
language_model.model.layers.23.self_attn.k_proj.bias:  55%|█████▍    | 671/1223 [00:05<00:04, 130.64w/s, dev=cpu]          
language_model.model.layers.23.self_attn.k_proj.weight:  55%|█████▍    | 672/1223 [00:05<00:04, 130.83w/s, dev=cpu]
language_model.model.layers.23.self_attn.k_proj_moe_gen.bias:  55%|█████▌    | 673/1223 [00:05<00:04, 131.02w/s, dev=cpu]
language_model.model.layers.23.self_attn.k_proj_moe_gen.weight:  55%|█████▌    | 674/1223 [00:05<00:04, 131.22w/s, dev=cpu]
language_model.model.layers.23.self_attn.o_proj.weight:  55%|█████▌    | 675/1223 [00:05<00:04, 131.41w/s, dev=cpu]        
language_model.model.layers.23.self_attn.o_proj_moe_gen.weight:  55%|█████▌    | 676/1223 [00:05<00:04, 131.60w/s, dev=cpu]
language_model.model.layers.23.self_attn.q_norm.weight:  55%|█████▌    | 677/1223 [00:05<00:04, 131.80w/s, dev=cpu]        
language_model.model.layers.23.self_attn.q_norm_moe_gen.weight:  55%|█████▌    | 678/1223 [00:05<00:04, 131.99w/s, dev=cpu]
language_model.model.layers.23.self_attn.q_proj.bias:  56%|█████▌    | 679/1223 [00:05<00:04, 132.18w/s, dev=cpu]          
language_model.model.layers.23.self_attn.q_proj.weight:  56%|█████▌    | 680/1223 [00:05<00:04, 132.37w/s, dev=cpu]
language_model.model.layers.23.self_attn.q_proj_moe_gen.bias:  56%|█████▌    | 681/1223 [00:05<00:04, 132.57w/s, dev=cpu]
language_model.model.layers.23.self_attn.q_proj_moe_gen.weight:  56%|█████▌    | 682/1223 [00:05<00:04, 132.76w/s, dev=cpu]
language_model.model.layers.23.self_attn.v_proj.bias:  56%|█████▌    | 683/1223 [00:05<00:04, 132.95w/s, dev=cpu]          
language_model.model.layers.23.self_attn.v_proj.weight:  56%|█████▌    | 684/1223 [00:05<00:04, 133.14w/s, dev=cpu]
language_model.model.layers.23.self_attn.v_proj_moe_gen.bias:  56%|█████▌    | 685/1223 [00:05<00:04, 133.34w/s, dev=cpu]
language_model.model.layers.23.self_attn.v_proj_moe_gen.weight:  56%|█████▌    | 686/1223 [00:05<00:04, 133.53w/s, dev=cpu]
language_model.model.layers.24.input_layernorm.weight:  56%|█████▌    | 687/1223 [00:05<00:04, 133.72w/s, dev=cpu]         
language_model.model.layers.24.input_layernorm_moe_gen.weight:  56%|█████▋    | 688/1223 [00:05<00:03, 133.91w/s, dev=cpu]
language_model.model.layers.24.mlp.down_proj.weight:  56%|█████▋    | 689/1223 [00:05<00:03, 134.11w/s, dev=cpu]          
language_model.model.layers.24.mlp.gate_proj.weight:  56%|█████▋    | 690/1223 [00:05<00:03, 134.30w/s, dev=cpu]
language_model.model.layers.24.mlp.up_proj.weight:  57%|█████▋    | 691/1223 [00:05<00:03, 134.49w/s, dev=cpu]  
language_model.model.layers.24.mlp_moe_gen.down_proj.weight:  57%|█████▋    | 692/1223 [00:05<00:03, 134.68w/s, dev=cpu]
language_model.model.layers.24.mlp_moe_gen.gate_proj.weight:  57%|█████▋    | 693/1223 [00:05<00:03, 134.88w/s, dev=cpu]
language_model.model.layers.24.mlp_moe_gen.up_proj.weight:  57%|█████▋    | 694/1223 [00:05<00:03, 135.07w/s, dev=cpu]  
language_model.model.layers.24.post_attention_layernorm.weight:  57%|█████▋    | 695/1223 [00:05<00:03, 135.26w/s, dev=cpu]
language_model.model.layers.24.post_attention_layernorm_moe_gen.weight:  57%|█████▋    | 696/1223 [00:05<00:03, 135.45w/s, dev=cpu]
language_model.model.layers.24.self_attn.k_norm.weight:  57%|█████▋    | 697/1223 [00:05<00:03, 135.64w/s, dev=cpu]                
language_model.model.layers.24.self_attn.k_norm_moe_gen.weight:  57%|█████▋    | 698/1223 [00:05<00:03, 135.84w/s, dev=cpu]
language_model.model.layers.24.self_attn.k_proj.bias:  57%|█████▋    | 699/1223 [00:05<00:03, 136.03w/s, dev=cpu]          
language_model.model.layers.24.self_attn.k_proj.weight:  57%|█████▋    | 700/1223 [00:05<00:03, 136.22w/s, dev=cpu]
language_model.model.layers.24.self_attn.k_proj_moe_gen.bias:  57%|█████▋    | 701/1223 [00:05<00:03, 136.42w/s, dev=cpu]
language_model.model.layers.24.self_attn.k_proj_moe_gen.weight:  57%|█████▋    | 702/1223 [00:05<00:03, 136.61w/s, dev=cpu]
language_model.model.layers.24.self_attn.o_proj.weight:  57%|█████▋    | 703/1223 [00:05<00:03, 136.80w/s, dev=cpu]        
language_model.model.layers.24.self_attn.o_proj_moe_gen.weight:  58%|█████▊    | 704/1223 [00:05<00:03, 136.99w/s, dev=cpu]
language_model.model.layers.24.self_attn.q_norm.weight:  58%|█████▊    | 705/1223 [00:05<00:03, 137.19w/s, dev=cpu]        
language_model.model.layers.24.self_attn.q_norm_moe_gen.weight:  58%|█████▊    | 706/1223 [00:05<00:03, 137.38w/s, dev=cpu]
language_model.model.layers.24.self_attn.q_proj.bias:  58%|█████▊    | 707/1223 [00:05<00:03, 137.57w/s, dev=cpu]          
language_model.model.layers.24.self_attn.q_proj.weight:  58%|█████▊    | 708/1223 [00:05<00:03, 137.76w/s, dev=cpu]
language_model.model.layers.24.self_attn.q_proj_moe_gen.bias:  58%|█████▊    | 709/1223 [00:05<00:03, 137.96w/s, dev=cpu]
language_model.model.layers.24.self_attn.q_proj_moe_gen.weight:  58%|█████▊    | 710/1223 [00:05<00:03, 138.15w/s, dev=cpu]
language_model.model.layers.24.self_attn.v_proj.bias:  58%|█████▊    | 711/1223 [00:05<00:03, 138.34w/s, dev=cpu]          
language_model.model.layers.24.self_attn.v_proj.weight:  58%|█████▊    | 712/1223 [00:05<00:03, 138.53w/s, dev=cpu]
language_model.model.layers.24.self_attn.v_proj_moe_gen.bias:  58%|█████▊    | 713/1223 [00:05<00:03, 138.73w/s, dev=cpu]
language_model.model.layers.24.self_attn.v_proj_moe_gen.weight:  58%|█████▊    | 714/1223 [00:05<00:03, 138.92w/s, dev=cpu]
language_model.model.layers.25.input_layernorm.weight:  58%|█████▊    | 715/1223 [00:05<00:03, 139.11w/s, dev=cpu]         
language_model.model.layers.25.input_layernorm_moe_gen.weight:  59%|█████▊    | 716/1223 [00:05<00:03, 139.30w/s, dev=cpu]
language_model.model.layers.25.mlp.down_proj.weight:  59%|█████▊    | 717/1223 [00:05<00:03, 139.50w/s, dev=cpu]          
language_model.model.layers.25.mlp.gate_proj.weight:  59%|█████▊    | 718/1223 [00:05<00:03, 139.69w/s, dev=cpu]
language_model.model.layers.25.mlp.up_proj.weight:  59%|█████▉    | 719/1223 [00:05<00:03, 139.88w/s, dev=cpu]  
language_model.model.layers.25.mlp_moe_gen.down_proj.weight:  59%|█████▉    | 720/1223 [00:05<00:03, 140.07w/s, dev=cpu]
language_model.model.layers.25.mlp_moe_gen.gate_proj.weight:  59%|█████▉    | 721/1223 [00:05<00:03, 140.26w/s, dev=cpu]
language_model.model.layers.25.mlp_moe_gen.up_proj.weight:  59%|█████▉    | 722/1223 [00:05<00:03, 140.46w/s, dev=cpu]  
language_model.model.layers.25.post_attention_layernorm.weight:  59%|█████▉    | 723/1223 [00:05<00:03, 140.65w/s, dev=cpu]
language_model.model.layers.25.post_attention_layernorm_moe_gen.weight:  59%|█████▉    | 724/1223 [00:05<00:03, 140.84w/s, dev=cpu]
language_model.model.layers.25.self_attn.k_norm.weight:  59%|█████▉    | 725/1223 [00:05<00:03, 141.03w/s, dev=cpu]                
language_model.model.layers.25.self_attn.k_norm_moe_gen.weight:  59%|█████▉    | 726/1223 [00:05<00:03, 141.22w/s, dev=cpu]
language_model.model.layers.25.self_attn.k_proj.bias:  59%|█████▉    | 727/1223 [00:05<00:03, 141.42w/s, dev=cpu]          
language_model.model.layers.25.self_attn.k_proj.weight:  60%|█████▉    | 728/1223 [00:05<00:03, 141.61w/s, dev=cpu]
language_model.model.layers.25.self_attn.k_proj_moe_gen.bias:  60%|█████▉    | 729/1223 [00:05<00:03, 141.80w/s, dev=cpu]
language_model.model.layers.25.self_attn.k_proj_moe_gen.weight:  60%|█████▉    | 730/1223 [00:05<00:03, 141.99w/s, dev=cpu]
language_model.model.layers.25.self_attn.o_proj.weight:  60%|█████▉    | 731/1223 [00:05<00:03, 142.19w/s, dev=cpu]        
language_model.model.layers.25.self_attn.o_proj_moe_gen.weight:  60%|█████▉    | 732/1223 [00:05<00:03, 142.38w/s, dev=cpu]
language_model.model.layers.25.self_attn.q_norm.weight:  60%|█████▉    | 733/1223 [00:05<00:03, 142.57w/s, dev=cpu]        
language_model.model.layers.25.self_attn.q_norm_moe_gen.weight:  60%|██████    | 734/1223 [00:05<00:03, 142.76w/s, dev=cpu]
language_model.model.layers.25.self_attn.q_proj.bias:  60%|██████    | 735/1223 [00:05<00:03, 142.96w/s, dev=cpu]          
language_model.model.layers.25.self_attn.q_proj.weight:  60%|██████    | 736/1223 [00:05<00:03, 143.15w/s, dev=cpu]
language_model.model.layers.25.self_attn.q_proj_moe_gen.bias:  60%|██████    | 737/1223 [00:05<00:03, 143.34w/s, dev=cpu]
language_model.model.layers.25.self_attn.q_proj_moe_gen.weight:  60%|██████    | 738/1223 [00:05<00:03, 143.53w/s, dev=cpu]
language_model.model.layers.25.self_attn.v_proj.bias:  60%|██████    | 739/1223 [00:05<00:03, 143.73w/s, dev=cpu]          
language_model.model.layers.25.self_attn.v_proj.weight:  61%|██████    | 740/1223 [00:05<00:03, 143.92w/s, dev=cpu]
language_model.model.layers.25.self_attn.v_proj_moe_gen.bias:  61%|██████    | 741/1223 [00:05<00:03, 144.11w/s, dev=cpu]
language_model.model.layers.25.self_attn.v_proj_moe_gen.weight:  61%|██████    | 742/1223 [00:05<00:03, 144.30w/s, dev=cpu]
language_model.model.layers.26.input_layernorm.weight:  61%|██████    | 743/1223 [00:05<00:03, 144.49w/s, dev=cpu]         
language_model.model.layers.26.input_layernorm_moe_gen.weight:  61%|██████    | 744/1223 [00:05<00:03, 144.69w/s, dev=cpu]
language_model.model.layers.26.mlp.down_proj.weight:  61%|██████    | 745/1223 [00:05<00:03, 144.88w/s, dev=cpu]          
language_model.model.layers.26.mlp.gate_proj.weight:  61%|██████    | 746/1223 [00:05<00:03, 145.07w/s, dev=cpu]
language_model.model.layers.26.mlp.up_proj.weight:  61%|██████    | 747/1223 [00:05<00:03, 145.26w/s, dev=cpu]  
language_model.model.layers.26.mlp_moe_gen.down_proj.weight:  61%|██████    | 748/1223 [00:05<00:03, 145.45w/s, dev=cpu]
language_model.model.layers.26.mlp_moe_gen.gate_proj.weight:  61%|██████    | 749/1223 [00:05<00:03, 145.65w/s, dev=cpu]
language_model.model.layers.26.mlp_moe_gen.up_proj.weight:  61%|██████▏   | 750/1223 [00:05<00:03, 145.84w/s, dev=cpu]  
language_model.model.layers.26.post_attention_layernorm.weight:  61%|██████▏   | 751/1223 [00:05<00:03, 146.03w/s, dev=cpu]
language_model.model.layers.26.post_attention_layernorm_moe_gen.weight:  61%|██████▏   | 752/1223 [00:05<00:03, 146.22w/s, dev=cpu]
language_model.model.layers.26.self_attn.k_norm.weight:  62%|██████▏   | 753/1223 [00:05<00:03, 146.41w/s, dev=cpu]                
language_model.model.layers.26.self_attn.k_norm_moe_gen.weight:  62%|██████▏   | 754/1223 [00:05<00:03, 146.61w/s, dev=cpu]
language_model.model.layers.26.self_attn.k_proj.bias:  62%|██████▏   | 755/1223 [00:05<00:03, 146.80w/s, dev=cpu]          
language_model.model.layers.26.self_attn.k_proj.weight:  62%|██████▏   | 756/1223 [00:05<00:03, 146.99w/s, dev=cpu]
language_model.model.layers.26.self_attn.k_proj_moe_gen.bias:  62%|██████▏   | 757/1223 [00:05<00:03, 147.18w/s, dev=cpu]
language_model.model.layers.26.self_attn.k_proj_moe_gen.weight:  62%|██████▏   | 758/1223 [00:05<00:03, 147.37w/s, dev=cpu]
language_model.model.layers.26.self_attn.o_proj.weight:  62%|██████▏   | 759/1223 [00:05<00:03, 147.57w/s, dev=cpu]        
language_model.model.layers.26.self_attn.o_proj_moe_gen.weight:  62%|██████▏   | 760/1223 [00:05<00:03, 147.76w/s, dev=cpu]
language_model.model.layers.26.self_attn.q_norm.weight:  62%|██████▏   | 761/1223 [00:05<00:03, 147.95w/s, dev=cpu]        
language_model.model.layers.26.self_attn.q_norm_moe_gen.weight:  62%|██████▏   | 762/1223 [00:05<00:03, 148.14w/s, dev=cpu]
language_model.model.layers.26.self_attn.q_proj.bias:  62%|██████▏   | 763/1223 [00:05<00:03, 148.34w/s, dev=cpu]          
language_model.model.layers.26.self_attn.q_proj.weight:  62%|██████▏   | 764/1223 [00:05<00:03, 148.53w/s, dev=cpu]
language_model.model.layers.26.self_attn.q_proj_moe_gen.bias:  63%|██████▎   | 765/1223 [00:05<00:03, 148.72w/s, dev=cpu]
language_model.model.layers.26.self_attn.q_proj_moe_gen.weight:  63%|██████▎   | 766/1223 [00:05<00:03, 148.91w/s, dev=cpu]
language_model.model.layers.26.self_attn.v_proj.bias:  63%|██████▎   | 767/1223 [00:05<00:03, 149.10w/s, dev=cpu]          
language_model.model.layers.26.self_attn.v_proj.weight:  63%|██████▎   | 768/1223 [00:05<00:03, 149.30w/s, dev=cpu]
language_model.model.layers.26.self_attn.v_proj_moe_gen.bias:  63%|██████▎   | 769/1223 [00:05<00:03, 149.49w/s, dev=cpu]
language_model.model.layers.26.self_attn.v_proj_moe_gen.weight:  63%|██████▎   | 770/1223 [00:05<00:03, 149.68w/s, dev=cpu]
language_model.model.layers.27.input_layernorm.weight:  63%|██████▎   | 771/1223 [00:05<00:03, 149.87w/s, dev=cpu]         
language_model.model.layers.27.input_layernorm_moe_gen.weight:  63%|██████▎   | 772/1223 [00:05<00:03, 150.06w/s, dev=cpu]
language_model.model.layers.27.mlp.down_proj.weight:  63%|██████▎   | 773/1223 [00:05<00:02, 150.26w/s, dev=cpu]          
language_model.model.layers.27.mlp.gate_proj.weight:  63%|██████▎   | 774/1223 [00:05<00:02, 150.45w/s, dev=cpu]
language_model.model.layers.27.mlp.up_proj.weight:  63%|██████▎   | 775/1223 [00:05<00:02, 150.64w/s, dev=cpu]  
language_model.model.layers.27.mlp_moe_gen.down_proj.weight:  63%|██████▎   | 776/1223 [00:05<00:02, 150.83w/s, dev=cpu]
language_model.model.layers.27.mlp_moe_gen.gate_proj.weight:  64%|██████▎   | 777/1223 [00:05<00:02, 151.02w/s, dev=cpu]
language_model.model.layers.27.mlp_moe_gen.up_proj.weight:  64%|██████▎   | 778/1223 [00:05<00:02, 151.21w/s, dev=cpu]  
language_model.model.layers.27.post_attention_layernorm.weight:  64%|██████▎   | 779/1223 [00:05<00:02, 151.41w/s, dev=cpu]
language_model.model.layers.27.post_attention_layernorm_moe_gen.weight:  64%|██████▍   | 780/1223 [00:05<00:02, 151.60w/s, dev=cpu]
language_model.model.layers.27.self_attn.k_norm.weight:  64%|██████▍   | 781/1223 [00:05<00:02, 151.79w/s, dev=cpu]                
language_model.model.layers.27.self_attn.k_norm_moe_gen.weight:  64%|██████▍   | 782/1223 [00:05<00:02, 151.98w/s, dev=cpu]
language_model.model.layers.27.self_attn.k_proj.bias:  64%|██████▍   | 783/1223 [00:05<00:02, 152.17w/s, dev=cpu]          
language_model.model.layers.27.self_attn.k_proj.weight:  64%|██████▍   | 784/1223 [00:05<00:02, 152.37w/s, dev=cpu]
language_model.model.layers.27.self_attn.k_proj_moe_gen.bias:  64%|██████▍   | 785/1223 [00:05<00:02, 152.56w/s, dev=cpu]
language_model.model.layers.27.self_attn.k_proj_moe_gen.weight:  64%|██████▍   | 786/1223 [00:05<00:02, 152.75w/s, dev=cpu]
language_model.model.layers.27.self_attn.o_proj.weight:  64%|██████▍   | 787/1223 [00:05<00:02, 152.94w/s, dev=cpu]        
language_model.model.layers.27.self_attn.o_proj_moe_gen.weight:  64%|██████▍   | 788/1223 [00:05<00:02, 153.13w/s, dev=cpu]
language_model.model.layers.27.self_attn.q_norm.weight:  65%|██████▍   | 789/1223 [00:05<00:02, 153.33w/s, dev=cpu]        
language_model.model.layers.27.self_attn.q_norm_moe_gen.weight:  65%|██████▍   | 790/1223 [00:05<00:02, 153.52w/s, dev=cpu]
language_model.model.layers.27.self_attn.q_proj.bias:  65%|██████▍   | 791/1223 [00:05<00:02, 153.71w/s, dev=cpu]          
language_model.model.layers.27.self_attn.q_proj.weight:  65%|██████▍   | 792/1223 [00:05<00:02, 153.90w/s, dev=cpu]
language_model.model.layers.27.self_attn.q_proj_moe_gen.bias:  65%|██████▍   | 793/1223 [00:05<00:02, 154.09w/s, dev=cpu]
language_model.model.layers.27.self_attn.q_proj_moe_gen.weight:  65%|██████▍   | 794/1223 [00:05<00:02, 154.29w/s, dev=cpu]
language_model.model.layers.27.self_attn.v_proj.bias:  65%|██████▌   | 795/1223 [00:05<00:02, 154.48w/s, dev=cpu]          
language_model.model.layers.27.self_attn.v_proj.weight:  65%|██████▌   | 796/1223 [00:05<00:02, 154.67w/s, dev=cpu]
language_model.model.layers.27.self_attn.v_proj_moe_gen.bias:  65%|██████▌   | 797/1223 [00:05<00:02, 154.86w/s, dev=cpu]
language_model.model.layers.27.self_attn.v_proj_moe_gen.weight:  65%|██████▌   | 798/1223 [00:05<00:02, 155.05w/s, dev=cpu]
language_model.model.norm.weight:  65%|██████▌   | 799/1223 [00:05<00:02, 155.25w/s, dev=cpu]                              
language_model.model.norm_moe_gen.weight:  65%|██████▌   | 800/1223 [00:05<00:02, 155.44w/s, dev=cpu]
language_model.lm_head.weight:  65%|██████▌   | 801/1223 [00:05<00:02, 155.63w/s, dev=cpu]           
vit_model.vision_model.embeddings.patch_embedding.bias:  66%|██████▌   | 802/1223 [00:05<00:02, 155.82w/s, dev=cpu]
vit_model.vision_model.embeddings.patch_embedding.weight:  66%|██████▌   | 803/1223 [00:05<00:02, 156.01w/s, dev=cpu]
vit_model.vision_model.embeddings.position_embedding.weight:  66%|██████▌   | 804/1223 [00:05<00:02, 156.21w/s, dev=cpu]
vit_model.vision_model.encoder.layers.0.layer_norm1.bias:  66%|██████▌   | 805/1223 [00:05<00:02, 156.40w/s, dev=cpu]   
vit_model.vision_model.encoder.layers.0.layer_norm1.weight:  66%|██████▌   | 806/1223 [00:05<00:02, 156.59w/s, dev=cpu]
vit_model.vision_model.encoder.layers.0.layer_norm2.bias:  66%|██████▌   | 807/1223 [00:05<00:02, 156.78w/s, dev=cpu]  
vit_model.vision_model.encoder.layers.0.layer_norm2.weight:  66%|██████▌   | 808/1223 [00:05<00:02, 156.97w/s, dev=cpu]
vit_model.vision_model.encoder.layers.0.mlp.fc1.bias:  66%|██████▌   | 809/1223 [00:05<00:02, 157.16w/s, dev=cpu]      
vit_model.vision_model.encoder.layers.0.mlp.fc1.weight:  66%|██████▌   | 810/1223 [00:05<00:02, 157.36w/s, dev=cpu]
vit_model.vision_model.encoder.layers.0.mlp.fc2.bias:  66%|██████▋   | 811/1223 [00:05<00:02, 157.55w/s, dev=cpu]  
vit_model.vision_model.encoder.layers.0.mlp.fc2.weight:  66%|██████▋   | 812/1223 [00:05<00:02, 157.74w/s, dev=cpu]
vit_model.vision_model.encoder.layers.0.self_attn.k_proj.bias:  66%|██████▋   | 813/1223 [00:05<00:02, 157.93w/s, dev=cpu]
vit_model.vision_model.encoder.layers.0.self_attn.k_proj.weight:  67%|██████▋   | 814/1223 [00:05<00:02, 158.12w/s, dev=cpu]
vit_model.vision_model.encoder.layers.0.self_attn.out_proj.bias:  67%|██████▋   | 815/1223 [00:05<00:02, 158.32w/s, dev=cpu]
vit_model.vision_model.encoder.layers.0.self_attn.out_proj.weight:  67%|██████▋   | 816/1223 [00:05<00:02, 158.51w/s, dev=cpu]
vit_model.vision_model.encoder.layers.0.self_attn.q_proj.bias:  67%|██████▋   | 817/1223 [00:05<00:02, 158.70w/s, dev=cpu]    
vit_model.vision_model.encoder.layers.0.self_attn.q_proj.weight:  67%|██████▋   | 818/1223 [00:05<00:02, 158.89w/s, dev=cpu]
vit_model.vision_model.encoder.layers.0.self_attn.v_proj.bias:  67%|██████▋   | 819/1223 [00:05<00:02, 159.08w/s, dev=cpu]  
vit_model.vision_model.encoder.layers.0.self_attn.v_proj.weight:  67%|██████▋   | 820/1223 [00:05<00:02, 159.27w/s, dev=cpu]
vit_model.vision_model.encoder.layers.1.layer_norm1.bias:  67%|██████▋   | 821/1223 [00:05<00:02, 159.47w/s, dev=cpu]       
vit_model.vision_model.encoder.layers.1.layer_norm1.weight:  67%|██████▋   | 822/1223 [00:05<00:02, 159.66w/s, dev=cpu]
vit_model.vision_model.encoder.layers.1.layer_norm2.bias:  67%|██████▋   | 823/1223 [00:05<00:02, 159.85w/s, dev=cpu]  
vit_model.vision_model.encoder.layers.1.layer_norm2.weight:  67%|██████▋   | 824/1223 [00:05<00:02, 160.04w/s, dev=cpu]
vit_model.vision_model.encoder.layers.1.mlp.fc1.bias:  67%|██████▋   | 825/1223 [00:05<00:02, 160.23w/s, dev=cpu]      
vit_model.vision_model.encoder.layers.1.mlp.fc1.weight:  68%|██████▊   | 826/1223 [00:05<00:02, 160.43w/s, dev=cpu]
vit_model.vision_model.encoder.layers.1.mlp.fc2.bias:  68%|██████▊   | 827/1223 [00:05<00:02, 160.62w/s, dev=cpu]  
vit_model.vision_model.encoder.layers.1.mlp.fc2.weight:  68%|██████▊   | 828/1223 [00:05<00:02, 160.81w/s, dev=cpu]
vit_model.vision_model.encoder.layers.1.self_attn.k_proj.bias:  68%|██████▊   | 829/1223 [00:05<00:02, 161.00w/s, dev=cpu]
vit_model.vision_model.encoder.layers.1.self_attn.k_proj.weight:  68%|██████▊   | 830/1223 [00:05<00:02, 161.19w/s, dev=cpu]
vit_model.vision_model.encoder.layers.1.self_attn.out_proj.bias:  68%|██████▊   | 831/1223 [00:05<00:02, 161.39w/s, dev=cpu]
vit_model.vision_model.encoder.layers.1.self_attn.out_proj.weight:  68%|██████▊   | 832/1223 [00:05<00:02, 161.58w/s, dev=cpu]
vit_model.vision_model.encoder.layers.1.self_attn.q_proj.bias:  68%|██████▊   | 833/1223 [00:05<00:02, 161.77w/s, dev=cpu]    
vit_model.vision_model.encoder.layers.1.self_attn.q_proj.weight:  68%|██████▊   | 834/1223 [00:05<00:02, 161.96w/s, dev=cpu]
vit_model.vision_model.encoder.layers.1.self_attn.v_proj.bias:  68%|██████▊   | 835/1223 [00:05<00:02, 162.15w/s, dev=cpu]  
vit_model.vision_model.encoder.layers.1.self_attn.v_proj.weight:  68%|██████▊   | 836/1223 [00:05<00:02, 162.34w/s, dev=cpu]
vit_model.vision_model.encoder.layers.10.layer_norm1.bias:  68%|██████▊   | 837/1223 [00:05<00:02, 162.54w/s, dev=cpu]      
vit_model.vision_model.encoder.layers.10.layer_norm1.weight:  69%|██████▊   | 838/1223 [00:05<00:02, 162.73w/s, dev=cpu]
vit_model.vision_model.encoder.layers.10.layer_norm2.bias:  69%|██████▊   | 839/1223 [00:05<00:02, 162.92w/s, dev=cpu]  
vit_model.vision_model.encoder.layers.10.layer_norm2.weight:  69%|██████▊   | 840/1223 [00:05<00:02, 163.11w/s, dev=cpu]
vit_model.vision_model.encoder.layers.10.mlp.fc1.bias:  69%|██████▉   | 841/1223 [00:05<00:02, 163.30w/s, dev=cpu]      
vit_model.vision_model.encoder.layers.10.mlp.fc1.weight:  69%|██████▉   | 842/1223 [00:05<00:02, 163.49w/s, dev=cpu]
vit_model.vision_model.encoder.layers.10.mlp.fc2.bias:  69%|██████▉   | 843/1223 [00:05<00:02, 163.69w/s, dev=cpu]  
vit_model.vision_model.encoder.layers.10.mlp.fc2.weight:  69%|██████▉   | 844/1223 [00:05<00:02, 163.88w/s, dev=cpu]
vit_model.vision_model.encoder.layers.10.self_attn.k_proj.bias:  69%|██████▉   | 845/1223 [00:05<00:02, 164.07w/s, dev=cpu]
vit_model.vision_model.encoder.layers.10.self_attn.k_proj.weight:  69%|██████▉   | 846/1223 [00:05<00:02, 164.26w/s, dev=cpu]
vit_model.vision_model.encoder.layers.10.self_attn.out_proj.bias:  69%|██████▉   | 847/1223 [00:05<00:02, 164.45w/s, dev=cpu]
vit_model.vision_model.encoder.layers.10.self_attn.out_proj.weight:  69%|██████▉   | 848/1223 [00:05<00:02, 164.64w/s, dev=cpu]
vit_model.vision_model.encoder.layers.10.self_attn.q_proj.bias:  69%|██████▉   | 849/1223 [00:05<00:02, 164.84w/s, dev=cpu]    
vit_model.vision_model.encoder.layers.10.self_attn.q_proj.weight:  70%|██████▉   | 850/1223 [00:05<00:02, 165.03w/s, dev=cpu]
vit_model.vision_model.encoder.layers.10.self_attn.v_proj.bias:  70%|██████▉   | 851/1223 [00:05<00:02, 165.22w/s, dev=cpu]  
vit_model.vision_model.encoder.layers.10.self_attn.v_proj.weight:  70%|██████▉   | 852/1223 [00:05<00:02, 165.41w/s, dev=cpu]
vit_model.vision_model.encoder.layers.11.layer_norm1.bias:  70%|██████▉   | 853/1223 [00:05<00:02, 165.60w/s, dev=cpu]       
vit_model.vision_model.encoder.layers.11.layer_norm1.weight:  70%|██████▉   | 854/1223 [00:05<00:02, 165.79w/s, dev=cpu]
vit_model.vision_model.encoder.layers.11.layer_norm2.bias:  70%|██████▉   | 855/1223 [00:05<00:02, 165.99w/s, dev=cpu]  
vit_model.vision_model.encoder.layers.11.layer_norm2.weight:  70%|██████▉   | 856/1223 [00:05<00:02, 166.18w/s, dev=cpu]
vit_model.vision_model.encoder.layers.11.mlp.fc1.bias:  70%|███████   | 857/1223 [00:05<00:02, 166.37w/s, dev=cpu]      
vit_model.vision_model.encoder.layers.11.mlp.fc1.weight:  70%|███████   | 858/1223 [00:05<00:02, 166.56w/s, dev=cpu]
vit_model.vision_model.encoder.layers.11.mlp.fc2.bias:  70%|███████   | 859/1223 [00:05<00:02, 166.75w/s, dev=cpu]  
vit_model.vision_model.encoder.layers.11.mlp.fc2.weight:  70%|███████   | 860/1223 [00:05<00:02, 166.94w/s, dev=cpu]
vit_model.vision_model.encoder.layers.11.self_attn.k_proj.bias:  70%|███████   | 861/1223 [00:05<00:02, 167.14w/s, dev=cpu]
vit_model.vision_model.encoder.layers.11.self_attn.k_proj.weight:  70%|███████   | 862/1223 [00:05<00:02, 167.33w/s, dev=cpu]
vit_model.vision_model.encoder.layers.11.self_attn.out_proj.bias:  71%|███████   | 863/1223 [00:05<00:02, 167.52w/s, dev=cpu]
vit_model.vision_model.encoder.layers.11.self_attn.out_proj.weight:  71%|███████   | 864/1223 [00:05<00:02, 167.71w/s, dev=cpu]
vit_model.vision_model.encoder.layers.11.self_attn.q_proj.bias:  71%|███████   | 865/1223 [00:05<00:02, 167.90w/s, dev=cpu]    
vit_model.vision_model.encoder.layers.11.self_attn.q_proj.weight:  71%|███████   | 866/1223 [00:05<00:02, 168.09w/s, dev=cpu]
vit_model.vision_model.encoder.layers.11.self_attn.v_proj.bias:  71%|███████   | 867/1223 [00:05<00:02, 168.29w/s, dev=cpu]  
vit_model.vision_model.encoder.layers.11.self_attn.v_proj.weight:  71%|███████   | 868/1223 [00:05<00:02, 168.48w/s, dev=cpu]
vit_model.vision_model.encoder.layers.12.layer_norm1.bias:  71%|███████   | 869/1223 [00:05<00:02, 168.67w/s, dev=cpu]       
vit_model.vision_model.encoder.layers.12.layer_norm1.weight:  71%|███████   | 870/1223 [00:05<00:02, 168.86w/s, dev=cpu]
vit_model.vision_model.encoder.layers.12.layer_norm2.bias:  71%|███████   | 871/1223 [00:05<00:02, 169.05w/s, dev=cpu]  
vit_model.vision_model.encoder.layers.12.layer_norm2.weight:  71%|███████▏  | 872/1223 [00:05<00:02, 169.24w/s, dev=cpu]
vit_model.vision_model.encoder.layers.12.mlp.fc1.bias:  71%|███████▏  | 873/1223 [00:05<00:02, 169.44w/s, dev=cpu]      
vit_model.vision_model.encoder.layers.12.mlp.fc1.weight:  71%|███████▏  | 874/1223 [00:05<00:02, 169.63w/s, dev=cpu]
vit_model.vision_model.encoder.layers.12.mlp.fc2.bias:  72%|███████▏  | 875/1223 [00:05<00:02, 169.82w/s, dev=cpu]  
vit_model.vision_model.encoder.layers.12.mlp.fc2.weight:  72%|███████▏  | 876/1223 [00:05<00:02, 170.01w/s, dev=cpu]
vit_model.vision_model.encoder.layers.12.self_attn.k_proj.bias:  72%|███████▏  | 877/1223 [00:05<00:02, 170.20w/s, dev=cpu]
vit_model.vision_model.encoder.layers.12.self_attn.k_proj.weight:  72%|███████▏  | 878/1223 [00:05<00:02, 170.39w/s, dev=cpu]
vit_model.vision_model.encoder.layers.12.self_attn.out_proj.bias:  72%|███████▏  | 879/1223 [00:05<00:02, 170.58w/s, dev=cpu]
vit_model.vision_model.encoder.layers.12.self_attn.out_proj.weight:  72%|███████▏  | 880/1223 [00:05<00:02, 170.78w/s, dev=cpu]
vit_model.vision_model.encoder.layers.12.self_attn.q_proj.bias:  72%|███████▏  | 881/1223 [00:05<00:02, 170.97w/s, dev=cpu]    
vit_model.vision_model.encoder.layers.12.self_attn.q_proj.weight:  72%|███████▏  | 882/1223 [00:05<00:01, 171.16w/s, dev=cpu]
vit_model.vision_model.encoder.layers.12.self_attn.v_proj.bias:  72%|███████▏  | 883/1223 [00:05<00:01, 171.35w/s, dev=cpu]  
vit_model.vision_model.encoder.layers.12.self_attn.v_proj.weight:  72%|███████▏  | 884/1223 [00:05<00:01, 171.54w/s, dev=cpu]
vit_model.vision_model.encoder.layers.13.layer_norm1.bias:  72%|███████▏  | 885/1223 [00:05<00:01, 171.73w/s, dev=cpu]       
vit_model.vision_model.encoder.layers.13.layer_norm1.weight:  72%|███████▏  | 886/1223 [00:05<00:01, 171.92w/s, dev=cpu]
vit_model.vision_model.encoder.layers.13.layer_norm2.bias:  73%|███████▎  | 887/1223 [00:05<00:01, 172.12w/s, dev=cpu]  
vit_model.vision_model.encoder.layers.13.layer_norm2.weight:  73%|███████▎  | 888/1223 [00:05<00:01, 172.31w/s, dev=cpu]
vit_model.vision_model.encoder.layers.13.mlp.fc1.bias:  73%|███████▎  | 889/1223 [00:05<00:01, 172.50w/s, dev=cpu]      
vit_model.vision_model.encoder.layers.13.mlp.fc1.weight:  73%|███████▎  | 890/1223 [00:05<00:01, 172.69w/s, dev=cpu]
vit_model.vision_model.encoder.layers.13.mlp.fc2.bias:  73%|███████▎  | 891/1223 [00:05<00:01, 172.88w/s, dev=cpu]  
vit_model.vision_model.encoder.layers.13.mlp.fc2.weight:  73%|███████▎  | 892/1223 [00:05<00:01, 173.07w/s, dev=cpu]
vit_model.vision_model.encoder.layers.13.self_attn.k_proj.bias:  73%|███████▎  | 893/1223 [00:05<00:01, 173.27w/s, dev=cpu]
vit_model.vision_model.encoder.layers.13.self_attn.k_proj.weight:  73%|███████▎  | 894/1223 [00:05<00:01, 173.46w/s, dev=cpu]
vit_model.vision_model.encoder.layers.13.self_attn.out_proj.bias:  73%|███████▎  | 895/1223 [00:05<00:01, 173.65w/s, dev=cpu]
vit_model.vision_model.encoder.layers.13.self_attn.out_proj.weight:  73%|███████▎  | 896/1223 [00:05<00:01, 173.84w/s, dev=cpu]
vit_model.vision_model.encoder.layers.13.self_attn.q_proj.bias:  73%|███████▎  | 897/1223 [00:05<00:01, 174.03w/s, dev=cpu]    
vit_model.vision_model.encoder.layers.13.self_attn.q_proj.weight:  73%|███████▎  | 898/1223 [00:05<00:01, 174.22w/s, dev=cpu]
vit_model.vision_model.encoder.layers.13.self_attn.v_proj.bias:  74%|███████▎  | 899/1223 [00:05<00:01, 174.41w/s, dev=cpu]  
vit_model.vision_model.encoder.layers.13.self_attn.v_proj.weight:  74%|███████▎  | 900/1223 [00:05<00:01, 174.60w/s, dev=cpu]
vit_model.vision_model.encoder.layers.14.layer_norm1.bias:  74%|███████▎  | 901/1223 [00:05<00:01, 174.80w/s, dev=cpu]       
vit_model.vision_model.encoder.layers.14.layer_norm1.weight:  74%|███████▍  | 902/1223 [00:05<00:01, 174.99w/s, dev=cpu]
vit_model.vision_model.encoder.layers.14.layer_norm2.bias:  74%|███████▍  | 903/1223 [00:05<00:01, 175.18w/s, dev=cpu]  
vit_model.vision_model.encoder.layers.14.layer_norm2.weight:  74%|███████▍  | 904/1223 [00:05<00:01, 175.37w/s, dev=cpu]
vit_model.vision_model.encoder.layers.14.mlp.fc1.bias:  74%|███████▍  | 905/1223 [00:05<00:01, 175.56w/s, dev=cpu]      
vit_model.vision_model.encoder.layers.14.mlp.fc1.weight:  74%|███████▍  | 906/1223 [00:05<00:01, 175.75w/s, dev=cpu]
vit_model.vision_model.encoder.layers.14.mlp.fc2.bias:  74%|███████▍  | 907/1223 [00:05<00:01, 175.95w/s, dev=cpu]  
vit_model.vision_model.encoder.layers.14.mlp.fc2.weight:  74%|███████▍  | 908/1223 [00:05<00:01, 176.14w/s, dev=cpu]
vit_model.vision_model.encoder.layers.14.self_attn.k_proj.bias:  74%|███████▍  | 909/1223 [00:05<00:01, 176.33w/s, dev=cpu]
vit_model.vision_model.encoder.layers.14.self_attn.k_proj.weight:  74%|███████▍  | 910/1223 [00:05<00:01, 176.52w/s, dev=cpu]
vit_model.vision_model.encoder.layers.14.self_attn.out_proj.bias:  74%|███████▍  | 911/1223 [00:05<00:01, 176.71w/s, dev=cpu]
vit_model.vision_model.encoder.layers.14.self_attn.out_proj.weight:  75%|███████▍  | 912/1223 [00:05<00:01, 176.90w/s, dev=cpu]
vit_model.vision_model.encoder.layers.14.self_attn.q_proj.bias:  75%|███████▍  | 913/1223 [00:05<00:01, 177.09w/s, dev=cpu]    
vit_model.vision_model.encoder.layers.14.self_attn.q_proj.weight:  75%|███████▍  | 914/1223 [00:05<00:01, 177.28w/s, dev=cpu]
vit_model.vision_model.encoder.layers.14.self_attn.v_proj.bias:  75%|███████▍  | 915/1223 [00:05<00:01, 177.48w/s, dev=cpu]  
vit_model.vision_model.encoder.layers.14.self_attn.v_proj.weight:  75%|███████▍  | 916/1223 [00:05<00:01, 177.67w/s, dev=cpu]
vit_model.vision_model.encoder.layers.15.layer_norm1.bias:  75%|███████▍  | 917/1223 [00:05<00:01, 177.86w/s, dev=cpu]       
vit_model.vision_model.encoder.layers.15.layer_norm1.weight:  75%|███████▌  | 918/1223 [00:05<00:01, 178.05w/s, dev=cpu]
vit_model.vision_model.encoder.layers.15.layer_norm2.bias:  75%|███████▌  | 919/1223 [00:05<00:01, 178.24w/s, dev=cpu]  
vit_model.vision_model.encoder.layers.15.layer_norm2.weight:  75%|███████▌  | 920/1223 [00:05<00:01, 178.43w/s, dev=cpu]
vit_model.vision_model.encoder.layers.15.mlp.fc1.bias:  75%|███████▌  | 921/1223 [00:05<00:01, 178.62w/s, dev=cpu]      
vit_model.vision_model.encoder.layers.15.mlp.fc1.weight:  75%|███████▌  | 922/1223 [00:05<00:01, 178.82w/s, dev=cpu]
vit_model.vision_model.encoder.layers.15.mlp.fc2.bias:  75%|███████▌  | 923/1223 [00:05<00:01, 179.01w/s, dev=cpu]  
vit_model.vision_model.encoder.layers.15.mlp.fc2.weight:  76%|███████▌  | 924/1223 [00:05<00:01, 179.20w/s, dev=cpu]
vit_model.vision_model.encoder.layers.15.self_attn.k_proj.bias:  76%|███████▌  | 925/1223 [00:05<00:01, 179.39w/s, dev=cpu]
vit_model.vision_model.encoder.layers.15.self_attn.k_proj.weight:  76%|███████▌  | 926/1223 [00:05<00:01, 179.58w/s, dev=cpu]
vit_model.vision_model.encoder.layers.15.self_attn.out_proj.bias:  76%|███████▌  | 927/1223 [00:05<00:01, 179.77w/s, dev=cpu]
vit_model.vision_model.encoder.layers.15.self_attn.out_proj.weight:  76%|███████▌  | 928/1223 [00:05<00:01, 179.96w/s, dev=cpu]
vit_model.vision_model.encoder.layers.15.self_attn.q_proj.bias:  76%|███████▌  | 929/1223 [00:05<00:01, 180.15w/s, dev=cpu]    
vit_model.vision_model.encoder.layers.15.self_attn.q_proj.weight:  76%|███████▌  | 930/1223 [00:05<00:01, 180.35w/s, dev=cpu]
vit_model.vision_model.encoder.layers.15.self_attn.v_proj.bias:  76%|███████▌  | 931/1223 [00:05<00:01, 180.54w/s, dev=cpu]  
vit_model.vision_model.encoder.layers.15.self_attn.v_proj.weight:  76%|███████▌  | 932/1223 [00:05<00:01, 180.73w/s, dev=cpu]
vit_model.vision_model.encoder.layers.16.layer_norm1.bias:  76%|███████▋  | 933/1223 [00:05<00:01, 180.92w/s, dev=cpu]       
vit_model.vision_model.encoder.layers.16.layer_norm1.weight:  76%|███████▋  | 934/1223 [00:05<00:01, 181.11w/s, dev=cpu]
vit_model.vision_model.encoder.layers.16.layer_norm2.bias:  76%|███████▋  | 935/1223 [00:05<00:01, 181.30w/s, dev=cpu]  
vit_model.vision_model.encoder.layers.16.layer_norm2.weight:  77%|███████▋  | 936/1223 [00:05<00:01, 181.49w/s, dev=cpu]
vit_model.vision_model.encoder.layers.16.mlp.fc1.bias:  77%|███████▋  | 937/1223 [00:05<00:01, 181.69w/s, dev=cpu]      
vit_model.vision_model.encoder.layers.16.mlp.fc1.weight:  77%|███████▋  | 938/1223 [00:05<00:01, 181.88w/s, dev=cpu]
vit_model.vision_model.encoder.layers.16.mlp.fc2.bias:  77%|███████▋  | 939/1223 [00:05<00:01, 182.07w/s, dev=cpu]  
vit_model.vision_model.encoder.layers.16.mlp.fc2.weight:  77%|███████▋  | 940/1223 [00:05<00:01, 182.26w/s, dev=cpu]
vit_model.vision_model.encoder.layers.16.self_attn.k_proj.bias:  77%|███████▋  | 941/1223 [00:05<00:01, 182.45w/s, dev=cpu]
vit_model.vision_model.encoder.layers.16.self_attn.k_proj.weight:  77%|███████▋  | 942/1223 [00:05<00:01, 182.64w/s, dev=cpu]
vit_model.vision_model.encoder.layers.16.self_attn.out_proj.bias:  77%|███████▋  | 943/1223 [00:05<00:01, 182.83w/s, dev=cpu]
vit_model.vision_model.encoder.layers.16.self_attn.out_proj.weight:  77%|███████▋  | 944/1223 [00:05<00:01, 183.02w/s, dev=cpu]
vit_model.vision_model.encoder.layers.16.self_attn.q_proj.bias:  77%|███████▋  | 945/1223 [00:05<00:01, 183.22w/s, dev=cpu]    
vit_model.vision_model.encoder.layers.16.self_attn.q_proj.weight:  77%|███████▋  | 946/1223 [00:05<00:01, 183.41w/s, dev=cpu]
vit_model.vision_model.encoder.layers.16.self_attn.v_proj.bias:  77%|███████▋  | 947/1223 [00:05<00:01, 183.60w/s, dev=cpu]  
vit_model.vision_model.encoder.layers.16.self_attn.v_proj.weight:  78%|███████▊  | 948/1223 [00:05<00:01, 183.79w/s, dev=cpu]
vit_model.vision_model.encoder.layers.17.layer_norm1.bias:  78%|███████▊  | 949/1223 [00:05<00:01, 183.98w/s, dev=cpu]       
vit_model.vision_model.encoder.layers.17.layer_norm1.weight:  78%|███████▊  | 950/1223 [00:05<00:01, 184.17w/s, dev=cpu]
vit_model.vision_model.encoder.layers.17.layer_norm2.bias:  78%|███████▊  | 951/1223 [00:05<00:01, 184.36w/s, dev=cpu]  
vit_model.vision_model.encoder.layers.17.layer_norm2.weight:  78%|███████▊  | 952/1223 [00:05<00:01, 184.55w/s, dev=cpu]
vit_model.vision_model.encoder.layers.17.mlp.fc1.bias:  78%|███████▊  | 953/1223 [00:05<00:01, 184.74w/s, dev=cpu]      
vit_model.vision_model.encoder.layers.17.mlp.fc1.weight:  78%|███████▊  | 954/1223 [00:05<00:01, 184.94w/s, dev=cpu]
vit_model.vision_model.encoder.layers.17.mlp.fc2.bias:  78%|███████▊  | 955/1223 [00:05<00:01, 185.13w/s, dev=cpu]  
vit_model.vision_model.encoder.layers.17.mlp.fc2.weight:  78%|███████▊  | 956/1223 [00:05<00:01, 185.32w/s, dev=cpu]
vit_model.vision_model.encoder.layers.17.self_attn.k_proj.bias:  78%|███████▊  | 957/1223 [00:05<00:01, 185.51w/s, dev=cpu]
vit_model.vision_model.encoder.layers.17.self_attn.k_proj.weight:  78%|███████▊  | 958/1223 [00:05<00:01, 185.70w/s, dev=cpu]
vit_model.vision_model.encoder.layers.17.self_attn.out_proj.bias:  78%|███████▊  | 959/1223 [00:05<00:01, 185.89w/s, dev=cpu]
vit_model.vision_model.encoder.layers.17.self_attn.out_proj.weight:  78%|███████▊  | 960/1223 [00:05<00:01, 186.08w/s, dev=cpu]
vit_model.vision_model.encoder.layers.17.self_attn.q_proj.bias:  79%|███████▊  | 961/1223 [00:05<00:01, 186.27w/s, dev=cpu]    
vit_model.vision_model.encoder.layers.17.self_attn.q_proj.weight:  79%|███████▊  | 962/1223 [00:05<00:01, 186.46w/s, dev=cpu]
vit_model.vision_model.encoder.layers.17.self_attn.v_proj.bias:  79%|███████▊  | 963/1223 [00:05<00:01, 186.66w/s, dev=cpu]  
vit_model.vision_model.encoder.layers.17.self_attn.v_proj.weight:  79%|███████▉  | 964/1223 [00:05<00:01, 186.85w/s, dev=cpu]
vit_model.vision_model.encoder.layers.18.layer_norm1.bias:  79%|███████▉  | 965/1223 [00:05<00:01, 187.04w/s, dev=cpu]       
vit_model.vision_model.encoder.layers.18.layer_norm1.weight:  79%|███████▉  | 966/1223 [00:05<00:01, 187.23w/s, dev=cpu]
vit_model.vision_model.encoder.layers.18.layer_norm2.bias:  79%|███████▉  | 967/1223 [00:05<00:01, 187.42w/s, dev=cpu]  
vit_model.vision_model.encoder.layers.18.layer_norm2.weight:  79%|███████▉  | 968/1223 [00:05<00:01, 187.61w/s, dev=cpu]
vit_model.vision_model.encoder.layers.18.mlp.fc1.bias:  79%|███████▉  | 969/1223 [00:05<00:01, 187.80w/s, dev=cpu]      
vit_model.vision_model.encoder.layers.18.mlp.fc1.weight:  79%|███████▉  | 970/1223 [00:05<00:01, 187.99w/s, dev=cpu]
vit_model.vision_model.encoder.layers.18.mlp.fc2.bias:  79%|███████▉  | 971/1223 [00:05<00:01, 188.18w/s, dev=cpu]  
vit_model.vision_model.encoder.layers.18.mlp.fc2.weight:  79%|███████▉  | 972/1223 [00:05<00:01, 188.37w/s, dev=cpu]
vit_model.vision_model.encoder.layers.18.self_attn.k_proj.bias:  80%|███████▉  | 973/1223 [00:05<00:01, 188.57w/s, dev=cpu]
vit_model.vision_model.encoder.layers.18.self_attn.k_proj.weight:  80%|███████▉  | 974/1223 [00:05<00:01, 188.75w/s, dev=cpu]
vit_model.vision_model.encoder.layers.18.self_attn.out_proj.bias:  80%|███████▉  | 975/1223 [00:05<00:01, 188.95w/s, dev=cpu]
vit_model.vision_model.encoder.layers.18.self_attn.out_proj.weight:  80%|███████▉  | 976/1223 [00:05<00:01, 189.14w/s, dev=cpu]
vit_model.vision_model.encoder.layers.18.self_attn.q_proj.bias:  80%|███████▉  | 977/1223 [00:05<00:01, 189.33w/s, dev=cpu]    
vit_model.vision_model.encoder.layers.18.self_attn.q_proj.weight:  80%|███████▉  | 978/1223 [00:05<00:01, 189.52w/s, dev=cpu]
vit_model.vision_model.encoder.layers.18.self_attn.v_proj.bias:  80%|████████  | 979/1223 [00:05<00:01, 189.71w/s, dev=cpu]  
vit_model.vision_model.encoder.layers.18.self_attn.v_proj.weight:  80%|████████  | 980/1223 [00:05<00:01, 189.90w/s, dev=cpu]
vit_model.vision_model.encoder.layers.19.layer_norm1.bias:  80%|████████  | 981/1223 [00:05<00:01, 190.09w/s, dev=cpu]       
vit_model.vision_model.encoder.layers.19.layer_norm1.weight:  80%|████████  | 982/1223 [00:05<00:01, 190.28w/s, dev=cpu]
vit_model.vision_model.encoder.layers.19.layer_norm2.bias:  80%|████████  | 983/1223 [00:05<00:01, 190.47w/s, dev=cpu]  
vit_model.vision_model.encoder.layers.19.layer_norm2.weight:  80%|████████  | 984/1223 [00:05<00:01, 190.66w/s, dev=cpu]
vit_model.vision_model.encoder.layers.19.mlp.fc1.bias:  81%|████████  | 985/1223 [00:05<00:01, 190.86w/s, dev=cpu]      
vit_model.vision_model.encoder.layers.19.mlp.fc1.weight:  81%|████████  | 986/1223 [00:05<00:01, 191.05w/s, dev=cpu]
vit_model.vision_model.encoder.layers.19.mlp.fc2.bias:  81%|████████  | 987/1223 [00:05<00:01, 191.24w/s, dev=cpu]  
vit_model.vision_model.encoder.layers.19.mlp.fc2.weight:  81%|████████  | 988/1223 [00:05<00:01, 191.43w/s, dev=cpu]
vit_model.vision_model.encoder.layers.19.self_attn.k_proj.bias:  81%|████████  | 989/1223 [00:05<00:01, 191.62w/s, dev=cpu]
vit_model.vision_model.encoder.layers.19.self_attn.k_proj.weight:  81%|████████  | 990/1223 [00:05<00:01, 191.81w/s, dev=cpu]
vit_model.vision_model.encoder.layers.19.self_attn.out_proj.bias:  81%|████████  | 991/1223 [00:05<00:01, 192.00w/s, dev=cpu]
vit_model.vision_model.encoder.layers.19.self_attn.out_proj.weight:  81%|████████  | 992/1223 [00:05<00:01, 192.19w/s, dev=cpu]
vit_model.vision_model.encoder.layers.19.self_attn.q_proj.bias:  81%|████████  | 993/1223 [00:05<00:01, 192.38w/s, dev=cpu]    
vit_model.vision_model.encoder.layers.19.self_attn.q_proj.weight:  81%|████████▏ | 994/1223 [00:05<00:01, 192.57w/s, dev=cpu]
vit_model.vision_model.encoder.layers.19.self_attn.v_proj.bias:  81%|████████▏ | 995/1223 [00:05<00:01, 192.76w/s, dev=cpu]  
vit_model.vision_model.encoder.layers.19.self_attn.v_proj.weight:  81%|████████▏ | 996/1223 [00:05<00:01, 192.96w/s, dev=cpu]
vit_model.vision_model.encoder.layers.2.layer_norm1.bias:  82%|████████▏ | 997/1223 [00:05<00:01, 193.15w/s, dev=cpu]        
vit_model.vision_model.encoder.layers.2.layer_norm1.weight:  82%|████████▏ | 998/1223 [00:05<00:01, 193.34w/s, dev=cpu]
vit_model.vision_model.encoder.layers.2.layer_norm2.bias:  82%|████████▏ | 999/1223 [00:05<00:01, 193.53w/s, dev=cpu]  
vit_model.vision_model.encoder.layers.2.layer_norm2.weight:  82%|████████▏ | 1000/1223 [00:05<00:01, 193.72w/s, dev=cpu]
vit_model.vision_model.encoder.layers.2.mlp.fc1.bias:  82%|████████▏ | 1001/1223 [00:05<00:01, 193.91w/s, dev=cpu]      
vit_model.vision_model.encoder.layers.2.mlp.fc1.weight:  82%|████████▏ | 1002/1223 [00:05<00:01, 194.10w/s, dev=cpu]
vit_model.vision_model.encoder.layers.2.mlp.fc2.bias:  82%|████████▏ | 1003/1223 [00:05<00:01, 194.29w/s, dev=cpu]  
vit_model.vision_model.encoder.layers.2.mlp.fc2.weight:  82%|████████▏ | 1004/1223 [00:05<00:01, 194.48w/s, dev=cpu]
vit_model.vision_model.encoder.layers.2.self_attn.k_proj.bias:  82%|████████▏ | 1005/1223 [00:05<00:01, 194.67w/s, dev=cpu]
vit_model.vision_model.encoder.layers.2.self_attn.k_proj.weight:  82%|████████▏ | 1006/1223 [00:05<00:01, 194.86w/s, dev=cpu]
vit_model.vision_model.encoder.layers.2.self_attn.out_proj.bias:  82%|████████▏ | 1007/1223 [00:05<00:01, 195.05w/s, dev=cpu]
vit_model.vision_model.encoder.layers.2.self_attn.out_proj.weight:  82%|████████▏ | 1008/1223 [00:05<00:01, 195.24w/s, dev=cpu]
vit_model.vision_model.encoder.layers.2.self_attn.q_proj.bias:  83%|████████▎ | 1009/1223 [00:05<00:01, 195.43w/s, dev=cpu]    
vit_model.vision_model.encoder.layers.2.self_attn.q_proj.weight:  83%|████████▎ | 1010/1223 [00:05<00:01, 195.63w/s, dev=cpu]
vit_model.vision_model.encoder.layers.2.self_attn.v_proj.bias:  83%|████████▎ | 1011/1223 [00:05<00:01, 195.82w/s, dev=cpu]  
vit_model.vision_model.encoder.layers.2.self_attn.v_proj.weight:  83%|████████▎ | 1012/1223 [00:05<00:01, 196.01w/s, dev=cpu]
vit_model.vision_model.encoder.layers.20.layer_norm1.bias:  83%|████████▎ | 1013/1223 [00:05<00:01, 196.20w/s, dev=cpu]      
vit_model.vision_model.encoder.layers.20.layer_norm1.weight:  83%|████████▎ | 1014/1223 [00:05<00:01, 196.39w/s, dev=cpu]
vit_model.vision_model.encoder.layers.20.layer_norm2.bias:  83%|████████▎ | 1015/1223 [00:05<00:01, 196.58w/s, dev=cpu]  
vit_model.vision_model.encoder.layers.20.layer_norm2.weight:  83%|████████▎ | 1016/1223 [00:05<00:01, 196.77w/s, dev=cpu]
vit_model.vision_model.encoder.layers.20.mlp.fc1.bias:  83%|████████▎ | 1017/1223 [00:05<00:01, 196.96w/s, dev=cpu]      
vit_model.vision_model.encoder.layers.20.mlp.fc1.weight:  83%|████████▎ | 1018/1223 [00:05<00:01, 197.15w/s, dev=cpu]
vit_model.vision_model.encoder.layers.20.mlp.fc2.bias:  83%|████████▎ | 1019/1223 [00:05<00:01, 197.34w/s, dev=cpu]  
vit_model.vision_model.encoder.layers.20.mlp.fc2.weight:  83%|████████▎ | 1020/1223 [00:05<00:01, 197.53w/s, dev=cpu]
vit_model.vision_model.encoder.layers.20.self_attn.k_proj.bias:  83%|████████▎ | 1021/1223 [00:05<00:01, 197.72w/s, dev=cpu]
vit_model.vision_model.encoder.layers.20.self_attn.k_proj.weight:  84%|████████▎ | 1022/1223 [00:05<00:01, 197.91w/s, dev=cpu]
vit_model.vision_model.encoder.layers.20.self_attn.out_proj.bias:  84%|████████▎ | 1023/1223 [00:05<00:01, 198.10w/s, dev=cpu]
vit_model.vision_model.encoder.layers.20.self_attn.out_proj.weight:  84%|████████▎ | 1024/1223 [00:05<00:01, 198.30w/s, dev=cpu]
vit_model.vision_model.encoder.layers.20.self_attn.q_proj.bias:  84%|████████▍ | 1025/1223 [00:05<00:00, 198.49w/s, dev=cpu]    
vit_model.vision_model.encoder.layers.20.self_attn.q_proj.weight:  84%|████████▍ | 1026/1223 [00:05<00:00, 198.68w/s, dev=cpu]
vit_model.vision_model.encoder.layers.20.self_attn.v_proj.bias:  84%|████████▍ | 1027/1223 [00:05<00:00, 198.87w/s, dev=cpu]  
vit_model.vision_model.encoder.layers.20.self_attn.v_proj.weight:  84%|████████▍ | 1028/1223 [00:05<00:00, 199.06w/s, dev=cpu]
vit_model.vision_model.encoder.layers.21.layer_norm1.bias:  84%|████████▍ | 1029/1223 [00:05<00:00, 199.25w/s, dev=cpu]       
vit_model.vision_model.encoder.layers.21.layer_norm1.weight:  84%|████████▍ | 1030/1223 [00:05<00:00, 199.44w/s, dev=cpu]
vit_model.vision_model.encoder.layers.21.layer_norm2.bias:  84%|████████▍ | 1031/1223 [00:05<00:00, 199.63w/s, dev=cpu]  
vit_model.vision_model.encoder.layers.21.layer_norm2.weight:  84%|████████▍ | 1032/1223 [00:05<00:00, 199.82w/s, dev=cpu]
vit_model.vision_model.encoder.layers.21.mlp.fc1.bias:  84%|████████▍ | 1033/1223 [00:05<00:00, 200.01w/s, dev=cpu]      
vit_model.vision_model.encoder.layers.21.mlp.fc1.weight:  85%|████████▍ | 1034/1223 [00:05<00:00, 200.20w/s, dev=cpu]
vit_model.vision_model.encoder.layers.21.mlp.fc2.bias:  85%|████████▍ | 1035/1223 [00:05<00:00, 200.39w/s, dev=cpu]  
vit_model.vision_model.encoder.layers.21.mlp.fc2.weight:  85%|████████▍ | 1036/1223 [00:05<00:00, 200.58w/s, dev=cpu]
vit_model.vision_model.encoder.layers.21.self_attn.k_proj.bias:  85%|████████▍ | 1037/1223 [00:05<00:00, 200.77w/s, dev=cpu]
vit_model.vision_model.encoder.layers.21.self_attn.k_proj.weight:  85%|████████▍ | 1038/1223 [00:05<00:00, 200.96w/s, dev=cpu]
vit_model.vision_model.encoder.layers.21.self_attn.out_proj.bias:  85%|████████▍ | 1039/1223 [00:05<00:00, 201.15w/s, dev=cpu]
vit_model.vision_model.encoder.layers.21.self_attn.out_proj.weight:  85%|████████▌ | 1040/1223 [00:05<00:00, 201.35w/s, dev=cpu]
vit_model.vision_model.encoder.layers.21.self_attn.q_proj.bias:  85%|████████▌ | 1041/1223 [00:05<00:00, 201.54w/s, dev=cpu]    
vit_model.vision_model.encoder.layers.21.self_attn.q_proj.weight:  85%|████████▌ | 1042/1223 [00:05<00:00, 201.73w/s, dev=cpu]
vit_model.vision_model.encoder.layers.21.self_attn.v_proj.bias:  85%|████████▌ | 1043/1223 [00:05<00:00, 201.92w/s, dev=cpu]  
vit_model.vision_model.encoder.layers.21.self_attn.v_proj.weight:  85%|████████▌ | 1044/1223 [00:05<00:00, 202.11w/s, dev=cpu]
vit_model.vision_model.encoder.layers.22.layer_norm1.bias:  85%|████████▌ | 1045/1223 [00:05<00:00, 202.30w/s, dev=cpu]       
vit_model.vision_model.encoder.layers.22.layer_norm1.weight:  86%|████████▌ | 1046/1223 [00:05<00:00, 202.49w/s, dev=cpu]
vit_model.vision_model.encoder.layers.22.layer_norm2.bias:  86%|████████▌ | 1047/1223 [00:05<00:00, 202.68w/s, dev=cpu]  
vit_model.vision_model.encoder.layers.22.layer_norm2.weight:  86%|████████▌ | 1048/1223 [00:05<00:00, 202.87w/s, dev=cpu]
vit_model.vision_model.encoder.layers.22.mlp.fc1.bias:  86%|████████▌ | 1049/1223 [00:05<00:00, 203.06w/s, dev=cpu]      
vit_model.vision_model.encoder.layers.22.mlp.fc1.weight:  86%|████████▌ | 1050/1223 [00:05<00:00, 203.25w/s, dev=cpu]
vit_model.vision_model.encoder.layers.22.mlp.fc2.bias:  86%|████████▌ | 1051/1223 [00:05<00:00, 203.44w/s, dev=cpu]  
vit_model.vision_model.encoder.layers.22.mlp.fc2.weight:  86%|████████▌ | 1052/1223 [00:05<00:00, 203.63w/s, dev=cpu]
vit_model.vision_model.encoder.layers.22.self_attn.k_proj.bias:  86%|████████▌ | 1053/1223 [00:05<00:00, 203.82w/s, dev=cpu]
vit_model.vision_model.encoder.layers.22.self_attn.k_proj.weight:  86%|████████▌ | 1054/1223 [00:05<00:00, 204.01w/s, dev=cpu]
vit_model.vision_model.encoder.layers.22.self_attn.out_proj.bias:  86%|████████▋ | 1055/1223 [00:05<00:00, 204.20w/s, dev=cpu]
vit_model.vision_model.encoder.layers.22.self_attn.out_proj.weight:  86%|████████▋ | 1056/1223 [00:05<00:00, 204.39w/s, dev=cpu]
vit_model.vision_model.encoder.layers.22.self_attn.q_proj.bias:  86%|████████▋ | 1057/1223 [00:05<00:00, 204.58w/s, dev=cpu]    
vit_model.vision_model.encoder.layers.22.self_attn.q_proj.weight:  87%|████████▋ | 1058/1223 [00:05<00:00, 204.77w/s, dev=cpu]
vit_model.vision_model.encoder.layers.22.self_attn.v_proj.bias:  87%|████████▋ | 1059/1223 [00:05<00:00, 204.97w/s, dev=cpu]  
vit_model.vision_model.encoder.layers.22.self_attn.v_proj.weight:  87%|████████▋ | 1060/1223 [00:05<00:00, 205.16w/s, dev=cpu]
vit_model.vision_model.encoder.layers.23.layer_norm1.bias:  87%|████████▋ | 1061/1223 [00:05<00:00, 205.35w/s, dev=cpu]       
vit_model.vision_model.encoder.layers.23.layer_norm1.weight:  87%|████████▋ | 1062/1223 [00:05<00:00, 205.54w/s, dev=cpu]
vit_model.vision_model.encoder.layers.23.layer_norm2.bias:  87%|████████▋ | 1063/1223 [00:05<00:00, 205.73w/s, dev=cpu]  
vit_model.vision_model.encoder.layers.23.layer_norm2.weight:  87%|████████▋ | 1064/1223 [00:05<00:00, 205.92w/s, dev=cpu]
vit_model.vision_model.encoder.layers.23.mlp.fc1.bias:  87%|████████▋ | 1065/1223 [00:05<00:00, 206.11w/s, dev=cpu]      
vit_model.vision_model.encoder.layers.23.mlp.fc1.weight:  87%|████████▋ | 1066/1223 [00:05<00:00, 206.30w/s, dev=cpu]
vit_model.vision_model.encoder.layers.23.mlp.fc2.bias:  87%|████████▋ | 1067/1223 [00:05<00:00, 206.49w/s, dev=cpu]  
vit_model.vision_model.encoder.layers.23.mlp.fc2.weight:  87%|████████▋ | 1068/1223 [00:05<00:00, 206.68w/s, dev=cpu]
vit_model.vision_model.encoder.layers.23.self_attn.k_proj.bias:  87%|████████▋ | 1069/1223 [00:05<00:00, 206.87w/s, dev=cpu]
vit_model.vision_model.encoder.layers.23.self_attn.k_proj.weight:  87%|████████▋ | 1070/1223 [00:05<00:00, 207.06w/s, dev=cpu]
vit_model.vision_model.encoder.layers.23.self_attn.out_proj.bias:  88%|████████▊ | 1071/1223 [00:05<00:00, 207.25w/s, dev=cpu]
vit_model.vision_model.encoder.layers.23.self_attn.out_proj.weight:  88%|████████▊ | 1072/1223 [00:05<00:00, 207.44w/s, dev=cpu]
vit_model.vision_model.encoder.layers.23.self_attn.q_proj.bias:  88%|████████▊ | 1073/1223 [00:05<00:00, 207.63w/s, dev=cpu]    
vit_model.vision_model.encoder.layers.23.self_attn.q_proj.weight:  88%|████████▊ | 1074/1223 [00:05<00:00, 207.82w/s, dev=cpu]
vit_model.vision_model.encoder.layers.23.self_attn.v_proj.bias:  88%|████████▊ | 1075/1223 [00:05<00:00, 208.01w/s, dev=cpu]  
vit_model.vision_model.encoder.layers.23.self_attn.v_proj.weight:  88%|████████▊ | 1076/1223 [00:05<00:00, 208.20w/s, dev=cpu]
vit_model.vision_model.encoder.layers.24.layer_norm1.bias:  88%|████████▊ | 1077/1223 [00:05<00:00, 208.39w/s, dev=cpu]       
vit_model.vision_model.encoder.layers.24.layer_norm1.weight:  88%|████████▊ | 1078/1223 [00:05<00:00, 208.58w/s, dev=cpu]
vit_model.vision_model.encoder.layers.24.layer_norm2.bias:  88%|████████▊ | 1079/1223 [00:05<00:00, 208.77w/s, dev=cpu]  
vit_model.vision_model.encoder.layers.24.layer_norm2.weight:  88%|████████▊ | 1080/1223 [00:05<00:00, 208.96w/s, dev=cpu]
vit_model.vision_model.encoder.layers.24.mlp.fc1.bias:  88%|████████▊ | 1081/1223 [00:05<00:00, 209.16w/s, dev=cpu]      
vit_model.vision_model.encoder.layers.24.mlp.fc1.weight:  88%|████████▊ | 1082/1223 [00:05<00:00, 209.35w/s, dev=cpu]
vit_model.vision_model.encoder.layers.24.mlp.fc2.bias:  89%|████████▊ | 1083/1223 [00:05<00:00, 209.54w/s, dev=cpu]  
vit_model.vision_model.encoder.layers.24.mlp.fc2.weight:  89%|████████▊ | 1084/1223 [00:05<00:00, 209.73w/s, dev=cpu]
vit_model.vision_model.encoder.layers.24.self_attn.k_proj.bias:  89%|████████▊ | 1085/1223 [00:05<00:00, 209.92w/s, dev=cpu]
vit_model.vision_model.encoder.layers.24.self_attn.k_proj.weight:  89%|████████▉ | 1086/1223 [00:05<00:00, 210.11w/s, dev=cpu]
vit_model.vision_model.encoder.layers.24.self_attn.out_proj.bias:  89%|████████▉ | 1087/1223 [00:05<00:00, 210.30w/s, dev=cpu]
vit_model.vision_model.encoder.layers.24.self_attn.out_proj.weight:  89%|████████▉ | 1088/1223 [00:05<00:00, 210.49w/s, dev=cpu]
vit_model.vision_model.encoder.layers.24.self_attn.q_proj.bias:  89%|████████▉ | 1089/1223 [00:05<00:00, 210.68w/s, dev=cpu]    
vit_model.vision_model.encoder.layers.24.self_attn.q_proj.weight:  89%|████████▉ | 1090/1223 [00:05<00:00, 210.87w/s, dev=cpu]
vit_model.vision_model.encoder.layers.24.self_attn.v_proj.bias:  89%|████████▉ | 1091/1223 [00:05<00:00, 211.06w/s, dev=cpu]  
vit_model.vision_model.encoder.layers.24.self_attn.v_proj.weight:  89%|████████▉ | 1092/1223 [00:05<00:00, 211.25w/s, dev=cpu]
vit_model.vision_model.encoder.layers.25.layer_norm1.bias:  89%|████████▉ | 1093/1223 [00:05<00:00, 211.44w/s, dev=cpu]       
vit_model.vision_model.encoder.layers.25.layer_norm1.weight:  89%|████████▉ | 1094/1223 [00:05<00:00, 211.63w/s, dev=cpu]
vit_model.vision_model.encoder.layers.25.layer_norm2.bias:  90%|████████▉ | 1095/1223 [00:05<00:00, 211.82w/s, dev=cpu]  
vit_model.vision_model.encoder.layers.25.layer_norm2.weight:  90%|████████▉ | 1096/1223 [00:05<00:00, 212.01w/s, dev=cpu]
vit_model.vision_model.encoder.layers.25.mlp.fc1.bias:  90%|████████▉ | 1097/1223 [00:05<00:00, 212.20w/s, dev=cpu]      
vit_model.vision_model.encoder.layers.25.mlp.fc1.weight:  90%|████████▉ | 1098/1223 [00:05<00:00, 212.39w/s, dev=cpu]
vit_model.vision_model.encoder.layers.25.mlp.fc2.bias:  90%|████████▉ | 1099/1223 [00:05<00:00, 212.58w/s, dev=cpu]  
vit_model.vision_model.encoder.layers.25.mlp.fc2.weight:  90%|████████▉ | 1100/1223 [00:05<00:00, 212.77w/s, dev=cpu]
vit_model.vision_model.encoder.layers.25.self_attn.k_proj.bias:  90%|█████████ | 1101/1223 [00:05<00:00, 212.96w/s, dev=cpu]
vit_model.vision_model.encoder.layers.25.self_attn.k_proj.weight:  90%|█████████ | 1102/1223 [00:05<00:00, 213.15w/s, dev=cpu]
vit_model.vision_model.encoder.layers.25.self_attn.out_proj.bias:  90%|█████████ | 1103/1223 [00:05<00:00, 213.34w/s, dev=cpu]
vit_model.vision_model.encoder.layers.25.self_attn.out_proj.weight:  90%|█████████ | 1104/1223 [00:05<00:00, 213.53w/s, dev=cpu]
vit_model.vision_model.encoder.layers.25.self_attn.q_proj.bias:  90%|█████████ | 1105/1223 [00:05<00:00, 213.72w/s, dev=cpu]    
vit_model.vision_model.encoder.layers.25.self_attn.q_proj.weight:  90%|█████████ | 1106/1223 [00:05<00:00, 213.91w/s, dev=cpu]
vit_model.vision_model.encoder.layers.25.self_attn.v_proj.bias:  91%|█████████ | 1107/1223 [00:05<00:00, 214.10w/s, dev=cpu]  
vit_model.vision_model.encoder.layers.25.self_attn.v_proj.weight:  91%|█████████ | 1108/1223 [00:05<00:00, 214.29w/s, dev=cpu]
vit_model.vision_model.encoder.layers.3.layer_norm1.bias:  91%|█████████ | 1109/1223 [00:05<00:00, 214.48w/s, dev=cpu]        
vit_model.vision_model.encoder.layers.3.layer_norm1.weight:  91%|█████████ | 1110/1223 [00:05<00:00, 214.67w/s, dev=cpu]
vit_model.vision_model.encoder.layers.3.layer_norm2.bias:  91%|█████████ | 1111/1223 [00:05<00:00, 214.86w/s, dev=cpu]  
vit_model.vision_model.encoder.layers.3.layer_norm2.weight:  91%|█████████ | 1112/1223 [00:05<00:00, 215.05w/s, dev=cpu]
vit_model.vision_model.encoder.layers.3.mlp.fc1.bias:  91%|█████████ | 1113/1223 [00:05<00:00, 215.24w/s, dev=cpu]      
vit_model.vision_model.encoder.layers.3.mlp.fc1.weight:  91%|█████████ | 1114/1223 [00:05<00:00, 215.43w/s, dev=cpu]
vit_model.vision_model.encoder.layers.3.mlp.fc2.bias:  91%|█████████ | 1115/1223 [00:05<00:00, 215.62w/s, dev=cpu]  
vit_model.vision_model.encoder.layers.3.mlp.fc2.weight:  91%|█████████▏| 1116/1223 [00:05<00:00, 215.81w/s, dev=cpu]
vit_model.vision_model.encoder.layers.3.self_attn.k_proj.bias:  91%|█████████▏| 1117/1223 [00:05<00:00, 216.00w/s, dev=cpu]
vit_model.vision_model.encoder.layers.3.self_attn.k_proj.weight:  91%|█████████▏| 1118/1223 [00:05<00:00, 216.19w/s, dev=cpu]
vit_model.vision_model.encoder.layers.3.self_attn.out_proj.bias:  91%|█████████▏| 1119/1223 [00:05<00:00, 216.39w/s, dev=cpu]
vit_model.vision_model.encoder.layers.3.self_attn.out_proj.weight:  92%|█████████▏| 1120/1223 [00:05<00:00, 216.57w/s, dev=cpu]
vit_model.vision_model.encoder.layers.3.self_attn.q_proj.bias:  92%|█████████▏| 1121/1223 [00:05<00:00, 216.76w/s, dev=cpu]    
vit_model.vision_model.encoder.layers.3.self_attn.q_proj.weight:  92%|█████████▏| 1122/1223 [00:05<00:00, 216.95w/s, dev=cpu]
vit_model.vision_model.encoder.layers.3.self_attn.v_proj.bias:  92%|█████████▏| 1123/1223 [00:05<00:00, 217.15w/s, dev=cpu]  
vit_model.vision_model.encoder.layers.3.self_attn.v_proj.weight:  92%|█████████▏| 1124/1223 [00:05<00:00, 217.34w/s, dev=cpu]
vit_model.vision_model.encoder.layers.4.layer_norm1.bias:  92%|█████████▏| 1125/1223 [00:05<00:00, 217.53w/s, dev=cpu]       
vit_model.vision_model.encoder.layers.4.layer_norm1.weight:  92%|█████████▏| 1126/1223 [00:05<00:00, 217.72w/s, dev=cpu]
vit_model.vision_model.encoder.layers.4.layer_norm2.bias:  92%|█████████▏| 1127/1223 [00:05<00:00, 217.91w/s, dev=cpu]  
vit_model.vision_model.encoder.layers.4.layer_norm2.weight:  92%|█████████▏| 1128/1223 [00:05<00:00, 218.10w/s, dev=cpu]
vit_model.vision_model.encoder.layers.4.mlp.fc1.bias:  92%|█████████▏| 1129/1223 [00:05<00:00, 218.29w/s, dev=cpu]      
vit_model.vision_model.encoder.layers.4.mlp.fc1.weight:  92%|█████████▏| 1130/1223 [00:05<00:00, 218.48w/s, dev=cpu]
vit_model.vision_model.encoder.layers.4.mlp.fc2.bias:  92%|█████████▏| 1131/1223 [00:05<00:00, 218.67w/s, dev=cpu]  
vit_model.vision_model.encoder.layers.4.mlp.fc2.weight:  93%|█████████▎| 1132/1223 [00:05<00:00, 218.86w/s, dev=cpu]
vit_model.vision_model.encoder.layers.4.self_attn.k_proj.bias:  93%|█████████▎| 1133/1223 [00:05<00:00, 219.05w/s, dev=cpu]
vit_model.vision_model.encoder.layers.4.self_attn.k_proj.weight:  93%|█████████▎| 1134/1223 [00:05<00:00, 219.24w/s, dev=cpu]
vit_model.vision_model.encoder.layers.4.self_attn.out_proj.bias:  93%|█████████▎| 1135/1223 [00:05<00:00, 219.43w/s, dev=cpu]
vit_model.vision_model.encoder.layers.4.self_attn.out_proj.weight:  93%|█████████▎| 1136/1223 [00:05<00:00, 219.62w/s, dev=cpu]
vit_model.vision_model.encoder.layers.4.self_attn.q_proj.bias:  93%|█████████▎| 1137/1223 [00:05<00:00, 219.81w/s, dev=cpu]    
vit_model.vision_model.encoder.layers.4.self_attn.q_proj.weight:  93%|█████████▎| 1138/1223 [00:05<00:00, 220.00w/s, dev=cpu]
vit_model.vision_model.encoder.layers.4.self_attn.v_proj.bias:  93%|█████████▎| 1139/1223 [00:05<00:00, 220.19w/s, dev=cpu]  
vit_model.vision_model.encoder.layers.4.self_attn.v_proj.weight:  93%|█████████▎| 1140/1223 [00:05<00:00, 220.38w/s, dev=cpu]
vit_model.vision_model.encoder.layers.5.layer_norm1.bias:  93%|█████████▎| 1141/1223 [00:05<00:00, 220.57w/s, dev=cpu]       
vit_model.vision_model.encoder.layers.5.layer_norm1.weight:  93%|█████████▎| 1142/1223 [00:05<00:00, 220.76w/s, dev=cpu]
vit_model.vision_model.encoder.layers.5.layer_norm2.bias:  93%|█████████▎| 1143/1223 [00:05<00:00, 220.95w/s, dev=cpu]  
vit_model.vision_model.encoder.layers.5.layer_norm2.weight:  94%|█████████▎| 1144/1223 [00:05<00:00, 221.14w/s, dev=cpu]
vit_model.vision_model.encoder.layers.5.mlp.fc1.bias:  94%|█████████▎| 1145/1223 [00:05<00:00, 221.33w/s, dev=cpu]      
vit_model.vision_model.encoder.layers.5.mlp.fc1.weight:  94%|█████████▎| 1146/1223 [00:05<00:00, 221.52w/s, dev=cpu]
vit_model.vision_model.encoder.layers.5.mlp.fc2.bias:  94%|█████████▍| 1147/1223 [00:05<00:00, 221.71w/s, dev=cpu]  
vit_model.vision_model.encoder.layers.5.mlp.fc2.weight:  94%|█████████▍| 1148/1223 [00:05<00:00, 221.90w/s, dev=cpu]
vit_model.vision_model.encoder.layers.5.self_attn.k_proj.bias:  94%|█████████▍| 1149/1223 [00:05<00:00, 222.09w/s, dev=cpu]
vit_model.vision_model.encoder.layers.5.self_attn.k_proj.weight:  94%|█████████▍| 1150/1223 [00:05<00:00, 222.28w/s, dev=cpu]
vit_model.vision_model.encoder.layers.5.self_attn.out_proj.bias:  94%|█████████▍| 1151/1223 [00:05<00:00, 222.47w/s, dev=cpu]
vit_model.vision_model.encoder.layers.5.self_attn.out_proj.weight:  94%|█████████▍| 1152/1223 [00:05<00:00, 222.66w/s, dev=cpu]
vit_model.vision_model.encoder.layers.5.self_attn.q_proj.bias:  94%|█████████▍| 1153/1223 [00:05<00:00, 222.85w/s, dev=cpu]    
vit_model.vision_model.encoder.layers.5.self_attn.q_proj.weight:  94%|█████████▍| 1154/1223 [00:05<00:00, 223.04w/s, dev=cpu]
vit_model.vision_model.encoder.layers.5.self_attn.v_proj.bias:  94%|█████████▍| 1155/1223 [00:05<00:00, 223.23w/s, dev=cpu]  
vit_model.vision_model.encoder.layers.5.self_attn.v_proj.weight:  95%|█████████▍| 1156/1223 [00:05<00:00, 223.42w/s, dev=cpu]
vit_model.vision_model.encoder.layers.6.layer_norm1.bias:  95%|█████████▍| 1157/1223 [00:05<00:00, 223.61w/s, dev=cpu]       
vit_model.vision_model.encoder.layers.6.layer_norm1.weight:  95%|█████████▍| 1158/1223 [00:05<00:00, 223.80w/s, dev=cpu]
vit_model.vision_model.encoder.layers.6.layer_norm2.bias:  95%|█████████▍| 1159/1223 [00:05<00:00, 223.99w/s, dev=cpu]  
vit_model.vision_model.encoder.layers.6.layer_norm2.weight:  95%|█████████▍| 1160/1223 [00:05<00:00, 224.18w/s, dev=cpu]
vit_model.vision_model.encoder.layers.6.mlp.fc1.bias:  95%|█████████▍| 1161/1223 [00:05<00:00, 224.37w/s, dev=cpu]      
vit_model.vision_model.encoder.layers.6.mlp.fc1.weight:  95%|█████████▌| 1162/1223 [00:05<00:00, 224.56w/s, dev=cpu]
vit_model.vision_model.encoder.layers.6.mlp.fc2.bias:  95%|█████████▌| 1163/1223 [00:05<00:00, 224.75w/s, dev=cpu]  
vit_model.vision_model.encoder.layers.6.mlp.fc2.weight:  95%|█████████▌| 1164/1223 [00:05<00:00, 224.94w/s, dev=cpu]
vit_model.vision_model.encoder.layers.6.self_attn.k_proj.bias:  95%|█████████▌| 1165/1223 [00:05<00:00, 225.13w/s, dev=cpu]
vit_model.vision_model.encoder.layers.6.self_attn.k_proj.weight:  95%|█████████▌| 1166/1223 [00:05<00:00, 225.32w/s, dev=cpu]
vit_model.vision_model.encoder.layers.6.self_attn.out_proj.bias:  95%|█████████▌| 1167/1223 [00:05<00:00, 225.51w/s, dev=cpu]
vit_model.vision_model.encoder.layers.6.self_attn.out_proj.weight:  96%|█████████▌| 1168/1223 [00:05<00:00, 225.70w/s, dev=cpu]
vit_model.vision_model.encoder.layers.6.self_attn.q_proj.bias:  96%|█████████▌| 1169/1223 [00:05<00:00, 225.89w/s, dev=cpu]    
vit_model.vision_model.encoder.layers.6.self_attn.q_proj.weight:  96%|█████████▌| 1170/1223 [00:05<00:00, 226.08w/s, dev=cpu]
vit_model.vision_model.encoder.layers.6.self_attn.v_proj.bias:  96%|█████████▌| 1171/1223 [00:05<00:00, 226.27w/s, dev=cpu]  
vit_model.vision_model.encoder.layers.6.self_attn.v_proj.weight:  96%|█████████▌| 1172/1223 [00:05<00:00, 226.46w/s, dev=cpu]
vit_model.vision_model.encoder.layers.7.layer_norm1.bias:  96%|█████████▌| 1173/1223 [00:05<00:00, 226.65w/s, dev=cpu]       
vit_model.vision_model.encoder.layers.7.layer_norm1.weight:  96%|█████████▌| 1174/1223 [00:05<00:00, 226.84w/s, dev=cpu]
vit_model.vision_model.encoder.layers.7.layer_norm2.bias:  96%|█████████▌| 1175/1223 [00:05<00:00, 227.03w/s, dev=cpu]  
vit_model.vision_model.encoder.layers.7.layer_norm2.weight:  96%|█████████▌| 1176/1223 [00:05<00:00, 227.22w/s, dev=cpu]
vit_model.vision_model.encoder.layers.7.mlp.fc1.bias:  96%|█████████▌| 1177/1223 [00:05<00:00, 227.41w/s, dev=cpu]      
vit_model.vision_model.encoder.layers.7.mlp.fc1.weight:  96%|█████████▋| 1178/1223 [00:05<00:00, 227.60w/s, dev=cpu]
vit_model.vision_model.encoder.layers.7.mlp.fc2.bias:  96%|█████████▋| 1179/1223 [00:05<00:00, 227.79w/s, dev=cpu]  
vit_model.vision_model.encoder.layers.7.mlp.fc2.weight:  96%|█████████▋| 1180/1223 [00:05<00:00, 227.98w/s, dev=cpu]
vit_model.vision_model.encoder.layers.7.self_attn.k_proj.bias:  97%|█████████▋| 1181/1223 [00:05<00:00, 228.17w/s, dev=cpu]
vit_model.vision_model.encoder.layers.7.self_attn.k_proj.weight:  97%|█████████▋| 1182/1223 [00:05<00:00, 228.36w/s, dev=cpu]
vit_model.vision_model.encoder.layers.7.self_attn.out_proj.bias:  97%|█████████▋| 1183/1223 [00:05<00:00, 228.55w/s, dev=cpu]
vit_model.vision_model.encoder.layers.7.self_attn.out_proj.weight:  97%|█████████▋| 1184/1223 [00:05<00:00, 228.74w/s, dev=cpu]
vit_model.vision_model.encoder.layers.7.self_attn.q_proj.bias:  97%|█████████▋| 1185/1223 [00:05<00:00, 228.93w/s, dev=cpu]    
vit_model.vision_model.encoder.layers.7.self_attn.q_proj.weight:  97%|█████████▋| 1186/1223 [00:05<00:00, 229.12w/s, dev=cpu]
vit_model.vision_model.encoder.layers.7.self_attn.v_proj.bias:  97%|█████████▋| 1187/1223 [00:05<00:00, 229.31w/s, dev=cpu]  
vit_model.vision_model.encoder.layers.7.self_attn.v_proj.weight:  97%|█████████▋| 1188/1223 [00:05<00:00, 229.50w/s, dev=cpu]
vit_model.vision_model.encoder.layers.8.layer_norm1.bias:  97%|█████████▋| 1189/1223 [00:05<00:00, 229.69w/s, dev=cpu]       
vit_model.vision_model.encoder.layers.8.layer_norm1.weight:  97%|█████████▋| 1190/1223 [00:05<00:00, 229.87w/s, dev=cpu]
vit_model.vision_model.encoder.layers.8.layer_norm2.bias:  97%|█████████▋| 1191/1223 [00:05<00:00, 230.06w/s, dev=cpu]  
vit_model.vision_model.encoder.layers.8.layer_norm2.weight:  97%|█████████▋| 1192/1223 [00:05<00:00, 230.25w/s, dev=cpu]
vit_model.vision_model.encoder.layers.8.mlp.fc1.bias:  98%|█████████▊| 1193/1223 [00:05<00:00, 230.44w/s, dev=cpu]      
vit_model.vision_model.encoder.layers.8.mlp.fc1.weight:  98%|█████████▊| 1194/1223 [00:05<00:00, 230.63w/s, dev=cpu]
vit_model.vision_model.encoder.layers.8.mlp.fc2.bias:  98%|█████████▊| 1195/1223 [00:05<00:00, 230.82w/s, dev=cpu]  
vit_model.vision_model.encoder.layers.8.mlp.fc2.weight:  98%|█████████▊| 1196/1223 [00:05<00:00, 231.01w/s, dev=cpu]
vit_model.vision_model.encoder.layers.8.self_attn.k_proj.bias:  98%|█████████▊| 1197/1223 [00:05<00:00, 231.20w/s, dev=cpu]
vit_model.vision_model.encoder.layers.8.self_attn.k_proj.weight:  98%|█████████▊| 1198/1223 [00:05<00:00, 231.39w/s, dev=cpu]
vit_model.vision_model.encoder.layers.8.self_attn.out_proj.bias:  98%|█████████▊| 1199/1223 [00:05<00:00, 231.58w/s, dev=cpu]
vit_model.vision_model.encoder.layers.8.self_attn.out_proj.weight:  98%|█████████▊| 1200/1223 [00:05<00:00, 231.77w/s, dev=cpu]
vit_model.vision_model.encoder.layers.8.self_attn.q_proj.bias:  98%|█████████▊| 1201/1223 [00:05<00:00, 231.96w/s, dev=cpu]    
vit_model.vision_model.encoder.layers.8.self_attn.q_proj.weight:  98%|█████████▊| 1202/1223 [00:05<00:00, 232.15w/s, dev=cpu]
vit_model.vision_model.encoder.layers.8.self_attn.v_proj.bias:  98%|█████████▊| 1203/1223 [00:05<00:00, 232.34w/s, dev=cpu]  
vit_model.vision_model.encoder.layers.8.self_attn.v_proj.weight:  98%|█████████▊| 1204/1223 [00:05<00:00, 232.53w/s, dev=cpu]
vit_model.vision_model.encoder.layers.9.layer_norm1.bias:  99%|█████████▊| 1205/1223 [00:05<00:00, 232.72w/s, dev=cpu]       
vit_model.vision_model.encoder.layers.9.layer_norm1.weight:  99%|█████████▊| 1206/1223 [00:05<00:00, 232.91w/s, dev=cpu]
vit_model.vision_model.encoder.layers.9.layer_norm2.bias:  99%|█████████▊| 1207/1223 [00:05<00:00, 233.10w/s, dev=cpu]  
vit_model.vision_model.encoder.layers.9.layer_norm2.weight:  99%|█████████▉| 1208/1223 [00:05<00:00, 233.29w/s, dev=cpu]
vit_model.vision_model.encoder.layers.9.mlp.fc1.bias:  99%|█████████▉| 1209/1223 [00:05<00:00, 233.48w/s, dev=cpu]      
vit_model.vision_model.encoder.layers.9.mlp.fc1.weight:  99%|█████████▉| 1210/1223 [00:05<00:00, 233.67w/s, dev=cpu]
vit_model.vision_model.encoder.layers.9.mlp.fc2.bias:  99%|█████████▉| 1211/1223 [00:05<00:00, 233.86w/s, dev=cpu]  
vit_model.vision_model.encoder.layers.9.mlp.fc2.weight:  99%|█████████▉| 1212/1223 [00:05<00:00, 234.05w/s, dev=cpu]
vit_model.vision_model.encoder.layers.9.self_attn.k_proj.bias:  99%|█████████▉| 1213/1223 [00:05<00:00, 234.24w/s, dev=cpu]
vit_model.vision_model.encoder.layers.9.self_attn.k_proj.weight:  99%|█████████▉| 1214/1223 [00:05<00:00, 234.43w/s, dev=cpu]
vit_model.vision_model.encoder.layers.9.self_attn.out_proj.bias:  99%|█████████▉| 1215/1223 [00:05<00:00, 234.62w/s, dev=cpu]
vit_model.vision_model.encoder.layers.9.self_attn.out_proj.weight:  99%|█████████▉| 1216/1223 [00:05<00:00, 234.81w/s, dev=cpu]
vit_model.vision_model.encoder.layers.9.self_attn.q_proj.bias: 100%|█████████▉| 1217/1223 [00:05<00:00, 235.00w/s, dev=cpu]    
vit_model.vision_model.encoder.layers.9.self_attn.q_proj.weight: 100%|█████████▉| 1218/1223 [00:05<00:00, 235.19w/s, dev=cpu]
vit_model.vision_model.encoder.layers.9.self_attn.v_proj.bias: 100%|█████████▉| 1219/1223 [00:05<00:00, 235.38w/s, dev=cpu]  
vit_model.vision_model.encoder.layers.9.self_attn.v_proj.weight: 100%|█████████▉| 1220/1223 [00:05<00:00, 235.56w/s, dev=cpu]
vit_model.vision_model.post_layernorm.bias: 100%|█████████▉| 1221/1223 [00:05<00:00, 235.75w/s, dev=cpu]                     
vit_model.vision_model.post_layernorm.weight: 100%|█████████▉| 1222/1223 [00:05<00:00, 235.94w/s, dev=cpu]
                                                                                                          
Some parameters are on the meta device because they were offloaded to the cpu.

  0%|          | 0/29 [00:00<?, ?it/s]
  3%|▎         | 1/29 [00:02<01:22,  2.95s/it]
  7%|▋         | 2/29 [00:05<01:20,  2.97s/it]
 10%|█         | 3/29 [00:08<01:16,  2.95s/it]
 14%|█▍        | 4/29 [00:11<01:13,  2.95s/it]
 17%|█▋        | 5/29 [00:14<01:10,  2.94s/it]
 21%|██        | 6/29 [00:17<01:07,  2.94s/it]
 24%|██▍       | 7/29 [00:20<01:04,  2.95s/it]
 28%|██▊       | 8/29 [00:23<01:02,  2.97s/it]
 31%|███       | 9/29 [00:26<00:59,  2.98s/it]
 34%|███▍      | 10/29 [00:29<00:56,  2.99s/it]
 38%|███▊      | 11/29 [00:32<00:54,  3.00s/it]
 41%|████▏     | 12/29 [00:35<00:51,  3.00s/it]
 45%|████▍     | 13/29 [00:38<00:48,  3.01s/it]
 48%|████▊     | 14/29 [00:41<00:45,  3.02s/it]
 52%|█████▏    | 15/29 [00:44<00:42,  3.02s/it]
 55%|█████▌    | 16/29 [00:47<00:39,  3.02s/it]
 59%|█████▊    | 17/29 [00:50<00:36,  3.03s/it]
 62%|██████▏   | 18/29 [00:53<00:33,  3.03s/it]
 66%|██████▌   | 19/29 [00:56<00:30,  3.02s/it]
 69%|██████▉   | 20/29 [00:59<00:27,  3.02s/it]
 72%|███████▏  | 21/29 [01:02<00:24,  3.02s/it]
 76%|███████▌  | 22/29 [01:05<00:21,  3.02s/it]
 79%|███████▉  | 23/29 [01:08<00:18,  3.02s/it]
 83%|████████▎ | 24/29 [01:11<00:15,  3.02s/it]
 86%|████████▌ | 25/29 [01:13<00:10,  2.57s/it]
 90%|████████▉ | 26/29 [01:15<00:06,  2.25s/it]
 93%|█████████▎| 27/29 [01:16<00:04,  2.02s/it]
 97%|█████████▋| 28/29 [01:17<00:01,  1.86s/it]
100%|██████████| 29/29 [01:19<00:00,  1.75s/it]
100%|██████████| 29/29 [01:19<00:00,  2.74s/it]

task=edit
prompt=change the background into a snowy mountain while keeping the main subject unchanged
input_image=test_images/women.jpg
output=/root/autodl-tmp/BAGEL/repro_records/task11_20260601_204507/outputs/cfg_img_1.png
model_path=models/BAGEL-7B-MoT
mode=2
seed=42
think=False
num_timesteps=30
cfg_text_scale=4.0
cfg_img_scale=1.0
cfg_interval=[0.4, 1.0]
timestep_shift=3.0
gpu_memory_before=cuda:0 torch_allocated=0.00GiB torch_reserved=0.00GiB torch_peak=0.00GiB; cuda:1 torch_allocated=0.00GiB torch_reserved=0.00GiB torch_peak=0.00GiB; nvidia_smi=0, 4, 24564 | 1, 672, 24564
model_load_seconds=24.04
gpu_memory_after_load=cuda:0 torch_allocated=3.29GiB torch_reserved=3.51GiB torch_peak=11.27GiB; cuda:1 torch_allocated=2.69GiB torch_reserved=2.94GiB torch_peak=12.36GiB; nvidia_smi=0, 4052, 24564 | 1, 4140, 24564
inference_seconds=97.44
total_seconds=122.10
gpu_memory_after_inference=cuda:0 torch_allocated=3.30GiB torch_reserved=4.39GiB torch_peak=11.27GiB; cuda:1 torch_allocated=2.69GiB torch_reserved=3.48GiB torch_peak=12.36GiB; nvidia_smi=0, 4968, 24564 | 1, 4702, 24564
status=success

wall_seconds=130
after_gpu:
Mon Jun  1 20:50:44 2026       
+-----------------------------------------------------------------------------------------+
| NVIDIA-SMI 595.58.03              Driver Version: 595.58.03      CUDA Version: 13.2     |
+-----------------------------------------+------------------------+----------------------+
| GPU  Name                 Persistence-M | Bus-Id          Disp.A | Volatile Uncorr. ECC |
| Fan  Temp   Perf          Pwr:Usage/Cap |           Memory-Usage | GPU-Util  Compute M. |
|                                         |                        |               MIG M. |
|=========================================+========================+======================|
|   0  NVIDIA GeForce RTX 4090        On  |   00000000:16:00.0 Off |                  Off |
| 30%   38C    P0             58W /  450W |       1MiB /  24564MiB |     58%      Default |
|                                         |                        |                  N/A |
+-----------------------------------------+------------------------+----------------------+
|   1  NVIDIA GeForce RTX 4090        On  |   00000000:5A:00.0 Off |                  Off |
| 30%   36C    P0             65W /  450W |     672MiB /  24564MiB |     11%      Default |
|                                         |                        |                  N/A |
+-----------------------------------------+------------------------+----------------------+

+-----------------------------------------------------------------------------------------+
| Processes:                                                                              |
|  GPU   GI   CI              PID   Type   Process name                        GPU Memory |
|        ID   ID                                                               Usage      |
|=========================================================================================|
|  No running processes found                                                             |
+-----------------------------------------------------------------------------------------+

===== cfg_img_scale=2.0 =====
output=/root/autodl-tmp/BAGEL/repro_records/task11_20260601_204507/outputs/cfg_img_2.png
before_gpu:
Mon Jun  1 20:50:44 2026       
+-----------------------------------------------------------------------------------------+
| NVIDIA-SMI 595.58.03              Driver Version: 595.58.03      CUDA Version: 13.2     |
+-----------------------------------------+------------------------+----------------------+
| GPU  Name                 Persistence-M | Bus-Id          Disp.A | Volatile Uncorr. ECC |
| Fan  Temp   Perf          Pwr:Usage/Cap |           Memory-Usage | GPU-Util  Compute M. |
|                                         |                        |               MIG M. |
|=========================================+========================+======================|
|   0  NVIDIA GeForce RTX 4090        On  |   00000000:16:00.0 Off |                  Off |
| 30%   39C    P0             61W /  450W |       1MiB /  24564MiB |      0%      Default |
|                                         |                        |                  N/A |
+-----------------------------------------+------------------------+----------------------+
|   1  NVIDIA GeForce RTX 4090        On  |   00000000:5A:00.0 Off |                  Off |
| 30%   36C    P0             65W /  450W |     672MiB /  24564MiB |      0%      Default |
|                                         |                        |                  N/A |
+-----------------------------------------+------------------------+----------------------+

+-----------------------------------------------------------------------------------------+
| Processes:                                                                              |
|  GPU   GI   CI              PID   Type   Process name                        GPU Memory |
|        ID   ID                                                               Usage      |
|=========================================================================================|
|  No running processes found                                                             |
+-----------------------------------------------------------------------------------------+
command=/root/miniconda3/bin/conda run -n bagel python scripts/run_bagel_minimal.py --task edit --image test_images/women.jpg --prompt change the background into a snowy mountain while keeping the main subject unchanged --output /root/autodl-tmp/BAGEL/repro_records/task11_20260601_204507/outputs/cfg_img_2.png --mode 2 --seed 42 --think false --num_timesteps 30 --cfg_text_scale 4.0 --cfg_img_scale 2.0 --model_path models/BAGEL-7B-MoT
The safetensors archive passed at models/BAGEL-7B-MoT/ema.safetensors does not contain metadata. Make sure to save your model with the `save_pretrained` method. Defaulting to 'pt' metadata.

  0%|          | 0/1223 [00:00<?, ?w/s]
language_model.model.embed_tokens.weight:   0%|          | 0/1223 [00:00<?, ?w/s, dev=0]
language_model.model.embed_tokens.weight:   0%|          | 1/1223 [00:00<06:49,  2.99w/s, dev=0]
language_model.model.layers.0.input_layernorm.weight:   0%|          | 1/1223 [00:00<06:49,  2.98w/s, dev=0]
language_model.model.layers.0.input_layernorm_moe_gen.weight:   0%|          | 2/1223 [00:00<03:24,  5.96w/s, dev=0]
language_model.model.layers.0.mlp.down_proj.weight:   0%|          | 3/1223 [00:00<02:16,  8.94w/s, dev=0]          
language_model.model.layers.0.mlp.gate_proj.weight:   0%|          | 4/1223 [00:00<01:50, 11.07w/s, dev=0]
language_model.model.layers.0.mlp.up_proj.weight:   0%|          | 5/1223 [00:00<01:34, 12.93w/s, dev=0]  
language_model.model.layers.0.mlp_moe_gen.down_proj.weight:   0%|          | 6/1223 [00:00<01:23, 14.56w/s, dev=0]
language_model.model.layers.0.mlp_moe_gen.down_proj.weight:   1%|          | 7/1223 [00:00<01:15, 16.01w/s, dev=0]
language_model.model.layers.0.mlp_moe_gen.gate_proj.weight:   1%|          | 7/1223 [00:00<01:15, 16.00w/s, dev=0]
language_model.model.layers.0.mlp_moe_gen.up_proj.weight:   1%|          | 8/1223 [00:00<01:10, 17.15w/s, dev=0]  
language_model.model.layers.0.post_attention_layernorm.weight:   1%|          | 9/1223 [00:00<01:06, 18.29w/s, dev=0]
language_model.model.layers.0.post_attention_layernorm_moe_gen.weight:   1%|          | 10/1223 [00:00<00:59, 20.31w/s, dev=0]
language_model.model.layers.0.self_attn.k_norm.weight:   1%|          | 11/1223 [00:00<00:54, 22.34w/s, dev=0]                
language_model.model.layers.0.self_attn.k_norm_moe_gen.weight:   1%|          | 12/1223 [00:00<00:49, 24.37w/s, dev=0]
language_model.model.layers.0.self_attn.k_proj.bias:   1%|          | 13/1223 [00:00<00:45, 26.39w/s, dev=0]          
language_model.model.layers.0.self_attn.k_proj.weight:   1%|          | 14/1223 [00:00<00:42, 28.42w/s, dev=0]
language_model.model.layers.0.self_attn.k_proj_moe_gen.bias:   1%|          | 15/1223 [00:00<00:39, 30.38w/s, dev=0]
language_model.model.layers.0.self_attn.k_proj_moe_gen.weight:   1%|▏         | 16/1223 [00:00<00:37, 32.40w/s, dev=0]
language_model.model.layers.0.self_attn.o_proj.weight:   1%|▏         | 17/1223 [00:00<00:35, 34.36w/s, dev=0]        
language_model.model.layers.0.self_attn.o_proj_moe_gen.weight:   1%|▏         | 18/1223 [00:00<00:33, 35.99w/s, dev=0]
language_model.model.layers.0.self_attn.q_norm.weight:   2%|▏         | 19/1223 [00:00<00:32, 37.60w/s, dev=0]        
language_model.model.layers.0.self_attn.q_norm_moe_gen.weight:   2%|▏         | 20/1223 [00:00<00:30, 39.57w/s, dev=0]
language_model.model.layers.0.self_attn.q_proj.bias:   2%|▏         | 21/1223 [00:00<00:28, 41.54w/s, dev=0]          
language_model.model.layers.0.self_attn.q_proj.weight:   2%|▏         | 22/1223 [00:00<00:27, 43.51w/s, dev=0]
language_model.model.layers.0.self_attn.q_proj_moe_gen.bias:   2%|▏         | 23/1223 [00:00<00:26, 45.03w/s, dev=0]
language_model.model.layers.0.self_attn.q_proj_moe_gen.weight:   2%|▏         | 24/1223 [00:00<00:25, 46.97w/s, dev=0]
language_model.model.layers.0.self_attn.v_proj.bias:   2%|▏         | 25/1223 [00:00<00:24, 48.44w/s, dev=0]          
language_model.model.layers.0.self_attn.v_proj.weight:   2%|▏         | 26/1223 [00:00<00:23, 50.36w/s, dev=0]
language_model.model.layers.0.self_attn.v_proj_moe_gen.bias:   2%|▏         | 27/1223 [00:00<00:22, 52.21w/s, dev=0]
language_model.model.layers.0.self_attn.v_proj_moe_gen.weight:   2%|▏         | 28/1223 [00:00<00:22, 54.13w/s, dev=0]
language_model.model.layers.1.input_layernorm.weight:   2%|▏         | 29/1223 [00:00<00:21, 55.97w/s, dev=0]         
language_model.model.layers.1.input_layernorm_moe_gen.weight:   2%|▏         | 30/1223 [00:00<00:20, 57.88w/s, dev=0]
language_model.model.layers.1.mlp.down_proj.weight:   3%|▎         | 31/1223 [00:00<00:19, 59.80w/s, dev=0]          
language_model.model.layers.1.mlp.down_proj.weight:   3%|▎         | 32/1223 [00:00<00:20, 58.80w/s, dev=0]
language_model.model.layers.1.mlp.gate_proj.weight:   3%|▎         | 32/1223 [00:00<00:20, 58.79w/s, dev=0]
language_model.model.layers.1.mlp.up_proj.weight:   3%|▎         | 33/1223 [00:00<00:20, 57.85w/s, dev=0]  
language_model.model.layers.1.mlp_moe_gen.down_proj.weight:   3%|▎         | 34/1223 [00:00<00:20, 57.02w/s, dev=0]
language_model.model.layers.1.mlp_moe_gen.gate_proj.weight:   3%|▎         | 35/1223 [00:00<00:21, 56.30w/s, dev=0]
language_model.model.layers.1.mlp_moe_gen.up_proj.weight:   3%|▎         | 36/1223 [00:00<00:21, 55.64w/s, dev=0]  
language_model.model.layers.1.post_attention_layernorm.weight:   3%|▎         | 37/1223 [00:00<00:21, 55.03w/s, dev=0]
language_model.model.layers.1.post_attention_layernorm_moe_gen.weight:   3%|▎         | 38/1223 [00:00<00:20, 56.50w/s, dev=0]
language_model.model.layers.1.self_attn.k_norm.weight:   3%|▎         | 39/1223 [00:00<00:20, 57.98w/s, dev=0]                
language_model.model.layers.1.self_attn.k_norm_moe_gen.weight:   3%|▎         | 40/1223 [00:00<00:19, 59.46w/s, dev=0]
language_model.model.layers.1.self_attn.k_proj.bias:   3%|▎         | 41/1223 [00:00<00:19, 60.93w/s, dev=0]          
language_model.model.layers.1.self_attn.k_proj.weight:   3%|▎         | 42/1223 [00:00<00:18, 62.41w/s, dev=0]
language_model.model.layers.1.self_attn.k_proj_moe_gen.bias:   4%|▎         | 43/1223 [00:00<00:18, 63.82w/s, dev=0]
language_model.model.layers.1.self_attn.k_proj_moe_gen.weight:   4%|▎         | 44/1223 [00:00<00:18, 65.29w/s, dev=0]
language_model.model.layers.1.self_attn.o_proj.weight:   4%|▎         | 45/1223 [00:00<00:17, 66.67w/s, dev=0]        
language_model.model.layers.1.self_attn.o_proj_moe_gen.weight:   4%|▍         | 46/1223 [00:00<00:17, 67.64w/s, dev=0]
language_model.model.layers.1.self_attn.q_norm.weight:   4%|▍         | 47/1223 [00:00<00:17, 68.60w/s, dev=0]        
language_model.model.layers.1.self_attn.q_norm_moe_gen.weight:   4%|▍         | 48/1223 [00:00<00:16, 70.04w/s, dev=0]
language_model.model.layers.1.self_attn.q_proj.bias:   4%|▍         | 49/1223 [00:00<00:16, 71.49w/s, dev=0]          
language_model.model.layers.1.self_attn.q_proj.weight:   4%|▍         | 50/1223 [00:00<00:16, 72.94w/s, dev=0]
language_model.model.layers.1.self_attn.q_proj_moe_gen.bias:   4%|▍         | 51/1223 [00:00<00:15, 73.86w/s, dev=0]
language_model.model.layers.1.self_attn.q_proj_moe_gen.weight:   4%|▍         | 52/1223 [00:00<00:15, 75.29w/s, dev=0]
language_model.model.layers.1.self_attn.v_proj.bias:   4%|▍         | 53/1223 [00:00<00:15, 76.18w/s, dev=0]          
language_model.model.layers.1.self_attn.v_proj.weight:   4%|▍         | 54/1223 [00:00<00:15, 77.60w/s, dev=0]
language_model.model.layers.1.self_attn.v_proj_moe_gen.bias:   4%|▍         | 55/1223 [00:00<00:14, 78.94w/s, dev=0]
language_model.model.layers.1.self_attn.v_proj_moe_gen.weight:   5%|▍         | 56/1223 [00:00<00:14, 80.36w/s, dev=0]
language_model.model.layers.1.self_attn.v_proj_moe_gen.weight:   5%|▍         | 57/1223 [00:00<00:14, 81.70w/s, dev=0]
language_model.model.layers.2.input_layernorm.weight:   5%|▍         | 57/1223 [00:00<00:14, 81.69w/s, dev=0]         
language_model.model.layers.2.input_layernorm_moe_gen.weight:   5%|▍         | 58/1223 [00:00<00:14, 83.11w/s, dev=0]
language_model.model.layers.2.mlp.down_proj.weight:   5%|▍         | 59/1223 [00:00<00:13, 84.53w/s, dev=0]          
language_model.model.layers.2.mlp.gate_proj.weight:   5%|▍         | 60/1223 [00:00<00:14, 82.96w/s, dev=0]
language_model.model.layers.2.mlp.up_proj.weight:   5%|▍         | 61/1223 [00:00<00:14, 81.49w/s, dev=0]  
language_model.model.layers.2.mlp_moe_gen.down_proj.weight:   5%|▌         | 62/1223 [00:00<00:14, 80.12w/s, dev=0]
language_model.model.layers.2.mlp_moe_gen.gate_proj.weight:   5%|▌         | 63/1223 [00:00<00:14, 78.82w/s, dev=0]
language_model.model.layers.2.mlp_moe_gen.up_proj.weight:   5%|▌         | 64/1223 [00:00<00:14, 77.62w/s, dev=0]  
language_model.model.layers.2.post_attention_layernorm.weight:   5%|▌         | 65/1223 [00:00<00:15, 76.49w/s, dev=0]
language_model.model.layers.2.post_attention_layernorm_moe_gen.weight:   5%|▌         | 66/1223 [00:00<00:14, 77.64w/s, dev=0]
language_model.model.layers.2.self_attn.k_norm.weight:   5%|▌         | 67/1223 [00:00<00:14, 78.81w/s, dev=0]                
language_model.model.layers.2.self_attn.k_norm_moe_gen.weight:   6%|▌         | 68/1223 [00:00<00:14, 79.98w/s, dev=0]
language_model.model.layers.2.self_attn.k_proj.bias:   6%|▌         | 69/1223 [00:00<00:14, 81.14w/s, dev=0]          
language_model.model.layers.2.self_attn.k_proj.weight:   6%|▌         | 70/1223 [00:00<00:14, 82.31w/s, dev=0]
language_model.model.layers.2.self_attn.k_proj_moe_gen.bias:   6%|▌         | 71/1223 [00:00<00:13, 83.40w/s, dev=0]
language_model.model.layers.2.self_attn.k_proj_moe_gen.weight:   6%|▌         | 72/1223 [00:00<00:13, 84.56w/s, dev=0]
language_model.model.layers.2.self_attn.o_proj.weight:   6%|▌         | 73/1223 [00:00<00:13, 85.66w/s, dev=0]        
language_model.model.layers.2.self_attn.o_proj_moe_gen.weight:   6%|▌         | 74/1223 [00:00<00:13, 86.31w/s, dev=0]
language_model.model.layers.2.self_attn.q_norm.weight:   6%|▌         | 75/1223 [00:00<00:13, 86.93w/s, dev=0]        
language_model.model.layers.2.self_attn.q_norm_moe_gen.weight:   6%|▌         | 76/1223 [00:00<00:13, 88.07w/s, dev=0]
language_model.model.layers.2.self_attn.q_proj.bias:   6%|▋         | 77/1223 [00:00<00:12, 89.22w/s, dev=0]          
language_model.model.layers.2.self_attn.q_proj.weight:   6%|▋         | 78/1223 [00:00<00:12, 90.37w/s, dev=0]
language_model.model.layers.2.self_attn.q_proj_moe_gen.bias:   6%|▋         | 79/1223 [00:00<00:12, 90.99w/s, dev=0]
language_model.model.layers.2.self_attn.q_proj_moe_gen.weight:   7%|▋         | 80/1223 [00:00<00:12, 92.12w/s, dev=0]
language_model.model.layers.2.self_attn.v_proj.bias:   7%|▋         | 81/1223 [00:00<00:12, 92.73w/s, dev=0]          
language_model.model.layers.2.self_attn.v_proj.bias:   7%|▋         | 82/1223 [00:00<00:12, 93.86w/s, dev=0]
language_model.model.layers.2.self_attn.v_proj.weight:   7%|▋         | 82/1223 [00:00<00:12, 93.85w/s, dev=0]
language_model.model.layers.2.self_attn.v_proj_moe_gen.bias:   7%|▋         | 83/1223 [00:00<00:12, 94.89w/s, dev=0]
language_model.model.layers.2.self_attn.v_proj_moe_gen.weight:   7%|▋         | 84/1223 [00:00<00:11, 96.01w/s, dev=0]
language_model.model.layers.3.input_layernorm.weight:   7%|▋         | 85/1223 [00:00<00:11, 97.06w/s, dev=0]         
language_model.model.layers.3.input_layernorm_moe_gen.weight:   7%|▋         | 86/1223 [00:00<00:11, 98.18w/s, dev=0]
language_model.model.layers.3.mlp.down_proj.weight:   7%|▋         | 87/1223 [00:00<00:11, 99.31w/s, dev=0]          
language_model.model.layers.3.mlp.gate_proj.weight:   7%|▋         | 88/1223 [00:00<00:11, 97.65w/s, dev=0]
language_model.model.layers.3.mlp.up_proj.weight:   7%|▋         | 89/1223 [00:00<00:11, 96.06w/s, dev=0]  
language_model.model.layers.3.mlp_moe_gen.down_proj.weight:   7%|▋         | 90/1223 [00:00<00:11, 94.55w/s, dev=0]
language_model.model.layers.3.mlp_moe_gen.gate_proj.weight:   7%|▋         | 91/1223 [00:00<00:12, 93.13w/s, dev=0]
language_model.model.layers.3.mlp_moe_gen.up_proj.weight:   8%|▊         | 92/1223 [00:01<00:12, 91.77w/s, dev=0]  
language_model.model.layers.3.post_attention_layernorm.weight:   8%|▊         | 93/1223 [00:01<00:12, 90.48w/s, dev=0]
language_model.model.layers.3.post_attention_layernorm_moe_gen.weight:   8%|▊         | 94/1223 [00:01<00:12, 91.44w/s, dev=0]
language_model.model.layers.3.self_attn.k_norm.weight:   8%|▊         | 95/1223 [00:01<00:12, 92.40w/s, dev=0]                
language_model.model.layers.3.self_attn.k_norm_moe_gen.weight:   8%|▊         | 96/1223 [00:01<00:12, 93.37w/s, dev=0]
language_model.model.layers.3.self_attn.k_proj.bias:   8%|▊         | 97/1223 [00:01<00:11, 94.33w/s, dev=0]          
language_model.model.layers.3.self_attn.k_proj.weight:   8%|▊         | 98/1223 [00:01<00:11, 95.29w/s, dev=0]
language_model.model.layers.3.self_attn.k_proj_moe_gen.bias:   8%|▊         | 99/1223 [00:01<00:11, 96.19w/s, dev=0]
language_model.model.layers.3.self_attn.k_proj_moe_gen.weight:   8%|▊         | 100/1223 [00:01<00:11, 97.14w/s, dev=0]
language_model.model.layers.3.self_attn.o_proj.weight:   8%|▊         | 101/1223 [00:01<00:11, 98.04w/s, dev=0]        
language_model.model.layers.3.self_attn.o_proj_moe_gen.weight:   8%|▊         | 102/1223 [00:01<00:11, 98.52w/s, dev=0]
language_model.model.layers.3.self_attn.q_norm.weight:   8%|▊         | 103/1223 [00:01<00:11, 98.99w/s, dev=0]        
language_model.model.layers.3.self_attn.q_norm_moe_gen.weight:   9%|▊         | 104/1223 [00:01<00:11, 99.93w/s, dev=0]
language_model.model.layers.3.self_attn.q_proj.bias:   9%|▊         | 105/1223 [00:01<00:11, 100.88w/s, dev=0]         
language_model.model.layers.3.self_attn.q_proj.weight:   9%|▊         | 106/1223 [00:01<00:10, 101.83w/s, dev=0]
language_model.model.layers.3.self_attn.q_proj.weight:   9%|▊         | 107/1223 [00:01<00:10, 102.29w/s, dev=0]
language_model.model.layers.3.self_attn.q_proj_moe_gen.bias:   9%|▊         | 107/1223 [00:01<00:10, 102.28w/s, dev=0]
language_model.model.layers.3.self_attn.q_proj_moe_gen.weight:   9%|▉         | 108/1223 [00:01<00:10, 103.22w/s, dev=0]
language_model.model.layers.3.self_attn.v_proj.bias:   9%|▉         | 109/1223 [00:01<00:10, 103.68w/s, dev=0]          
language_model.model.layers.3.self_attn.v_proj.weight:   9%|▉         | 110/1223 [00:01<00:10, 104.61w/s, dev=0]
language_model.model.layers.3.self_attn.v_proj_moe_gen.bias:   9%|▉         | 111/1223 [00:01<00:10, 105.48w/s, dev=0]
language_model.model.layers.3.self_attn.v_proj_moe_gen.weight:   9%|▉         | 112/1223 [00:01<00:10, 106.41w/s, dev=0]
language_model.model.layers.4.input_layernorm.weight:   9%|▉         | 113/1223 [00:01<00:10, 107.26w/s, dev=0]         
language_model.model.layers.4.input_layernorm_moe_gen.weight:   9%|▉         | 114/1223 [00:01<00:10, 108.20w/s, dev=0]
language_model.model.layers.4.mlp.down_proj.weight:   9%|▉         | 115/1223 [00:01<00:10, 109.13w/s, dev=0]          
language_model.model.layers.4.mlp.gate_proj.weight:   9%|▉         | 116/1223 [00:01<00:10, 107.51w/s, dev=0]
language_model.model.layers.4.mlp.up_proj.weight:  10%|▉         | 117/1223 [00:01<00:10, 105.95w/s, dev=0]  
language_model.model.layers.4.mlp_moe_gen.down_proj.weight:  10%|▉         | 118/1223 [00:01<00:10, 104.46w/s, dev=0]
language_model.model.layers.4.mlp_moe_gen.gate_proj.weight:  10%|▉         | 119/1223 [00:01<00:10, 103.04w/s, dev=0]
language_model.model.layers.4.mlp_moe_gen.up_proj.weight:  10%|▉         | 120/1223 [00:01<00:10, 101.68w/s, dev=0]  
language_model.model.layers.4.post_attention_layernorm.weight:  10%|▉         | 121/1223 [00:01<00:10, 100.38w/s, dev=0]
language_model.model.layers.4.post_attention_layernorm_moe_gen.weight:  10%|▉         | 122/1223 [00:01<00:10, 101.19w/s, dev=0]
language_model.model.layers.4.self_attn.k_norm.weight:  10%|█         | 123/1223 [00:01<00:10, 102.01w/s, dev=0]                
language_model.model.layers.4.self_attn.k_norm_moe_gen.weight:  10%|█         | 124/1223 [00:01<00:10, 102.83w/s, dev=0]
language_model.model.layers.4.self_attn.k_proj.bias:  10%|█         | 125/1223 [00:01<00:10, 103.65w/s, dev=0]          
language_model.model.layers.4.self_attn.k_proj.weight:  10%|█         | 126/1223 [00:01<00:10, 104.47w/s, dev=0]
language_model.model.layers.4.self_attn.k_proj_moe_gen.bias:  10%|█         | 127/1223 [00:01<00:10, 105.23w/s, dev=0]
language_model.model.layers.4.self_attn.k_proj_moe_gen.weight:  10%|█         | 128/1223 [00:01<00:10, 106.04w/s, dev=0]
language_model.model.layers.4.self_attn.o_proj.weight:  11%|█         | 129/1223 [00:01<00:10, 106.80w/s, dev=0]        
language_model.model.layers.4.self_attn.o_proj_moe_gen.weight:  11%|█         | 130/1223 [00:01<00:10, 107.17w/s, dev=0]
language_model.model.layers.4.self_attn.q_norm.weight:  11%|█         | 131/1223 [00:01<00:10, 107.55w/s, dev=0]        
language_model.model.layers.4.self_attn.q_norm.weight:  11%|█         | 132/1223 [00:01<00:10, 108.35w/s, dev=0]
language_model.model.layers.4.self_attn.q_norm_moe_gen.weight:  11%|█         | 132/1223 [00:01<00:10, 108.34w/s, dev=0]
language_model.model.layers.4.self_attn.q_proj.bias:  11%|█         | 133/1223 [00:01<00:09, 109.16w/s, dev=0]          
language_model.model.layers.4.self_attn.q_proj.weight:  11%|█         | 134/1223 [00:01<00:09, 109.97w/s, dev=0]
language_model.model.layers.4.self_attn.q_proj_moe_gen.bias:  11%|█         | 135/1223 [00:01<00:09, 110.33w/s, dev=0]
language_model.model.layers.4.self_attn.q_proj_moe_gen.weight:  11%|█         | 136/1223 [00:01<00:09, 111.13w/s, dev=0]
language_model.model.layers.4.self_attn.v_proj.bias:  11%|█         | 137/1223 [00:01<00:09, 111.49w/s, dev=0]          
language_model.model.layers.4.self_attn.v_proj.weight:  11%|█▏        | 138/1223 [00:01<00:09, 112.29w/s, dev=0]
language_model.model.layers.4.self_attn.v_proj_moe_gen.bias:  11%|█▏        | 139/1223 [00:01<00:09, 113.02w/s, dev=0]
language_model.model.layers.4.self_attn.v_proj_moe_gen.weight:  11%|█▏        | 140/1223 [00:01<00:09, 113.82w/s, dev=0]
language_model.model.layers.5.input_layernorm.weight:  12%|█▏        | 141/1223 [00:01<00:09, 114.56w/s, dev=0]         
language_model.model.layers.5.input_layernorm_moe_gen.weight:  12%|█▏        | 142/1223 [00:01<00:09, 115.35w/s, dev=0]
language_model.model.layers.5.mlp.down_proj.weight:  12%|█▏        | 143/1223 [00:01<00:09, 116.16w/s, dev=0]          
language_model.model.layers.5.mlp.gate_proj.weight:  12%|█▏        | 144/1223 [00:01<00:09, 114.62w/s, dev=0]
language_model.model.layers.5.mlp.up_proj.weight:  12%|█▏        | 145/1223 [00:01<00:09, 113.13w/s, dev=0]  
language_model.model.layers.5.mlp_moe_gen.down_proj.weight:  12%|█▏        | 146/1223 [00:01<00:09, 111.69w/s, dev=0]
language_model.model.layers.5.mlp_moe_gen.gate_proj.weight:  12%|█▏        | 147/1223 [00:01<00:09, 110.32w/s, dev=0]
language_model.model.layers.5.mlp_moe_gen.up_proj.weight:  12%|█▏        | 148/1223 [00:01<00:09, 109.00w/s, dev=0]  
language_model.model.layers.5.post_attention_layernorm.weight:  12%|█▏        | 149/1223 [00:01<00:09, 107.73w/s, dev=0]
language_model.model.layers.5.post_attention_layernorm_moe_gen.weight:  12%|█▏        | 150/1223 [00:01<00:09, 108.44w/s, dev=0]
language_model.model.layers.5.self_attn.k_norm.weight:  12%|█▏        | 151/1223 [00:01<00:09, 109.15w/s, dev=0]                
language_model.model.layers.5.self_attn.k_norm_moe_gen.weight:  12%|█▏        | 152/1223 [00:01<00:09, 109.87w/s, dev=0]
language_model.model.layers.5.self_attn.k_proj.bias:  13%|█▎        | 153/1223 [00:01<00:09, 110.58w/s, dev=0]          
language_model.model.layers.5.self_attn.k_proj.weight:  13%|█▎        | 154/1223 [00:01<00:09, 111.30w/s, dev=0]
language_model.model.layers.5.self_attn.k_proj_moe_gen.bias:  13%|█▎        | 155/1223 [00:01<00:09, 111.94w/s, dev=0]
language_model.model.layers.5.self_attn.k_proj_moe_gen.weight:  13%|█▎        | 156/1223 [00:01<00:09, 112.65w/s, dev=0]
language_model.model.layers.5.self_attn.k_proj_moe_gen.weight:  13%|█▎        | 157/1223 [00:01<00:09, 113.30w/s, dev=0]
language_model.model.layers.5.self_attn.o_proj.weight:  13%|█▎        | 157/1223 [00:01<00:09, 113.29w/s, dev=0]        
language_model.model.layers.5.self_attn.o_proj_moe_gen.weight:  13%|█▎        | 158/1223 [00:01<00:09, 113.60w/s, dev=0]
language_model.model.layers.5.self_attn.q_norm.weight:  13%|█▎        | 159/1223 [00:01<00:09, 113.90w/s, dev=0]        
language_model.model.layers.5.self_attn.q_norm_moe_gen.weight:  13%|█▎        | 160/1223 [00:01<00:09, 114.60w/s, dev=0]
language_model.model.layers.5.self_attn.q_proj.bias:  13%|█▎        | 161/1223 [00:01<00:09, 115.31w/s, dev=0]          
language_model.model.layers.5.self_attn.q_proj.weight:  13%|█▎        | 162/1223 [00:01<00:09, 116.02w/s, dev=0]
language_model.model.layers.5.self_attn.q_proj_moe_gen.bias:  13%|█▎        | 163/1223 [00:01<00:09, 116.32w/s, dev=0]
language_model.model.layers.5.self_attn.q_proj_moe_gen.weight:  13%|█▎        | 164/1223 [00:01<00:09, 117.02w/s, dev=0]
language_model.model.layers.5.self_attn.v_proj.bias:  13%|█▎        | 165/1223 [00:01<00:09, 117.31w/s, dev=0]          
language_model.model.layers.5.self_attn.v_proj.weight:  14%|█▎        | 166/1223 [00:01<00:08, 118.00w/s, dev=0]
language_model.model.layers.5.self_attn.v_proj_moe_gen.bias:  14%|█▎        | 167/1223 [00:01<00:08, 118.64w/s, dev=0]
language_model.model.layers.5.self_attn.v_proj_moe_gen.weight:  14%|█▎        | 168/1223 [00:01<00:08, 119.34w/s, dev=0]
language_model.model.layers.6.input_layernorm.weight:  14%|█▍        | 169/1223 [00:01<00:08, 119.98w/s, dev=0]         
language_model.model.layers.6.input_layernorm_moe_gen.weight:  14%|█▍        | 170/1223 [00:01<00:08, 120.68w/s, dev=0]
language_model.model.layers.6.mlp.down_proj.weight:  14%|█▍        | 171/1223 [00:01<00:08, 121.38w/s, dev=0]          
language_model.model.layers.6.mlp.gate_proj.weight:  14%|█▍        | 172/1223 [00:01<00:08, 119.94w/s, dev=0]
language_model.model.layers.6.mlp.up_proj.weight:  14%|█▍        | 173/1223 [00:01<00:08, 118.54w/s, dev=0]  
language_model.model.layers.6.mlp_moe_gen.down_proj.weight:  14%|█▍        | 174/1223 [00:01<00:08, 117.19w/s, dev=0]
language_model.model.layers.6.mlp_moe_gen.gate_proj.weight:  14%|█▍        | 175/1223 [00:01<00:09, 115.89w/s, dev=0]
language_model.model.layers.6.mlp_moe_gen.up_proj.weight:  14%|█▍        | 176/1223 [00:01<00:09, 114.64w/s, dev=0]  
language_model.model.layers.6.post_attention_layernorm.weight:  14%|█▍        | 177/1223 [00:01<00:09, 113.42w/s, dev=0]
language_model.model.layers.6.post_attention_layernorm_moe_gen.weight:  15%|█▍        | 178/1223 [00:01<00:09, 114.05w/s, dev=0]
language_model.model.layers.6.self_attn.k_norm.weight:  15%|█▍        | 179/1223 [00:01<00:09, 114.68w/s, dev=0]                
language_model.model.layers.6.self_attn.k_norm_moe_gen.weight:  15%|█▍        | 180/1223 [00:01<00:09, 115.31w/s, dev=0]
language_model.model.layers.6.self_attn.k_proj.bias:  15%|█▍        | 181/1223 [00:01<00:08, 115.95w/s, dev=0]          
language_model.model.layers.6.self_attn.k_proj.bias:  15%|█▍        | 182/1223 [00:01<00:08, 116.58w/s, dev=0]
language_model.model.layers.6.self_attn.k_proj.weight:  15%|█▍        | 182/1223 [00:01<00:08, 116.58w/s, dev=0]
language_model.model.layers.6.self_attn.k_proj_moe_gen.bias:  15%|█▍        | 183/1223 [00:01<00:08, 117.15w/s, dev=0]
language_model.model.layers.6.self_attn.k_proj_moe_gen.weight:  15%|█▌        | 184/1223 [00:01<00:08, 117.78w/s, dev=0]
language_model.model.layers.6.self_attn.o_proj.weight:  15%|█▌        | 185/1223 [00:01<00:08, 118.34w/s, dev=0]        
language_model.model.layers.6.self_attn.o_proj_moe_gen.weight:  15%|█▌        | 186/1223 [00:01<00:08, 118.60w/s, dev=0]
language_model.model.layers.6.self_attn.q_norm.weight:  15%|█▌        | 187/1223 [00:01<00:08, 118.85w/s, dev=0]        
language_model.model.layers.6.self_attn.q_norm_moe_gen.weight:  15%|█▌        | 188/1223 [00:01<00:08, 119.47w/s, dev=0]
language_model.model.layers.6.self_attn.q_proj.bias:  15%|█▌        | 189/1223 [00:01<00:08, 120.10w/s, dev=0]          
language_model.model.layers.6.self_attn.q_proj.weight:  16%|█▌        | 190/1223 [00:01<00:08, 120.73w/s, dev=0]
language_model.model.layers.6.self_attn.q_proj_moe_gen.bias:  16%|█▌        | 191/1223 [00:01<00:08, 120.98w/s, dev=0]
language_model.model.layers.6.self_attn.q_proj_moe_gen.weight:  16%|█▌        | 192/1223 [00:01<00:08, 121.60w/s, dev=0]
language_model.model.layers.6.self_attn.v_proj.bias:  16%|█▌        | 193/1223 [00:01<00:08, 121.84w/s, dev=0]          
language_model.model.layers.6.self_attn.v_proj.weight:  16%|█▌        | 194/1223 [00:01<00:08, 122.46w/s, dev=0]
language_model.model.layers.6.self_attn.v_proj_moe_gen.bias:  16%|█▌        | 195/1223 [00:01<00:08, 123.03w/s, dev=0]
language_model.model.layers.6.self_attn.v_proj_moe_gen.weight:  16%|█▌        | 196/1223 [00:01<00:08, 123.65w/s, dev=0]
language_model.model.layers.7.input_layernorm.weight:  16%|█▌        | 197/1223 [00:01<00:08, 124.21w/s, dev=0]         
language_model.model.layers.7.input_layernorm_moe_gen.weight:  16%|█▌        | 198/1223 [00:01<00:08, 124.83w/s, dev=0]
language_model.model.layers.7.mlp.down_proj.weight:  16%|█▋        | 199/1223 [00:01<00:08, 125.45w/s, dev=0]          
language_model.model.layers.7.mlp.gate_proj.weight:  16%|█▋        | 200/1223 [00:01<00:08, 124.11w/s, dev=0]
language_model.model.layers.7.mlp.up_proj.weight:  16%|█▋        | 201/1223 [00:01<00:08, 122.81w/s, dev=0]  
language_model.model.layers.7.mlp_moe_gen.down_proj.weight:  17%|█▋        | 202/1223 [00:01<00:08, 121.54w/s, dev=0]
language_model.model.layers.7.mlp_moe_gen.gate_proj.weight:  17%|█▋        | 203/1223 [00:01<00:08, 120.31w/s, dev=0]
language_model.model.layers.7.mlp_moe_gen.up_proj.weight:  17%|█▋        | 204/1223 [00:01<00:08, 119.12w/s, dev=0]  
language_model.model.layers.7.post_attention_layernorm.weight:  17%|█▋        | 205/1223 [00:01<00:08, 117.96w/s, dev=0]
language_model.model.layers.7.post_attention_layernorm_moe_gen.weight:  17%|█▋        | 206/1223 [00:01<00:08, 118.52w/s, dev=0]
language_model.model.layers.7.post_attention_layernorm_moe_gen.weight:  17%|█▋        | 207/1223 [00:01<00:08, 119.09w/s, dev=0]
language_model.model.layers.7.self_attn.k_norm.weight:  17%|█▋        | 207/1223 [00:01<00:08, 119.08w/s, dev=0]                
language_model.model.layers.7.self_attn.k_norm_moe_gen.weight:  17%|█▋        | 208/1223 [00:01<00:08, 119.65w/s, dev=0]
language_model.model.layers.7.self_attn.k_proj.bias:  17%|█▋        | 209/1223 [00:01<00:08, 120.22w/s, dev=0]          
language_model.model.layers.7.self_attn.k_proj.weight:  17%|█▋        | 210/1223 [00:01<00:08, 120.79w/s, dev=0]
language_model.model.layers.7.self_attn.k_proj_moe_gen.bias:  17%|█▋        | 211/1223 [00:01<00:08, 121.30w/s, dev=0]
language_model.model.layers.7.self_attn.k_proj_moe_gen.weight:  17%|█▋        | 212/1223 [00:01<00:08, 121.87w/s, dev=0]
language_model.model.layers.7.self_attn.o_proj.weight:  17%|█▋        | 213/1223 [00:01<00:08, 122.38w/s, dev=0]        
language_model.model.layers.7.self_attn.o_proj_moe_gen.weight:  17%|█▋        | 214/1223 [00:01<00:08, 122.60w/s, dev=0]
language_model.model.layers.7.self_attn.q_norm.weight:  18%|█▊        | 215/1223 [00:01<00:08, 122.82w/s, dev=0]        
language_model.model.layers.7.self_attn.q_norm_moe_gen.weight:  18%|█▊        | 216/1223 [00:01<00:08, 123.38w/s, dev=0]
language_model.model.layers.7.self_attn.q_proj.bias:  18%|█▊        | 217/1223 [00:01<00:08, 123.94w/s, dev=0]          
language_model.model.layers.7.self_attn.q_proj.weight:  18%|█▊        | 218/1223 [00:01<00:08, 124.50w/s, dev=0]
language_model.model.layers.7.self_attn.q_proj_moe_gen.bias:  18%|█▊        | 219/1223 [00:01<00:08, 124.72w/s, dev=0]
language_model.model.layers.7.self_attn.q_proj_moe_gen.weight:  18%|█▊        | 220/1223 [00:01<00:08, 125.28w/s, dev=0]
language_model.model.layers.7.self_attn.v_proj.bias:  18%|█▊        | 221/1223 [00:01<00:07, 125.49w/s, dev=0]          
language_model.model.layers.7.self_attn.v_proj.weight:  18%|█▊        | 222/1223 [00:01<00:07, 126.04w/s, dev=0]
language_model.model.layers.7.self_attn.v_proj_moe_gen.bias:  18%|█▊        | 223/1223 [00:01<00:07, 126.54w/s, dev=0]
language_model.model.layers.7.self_attn.v_proj_moe_gen.weight:  18%|█▊        | 224/1223 [00:01<00:07, 127.10w/s, dev=0]
language_model.model.layers.8.input_layernorm.weight:  18%|█▊        | 225/1223 [00:01<00:07, 127.60w/s, dev=0]         
language_model.model.layers.8.input_layernorm_moe_gen.weight:  18%|█▊        | 226/1223 [00:01<00:07, 128.16w/s, dev=0]
language_model.model.layers.8.mlp.down_proj.weight:  19%|█▊        | 227/1223 [00:01<00:07, 128.72w/s, dev=0]          
language_model.model.layers.8.mlp.gate_proj.weight:  19%|█▊        | 228/1223 [00:01<00:07, 127.46w/s, dev=0]
language_model.model.layers.8.mlp.up_proj.weight:  19%|█▊        | 229/1223 [00:01<00:07, 126.21w/s, dev=0]  
language_model.model.layers.8.mlp_moe_gen.down_proj.weight:  19%|█▉        | 230/1223 [00:01<00:07, 125.00w/s, dev=0]
language_model.model.layers.8.mlp_moe_gen.gate_proj.weight:  19%|█▉        | 231/1223 [00:01<00:08, 123.84w/s, dev=0]
language_model.model.layers.8.mlp_moe_gen.gate_proj.weight:  19%|█▉        | 232/1223 [00:01<00:08, 122.71w/s, dev=0]
language_model.model.layers.8.mlp_moe_gen.up_proj.weight:  19%|█▉        | 232/1223 [00:01<00:08, 122.70w/s, dev=0]  
language_model.model.layers.8.post_attention_layernorm.weight:  19%|█▉        | 233/1223 [00:01<00:08, 121.60w/s, dev=0]
language_model.model.layers.8.post_attention_layernorm_moe_gen.weight:  19%|█▉        | 234/1223 [00:01<00:08, 122.11w/s, dev=0]
language_model.model.layers.8.self_attn.k_norm.weight:  19%|█▉        | 235/1223 [00:01<00:08, 122.63w/s, dev=0]                
language_model.model.layers.8.self_attn.k_norm_moe_gen.weight:  19%|█▉        | 236/1223 [00:01<00:08, 123.14w/s, dev=0]
language_model.model.layers.8.self_attn.k_proj.bias:  19%|█▉        | 237/1223 [00:01<00:07, 123.66w/s, dev=0]          
language_model.model.layers.8.self_attn.k_proj.weight:  19%|█▉        | 238/1223 [00:01<00:07, 124.17w/s, dev=0]
language_model.model.layers.8.self_attn.k_proj_moe_gen.bias:  20%|█▉        | 239/1223 [00:01<00:07, 124.64w/s, dev=0]
language_model.model.layers.8.self_attn.k_proj_moe_gen.weight:  20%|█▉        | 240/1223 [00:01<00:07, 125.15w/s, dev=0]
language_model.model.layers.8.self_attn.o_proj.weight:  20%|█▉        | 241/1223 [00:01<00:07, 125.62w/s, dev=0]        
language_model.model.layers.8.self_attn.o_proj_moe_gen.weight:  20%|█▉        | 242/1223 [00:01<00:07, 125.81w/s, dev=0]
language_model.model.layers.8.self_attn.q_norm.weight:  20%|█▉        | 243/1223 [00:01<00:07, 125.99w/s, dev=0]        
language_model.model.layers.8.self_attn.q_norm_moe_gen.weight:  20%|█▉        | 244/1223 [00:01<00:07, 126.50w/s, dev=0]
language_model.model.layers.8.self_attn.q_proj.bias:  20%|██        | 245/1223 [00:01<00:07, 127.01w/s, dev=0]          
language_model.model.layers.8.self_attn.q_proj.weight:  20%|██        | 246/1223 [00:01<00:07, 127.52w/s, dev=0]
language_model.model.layers.8.self_attn.q_proj_moe_gen.bias:  20%|██        | 247/1223 [00:01<00:07, 127.71w/s, dev=0]
language_model.model.layers.8.self_attn.q_proj_moe_gen.weight:  20%|██        | 248/1223 [00:01<00:07, 128.22w/s, dev=0]
language_model.model.layers.8.self_attn.v_proj.bias:  20%|██        | 249/1223 [00:01<00:07, 128.40w/s, dev=0]          
language_model.model.layers.8.self_attn.v_proj.weight:  20%|██        | 250/1223 [00:01<00:07, 128.90w/s, dev=0]
language_model.model.layers.8.self_attn.v_proj_moe_gen.bias:  21%|██        | 251/1223 [00:01<00:07, 129.36w/s, dev=0]
language_model.model.layers.8.self_attn.v_proj_moe_gen.weight:  21%|██        | 252/1223 [00:01<00:07, 129.87w/s, dev=0]
time_embedder.mlp.0.bias:  21%|██        | 253/1223 [00:01<00:07, 130.32w/s, dev=0]                                     
time_embedder.mlp.0.weight:  21%|██        | 254/1223 [00:01<00:07, 130.82w/s, dev=0]
time_embedder.mlp.2.bias:  21%|██        | 255/1223 [00:01<00:07, 131.30w/s, dev=0]  
time_embedder.mlp.2.weight:  21%|██        | 256/1223 [00:01<00:07, 131.81w/s, dev=0]
vae2llm.bias:  21%|██        | 257/1223 [00:01<00:07, 131.98w/s, dev=0]              
vae2llm.weight:  21%|██        | 258/1223 [00:01<00:07, 132.48w/s, dev=0]
llm2vae.bias:  21%|██        | 259/1223 [00:01<00:07, 132.98w/s, dev=0]  
llm2vae.weight:  21%|██▏       | 260/1223 [00:01<00:07, 133.49w/s, dev=0]
latent_pos_embed.pos_embed:  21%|██▏       | 261/1223 [00:01<00:07, 133.99w/s, dev=0]
connector.fc1.bias:  21%|██▏       | 262/1223 [00:01<00:07, 134.11w/s, dev=0]        
connector.fc1.weight:  22%|██▏       | 263/1223 [00:01<00:07, 134.60w/s, dev=0]
connector.fc2.bias:  22%|██▏       | 264/1223 [00:01<00:07, 134.96w/s, dev=0]  
connector.fc2.weight:  22%|██▏       | 265/1223 [00:01<00:07, 135.47w/s, dev=0]
vit_pos_embed.pos_embed:  22%|██▏       | 266/1223 [00:01<00:07, 135.52w/s, dev=0]
language_model.model.layers.9.input_layernorm.weight:  22%|██▏       | 267/1223 [00:02<00:08, 109.50w/s, dev=1]
language_model.model.layers.9.input_layernorm.weight:  22%|██▏       | 268/1223 [00:02<00:09, 104.07w/s, dev=1]
language_model.model.layers.9.input_layernorm_moe_gen.weight:  22%|██▏       | 268/1223 [00:02<00:09, 104.06w/s, dev=1]
language_model.model.layers.9.mlp.down_proj.weight:  22%|██▏       | 269/1223 [00:02<00:09, 104.44w/s, dev=1]          
language_model.model.layers.9.mlp.gate_proj.weight:  22%|██▏       | 270/1223 [00:02<00:09, 103.80w/s, dev=1]
language_model.model.layers.9.mlp.up_proj.weight:  22%|██▏       | 271/1223 [00:02<00:09, 103.17w/s, dev=1]  
language_model.model.layers.9.mlp_moe_gen.down_proj.weight:  22%|██▏       | 272/1223 [00:02<00:09, 102.57w/s, dev=1]
language_model.model.layers.9.mlp_moe_gen.gate_proj.weight:  22%|██▏       | 273/1223 [00:02<00:09, 101.87w/s, dev=1]
language_model.model.layers.9.mlp_moe_gen.up_proj.weight:  22%|██▏       | 274/1223 [00:02<00:09, 101.28w/s, dev=1]  
language_model.model.layers.9.post_attention_layernorm.weight:  22%|██▏       | 275/1223 [00:02<00:09, 100.70w/s, dev=1]
language_model.model.layers.9.post_attention_layernorm_moe_gen.weight:  23%|██▎       | 276/1223 [00:02<00:09, 101.06w/s, dev=1]
language_model.model.layers.9.self_attn.k_norm.weight:  23%|██▎       | 277/1223 [00:02<00:09, 101.42w/s, dev=1]                
language_model.model.layers.9.self_attn.k_norm_moe_gen.weight:  23%|██▎       | 278/1223 [00:02<00:09, 101.78w/s, dev=1]
language_model.model.layers.9.self_attn.k_proj.bias:  23%|██▎       | 279/1223 [00:02<00:09, 102.14w/s, dev=1]          
language_model.model.layers.9.self_attn.k_proj.weight:  23%|██▎       | 280/1223 [00:02<00:09, 102.51w/s, dev=1]
language_model.model.layers.9.self_attn.k_proj_moe_gen.bias:  23%|██▎       | 281/1223 [00:02<00:09, 102.84w/s, dev=1]
language_model.model.layers.9.self_attn.k_proj_moe_gen.weight:  23%|██▎       | 282/1223 [00:02<00:09, 103.19w/s, dev=1]
language_model.model.layers.9.self_attn.o_proj.weight:  23%|██▎       | 283/1223 [00:02<00:09, 103.53w/s, dev=1]        
language_model.model.layers.9.self_attn.o_proj_moe_gen.weight:  23%|██▎       | 284/1223 [00:02<00:09, 103.70w/s, dev=1]
language_model.model.layers.9.self_attn.q_norm.weight:  23%|██▎       | 285/1223 [00:02<00:09, 103.87w/s, dev=1]        
language_model.model.layers.9.self_attn.q_norm_moe_gen.weight:  23%|██▎       | 286/1223 [00:02<00:08, 104.23w/s, dev=1]
language_model.model.layers.9.self_attn.q_proj.bias:  23%|██▎       | 287/1223 [00:02<00:08, 104.59w/s, dev=1]          
language_model.model.layers.9.self_attn.q_proj.weight:  24%|██▎       | 288/1223 [00:02<00:08, 104.95w/s, dev=1]
language_model.model.layers.9.self_attn.q_proj_moe_gen.bias:  24%|██▎       | 289/1223 [00:02<00:08, 105.12w/s, dev=1]
language_model.model.layers.9.self_attn.q_proj_moe_gen.weight:  24%|██▎       | 290/1223 [00:02<00:08, 105.47w/s, dev=1]
language_model.model.layers.9.self_attn.v_proj.bias:  24%|██▍       | 291/1223 [00:02<00:08, 105.64w/s, dev=1]          
language_model.model.layers.9.self_attn.v_proj.weight:  24%|██▍       | 292/1223 [00:02<00:08, 105.99w/s, dev=1]
language_model.model.layers.9.self_attn.v_proj_moe_gen.bias:  24%|██▍       | 293/1223 [00:02<00:08, 106.33w/s, dev=1]
language_model.model.layers.9.self_attn.v_proj_moe_gen.weight:  24%|██▍       | 294/1223 [00:02<00:08, 106.68w/s, dev=1]
language_model.model.layers.10.input_layernorm.weight:  24%|██▍       | 295/1223 [00:02<00:08, 107.01w/s, dev=1]        
language_model.model.layers.10.input_layernorm_moe_gen.weight:  24%|██▍       | 296/1223 [00:02<00:08, 107.37w/s, dev=1]
language_model.model.layers.10.mlp.down_proj.weight:  24%|██▍       | 297/1223 [00:02<00:08, 107.73w/s, dev=1]          
language_model.model.layers.10.mlp.gate_proj.weight:  24%|██▍       | 298/1223 [00:02<00:08, 107.07w/s, dev=1]
language_model.model.layers.10.mlp.up_proj.weight:  24%|██▍       | 299/1223 [00:02<00:08, 106.44w/s, dev=1]  
language_model.model.layers.10.mlp_moe_gen.down_proj.weight:  25%|██▍       | 300/1223 [00:02<00:08, 105.82w/s, dev=1]
language_model.model.layers.10.mlp_moe_gen.gate_proj.weight:  25%|██▍       | 301/1223 [00:02<00:08, 105.21w/s, dev=1]
language_model.model.layers.10.mlp_moe_gen.up_proj.weight:  25%|██▍       | 302/1223 [00:02<00:08, 104.63w/s, dev=1]  
language_model.model.layers.10.post_attention_layernorm.weight:  25%|██▍       | 303/1223 [00:02<00:08, 104.05w/s, dev=1]
language_model.model.layers.10.post_attention_layernorm.weight:  25%|██▍       | 304/1223 [00:02<00:08, 104.38w/s, dev=1]
language_model.model.layers.10.post_attention_layernorm_moe_gen.weight:  25%|██▍       | 304/1223 [00:02<00:08, 104.38w/s, dev=1]
language_model.model.layers.10.self_attn.k_norm.weight:  25%|██▍       | 305/1223 [00:02<00:08, 104.72w/s, dev=1]                
language_model.model.layers.10.self_attn.k_norm_moe_gen.weight:  25%|██▌       | 306/1223 [00:02<00:08, 105.06w/s, dev=1]
language_model.model.layers.10.self_attn.k_proj.bias:  25%|██▌       | 307/1223 [00:02<00:08, 105.40w/s, dev=1]          
language_model.model.layers.10.self_attn.k_proj.weight:  25%|██▌       | 308/1223 [00:02<00:08, 105.74w/s, dev=1]
language_model.model.layers.10.self_attn.k_proj_moe_gen.bias:  25%|██▌       | 309/1223 [00:02<00:08, 106.05w/s, dev=1]
language_model.model.layers.10.self_attn.k_proj_moe_gen.weight:  25%|██▌       | 310/1223 [00:02<00:08, 106.39w/s, dev=1]
language_model.model.layers.10.self_attn.o_proj.weight:  25%|██▌       | 311/1223 [00:02<00:08, 106.70w/s, dev=1]        
language_model.model.layers.10.self_attn.o_proj_moe_gen.weight:  26%|██▌       | 312/1223 [00:02<00:08, 106.85w/s, dev=1]
language_model.model.layers.10.self_attn.q_norm.weight:  26%|██▌       | 313/1223 [00:02<00:08, 107.01w/s, dev=1]        
language_model.model.layers.10.self_attn.q_norm_moe_gen.weight:  26%|██▌       | 314/1223 [00:02<00:08, 107.34w/s, dev=1]
language_model.model.layers.10.self_attn.q_proj.bias:  26%|██▌       | 315/1223 [00:02<00:08, 107.68w/s, dev=1]          
language_model.model.layers.10.self_attn.q_proj.weight:  26%|██▌       | 316/1223 [00:02<00:08, 108.02w/s, dev=1]
language_model.model.layers.10.self_attn.q_proj_moe_gen.bias:  26%|██▌       | 317/1223 [00:02<00:08, 108.17w/s, dev=1]
language_model.model.layers.10.self_attn.q_proj_moe_gen.weight:  26%|██▌       | 318/1223 [00:02<00:08, 108.51w/s, dev=1]
language_model.model.layers.10.self_attn.v_proj.bias:  26%|██▌       | 319/1223 [00:02<00:08, 108.66w/s, dev=1]          
language_model.model.layers.10.self_attn.v_proj.weight:  26%|██▌       | 320/1223 [00:02<00:08, 108.99w/s, dev=1]
language_model.model.layers.10.self_attn.v_proj_moe_gen.bias:  26%|██▌       | 321/1223 [00:02<00:08, 109.30w/s, dev=1]
language_model.model.layers.10.self_attn.v_proj_moe_gen.weight:  26%|██▋       | 322/1223 [00:02<00:08, 109.64w/s, dev=1]
language_model.model.layers.11.input_layernorm.weight:  26%|██▋       | 323/1223 [00:02<00:08, 109.95w/s, dev=1]         
language_model.model.layers.11.input_layernorm_moe_gen.weight:  26%|██▋       | 324/1223 [00:02<00:08, 110.28w/s, dev=1]
language_model.model.layers.11.mlp.down_proj.weight:  27%|██▋       | 325/1223 [00:02<00:08, 110.62w/s, dev=1]          
language_model.model.layers.11.mlp.gate_proj.weight:  27%|██▋       | 326/1223 [00:02<00:08, 110.01w/s, dev=1]
language_model.model.layers.11.mlp.up_proj.weight:  27%|██▋       | 327/1223 [00:02<00:08, 109.41w/s, dev=1]  
language_model.model.layers.11.mlp_moe_gen.down_proj.weight:  27%|██▋       | 328/1223 [00:03<00:08, 108.82w/s, dev=1]
language_model.model.layers.11.mlp_moe_gen.gate_proj.weight:  27%|██▋       | 329/1223 [00:03<00:08, 108.24w/s, dev=1]
language_model.model.layers.11.mlp_moe_gen.up_proj.weight:  27%|██▋       | 330/1223 [00:03<00:08, 107.67w/s, dev=1]  
language_model.model.layers.11.post_attention_layernorm.weight:  27%|██▋       | 331/1223 [00:03<00:08, 107.09w/s, dev=1]
language_model.model.layers.11.post_attention_layernorm_moe_gen.weight:  27%|██▋       | 332/1223 [00:03<00:08, 107.40w/s, dev=1]
language_model.model.layers.11.self_attn.k_norm.weight:  27%|██▋       | 333/1223 [00:03<00:08, 107.72w/s, dev=1]                
language_model.model.layers.11.self_attn.k_norm_moe_gen.weight:  27%|██▋       | 334/1223 [00:03<00:08, 108.04w/s, dev=1]
language_model.model.layers.11.self_attn.k_proj.bias:  27%|██▋       | 335/1223 [00:03<00:08, 108.36w/s, dev=1]          
language_model.model.layers.11.self_attn.k_proj.weight:  27%|██▋       | 336/1223 [00:03<00:08, 108.68w/s, dev=1]
language_model.model.layers.11.self_attn.k_proj_moe_gen.bias:  28%|██▊       | 337/1223 [00:03<00:08, 108.97w/s, dev=1]
language_model.model.layers.11.self_attn.k_proj_moe_gen.weight:  28%|██▊       | 338/1223 [00:03<00:08, 109.29w/s, dev=1]
language_model.model.layers.11.self_attn.o_proj.weight:  28%|██▊       | 339/1223 [00:03<00:08, 109.59w/s, dev=1]        
language_model.model.layers.11.self_attn.o_proj.weight:  28%|██▊       | 340/1223 [00:03<00:08, 109.73w/s, dev=1]
language_model.model.layers.11.self_attn.o_proj_moe_gen.weight:  28%|██▊       | 340/1223 [00:03<00:08, 109.73w/s, dev=1]
language_model.model.layers.11.self_attn.q_norm.weight:  28%|██▊       | 341/1223 [00:03<00:08, 109.87w/s, dev=1]        
language_model.model.layers.11.self_attn.q_norm_moe_gen.weight:  28%|██▊       | 342/1223 [00:03<00:07, 110.18w/s, dev=1]
language_model.model.layers.11.self_attn.q_proj.bias:  28%|██▊       | 343/1223 [00:03<00:07, 110.50w/s, dev=1]          
language_model.model.layers.11.self_attn.q_proj.weight:  28%|██▊       | 344/1223 [00:03<00:07, 110.82w/s, dev=1]
language_model.model.layers.11.self_attn.q_proj_moe_gen.bias:  28%|██▊       | 345/1223 [00:03<00:07, 110.96w/s, dev=1]
language_model.model.layers.11.self_attn.q_proj_moe_gen.weight:  28%|██▊       | 346/1223 [00:03<00:07, 111.28w/s, dev=1]
language_model.model.layers.11.self_attn.v_proj.bias:  28%|██▊       | 347/1223 [00:03<00:07, 111.41w/s, dev=1]          
language_model.model.layers.11.self_attn.v_proj.weight:  28%|██▊       | 348/1223 [00:03<00:07, 111.73w/s, dev=1]
language_model.model.layers.11.self_attn.v_proj_moe_gen.bias:  29%|██▊       | 349/1223 [00:03<00:07, 112.01w/s, dev=1]
language_model.model.layers.11.self_attn.v_proj_moe_gen.weight:  29%|██▊       | 350/1223 [00:03<00:07, 112.33w/s, dev=1]
language_model.model.layers.12.input_layernorm.weight:  29%|██▊       | 351/1223 [00:03<00:07, 112.62w/s, dev=1]         
language_model.model.layers.12.input_layernorm_moe_gen.weight:  29%|██▉       | 352/1223 [00:03<00:07, 112.94w/s, dev=1]
language_model.model.layers.12.mlp.down_proj.weight:  29%|██▉       | 353/1223 [00:03<00:07, 113.25w/s, dev=1]          
language_model.model.layers.12.mlp.gate_proj.weight:  29%|██▉       | 354/1223 [00:03<00:07, 112.66w/s, dev=1]
language_model.model.layers.12.mlp.up_proj.weight:  29%|██▉       | 355/1223 [00:03<00:07, 112.07w/s, dev=1]  
language_model.model.layers.12.mlp_moe_gen.down_proj.weight:  29%|██▉       | 356/1223 [00:03<00:07, 111.50w/s, dev=1]
language_model.model.layers.12.mlp_moe_gen.gate_proj.weight:  29%|██▉       | 357/1223 [00:03<00:07, 110.93w/s, dev=1]
language_model.model.layers.12.mlp_moe_gen.up_proj.weight:  29%|██▉       | 358/1223 [00:03<00:07, 110.37w/s, dev=1]  
language_model.model.layers.12.post_attention_layernorm.weight:  29%|██▉       | 359/1223 [00:03<00:07, 109.82w/s, dev=1]
language_model.model.layers.12.post_attention_layernorm_moe_gen.weight:  29%|██▉       | 360/1223 [00:03<00:07, 110.12w/s, dev=1]
language_model.model.layers.12.self_attn.k_norm.weight:  30%|██▉       | 361/1223 [00:03<00:07, 110.42w/s, dev=1]                
language_model.model.layers.12.self_attn.k_norm_moe_gen.weight:  30%|██▉       | 362/1223 [00:03<00:07, 110.73w/s, dev=1]
language_model.model.layers.12.self_attn.k_proj.bias:  30%|██▉       | 363/1223 [00:03<00:07, 111.03w/s, dev=1]          
language_model.model.layers.12.self_attn.k_proj.weight:  30%|██▉       | 364/1223 [00:03<00:07, 111.33w/s, dev=1]
language_model.model.layers.12.self_attn.k_proj_moe_gen.bias:  30%|██▉       | 365/1223 [00:03<00:07, 111.61w/s, dev=1]
language_model.model.layers.12.self_attn.k_proj_moe_gen.weight:  30%|██▉       | 366/1223 [00:03<00:07, 111.91w/s, dev=1]
language_model.model.layers.12.self_attn.o_proj.weight:  30%|███       | 367/1223 [00:03<00:07, 112.18w/s, dev=1]        
language_model.model.layers.12.self_attn.o_proj_moe_gen.weight:  30%|███       | 368/1223 [00:03<00:07, 112.31w/s, dev=1]
language_model.model.layers.12.self_attn.q_norm.weight:  30%|███       | 369/1223 [00:03<00:07, 112.44w/s, dev=1]        
language_model.model.layers.12.self_attn.q_norm_moe_gen.weight:  30%|███       | 370/1223 [00:03<00:07, 112.74w/s, dev=1]
language_model.model.layers.12.self_attn.q_proj.bias:  30%|███       | 371/1223 [00:03<00:07, 113.04w/s, dev=1]          
language_model.model.layers.12.self_attn.q_proj.weight:  30%|███       | 372/1223 [00:03<00:07, 113.34w/s, dev=1]
language_model.model.layers.12.self_attn.q_proj_moe_gen.bias:  30%|███       | 373/1223 [00:03<00:07, 113.47w/s, dev=1]
language_model.model.layers.12.self_attn.q_proj_moe_gen.weight:  31%|███       | 374/1223 [00:03<00:07, 113.77w/s, dev=1]
language_model.model.layers.12.self_attn.v_proj.bias:  31%|███       | 375/1223 [00:03<00:07, 113.90w/s, dev=1]          
language_model.model.layers.12.self_attn.v_proj.bias:  31%|███       | 376/1223 [00:03<00:07, 114.20w/s, dev=1]
language_model.model.layers.12.self_attn.v_proj.weight:  31%|███       | 376/1223 [00:03<00:07, 114.20w/s, dev=1]
language_model.model.layers.12.self_attn.v_proj_moe_gen.bias:  31%|███       | 377/1223 [00:03<00:07, 114.47w/s, dev=1]
language_model.model.layers.12.self_attn.v_proj_moe_gen.weight:  31%|███       | 378/1223 [00:03<00:07, 114.77w/s, dev=1]
language_model.model.layers.13.input_layernorm.weight:  31%|███       | 379/1223 [00:03<00:07, 115.04w/s, dev=1]         
language_model.model.layers.13.input_layernorm_moe_gen.weight:  31%|███       | 380/1223 [00:03<00:07, 115.33w/s, dev=1]
language_model.model.layers.13.mlp.down_proj.weight:  31%|███       | 381/1223 [00:03<00:07, 115.63w/s, dev=1]          
language_model.model.layers.13.mlp.gate_proj.weight:  31%|███       | 382/1223 [00:03<00:07, 115.06w/s, dev=1]
language_model.model.layers.13.mlp.up_proj.weight:  31%|███▏      | 383/1223 [00:03<00:07, 114.48w/s, dev=1]  
language_model.model.layers.13.mlp_moe_gen.down_proj.weight:  31%|███▏      | 384/1223 [00:03<00:07, 113.92w/s, dev=1]
language_model.model.layers.13.mlp_moe_gen.gate_proj.weight:  31%|███▏      | 385/1223 [00:03<00:07, 113.36w/s, dev=1]
language_model.model.layers.13.mlp_moe_gen.up_proj.weight:  32%|███▏      | 386/1223 [00:03<00:07, 112.82w/s, dev=1]  
language_model.model.layers.13.post_attention_layernorm.weight:  32%|███▏      | 387/1223 [00:03<00:07, 112.28w/s, dev=1]
language_model.model.layers.13.post_attention_layernorm_moe_gen.weight:  32%|███▏      | 388/1223 [00:03<00:07, 112.56w/s, dev=1]
language_model.model.layers.13.self_attn.k_norm.weight:  32%|███▏      | 389/1223 [00:03<00:07, 112.85w/s, dev=1]                
language_model.model.layers.13.self_attn.k_norm_moe_gen.weight:  32%|███▏      | 390/1223 [00:03<00:07, 113.13w/s, dev=1]
language_model.model.layers.13.self_attn.k_proj.bias:  32%|███▏      | 391/1223 [00:03<00:07, 113.42w/s, dev=1]          
language_model.model.layers.13.self_attn.k_proj.weight:  32%|███▏      | 392/1223 [00:03<00:07, 113.71w/s, dev=1]
language_model.model.layers.13.self_attn.k_proj_moe_gen.bias:  32%|███▏      | 393/1223 [00:03<00:07, 113.97w/s, dev=1]
language_model.model.layers.13.self_attn.k_proj_moe_gen.weight:  32%|███▏      | 394/1223 [00:03<00:07, 114.25w/s, dev=1]
language_model.model.layers.13.self_attn.o_proj.weight:  32%|███▏      | 395/1223 [00:03<00:07, 114.52w/s, dev=1]        
language_model.model.layers.13.self_attn.o_proj_moe_gen.weight:  32%|███▏      | 396/1223 [00:03<00:07, 114.64w/s, dev=1]
language_model.model.layers.13.self_attn.q_norm.weight:  32%|███▏      | 397/1223 [00:03<00:07, 114.76w/s, dev=1]        
language_model.model.layers.13.self_attn.q_norm_moe_gen.weight:  33%|███▎      | 398/1223 [00:03<00:07, 115.04w/s, dev=1]
language_model.model.layers.13.self_attn.q_proj.bias:  33%|███▎      | 399/1223 [00:03<00:07, 115.32w/s, dev=1]          
language_model.model.layers.13.self_attn.q_proj.weight:  33%|███▎      | 400/1223 [00:03<00:07, 115.56w/s, dev=1]
language_model.model.layers.13.self_attn.q_proj_moe_gen.bias:  33%|███▎      | 401/1223 [00:03<00:07, 115.68w/s, dev=1]
language_model.model.layers.13.self_attn.q_proj_moe_gen.weight:  33%|███▎      | 402/1223 [00:03<00:07, 115.96w/s, dev=1]
language_model.model.layers.13.self_attn.v_proj.bias:  33%|███▎      | 403/1223 [00:03<00:07, 116.08w/s, dev=1]          
language_model.model.layers.13.self_attn.v_proj.weight:  33%|███▎      | 404/1223 [00:03<00:07, 116.36w/s, dev=1]
language_model.model.layers.13.self_attn.v_proj_moe_gen.bias:  33%|███▎      | 405/1223 [00:03<00:07, 116.62w/s, dev=1]
language_model.model.layers.13.self_attn.v_proj_moe_gen.weight:  33%|███▎      | 406/1223 [00:03<00:06, 116.90w/s, dev=1]
language_model.model.layers.14.input_layernorm.weight:  33%|███▎      | 407/1223 [00:03<00:06, 117.16w/s, dev=1]         
language_model.model.layers.14.input_layernorm_moe_gen.weight:  33%|███▎      | 408/1223 [00:03<00:06, 117.44w/s, dev=1]
language_model.model.layers.14.mlp.down_proj.weight:  33%|███▎      | 409/1223 [00:03<00:06, 117.72w/s, dev=1]          
language_model.model.layers.14.mlp.gate_proj.weight:  34%|███▎      | 410/1223 [00:03<00:06, 117.16w/s, dev=1]
language_model.model.layers.14.mlp.up_proj.weight:  34%|███▎      | 411/1223 [00:03<00:06, 116.60w/s, dev=1]  
language_model.model.layers.14.mlp.up_proj.weight:  34%|███▎      | 412/1223 [00:03<00:06, 116.05w/s, dev=1]
language_model.model.layers.14.mlp_moe_gen.down_proj.weight:  34%|███▎      | 412/1223 [00:03<00:06, 116.05w/s, dev=1]
language_model.model.layers.14.mlp_moe_gen.gate_proj.weight:  34%|███▍      | 413/1223 [00:03<00:07, 115.51w/s, dev=1]
language_model.model.layers.14.mlp_moe_gen.up_proj.weight:  34%|███▍      | 414/1223 [00:03<00:07, 114.97w/s, dev=1]  
language_model.model.layers.14.post_attention_layernorm.weight:  34%|███▍      | 415/1223 [00:03<00:07, 114.44w/s, dev=1]
language_model.model.layers.14.post_attention_layernorm_moe_gen.weight:  34%|███▍      | 416/1223 [00:03<00:07, 114.71w/s, dev=1]
language_model.model.layers.14.self_attn.k_norm.weight:  34%|███▍      | 417/1223 [00:03<00:07, 114.98w/s, dev=1]                
language_model.model.layers.14.self_attn.k_norm_moe_gen.weight:  34%|███▍      | 418/1223 [00:03<00:06, 115.26w/s, dev=1]
language_model.model.layers.14.self_attn.k_proj.bias:  34%|███▍      | 419/1223 [00:03<00:06, 115.53w/s, dev=1]          
language_model.model.layers.14.self_attn.k_proj.weight:  34%|███▍      | 420/1223 [00:03<00:06, 115.80w/s, dev=1]
language_model.model.layers.14.self_attn.k_proj_moe_gen.bias:  34%|███▍      | 421/1223 [00:03<00:06, 116.04w/s, dev=1]
language_model.model.layers.14.self_attn.k_proj_moe_gen.weight:  35%|███▍      | 422/1223 [00:03<00:06, 116.31w/s, dev=1]
language_model.model.layers.14.self_attn.o_proj.weight:  35%|███▍      | 423/1223 [00:03<00:06, 116.56w/s, dev=1]        
language_model.model.layers.14.self_attn.o_proj_moe_gen.weight:  35%|███▍      | 424/1223 [00:03<00:06, 116.68w/s, dev=1]
language_model.model.layers.14.self_attn.q_norm.weight:  35%|███▍      | 425/1223 [00:03<00:06, 116.79w/s, dev=1]        
language_model.model.layers.14.self_attn.q_norm_moe_gen.weight:  35%|███▍      | 426/1223 [00:03<00:06, 117.06w/s, dev=1]
language_model.model.layers.14.self_attn.q_proj.bias:  35%|███▍      | 427/1223 [00:03<00:06, 117.33w/s, dev=1]          
language_model.model.layers.14.self_attn.q_proj.weight:  35%|███▍      | 428/1223 [00:03<00:06, 117.60w/s, dev=1]
language_model.model.layers.14.self_attn.q_proj_moe_gen.bias:  35%|███▌      | 429/1223 [00:03<00:06, 117.71w/s, dev=1]
language_model.model.layers.14.self_attn.q_proj_moe_gen.weight:  35%|███▌      | 430/1223 [00:03<00:06, 117.98w/s, dev=1]
language_model.model.layers.14.self_attn.v_proj.bias:  35%|███▌      | 431/1223 [00:03<00:06, 118.09w/s, dev=1]          
language_model.model.layers.14.self_attn.v_proj.weight:  35%|███▌      | 432/1223 [00:03<00:06, 118.36w/s, dev=1]
language_model.model.layers.14.self_attn.v_proj_moe_gen.bias:  35%|███▌      | 433/1223 [00:03<00:06, 118.60w/s, dev=1]
language_model.model.layers.14.self_attn.v_proj_moe_gen.weight:  35%|███▌      | 434/1223 [00:03<00:06, 118.87w/s, dev=1]
language_model.model.layers.15.input_layernorm.weight:  36%|███▌      | 435/1223 [00:03<00:06, 119.12w/s, dev=1]         
language_model.model.layers.15.input_layernorm_moe_gen.weight:  36%|███▌      | 436/1223 [00:03<00:06, 119.39w/s, dev=1]
language_model.model.layers.15.mlp.down_proj.weight:  36%|███▌      | 437/1223 [00:03<00:06, 119.66w/s, dev=1]          
language_model.model.layers.15.mlp.gate_proj.weight:  36%|███▌      | 438/1223 [00:03<00:06, 119.11w/s, dev=1]
language_model.model.layers.15.mlp.up_proj.weight:  36%|███▌      | 439/1223 [00:03<00:06, 118.57w/s, dev=1]  
language_model.model.layers.15.mlp_moe_gen.down_proj.weight:  36%|███▌      | 440/1223 [00:03<00:06, 118.03w/s, dev=1]
language_model.model.layers.15.mlp_moe_gen.gate_proj.weight:  36%|███▌      | 441/1223 [00:03<00:06, 117.50w/s, dev=1]
language_model.model.layers.15.mlp_moe_gen.up_proj.weight:  36%|███▌      | 442/1223 [00:03<00:06, 116.98w/s, dev=1]  
language_model.model.layers.15.post_attention_layernorm.weight:  36%|███▌      | 443/1223 [00:03<00:06, 116.46w/s, dev=1]
language_model.model.layers.15.post_attention_layernorm_moe_gen.weight:  36%|███▋      | 444/1223 [00:03<00:06, 116.72w/s, dev=1]
language_model.model.layers.15.self_attn.k_norm.weight:  36%|███▋      | 445/1223 [00:03<00:06, 116.98w/s, dev=1]                
language_model.model.layers.15.self_attn.k_norm_moe_gen.weight:  36%|███▋      | 446/1223 [00:03<00:06, 117.24w/s, dev=1]
language_model.model.layers.15.self_attn.k_proj.bias:  37%|███▋      | 447/1223 [00:03<00:06, 117.50w/s, dev=1]          
language_model.model.layers.15.self_attn.k_proj.bias:  37%|███▋      | 448/1223 [00:03<00:06, 117.76w/s, dev=1]
language_model.model.layers.15.self_attn.k_proj.weight:  37%|███▋      | 448/1223 [00:03<00:06, 117.76w/s, dev=1]
language_model.model.layers.15.self_attn.k_proj_moe_gen.bias:  37%|███▋      | 449/1223 [00:03<00:06, 117.99w/s, dev=1]
language_model.model.layers.15.self_attn.k_proj_moe_gen.weight:  37%|███▋      | 450/1223 [00:03<00:06, 118.25w/s, dev=1]
language_model.model.layers.15.self_attn.o_proj.weight:  37%|███▋      | 451/1223 [00:03<00:06, 118.48w/s, dev=1]        
language_model.model.layers.15.self_attn.o_proj_moe_gen.weight:  37%|███▋      | 452/1223 [00:03<00:06, 118.58w/s, dev=1]
language_model.model.layers.15.self_attn.q_norm.weight:  37%|███▋      | 453/1223 [00:03<00:06, 118.69w/s, dev=1]        
language_model.model.layers.15.self_attn.q_norm_moe_gen.weight:  37%|███▋      | 454/1223 [00:03<00:06, 118.94w/s, dev=1]
language_model.model.layers.15.self_attn.q_proj.bias:  37%|███▋      | 455/1223 [00:03<00:06, 119.20w/s, dev=1]          
language_model.model.layers.15.self_attn.q_proj.weight:  37%|███▋      | 456/1223 [00:03<00:06, 119.46w/s, dev=1]
language_model.model.layers.15.self_attn.q_proj_moe_gen.bias:  37%|███▋      | 457/1223 [00:03<00:06, 119.56w/s, dev=1]
language_model.model.layers.15.self_attn.q_proj_moe_gen.weight:  37%|███▋      | 458/1223 [00:03<00:06, 119.82w/s, dev=1]
language_model.model.layers.15.self_attn.v_proj.bias:  38%|███▊      | 459/1223 [00:03<00:06, 119.92w/s, dev=1]          
language_model.model.layers.15.self_attn.v_proj.weight:  38%|███▊      | 460/1223 [00:03<00:06, 120.18w/s, dev=1]
language_model.model.layers.15.self_attn.v_proj_moe_gen.bias:  38%|███▊      | 461/1223 [00:03<00:06, 120.41w/s, dev=1]
language_model.model.layers.15.self_attn.v_proj_moe_gen.weight:  38%|███▊      | 462/1223 [00:03<00:06, 120.67w/s, dev=1]
language_model.model.layers.16.input_layernorm.weight:  38%|███▊      | 463/1223 [00:03<00:06, 120.90w/s, dev=1]         
language_model.model.layers.16.input_layernorm_moe_gen.weight:  38%|███▊      | 464/1223 [00:03<00:06, 121.16w/s, dev=1]
language_model.model.layers.16.mlp.down_proj.weight:  38%|███▊      | 465/1223 [00:03<00:06, 121.42w/s, dev=1]          
language_model.model.layers.16.mlp.gate_proj.weight:  38%|███▊      | 466/1223 [00:03<00:06, 120.88w/s, dev=1]
language_model.model.layers.16.mlp.up_proj.weight:  38%|███▊      | 467/1223 [00:03<00:06, 120.35w/s, dev=1]  
language_model.model.layers.16.mlp_moe_gen.down_proj.weight:  38%|███▊      | 468/1223 [00:03<00:06, 119.83w/s, dev=1]
language_model.model.layers.16.mlp_moe_gen.gate_proj.weight:  38%|███▊      | 469/1223 [00:03<00:06, 119.31w/s, dev=1]
language_model.model.layers.16.mlp_moe_gen.up_proj.weight:  38%|███▊      | 470/1223 [00:03<00:06, 118.80w/s, dev=1]  
language_model.model.layers.16.post_attention_layernorm.weight:  39%|███▊      | 471/1223 [00:03<00:06, 118.29w/s, dev=1]
language_model.model.layers.16.post_attention_layernorm_moe_gen.weight:  39%|███▊      | 472/1223 [00:03<00:06, 118.54w/s, dev=1]
language_model.model.layers.16.self_attn.k_norm.weight:  39%|███▊      | 473/1223 [00:03<00:06, 118.79w/s, dev=1]                
language_model.model.layers.16.self_attn.k_norm_moe_gen.weight:  39%|███▉      | 474/1223 [00:03<00:06, 119.03w/s, dev=1]
language_model.model.layers.16.self_attn.k_proj.bias:  39%|███▉      | 475/1223 [00:03<00:06, 119.28w/s, dev=1]          
language_model.model.layers.16.self_attn.k_proj.weight:  39%|███▉      | 476/1223 [00:03<00:06, 119.53w/s, dev=1]
language_model.model.layers.16.self_attn.k_proj_moe_gen.bias:  39%|███▉      | 477/1223 [00:03<00:06, 119.76w/s, dev=1]
language_model.model.layers.16.self_attn.k_proj_moe_gen.weight:  39%|███▉      | 478/1223 [00:03<00:06, 120.00w/s, dev=1]
language_model.model.layers.16.self_attn.o_proj.weight:  39%|███▉      | 479/1223 [00:03<00:06, 120.23w/s, dev=1]        
language_model.model.layers.16.self_attn.o_proj_moe_gen.weight:  39%|███▉      | 480/1223 [00:03<00:06, 120.33w/s, dev=1]
language_model.model.layers.16.self_attn.q_norm.weight:  39%|███▉      | 481/1223 [00:03<00:06, 120.42w/s, dev=1]        
language_model.model.layers.16.self_attn.q_norm_moe_gen.weight:  39%|███▉      | 482/1223 [00:03<00:06, 120.66w/s, dev=1]
language_model.model.layers.16.self_attn.q_proj.bias:  39%|███▉      | 483/1223 [00:03<00:06, 120.91w/s, dev=1]          
language_model.model.layers.16.self_attn.q_proj.bias:  40%|███▉      | 484/1223 [00:03<00:06, 121.15w/s, dev=1]
language_model.model.layers.16.self_attn.q_proj.weight:  40%|███▉      | 484/1223 [00:03<00:06, 121.15w/s, dev=1]
language_model.model.layers.16.self_attn.q_proj_moe_gen.bias:  40%|███▉      | 485/1223 [00:04<00:06, 121.25w/s, dev=1]
language_model.model.layers.16.self_attn.q_proj_moe_gen.weight:  40%|███▉      | 486/1223 [00:04<00:06, 121.49w/s, dev=1]
language_model.model.layers.16.self_attn.v_proj.bias:  40%|███▉      | 487/1223 [00:04<00:06, 121.59w/s, dev=1]          
language_model.model.layers.16.self_attn.v_proj.weight:  40%|███▉      | 488/1223 [00:04<00:06, 121.84w/s, dev=1]
language_model.model.layers.16.self_attn.v_proj_moe_gen.bias:  40%|███▉      | 489/1223 [00:04<00:06, 122.05w/s, dev=1]
language_model.model.layers.16.self_attn.v_proj_moe_gen.weight:  40%|████      | 490/1223 [00:04<00:05, 122.30w/s, dev=1]
language_model.model.layers.17.input_layernorm.weight:  40%|████      | 491/1223 [00:04<00:05, 122.52w/s, dev=1]         
language_model.model.layers.17.input_layernorm_moe_gen.weight:  40%|████      | 492/1223 [00:04<00:05, 122.77w/s, dev=1]
language_model.model.layers.17.mlp.down_proj.weight:  40%|████      | 493/1223 [00:04<00:05, 123.01w/s, dev=1]          
language_model.model.layers.17.mlp.gate_proj.weight:  40%|████      | 494/1223 [00:04<00:05, 122.49w/s, dev=1]
language_model.model.layers.17.mlp.up_proj.weight:  40%|████      | 495/1223 [00:04<00:05, 121.97w/s, dev=1]  
language_model.model.layers.17.mlp_moe_gen.down_proj.weight:  41%|████      | 496/1223 [00:04<00:05, 121.46w/s, dev=1]
language_model.model.layers.17.mlp_moe_gen.gate_proj.weight:  41%|████      | 497/1223 [00:04<00:06, 120.95w/s, dev=1]
language_model.model.layers.17.mlp_moe_gen.up_proj.weight:  41%|████      | 498/1223 [00:04<00:06, 120.45w/s, dev=1]  
language_model.model.layers.17.post_attention_layernorm.weight:  41%|████      | 499/1223 [00:04<00:06, 119.96w/s, dev=1]
language_model.model.layers.17.post_attention_layernorm_moe_gen.weight:  41%|████      | 500/1223 [00:04<00:06, 120.19w/s, dev=1]
language_model.model.layers.17.self_attn.k_norm.weight:  41%|████      | 501/1223 [00:04<00:05, 120.43w/s, dev=1]                
language_model.model.layers.17.self_attn.k_norm_moe_gen.weight:  41%|████      | 502/1223 [00:04<00:05, 120.66w/s, dev=1]
language_model.model.layers.17.self_attn.k_proj.bias:  41%|████      | 503/1223 [00:04<00:05, 120.90w/s, dev=1]          
language_model.model.layers.17.self_attn.k_proj.weight:  41%|████      | 504/1223 [00:04<00:05, 121.14w/s, dev=1]
language_model.model.layers.17.self_attn.k_proj_moe_gen.bias:  41%|████▏     | 505/1223 [00:04<00:05, 121.35w/s, dev=1]
language_model.model.layers.17.self_attn.k_proj_moe_gen.weight:  41%|████▏     | 506/1223 [00:04<00:05, 121.59w/s, dev=1]
language_model.model.layers.17.self_attn.o_proj.weight:  41%|████▏     | 507/1223 [00:04<00:05, 121.81w/s, dev=1]        
language_model.model.layers.17.self_attn.o_proj_moe_gen.weight:  42%|████▏     | 508/1223 [00:04<00:05, 121.90w/s, dev=1]
language_model.model.layers.17.self_attn.q_norm.weight:  42%|████▏     | 509/1223 [00:04<00:05, 121.98w/s, dev=1]        
language_model.model.layers.17.self_attn.q_norm_moe_gen.weight:  42%|████▏     | 510/1223 [00:04<00:05, 122.22w/s, dev=1]
language_model.model.layers.17.self_attn.q_proj.bias:  42%|████▏     | 511/1223 [00:04<00:05, 122.45w/s, dev=1]          
language_model.model.layers.17.self_attn.q_proj.weight:  42%|████▏     | 512/1223 [00:04<00:05, 122.69w/s, dev=1]
language_model.model.layers.17.self_attn.q_proj_moe_gen.bias:  42%|████▏     | 513/1223 [00:04<00:05, 122.78w/s, dev=1]
language_model.model.layers.17.self_attn.q_proj_moe_gen.weight:  42%|████▏     | 514/1223 [00:04<00:05, 123.02w/s, dev=1]
language_model.model.layers.17.self_attn.v_proj.bias:  42%|████▏     | 515/1223 [00:04<00:05, 123.11w/s, dev=1]          
language_model.model.layers.17.self_attn.v_proj.weight:  42%|████▏     | 516/1223 [00:04<00:05, 123.34w/s, dev=1]
language_model.model.layers.17.self_attn.v_proj_moe_gen.bias:  42%|████▏     | 517/1223 [00:04<00:05, 123.56w/s, dev=1]
language_model.model.layers.17.self_attn.v_proj_moe_gen.weight:  42%|████▏     | 518/1223 [00:04<00:05, 123.79w/s, dev=1]
language_model.model.layers.18.input_layernorm.weight:  42%|████▏     | 519/1223 [00:04<00:05, 124.00w/s, dev=1]         
language_model.model.layers.18.input_layernorm.weight:  43%|████▎     | 520/1223 [00:04<00:05, 124.23w/s, dev=1]
language_model.model.layers.18.input_layernorm_moe_gen.weight:  43%|████▎     | 520/1223 [00:04<00:05, 124.23w/s, dev=1]
language_model.model.layers.18.mlp.down_proj.weight:  43%|████▎     | 521/1223 [00:04<00:05, 124.47w/s, dev=1]          
language_model.model.layers.18.mlp.gate_proj.weight:  43%|████▎     | 522/1223 [00:04<00:05, 123.96w/s, dev=1]
language_model.model.layers.18.mlp.up_proj.weight:  43%|████▎     | 523/1223 [00:04<00:05, 123.45w/s, dev=1]  
language_model.model.layers.18.mlp_moe_gen.down_proj.weight:  43%|████▎     | 524/1223 [00:04<00:05, 122.94w/s, dev=1]
language_model.model.layers.18.mlp_moe_gen.gate_proj.weight:  43%|████▎     | 525/1223 [00:04<00:05, 122.43w/s, dev=1]
language_model.model.layers.18.mlp_moe_gen.up_proj.weight:  43%|████▎     | 526/1223 [00:04<00:05, 121.94w/s, dev=1]  
language_model.model.layers.18.post_attention_layernorm.weight:  43%|████▎     | 527/1223 [00:04<00:05, 121.46w/s, dev=1]
language_model.model.layers.18.post_attention_layernorm_moe_gen.weight:  43%|████▎     | 528/1223 [00:04<00:05, 121.68w/s, dev=1]
language_model.model.layers.18.self_attn.k_norm.weight:  43%|████▎     | 529/1223 [00:04<00:05, 121.91w/s, dev=1]                
language_model.model.layers.18.self_attn.k_norm_moe_gen.weight:  43%|████▎     | 530/1223 [00:04<00:05, 122.13w/s, dev=1]
language_model.model.layers.18.self_attn.k_proj.bias:  43%|████▎     | 531/1223 [00:04<00:05, 122.36w/s, dev=1]          
language_model.model.layers.18.self_attn.k_proj.weight:  43%|████▎     | 532/1223 [00:04<00:05, 122.59w/s, dev=1]
language_model.model.layers.18.self_attn.k_proj_moe_gen.bias:  44%|████▎     | 533/1223 [00:04<00:05, 122.80w/s, dev=1]
language_model.model.layers.18.self_attn.k_proj_moe_gen.weight:  44%|████▎     | 534/1223 [00:04<00:05, 123.02w/s, dev=1]
language_model.model.layers.18.self_attn.o_proj.weight:  44%|████▎     | 535/1223 [00:04<00:05, 123.23w/s, dev=1]        
language_model.model.layers.18.self_attn.o_proj_moe_gen.weight:  44%|████▍     | 536/1223 [00:04<00:05, 123.31w/s, dev=1]
language_model.model.layers.18.self_attn.q_norm.weight:  44%|████▍     | 537/1223 [00:04<00:05, 123.40w/s, dev=1]        
language_model.model.layers.18.self_attn.q_norm_moe_gen.weight:  44%|████▍     | 538/1223 [00:04<00:05, 123.62w/s, dev=1]
language_model.model.layers.18.self_attn.q_proj.bias:  44%|████▍     | 539/1223 [00:04<00:05, 123.85w/s, dev=1]          
language_model.model.layers.18.self_attn.q_proj.weight:  44%|████▍     | 540/1223 [00:04<00:05, 124.08w/s, dev=1]
language_model.model.layers.18.self_attn.q_proj_moe_gen.bias:  44%|████▍     | 541/1223 [00:04<00:05, 124.16w/s, dev=1]
language_model.model.layers.18.self_attn.q_proj_moe_gen.weight:  44%|████▍     | 542/1223 [00:04<00:05, 124.39w/s, dev=1]
language_model.model.layers.18.self_attn.v_proj.bias:  44%|████▍     | 543/1223 [00:04<00:05, 124.47w/s, dev=1]          
language_model.model.layers.18.self_attn.v_proj.weight:  44%|████▍     | 544/1223 [00:04<00:05, 124.70w/s, dev=1]
language_model.model.layers.18.self_attn.v_proj_moe_gen.bias:  45%|████▍     | 545/1223 [00:04<00:05, 124.90w/s, dev=1]
language_model.model.layers.18.self_attn.v_proj_moe_gen.weight:  45%|████▍     | 546/1223 [00:04<00:05, 125.13w/s, dev=1]
language_model.model.layers.19.input_layernorm.weight:  45%|████▍     | 547/1223 [00:04<00:05, 125.33w/s, dev=1]         
language_model.model.layers.19.input_layernorm_moe_gen.weight:  45%|████▍     | 548/1223 [00:04<00:05, 125.56w/s, dev=1]
language_model.model.layers.19.mlp.down_proj.weight:  45%|████▍     | 549/1223 [00:04<00:05, 125.78w/s, dev=1]          
language_model.model.layers.19.mlp.gate_proj.weight:  45%|████▍     | 550/1223 [00:04<00:05, 125.29w/s, dev=1]
language_model.model.layers.19.mlp.up_proj.weight:  45%|████▌     | 551/1223 [00:04<00:05, 124.79w/s, dev=1]  
language_model.model.layers.19.mlp_moe_gen.down_proj.weight:  45%|████▌     | 552/1223 [00:04<00:05, 124.30w/s, dev=1]
language_model.model.layers.19.mlp_moe_gen.gate_proj.weight:  45%|████▌     | 553/1223 [00:04<00:05, 123.82w/s, dev=1]
language_model.model.layers.19.mlp_moe_gen.up_proj.weight:  45%|████▌     | 554/1223 [00:04<00:05, 123.34w/s, dev=1]  
language_model.model.layers.19.post_attention_layernorm.weight:  45%|████▌     | 555/1223 [00:04<00:05, 122.87w/s, dev=1]
language_model.model.layers.19.post_attention_layernorm.weight:  45%|████▌     | 556/1223 [00:04<00:05, 123.09w/s, dev=1]
language_model.model.layers.19.post_attention_layernorm_moe_gen.weight:  45%|████▌     | 556/1223 [00:04<00:05, 123.09w/s, dev=1]
language_model.model.layers.19.self_attn.k_norm.weight:  46%|████▌     | 557/1223 [00:04<00:05, 123.31w/s, dev=1]                
language_model.model.layers.19.self_attn.k_norm_moe_gen.weight:  46%|████▌     | 558/1223 [00:04<00:05, 123.52w/s, dev=1]
language_model.model.layers.19.self_attn.k_proj.bias:  46%|████▌     | 559/1223 [00:04<00:05, 123.74w/s, dev=1]          
language_model.model.layers.19.self_attn.k_proj.weight:  46%|████▌     | 560/1223 [00:04<00:05, 123.96w/s, dev=1]
language_model.model.layers.19.self_attn.k_proj_moe_gen.bias:  46%|████▌     | 561/1223 [00:04<00:05, 124.15w/s, dev=1]
language_model.model.layers.19.self_attn.k_proj_moe_gen.weight:  46%|████▌     | 562/1223 [00:04<00:05, 124.37w/s, dev=1]
language_model.model.layers.19.self_attn.o_proj.weight:  46%|████▌     | 563/1223 [00:04<00:05, 124.57w/s, dev=1]        
language_model.model.layers.19.self_attn.o_proj_moe_gen.weight:  46%|████▌     | 564/1223 [00:04<00:05, 124.65w/s, dev=1]
language_model.model.layers.19.self_attn.q_norm.weight:  46%|████▌     | 565/1223 [00:04<00:05, 124.73w/s, dev=1]        
language_model.model.layers.19.self_attn.q_norm_moe_gen.weight:  46%|████▋     | 566/1223 [00:04<00:05, 124.94w/s, dev=1]
language_model.model.layers.19.self_attn.q_proj.bias:  46%|████▋     | 567/1223 [00:04<00:05, 125.16w/s, dev=1]          
language_model.model.layers.19.self_attn.q_proj.weight:  46%|████▋     | 568/1223 [00:04<00:05, 125.38w/s, dev=1]
language_model.model.layers.19.self_attn.q_proj_moe_gen.bias:  47%|████▋     | 569/1223 [00:04<00:05, 125.46w/s, dev=1]
language_model.model.layers.19.self_attn.q_proj_moe_gen.weight:  47%|████▋     | 570/1223 [00:04<00:05, 125.67w/s, dev=1]
language_model.model.layers.19.self_attn.v_proj.bias:  47%|████▋     | 571/1223 [00:04<00:05, 125.76w/s, dev=1]          
language_model.model.layers.19.self_attn.v_proj.weight:  47%|████▋     | 572/1223 [00:04<00:05, 125.97w/s, dev=1]
language_model.model.layers.19.self_attn.v_proj_moe_gen.bias:  47%|████▋     | 573/1223 [00:04<00:05, 126.17w/s, dev=1]
language_model.model.layers.19.self_attn.v_proj_moe_gen.weight:  47%|████▋     | 574/1223 [00:04<00:05, 126.38w/s, dev=1]
language_model.model.layers.20.input_layernorm.weight:  47%|████▋     | 575/1223 [00:05<00:05, 113.97w/s, dev=cpu]       
language_model.model.layers.20.input_layernorm_moe_gen.weight:  47%|████▋     | 576/1223 [00:05<00:05, 114.16w/s, dev=cpu]
language_model.model.layers.20.mlp.down_proj.weight:  47%|████▋     | 577/1223 [00:05<00:05, 114.35w/s, dev=cpu]          
language_model.model.layers.20.mlp.gate_proj.weight:  47%|████▋     | 578/1223 [00:05<00:05, 114.55w/s, dev=cpu]
language_model.model.layers.20.mlp.up_proj.weight:  47%|████▋     | 579/1223 [00:05<00:05, 114.74w/s, dev=cpu]  
language_model.model.layers.20.mlp_moe_gen.down_proj.weight:  47%|████▋     | 580/1223 [00:05<00:05, 114.94w/s, dev=cpu]
language_model.model.layers.20.mlp_moe_gen.gate_proj.weight:  48%|████▊     | 581/1223 [00:05<00:05, 115.14w/s, dev=cpu]
language_model.model.layers.20.mlp_moe_gen.up_proj.weight:  48%|████▊     | 582/1223 [00:05<00:05, 115.33w/s, dev=cpu]  
language_model.model.layers.20.post_attention_layernorm.weight:  48%|████▊     | 583/1223 [00:05<00:05, 115.53w/s, dev=cpu]
language_model.model.layers.20.post_attention_layernorm_moe_gen.weight:  48%|████▊     | 584/1223 [00:05<00:05, 115.72w/s, dev=cpu]
language_model.model.layers.20.self_attn.k_norm.weight:  48%|████▊     | 585/1223 [00:05<00:05, 115.92w/s, dev=cpu]                
language_model.model.layers.20.self_attn.k_norm_moe_gen.weight:  48%|████▊     | 586/1223 [00:05<00:05, 116.12w/s, dev=cpu]
language_model.model.layers.20.self_attn.k_proj.bias:  48%|████▊     | 587/1223 [00:05<00:05, 116.31w/s, dev=cpu]          
language_model.model.layers.20.self_attn.k_proj.weight:  48%|████▊     | 588/1223 [00:05<00:05, 116.51w/s, dev=cpu]
language_model.model.layers.20.self_attn.k_proj_moe_gen.bias:  48%|████▊     | 589/1223 [00:05<00:05, 116.70w/s, dev=cpu]
language_model.model.layers.20.self_attn.k_proj_moe_gen.weight:  48%|████▊     | 590/1223 [00:05<00:05, 116.90w/s, dev=cpu]
language_model.model.layers.20.self_attn.o_proj.weight:  48%|████▊     | 591/1223 [00:05<00:05, 117.10w/s, dev=cpu]        
language_model.model.layers.20.self_attn.o_proj.weight:  48%|████▊     | 592/1223 [00:05<00:05, 117.29w/s, dev=cpu]
language_model.model.layers.20.self_attn.o_proj_moe_gen.weight:  48%|████▊     | 592/1223 [00:05<00:05, 117.29w/s, dev=cpu]
language_model.model.layers.20.self_attn.q_norm.weight:  48%|████▊     | 593/1223 [00:05<00:05, 117.49w/s, dev=cpu]        
language_model.model.layers.20.self_attn.q_norm_moe_gen.weight:  49%|████▊     | 594/1223 [00:05<00:05, 117.68w/s, dev=cpu]
language_model.model.layers.20.self_attn.q_proj.bias:  49%|████▊     | 595/1223 [00:05<00:05, 117.88w/s, dev=cpu]          
language_model.model.layers.20.self_attn.q_proj.weight:  49%|████▊     | 596/1223 [00:05<00:05, 118.08w/s, dev=cpu]
language_model.model.layers.20.self_attn.q_proj_moe_gen.bias:  49%|████▉     | 597/1223 [00:05<00:05, 118.27w/s, dev=cpu]
language_model.model.layers.20.self_attn.q_proj_moe_gen.weight:  49%|████▉     | 598/1223 [00:05<00:05, 118.47w/s, dev=cpu]
language_model.model.layers.20.self_attn.v_proj.bias:  49%|████▉     | 599/1223 [00:05<00:05, 118.66w/s, dev=cpu]          
language_model.model.layers.20.self_attn.v_proj.weight:  49%|████▉     | 600/1223 [00:05<00:05, 118.86w/s, dev=cpu]
language_model.model.layers.20.self_attn.v_proj_moe_gen.bias:  49%|████▉     | 601/1223 [00:05<00:05, 119.06w/s, dev=cpu]
language_model.model.layers.20.self_attn.v_proj_moe_gen.weight:  49%|████▉     | 602/1223 [00:05<00:05, 119.25w/s, dev=cpu]
language_model.model.layers.21.input_layernorm.weight:  49%|████▉     | 603/1223 [00:05<00:05, 119.45w/s, dev=cpu]         
language_model.model.layers.21.input_layernorm_moe_gen.weight:  49%|████▉     | 604/1223 [00:05<00:05, 119.65w/s, dev=cpu]
language_model.model.layers.21.mlp.down_proj.weight:  49%|████▉     | 605/1223 [00:05<00:05, 119.84w/s, dev=cpu]          
language_model.model.layers.21.mlp.gate_proj.weight:  50%|████▉     | 606/1223 [00:05<00:05, 120.04w/s, dev=cpu]
language_model.model.layers.21.mlp.up_proj.weight:  50%|████▉     | 607/1223 [00:05<00:05, 120.23w/s, dev=cpu]  
language_model.model.layers.21.mlp_moe_gen.down_proj.weight:  50%|████▉     | 608/1223 [00:05<00:05, 120.43w/s, dev=cpu]
language_model.model.layers.21.mlp_moe_gen.gate_proj.weight:  50%|████▉     | 609/1223 [00:05<00:05, 120.62w/s, dev=cpu]
language_model.model.layers.21.mlp_moe_gen.up_proj.weight:  50%|████▉     | 610/1223 [00:05<00:05, 120.82w/s, dev=cpu]  
language_model.model.layers.21.post_attention_layernorm.weight:  50%|████▉     | 611/1223 [00:05<00:05, 121.02w/s, dev=cpu]
language_model.model.layers.21.post_attention_layernorm_moe_gen.weight:  50%|█████     | 612/1223 [00:05<00:05, 121.21w/s, dev=cpu]
language_model.model.layers.21.self_attn.k_norm.weight:  50%|█████     | 613/1223 [00:05<00:05, 121.41w/s, dev=cpu]                
language_model.model.layers.21.self_attn.k_norm_moe_gen.weight:  50%|█████     | 614/1223 [00:05<00:05, 121.60w/s, dev=cpu]
language_model.model.layers.21.self_attn.k_proj.bias:  50%|█████     | 615/1223 [00:05<00:04, 121.80w/s, dev=cpu]          
language_model.model.layers.21.self_attn.k_proj.weight:  50%|█████     | 616/1223 [00:05<00:04, 122.00w/s, dev=cpu]
language_model.model.layers.21.self_attn.k_proj_moe_gen.bias:  50%|█████     | 617/1223 [00:05<00:04, 122.19w/s, dev=cpu]
language_model.model.layers.21.self_attn.k_proj_moe_gen.weight:  51%|█████     | 618/1223 [00:05<00:04, 122.39w/s, dev=cpu]
language_model.model.layers.21.self_attn.o_proj.weight:  51%|█████     | 619/1223 [00:05<00:04, 122.59w/s, dev=cpu]        
language_model.model.layers.21.self_attn.o_proj_moe_gen.weight:  51%|█████     | 620/1223 [00:05<00:04, 122.78w/s, dev=cpu]
language_model.model.layers.21.self_attn.q_norm.weight:  51%|█████     | 621/1223 [00:05<00:04, 122.98w/s, dev=cpu]        
language_model.model.layers.21.self_attn.q_norm_moe_gen.weight:  51%|█████     | 622/1223 [00:05<00:04, 123.17w/s, dev=cpu]
language_model.model.layers.21.self_attn.q_proj.bias:  51%|█████     | 623/1223 [00:05<00:04, 123.37w/s, dev=cpu]          
language_model.model.layers.21.self_attn.q_proj.weight:  51%|█████     | 624/1223 [00:05<00:04, 123.57w/s, dev=cpu]
language_model.model.layers.21.self_attn.q_proj_moe_gen.bias:  51%|█████     | 625/1223 [00:05<00:04, 123.76w/s, dev=cpu]
language_model.model.layers.21.self_attn.q_proj_moe_gen.weight:  51%|█████     | 626/1223 [00:05<00:04, 123.96w/s, dev=cpu]
language_model.model.layers.21.self_attn.v_proj.bias:  51%|█████▏    | 627/1223 [00:05<00:04, 124.15w/s, dev=cpu]          
language_model.model.layers.21.self_attn.v_proj.weight:  51%|█████▏    | 628/1223 [00:05<00:04, 124.35w/s, dev=cpu]
language_model.model.layers.21.self_attn.v_proj_moe_gen.bias:  51%|█████▏    | 629/1223 [00:05<00:04, 124.55w/s, dev=cpu]
language_model.model.layers.21.self_attn.v_proj_moe_gen.weight:  52%|█████▏    | 630/1223 [00:05<00:04, 124.74w/s, dev=cpu]
language_model.model.layers.22.input_layernorm.weight:  52%|█████▏    | 631/1223 [00:05<00:04, 124.94w/s, dev=cpu]         
language_model.model.layers.22.input_layernorm_moe_gen.weight:  52%|█████▏    | 632/1223 [00:05<00:04, 125.13w/s, dev=cpu]
language_model.model.layers.22.mlp.down_proj.weight:  52%|█████▏    | 633/1223 [00:05<00:04, 125.33w/s, dev=cpu]          
language_model.model.layers.22.mlp.gate_proj.weight:  52%|█████▏    | 634/1223 [00:05<00:04, 125.53w/s, dev=cpu]
language_model.model.layers.22.mlp.up_proj.weight:  52%|█████▏    | 635/1223 [00:05<00:04, 125.72w/s, dev=cpu]  
language_model.model.layers.22.mlp_moe_gen.down_proj.weight:  52%|█████▏    | 636/1223 [00:05<00:04, 125.92w/s, dev=cpu]
language_model.model.layers.22.mlp_moe_gen.gate_proj.weight:  52%|█████▏    | 637/1223 [00:05<00:04, 126.11w/s, dev=cpu]
language_model.model.layers.22.mlp_moe_gen.up_proj.weight:  52%|█████▏    | 638/1223 [00:05<00:04, 126.31w/s, dev=cpu]  
language_model.model.layers.22.post_attention_layernorm.weight:  52%|█████▏    | 639/1223 [00:05<00:04, 126.50w/s, dev=cpu]
language_model.model.layers.22.post_attention_layernorm_moe_gen.weight:  52%|█████▏    | 640/1223 [00:05<00:04, 126.70w/s, dev=cpu]
language_model.model.layers.22.self_attn.k_norm.weight:  52%|█████▏    | 641/1223 [00:05<00:04, 126.90w/s, dev=cpu]                
language_model.model.layers.22.self_attn.k_norm_moe_gen.weight:  52%|█████▏    | 642/1223 [00:05<00:04, 127.09w/s, dev=cpu]
language_model.model.layers.22.self_attn.k_proj.bias:  53%|█████▎    | 643/1223 [00:05<00:04, 127.29w/s, dev=cpu]          
language_model.model.layers.22.self_attn.k_proj.weight:  53%|█████▎    | 644/1223 [00:05<00:04, 127.48w/s, dev=cpu]
language_model.model.layers.22.self_attn.k_proj_moe_gen.bias:  53%|█████▎    | 645/1223 [00:05<00:04, 127.68w/s, dev=cpu]
language_model.model.layers.22.self_attn.k_proj_moe_gen.weight:  53%|█████▎    | 646/1223 [00:05<00:04, 127.88w/s, dev=cpu]
language_model.model.layers.22.self_attn.o_proj.weight:  53%|█████▎    | 647/1223 [00:05<00:04, 128.07w/s, dev=cpu]        
language_model.model.layers.22.self_attn.o_proj_moe_gen.weight:  53%|█████▎    | 648/1223 [00:05<00:04, 128.27w/s, dev=cpu]
language_model.model.layers.22.self_attn.q_norm.weight:  53%|█████▎    | 649/1223 [00:05<00:04, 128.46w/s, dev=cpu]        
language_model.model.layers.22.self_attn.q_norm_moe_gen.weight:  53%|█████▎    | 650/1223 [00:05<00:04, 128.66w/s, dev=cpu]
language_model.model.layers.22.self_attn.q_proj.bias:  53%|█████▎    | 651/1223 [00:05<00:04, 128.86w/s, dev=cpu]          
language_model.model.layers.22.self_attn.q_proj.weight:  53%|█████▎    | 652/1223 [00:05<00:04, 129.05w/s, dev=cpu]
language_model.model.layers.22.self_attn.q_proj_moe_gen.bias:  53%|█████▎    | 653/1223 [00:05<00:04, 129.25w/s, dev=cpu]
language_model.model.layers.22.self_attn.q_proj_moe_gen.weight:  53%|█████▎    | 654/1223 [00:05<00:04, 129.44w/s, dev=cpu]
language_model.model.layers.22.self_attn.v_proj.bias:  54%|█████▎    | 655/1223 [00:05<00:04, 129.64w/s, dev=cpu]          
language_model.model.layers.22.self_attn.v_proj.weight:  54%|█████▎    | 656/1223 [00:05<00:04, 129.84w/s, dev=cpu]
language_model.model.layers.22.self_attn.v_proj_moe_gen.bias:  54%|█████▎    | 657/1223 [00:05<00:04, 130.03w/s, dev=cpu]
language_model.model.layers.22.self_attn.v_proj_moe_gen.weight:  54%|█████▍    | 658/1223 [00:05<00:04, 130.23w/s, dev=cpu]
language_model.model.layers.23.input_layernorm.weight:  54%|█████▍    | 659/1223 [00:05<00:04, 130.42w/s, dev=cpu]         
language_model.model.layers.23.input_layernorm_moe_gen.weight:  54%|█████▍    | 660/1223 [00:05<00:04, 130.62w/s, dev=cpu]
language_model.model.layers.23.mlp.down_proj.weight:  54%|█████▍    | 661/1223 [00:05<00:04, 130.81w/s, dev=cpu]          
language_model.model.layers.23.mlp.gate_proj.weight:  54%|█████▍    | 662/1223 [00:05<00:04, 131.01w/s, dev=cpu]
language_model.model.layers.23.mlp.up_proj.weight:  54%|█████▍    | 663/1223 [00:05<00:04, 131.21w/s, dev=cpu]  
language_model.model.layers.23.mlp_moe_gen.down_proj.weight:  54%|█████▍    | 664/1223 [00:05<00:04, 131.40w/s, dev=cpu]
language_model.model.layers.23.mlp_moe_gen.gate_proj.weight:  54%|█████▍    | 665/1223 [00:05<00:04, 131.60w/s, dev=cpu]
language_model.model.layers.23.mlp_moe_gen.up_proj.weight:  54%|█████▍    | 666/1223 [00:05<00:04, 131.79w/s, dev=cpu]  
language_model.model.layers.23.post_attention_layernorm.weight:  55%|█████▍    | 667/1223 [00:05<00:04, 131.99w/s, dev=cpu]
language_model.model.layers.23.post_attention_layernorm_moe_gen.weight:  55%|█████▍    | 668/1223 [00:05<00:04, 132.18w/s, dev=cpu]
language_model.model.layers.23.self_attn.k_norm.weight:  55%|█████▍    | 669/1223 [00:05<00:04, 132.38w/s, dev=cpu]                
language_model.model.layers.23.self_attn.k_norm_moe_gen.weight:  55%|█████▍    | 670/1223 [00:05<00:04, 132.57w/s, dev=cpu]
language_model.model.layers.23.self_attn.k_proj.bias:  55%|█████▍    | 671/1223 [00:05<00:04, 132.77w/s, dev=cpu]          
language_model.model.layers.23.self_attn.k_proj.weight:  55%|█████▍    | 672/1223 [00:05<00:04, 132.97w/s, dev=cpu]
language_model.model.layers.23.self_attn.k_proj_moe_gen.bias:  55%|█████▌    | 673/1223 [00:05<00:04, 133.16w/s, dev=cpu]
language_model.model.layers.23.self_attn.k_proj_moe_gen.weight:  55%|█████▌    | 674/1223 [00:05<00:04, 133.36w/s, dev=cpu]
language_model.model.layers.23.self_attn.o_proj.weight:  55%|█████▌    | 675/1223 [00:05<00:04, 133.55w/s, dev=cpu]        
language_model.model.layers.23.self_attn.o_proj_moe_gen.weight:  55%|█████▌    | 676/1223 [00:05<00:04, 133.75w/s, dev=cpu]
language_model.model.layers.23.self_attn.q_norm.weight:  55%|█████▌    | 677/1223 [00:05<00:04, 133.94w/s, dev=cpu]        
language_model.model.layers.23.self_attn.q_norm_moe_gen.weight:  55%|█████▌    | 678/1223 [00:05<00:04, 134.14w/s, dev=cpu]
language_model.model.layers.23.self_attn.q_proj.bias:  56%|█████▌    | 679/1223 [00:05<00:04, 134.34w/s, dev=cpu]          
language_model.model.layers.23.self_attn.q_proj.weight:  56%|█████▌    | 680/1223 [00:05<00:04, 134.53w/s, dev=cpu]
language_model.model.layers.23.self_attn.q_proj_moe_gen.bias:  56%|█████▌    | 681/1223 [00:05<00:04, 134.73w/s, dev=cpu]
language_model.model.layers.23.self_attn.q_proj_moe_gen.weight:  56%|█████▌    | 682/1223 [00:05<00:04, 134.92w/s, dev=cpu]
language_model.model.layers.23.self_attn.v_proj.bias:  56%|█████▌    | 683/1223 [00:05<00:03, 135.12w/s, dev=cpu]          
language_model.model.layers.23.self_attn.v_proj.weight:  56%|█████▌    | 684/1223 [00:05<00:03, 135.31w/s, dev=cpu]
language_model.model.layers.23.self_attn.v_proj_moe_gen.bias:  56%|█████▌    | 685/1223 [00:05<00:03, 135.51w/s, dev=cpu]
language_model.model.layers.23.self_attn.v_proj_moe_gen.weight:  56%|█████▌    | 686/1223 [00:05<00:03, 135.71w/s, dev=cpu]
language_model.model.layers.24.input_layernorm.weight:  56%|█████▌    | 687/1223 [00:05<00:03, 135.90w/s, dev=cpu]         
language_model.model.layers.24.input_layernorm_moe_gen.weight:  56%|█████▋    | 688/1223 [00:05<00:03, 136.10w/s, dev=cpu]
language_model.model.layers.24.mlp.down_proj.weight:  56%|█████▋    | 689/1223 [00:05<00:03, 136.29w/s, dev=cpu]          
language_model.model.layers.24.mlp.gate_proj.weight:  56%|█████▋    | 690/1223 [00:05<00:03, 136.49w/s, dev=cpu]
language_model.model.layers.24.mlp.up_proj.weight:  57%|█████▋    | 691/1223 [00:05<00:03, 136.68w/s, dev=cpu]  
language_model.model.layers.24.mlp_moe_gen.down_proj.weight:  57%|█████▋    | 692/1223 [00:05<00:03, 136.88w/s, dev=cpu]
language_model.model.layers.24.mlp_moe_gen.gate_proj.weight:  57%|█████▋    | 693/1223 [00:05<00:03, 137.07w/s, dev=cpu]
language_model.model.layers.24.mlp_moe_gen.up_proj.weight:  57%|█████▋    | 694/1223 [00:05<00:03, 137.27w/s, dev=cpu]  
language_model.model.layers.24.post_attention_layernorm.weight:  57%|█████▋    | 695/1223 [00:05<00:03, 137.46w/s, dev=cpu]
language_model.model.layers.24.post_attention_layernorm_moe_gen.weight:  57%|█████▋    | 696/1223 [00:05<00:03, 137.66w/s, dev=cpu]
language_model.model.layers.24.self_attn.k_norm.weight:  57%|█████▋    | 697/1223 [00:05<00:03, 137.86w/s, dev=cpu]                
language_model.model.layers.24.self_attn.k_norm_moe_gen.weight:  57%|█████▋    | 698/1223 [00:05<00:03, 138.05w/s, dev=cpu]
language_model.model.layers.24.self_attn.k_proj.bias:  57%|█████▋    | 699/1223 [00:05<00:03, 138.25w/s, dev=cpu]          
language_model.model.layers.24.self_attn.k_proj.weight:  57%|█████▋    | 700/1223 [00:05<00:03, 138.44w/s, dev=cpu]
language_model.model.layers.24.self_attn.k_proj_moe_gen.bias:  57%|█████▋    | 701/1223 [00:05<00:03, 138.64w/s, dev=cpu]
language_model.model.layers.24.self_attn.k_proj_moe_gen.weight:  57%|█████▋    | 702/1223 [00:05<00:03, 138.83w/s, dev=cpu]
language_model.model.layers.24.self_attn.o_proj.weight:  57%|█████▋    | 703/1223 [00:05<00:03, 139.03w/s, dev=cpu]        
language_model.model.layers.24.self_attn.o_proj_moe_gen.weight:  58%|█████▊    | 704/1223 [00:05<00:03, 139.22w/s, dev=cpu]
language_model.model.layers.24.self_attn.q_norm.weight:  58%|█████▊    | 705/1223 [00:05<00:03, 139.42w/s, dev=cpu]        
language_model.model.layers.24.self_attn.q_norm_moe_gen.weight:  58%|█████▊    | 706/1223 [00:05<00:03, 139.61w/s, dev=cpu]
language_model.model.layers.24.self_attn.q_proj.bias:  58%|█████▊    | 707/1223 [00:05<00:03, 139.81w/s, dev=cpu]          
language_model.model.layers.24.self_attn.q_proj.weight:  58%|█████▊    | 708/1223 [00:05<00:03, 140.01w/s, dev=cpu]
language_model.model.layers.24.self_attn.q_proj_moe_gen.bias:  58%|█████▊    | 709/1223 [00:05<00:03, 140.20w/s, dev=cpu]
language_model.model.layers.24.self_attn.q_proj_moe_gen.weight:  58%|█████▊    | 710/1223 [00:05<00:03, 140.40w/s, dev=cpu]
language_model.model.layers.24.self_attn.v_proj.bias:  58%|█████▊    | 711/1223 [00:05<00:03, 140.59w/s, dev=cpu]          
language_model.model.layers.24.self_attn.v_proj.weight:  58%|█████▊    | 712/1223 [00:05<00:03, 140.79w/s, dev=cpu]
language_model.model.layers.24.self_attn.v_proj_moe_gen.bias:  58%|█████▊    | 713/1223 [00:05<00:03, 140.98w/s, dev=cpu]
language_model.model.layers.24.self_attn.v_proj_moe_gen.weight:  58%|█████▊    | 714/1223 [00:05<00:03, 141.18w/s, dev=cpu]
language_model.model.layers.25.input_layernorm.weight:  58%|█████▊    | 715/1223 [00:05<00:03, 141.37w/s, dev=cpu]         
language_model.model.layers.25.input_layernorm_moe_gen.weight:  59%|█████▊    | 716/1223 [00:05<00:03, 141.57w/s, dev=cpu]
language_model.model.layers.25.mlp.down_proj.weight:  59%|█████▊    | 717/1223 [00:05<00:03, 141.77w/s, dev=cpu]          
language_model.model.layers.25.mlp.gate_proj.weight:  59%|█████▊    | 718/1223 [00:05<00:03, 141.96w/s, dev=cpu]
language_model.model.layers.25.mlp.up_proj.weight:  59%|█████▉    | 719/1223 [00:05<00:03, 142.16w/s, dev=cpu]  
language_model.model.layers.25.mlp_moe_gen.down_proj.weight:  59%|█████▉    | 720/1223 [00:05<00:03, 142.35w/s, dev=cpu]
language_model.model.layers.25.mlp_moe_gen.gate_proj.weight:  59%|█████▉    | 721/1223 [00:05<00:03, 142.55w/s, dev=cpu]
language_model.model.layers.25.mlp_moe_gen.up_proj.weight:  59%|█████▉    | 722/1223 [00:05<00:03, 142.74w/s, dev=cpu]  
language_model.model.layers.25.post_attention_layernorm.weight:  59%|█████▉    | 723/1223 [00:05<00:03, 142.94w/s, dev=cpu]
language_model.model.layers.25.post_attention_layernorm_moe_gen.weight:  59%|█████▉    | 724/1223 [00:05<00:03, 143.13w/s, dev=cpu]
language_model.model.layers.25.self_attn.k_norm.weight:  59%|█████▉    | 725/1223 [00:05<00:03, 143.33w/s, dev=cpu]                
language_model.model.layers.25.self_attn.k_norm_moe_gen.weight:  59%|█████▉    | 726/1223 [00:05<00:03, 143.52w/s, dev=cpu]
language_model.model.layers.25.self_attn.k_proj.bias:  59%|█████▉    | 727/1223 [00:05<00:03, 143.72w/s, dev=cpu]          
language_model.model.layers.25.self_attn.k_proj.weight:  60%|█████▉    | 728/1223 [00:05<00:03, 143.91w/s, dev=cpu]
language_model.model.layers.25.self_attn.k_proj_moe_gen.bias:  60%|█████▉    | 729/1223 [00:05<00:03, 144.11w/s, dev=cpu]
language_model.model.layers.25.self_attn.k_proj_moe_gen.weight:  60%|█████▉    | 730/1223 [00:05<00:03, 144.30w/s, dev=cpu]
language_model.model.layers.25.self_attn.o_proj.weight:  60%|█████▉    | 731/1223 [00:05<00:03, 144.50w/s, dev=cpu]        
language_model.model.layers.25.self_attn.o_proj_moe_gen.weight:  60%|█████▉    | 732/1223 [00:05<00:03, 144.69w/s, dev=cpu]
language_model.model.layers.25.self_attn.q_norm.weight:  60%|█████▉    | 733/1223 [00:05<00:03, 144.89w/s, dev=cpu]        
language_model.model.layers.25.self_attn.q_norm_moe_gen.weight:  60%|██████    | 734/1223 [00:05<00:03, 145.09w/s, dev=cpu]
language_model.model.layers.25.self_attn.q_proj.bias:  60%|██████    | 735/1223 [00:05<00:03, 145.28w/s, dev=cpu]          
language_model.model.layers.25.self_attn.q_proj.weight:  60%|██████    | 736/1223 [00:05<00:03, 145.48w/s, dev=cpu]
language_model.model.layers.25.self_attn.q_proj_moe_gen.bias:  60%|██████    | 737/1223 [00:05<00:03, 145.67w/s, dev=cpu]
language_model.model.layers.25.self_attn.q_proj_moe_gen.weight:  60%|██████    | 738/1223 [00:05<00:03, 145.87w/s, dev=cpu]
language_model.model.layers.25.self_attn.v_proj.bias:  60%|██████    | 739/1223 [00:05<00:03, 146.06w/s, dev=cpu]          
language_model.model.layers.25.self_attn.v_proj.weight:  61%|██████    | 740/1223 [00:05<00:03, 146.26w/s, dev=cpu]
language_model.model.layers.25.self_attn.v_proj_moe_gen.bias:  61%|██████    | 741/1223 [00:05<00:03, 146.45w/s, dev=cpu]
language_model.model.layers.25.self_attn.v_proj_moe_gen.weight:  61%|██████    | 742/1223 [00:05<00:03, 146.65w/s, dev=cpu]
language_model.model.layers.26.input_layernorm.weight:  61%|██████    | 743/1223 [00:05<00:03, 146.84w/s, dev=cpu]         
language_model.model.layers.26.input_layernorm_moe_gen.weight:  61%|██████    | 744/1223 [00:05<00:03, 147.04w/s, dev=cpu]
language_model.model.layers.26.mlp.down_proj.weight:  61%|██████    | 745/1223 [00:05<00:03, 147.23w/s, dev=cpu]          
language_model.model.layers.26.mlp.gate_proj.weight:  61%|██████    | 746/1223 [00:05<00:03, 147.43w/s, dev=cpu]
language_model.model.layers.26.mlp.up_proj.weight:  61%|██████    | 747/1223 [00:05<00:03, 147.62w/s, dev=cpu]  
language_model.model.layers.26.mlp_moe_gen.down_proj.weight:  61%|██████    | 748/1223 [00:05<00:03, 147.82w/s, dev=cpu]
language_model.model.layers.26.mlp_moe_gen.gate_proj.weight:  61%|██████    | 749/1223 [00:05<00:03, 148.01w/s, dev=cpu]
language_model.model.layers.26.mlp_moe_gen.up_proj.weight:  61%|██████▏   | 750/1223 [00:05<00:03, 148.21w/s, dev=cpu]  
language_model.model.layers.26.post_attention_layernorm.weight:  61%|██████▏   | 751/1223 [00:05<00:03, 148.40w/s, dev=cpu]
language_model.model.layers.26.post_attention_layernorm_moe_gen.weight:  61%|██████▏   | 752/1223 [00:05<00:03, 148.60w/s, dev=cpu]
language_model.model.layers.26.self_attn.k_norm.weight:  62%|██████▏   | 753/1223 [00:05<00:03, 148.79w/s, dev=cpu]                
language_model.model.layers.26.self_attn.k_norm_moe_gen.weight:  62%|██████▏   | 754/1223 [00:05<00:03, 148.99w/s, dev=cpu]
language_model.model.layers.26.self_attn.k_proj.bias:  62%|██████▏   | 755/1223 [00:05<00:03, 149.18w/s, dev=cpu]          
language_model.model.layers.26.self_attn.k_proj.weight:  62%|██████▏   | 756/1223 [00:05<00:03, 149.38w/s, dev=cpu]
language_model.model.layers.26.self_attn.k_proj_moe_gen.bias:  62%|██████▏   | 757/1223 [00:05<00:03, 149.57w/s, dev=cpu]
language_model.model.layers.26.self_attn.k_proj_moe_gen.weight:  62%|██████▏   | 758/1223 [00:05<00:03, 149.77w/s, dev=cpu]
language_model.model.layers.26.self_attn.o_proj.weight:  62%|██████▏   | 759/1223 [00:05<00:03, 149.97w/s, dev=cpu]        
language_model.model.layers.26.self_attn.o_proj_moe_gen.weight:  62%|██████▏   | 760/1223 [00:05<00:03, 150.16w/s, dev=cpu]
language_model.model.layers.26.self_attn.q_norm.weight:  62%|██████▏   | 761/1223 [00:05<00:03, 150.36w/s, dev=cpu]        
language_model.model.layers.26.self_attn.q_norm_moe_gen.weight:  62%|██████▏   | 762/1223 [00:05<00:03, 150.55w/s, dev=cpu]
language_model.model.layers.26.self_attn.q_proj.bias:  62%|██████▏   | 763/1223 [00:05<00:03, 150.75w/s, dev=cpu]          
language_model.model.layers.26.self_attn.q_proj.weight:  62%|██████▏   | 764/1223 [00:05<00:03, 150.94w/s, dev=cpu]
language_model.model.layers.26.self_attn.q_proj_moe_gen.bias:  63%|██████▎   | 765/1223 [00:05<00:03, 151.14w/s, dev=cpu]
language_model.model.layers.26.self_attn.q_proj_moe_gen.weight:  63%|██████▎   | 766/1223 [00:05<00:03, 151.33w/s, dev=cpu]
language_model.model.layers.26.self_attn.v_proj.bias:  63%|██████▎   | 767/1223 [00:05<00:03, 151.53w/s, dev=cpu]          
language_model.model.layers.26.self_attn.v_proj.weight:  63%|██████▎   | 768/1223 [00:05<00:02, 151.72w/s, dev=cpu]
language_model.model.layers.26.self_attn.v_proj_moe_gen.bias:  63%|██████▎   | 769/1223 [00:05<00:02, 151.92w/s, dev=cpu]
language_model.model.layers.26.self_attn.v_proj_moe_gen.weight:  63%|██████▎   | 770/1223 [00:05<00:02, 152.11w/s, dev=cpu]
language_model.model.layers.27.input_layernorm.weight:  63%|██████▎   | 771/1223 [00:05<00:02, 152.31w/s, dev=cpu]         
language_model.model.layers.27.input_layernorm_moe_gen.weight:  63%|██████▎   | 772/1223 [00:05<00:02, 152.50w/s, dev=cpu]
language_model.model.layers.27.mlp.down_proj.weight:  63%|██████▎   | 773/1223 [00:05<00:02, 152.70w/s, dev=cpu]          
language_model.model.layers.27.mlp.gate_proj.weight:  63%|██████▎   | 774/1223 [00:05<00:02, 152.89w/s, dev=cpu]
language_model.model.layers.27.mlp.up_proj.weight:  63%|██████▎   | 775/1223 [00:05<00:02, 153.09w/s, dev=cpu]  
language_model.model.layers.27.mlp_moe_gen.down_proj.weight:  63%|██████▎   | 776/1223 [00:05<00:02, 153.28w/s, dev=cpu]
language_model.model.layers.27.mlp_moe_gen.gate_proj.weight:  64%|██████▎   | 777/1223 [00:05<00:02, 153.48w/s, dev=cpu]
language_model.model.layers.27.mlp_moe_gen.up_proj.weight:  64%|██████▎   | 778/1223 [00:05<00:02, 153.67w/s, dev=cpu]  
language_model.model.layers.27.post_attention_layernorm.weight:  64%|██████▎   | 779/1223 [00:05<00:02, 153.87w/s, dev=cpu]
language_model.model.layers.27.post_attention_layernorm_moe_gen.weight:  64%|██████▍   | 780/1223 [00:05<00:02, 154.06w/s, dev=cpu]
language_model.model.layers.27.self_attn.k_norm.weight:  64%|██████▍   | 781/1223 [00:05<00:02, 154.26w/s, dev=cpu]                
language_model.model.layers.27.self_attn.k_norm_moe_gen.weight:  64%|██████▍   | 782/1223 [00:05<00:02, 154.45w/s, dev=cpu]
language_model.model.layers.27.self_attn.k_proj.bias:  64%|██████▍   | 783/1223 [00:05<00:02, 154.65w/s, dev=cpu]          
language_model.model.layers.27.self_attn.k_proj.weight:  64%|██████▍   | 784/1223 [00:05<00:02, 154.84w/s, dev=cpu]
language_model.model.layers.27.self_attn.k_proj_moe_gen.bias:  64%|██████▍   | 785/1223 [00:05<00:02, 155.04w/s, dev=cpu]
language_model.model.layers.27.self_attn.k_proj_moe_gen.weight:  64%|██████▍   | 786/1223 [00:05<00:02, 155.23w/s, dev=cpu]
language_model.model.layers.27.self_attn.o_proj.weight:  64%|██████▍   | 787/1223 [00:05<00:02, 155.43w/s, dev=cpu]        
language_model.model.layers.27.self_attn.o_proj_moe_gen.weight:  64%|██████▍   | 788/1223 [00:05<00:02, 155.62w/s, dev=cpu]
language_model.model.layers.27.self_attn.q_norm.weight:  65%|██████▍   | 789/1223 [00:05<00:02, 155.82w/s, dev=cpu]        
language_model.model.layers.27.self_attn.q_norm_moe_gen.weight:  65%|██████▍   | 790/1223 [00:05<00:02, 156.01w/s, dev=cpu]
language_model.model.layers.27.self_attn.q_proj.bias:  65%|██████▍   | 791/1223 [00:05<00:02, 156.21w/s, dev=cpu]          
language_model.model.layers.27.self_attn.q_proj.weight:  65%|██████▍   | 792/1223 [00:05<00:02, 156.40w/s, dev=cpu]
language_model.model.layers.27.self_attn.q_proj_moe_gen.bias:  65%|██████▍   | 793/1223 [00:05<00:02, 156.60w/s, dev=cpu]
language_model.model.layers.27.self_attn.q_proj_moe_gen.weight:  65%|██████▍   | 794/1223 [00:05<00:02, 156.79w/s, dev=cpu]
language_model.model.layers.27.self_attn.v_proj.bias:  65%|██████▌   | 795/1223 [00:05<00:02, 156.99w/s, dev=cpu]          
language_model.model.layers.27.self_attn.v_proj.weight:  65%|██████▌   | 796/1223 [00:05<00:02, 157.18w/s, dev=cpu]
language_model.model.layers.27.self_attn.v_proj_moe_gen.bias:  65%|██████▌   | 797/1223 [00:05<00:02, 157.38w/s, dev=cpu]
language_model.model.layers.27.self_attn.v_proj_moe_gen.weight:  65%|██████▌   | 798/1223 [00:05<00:02, 157.57w/s, dev=cpu]
language_model.model.norm.weight:  65%|██████▌   | 799/1223 [00:05<00:02, 157.77w/s, dev=cpu]                              
language_model.model.norm_moe_gen.weight:  65%|██████▌   | 800/1223 [00:05<00:02, 157.96w/s, dev=cpu]
language_model.lm_head.weight:  65%|██████▌   | 801/1223 [00:05<00:02, 158.16w/s, dev=cpu]           
vit_model.vision_model.embeddings.patch_embedding.bias:  66%|██████▌   | 802/1223 [00:05<00:02, 158.35w/s, dev=cpu]
vit_model.vision_model.embeddings.patch_embedding.weight:  66%|██████▌   | 803/1223 [00:05<00:02, 158.55w/s, dev=cpu]
vit_model.vision_model.embeddings.position_embedding.weight:  66%|██████▌   | 804/1223 [00:05<00:02, 158.74w/s, dev=cpu]
vit_model.vision_model.encoder.layers.0.layer_norm1.bias:  66%|██████▌   | 805/1223 [00:05<00:02, 158.94w/s, dev=cpu]   
vit_model.vision_model.encoder.layers.0.layer_norm1.weight:  66%|██████▌   | 806/1223 [00:05<00:02, 159.13w/s, dev=cpu]
vit_model.vision_model.encoder.layers.0.layer_norm2.bias:  66%|██████▌   | 807/1223 [00:05<00:02, 159.33w/s, dev=cpu]  
vit_model.vision_model.encoder.layers.0.layer_norm2.weight:  66%|██████▌   | 808/1223 [00:05<00:02, 159.52w/s, dev=cpu]
vit_model.vision_model.encoder.layers.0.mlp.fc1.bias:  66%|██████▌   | 809/1223 [00:05<00:02, 159.72w/s, dev=cpu]      
vit_model.vision_model.encoder.layers.0.mlp.fc1.weight:  66%|██████▌   | 810/1223 [00:05<00:02, 159.91w/s, dev=cpu]
vit_model.vision_model.encoder.layers.0.mlp.fc2.bias:  66%|██████▋   | 811/1223 [00:05<00:02, 160.11w/s, dev=cpu]  
vit_model.vision_model.encoder.layers.0.mlp.fc2.weight:  66%|██████▋   | 812/1223 [00:05<00:02, 160.30w/s, dev=cpu]
vit_model.vision_model.encoder.layers.0.self_attn.k_proj.bias:  66%|██████▋   | 813/1223 [00:05<00:02, 160.50w/s, dev=cpu]
vit_model.vision_model.encoder.layers.0.self_attn.k_proj.weight:  67%|██████▋   | 814/1223 [00:05<00:02, 160.69w/s, dev=cpu]
vit_model.vision_model.encoder.layers.0.self_attn.out_proj.bias:  67%|██████▋   | 815/1223 [00:05<00:02, 160.88w/s, dev=cpu]
vit_model.vision_model.encoder.layers.0.self_attn.out_proj.weight:  67%|██████▋   | 816/1223 [00:05<00:02, 161.08w/s, dev=cpu]
vit_model.vision_model.encoder.layers.0.self_attn.q_proj.bias:  67%|██████▋   | 817/1223 [00:05<00:02, 161.27w/s, dev=cpu]    
vit_model.vision_model.encoder.layers.0.self_attn.q_proj.weight:  67%|██████▋   | 818/1223 [00:05<00:02, 161.47w/s, dev=cpu]
vit_model.vision_model.encoder.layers.0.self_attn.v_proj.bias:  67%|██████▋   | 819/1223 [00:05<00:02, 161.66w/s, dev=cpu]  
vit_model.vision_model.encoder.layers.0.self_attn.v_proj.weight:  67%|██████▋   | 820/1223 [00:05<00:02, 161.86w/s, dev=cpu]
vit_model.vision_model.encoder.layers.1.layer_norm1.bias:  67%|██████▋   | 821/1223 [00:05<00:02, 162.05w/s, dev=cpu]       
vit_model.vision_model.encoder.layers.1.layer_norm1.weight:  67%|██████▋   | 822/1223 [00:05<00:02, 162.25w/s, dev=cpu]
vit_model.vision_model.encoder.layers.1.layer_norm2.bias:  67%|██████▋   | 823/1223 [00:05<00:02, 162.44w/s, dev=cpu]  
vit_model.vision_model.encoder.layers.1.layer_norm2.weight:  67%|██████▋   | 824/1223 [00:05<00:02, 162.64w/s, dev=cpu]
vit_model.vision_model.encoder.layers.1.mlp.fc1.bias:  67%|██████▋   | 825/1223 [00:05<00:02, 162.83w/s, dev=cpu]      
vit_model.vision_model.encoder.layers.1.mlp.fc1.weight:  68%|██████▊   | 826/1223 [00:05<00:02, 163.03w/s, dev=cpu]
vit_model.vision_model.encoder.layers.1.mlp.fc2.bias:  68%|██████▊   | 827/1223 [00:05<00:02, 163.22w/s, dev=cpu]  
vit_model.vision_model.encoder.layers.1.mlp.fc2.weight:  68%|██████▊   | 828/1223 [00:05<00:02, 163.42w/s, dev=cpu]
vit_model.vision_model.encoder.layers.1.self_attn.k_proj.bias:  68%|██████▊   | 829/1223 [00:05<00:02, 163.61w/s, dev=cpu]
vit_model.vision_model.encoder.layers.1.self_attn.k_proj.weight:  68%|██████▊   | 830/1223 [00:05<00:02, 163.81w/s, dev=cpu]
vit_model.vision_model.encoder.layers.1.self_attn.out_proj.bias:  68%|██████▊   | 831/1223 [00:05<00:02, 164.00w/s, dev=cpu]
vit_model.vision_model.encoder.layers.1.self_attn.out_proj.weight:  68%|██████▊   | 832/1223 [00:05<00:02, 164.20w/s, dev=cpu]
vit_model.vision_model.encoder.layers.1.self_attn.q_proj.bias:  68%|██████▊   | 833/1223 [00:05<00:02, 164.39w/s, dev=cpu]    
vit_model.vision_model.encoder.layers.1.self_attn.q_proj.weight:  68%|██████▊   | 834/1223 [00:05<00:02, 164.59w/s, dev=cpu]
vit_model.vision_model.encoder.layers.1.self_attn.v_proj.bias:  68%|██████▊   | 835/1223 [00:05<00:02, 164.78w/s, dev=cpu]  
vit_model.vision_model.encoder.layers.1.self_attn.v_proj.weight:  68%|██████▊   | 836/1223 [00:05<00:02, 164.98w/s, dev=cpu]
vit_model.vision_model.encoder.layers.10.layer_norm1.bias:  68%|██████▊   | 837/1223 [00:05<00:02, 165.17w/s, dev=cpu]      
vit_model.vision_model.encoder.layers.10.layer_norm1.weight:  69%|██████▊   | 838/1223 [00:05<00:02, 165.36w/s, dev=cpu]
vit_model.vision_model.encoder.layers.10.layer_norm2.bias:  69%|██████▊   | 839/1223 [00:05<00:02, 165.56w/s, dev=cpu]  
vit_model.vision_model.encoder.layers.10.layer_norm2.weight:  69%|██████▊   | 840/1223 [00:05<00:02, 165.75w/s, dev=cpu]
vit_model.vision_model.encoder.layers.10.mlp.fc1.bias:  69%|██████▉   | 841/1223 [00:05<00:02, 165.95w/s, dev=cpu]      
vit_model.vision_model.encoder.layers.10.mlp.fc1.weight:  69%|██████▉   | 842/1223 [00:05<00:02, 166.14w/s, dev=cpu]
vit_model.vision_model.encoder.layers.10.mlp.fc2.bias:  69%|██████▉   | 843/1223 [00:05<00:02, 166.34w/s, dev=cpu]  
vit_model.vision_model.encoder.layers.10.mlp.fc2.weight:  69%|██████▉   | 844/1223 [00:05<00:02, 166.53w/s, dev=cpu]
vit_model.vision_model.encoder.layers.10.self_attn.k_proj.bias:  69%|██████▉   | 845/1223 [00:05<00:02, 166.73w/s, dev=cpu]
vit_model.vision_model.encoder.layers.10.self_attn.k_proj.weight:  69%|██████▉   | 846/1223 [00:05<00:02, 166.92w/s, dev=cpu]
vit_model.vision_model.encoder.layers.10.self_attn.out_proj.bias:  69%|██████▉   | 847/1223 [00:05<00:02, 167.12w/s, dev=cpu]
vit_model.vision_model.encoder.layers.10.self_attn.out_proj.weight:  69%|██████▉   | 848/1223 [00:05<00:02, 167.31w/s, dev=cpu]
vit_model.vision_model.encoder.layers.10.self_attn.q_proj.bias:  69%|██████▉   | 849/1223 [00:05<00:02, 167.51w/s, dev=cpu]    
vit_model.vision_model.encoder.layers.10.self_attn.q_proj.weight:  70%|██████▉   | 850/1223 [00:05<00:02, 167.70w/s, dev=cpu]
vit_model.vision_model.encoder.layers.10.self_attn.v_proj.bias:  70%|██████▉   | 851/1223 [00:05<00:02, 167.90w/s, dev=cpu]  
vit_model.vision_model.encoder.layers.10.self_attn.v_proj.weight:  70%|██████▉   | 852/1223 [00:05<00:02, 168.09w/s, dev=cpu]
vit_model.vision_model.encoder.layers.11.layer_norm1.bias:  70%|██████▉   | 853/1223 [00:05<00:02, 168.29w/s, dev=cpu]       
vit_model.vision_model.encoder.layers.11.layer_norm1.weight:  70%|██████▉   | 854/1223 [00:05<00:02, 168.48w/s, dev=cpu]
vit_model.vision_model.encoder.layers.11.layer_norm2.bias:  70%|██████▉   | 855/1223 [00:05<00:02, 168.67w/s, dev=cpu]  
vit_model.vision_model.encoder.layers.11.layer_norm2.weight:  70%|██████▉   | 856/1223 [00:05<00:02, 168.87w/s, dev=cpu]
vit_model.vision_model.encoder.layers.11.mlp.fc1.bias:  70%|███████   | 857/1223 [00:05<00:02, 169.06w/s, dev=cpu]      
vit_model.vision_model.encoder.layers.11.mlp.fc1.weight:  70%|███████   | 858/1223 [00:05<00:02, 169.26w/s, dev=cpu]
vit_model.vision_model.encoder.layers.11.mlp.fc2.bias:  70%|███████   | 859/1223 [00:05<00:02, 169.45w/s, dev=cpu]  
vit_model.vision_model.encoder.layers.11.mlp.fc2.weight:  70%|███████   | 860/1223 [00:05<00:02, 169.65w/s, dev=cpu]
vit_model.vision_model.encoder.layers.11.self_attn.k_proj.bias:  70%|███████   | 861/1223 [00:05<00:02, 169.84w/s, dev=cpu]
vit_model.vision_model.encoder.layers.11.self_attn.k_proj.weight:  70%|███████   | 862/1223 [00:05<00:02, 170.04w/s, dev=cpu]
vit_model.vision_model.encoder.layers.11.self_attn.out_proj.bias:  71%|███████   | 863/1223 [00:05<00:02, 170.23w/s, dev=cpu]
vit_model.vision_model.encoder.layers.11.self_attn.out_proj.weight:  71%|███████   | 864/1223 [00:05<00:02, 170.43w/s, dev=cpu]
vit_model.vision_model.encoder.layers.11.self_attn.q_proj.bias:  71%|███████   | 865/1223 [00:05<00:02, 170.62w/s, dev=cpu]    
vit_model.vision_model.encoder.layers.11.self_attn.q_proj.weight:  71%|███████   | 866/1223 [00:05<00:02, 170.82w/s, dev=cpu]
vit_model.vision_model.encoder.layers.11.self_attn.v_proj.bias:  71%|███████   | 867/1223 [00:05<00:02, 171.01w/s, dev=cpu]  
vit_model.vision_model.encoder.layers.11.self_attn.v_proj.weight:  71%|███████   | 868/1223 [00:05<00:02, 171.21w/s, dev=cpu]
vit_model.vision_model.encoder.layers.12.layer_norm1.bias:  71%|███████   | 869/1223 [00:05<00:02, 171.40w/s, dev=cpu]       
vit_model.vision_model.encoder.layers.12.layer_norm1.weight:  71%|███████   | 870/1223 [00:05<00:02, 171.59w/s, dev=cpu]
vit_model.vision_model.encoder.layers.12.layer_norm2.bias:  71%|███████   | 871/1223 [00:05<00:02, 171.79w/s, dev=cpu]  
vit_model.vision_model.encoder.layers.12.layer_norm2.weight:  71%|███████▏  | 872/1223 [00:05<00:02, 171.98w/s, dev=cpu]
vit_model.vision_model.encoder.layers.12.mlp.fc1.bias:  71%|███████▏  | 873/1223 [00:05<00:02, 172.18w/s, dev=cpu]      
vit_model.vision_model.encoder.layers.12.mlp.fc1.weight:  71%|███████▏  | 874/1223 [00:05<00:02, 172.37w/s, dev=cpu]
vit_model.vision_model.encoder.layers.12.mlp.fc2.bias:  72%|███████▏  | 875/1223 [00:05<00:02, 172.56w/s, dev=cpu]  
vit_model.vision_model.encoder.layers.12.mlp.fc2.weight:  72%|███████▏  | 876/1223 [00:05<00:02, 172.76w/s, dev=cpu]
vit_model.vision_model.encoder.layers.12.self_attn.k_proj.bias:  72%|███████▏  | 877/1223 [00:05<00:02, 172.95w/s, dev=cpu]
vit_model.vision_model.encoder.layers.12.self_attn.k_proj.weight:  72%|███████▏  | 878/1223 [00:05<00:01, 173.15w/s, dev=cpu]
vit_model.vision_model.encoder.layers.12.self_attn.out_proj.bias:  72%|███████▏  | 879/1223 [00:05<00:01, 173.34w/s, dev=cpu]
vit_model.vision_model.encoder.layers.12.self_attn.out_proj.weight:  72%|███████▏  | 880/1223 [00:05<00:01, 173.54w/s, dev=cpu]
vit_model.vision_model.encoder.layers.12.self_attn.q_proj.bias:  72%|███████▏  | 881/1223 [00:05<00:01, 173.73w/s, dev=cpu]    
vit_model.vision_model.encoder.layers.12.self_attn.q_proj.weight:  72%|███████▏  | 882/1223 [00:05<00:01, 173.93w/s, dev=cpu]
vit_model.vision_model.encoder.layers.12.self_attn.v_proj.bias:  72%|███████▏  | 883/1223 [00:05<00:01, 174.12w/s, dev=cpu]  
vit_model.vision_model.encoder.layers.12.self_attn.v_proj.weight:  72%|███████▏  | 884/1223 [00:05<00:01, 174.32w/s, dev=cpu]
vit_model.vision_model.encoder.layers.13.layer_norm1.bias:  72%|███████▏  | 885/1223 [00:05<00:01, 174.51w/s, dev=cpu]       
vit_model.vision_model.encoder.layers.13.layer_norm1.weight:  72%|███████▏  | 886/1223 [00:05<00:01, 174.70w/s, dev=cpu]
vit_model.vision_model.encoder.layers.13.layer_norm2.bias:  73%|███████▎  | 887/1223 [00:05<00:01, 174.90w/s, dev=cpu]  
vit_model.vision_model.encoder.layers.13.layer_norm2.weight:  73%|███████▎  | 888/1223 [00:05<00:01, 175.09w/s, dev=cpu]
vit_model.vision_model.encoder.layers.13.mlp.fc1.bias:  73%|███████▎  | 889/1223 [00:05<00:01, 175.29w/s, dev=cpu]      
vit_model.vision_model.encoder.layers.13.mlp.fc1.weight:  73%|███████▎  | 890/1223 [00:05<00:01, 175.48w/s, dev=cpu]
vit_model.vision_model.encoder.layers.13.mlp.fc2.bias:  73%|███████▎  | 891/1223 [00:05<00:01, 175.68w/s, dev=cpu]  
vit_model.vision_model.encoder.layers.13.mlp.fc2.weight:  73%|███████▎  | 892/1223 [00:05<00:01, 175.87w/s, dev=cpu]
vit_model.vision_model.encoder.layers.13.self_attn.k_proj.bias:  73%|███████▎  | 893/1223 [00:05<00:01, 176.07w/s, dev=cpu]
vit_model.vision_model.encoder.layers.13.self_attn.k_proj.weight:  73%|███████▎  | 894/1223 [00:05<00:01, 176.26w/s, dev=cpu]
vit_model.vision_model.encoder.layers.13.self_attn.out_proj.bias:  73%|███████▎  | 895/1223 [00:05<00:01, 176.45w/s, dev=cpu]
vit_model.vision_model.encoder.layers.13.self_attn.out_proj.weight:  73%|███████▎  | 896/1223 [00:05<00:01, 176.65w/s, dev=cpu]
vit_model.vision_model.encoder.layers.13.self_attn.q_proj.bias:  73%|███████▎  | 897/1223 [00:05<00:01, 176.84w/s, dev=cpu]    
vit_model.vision_model.encoder.layers.13.self_attn.q_proj.weight:  73%|███████▎  | 898/1223 [00:05<00:01, 177.04w/s, dev=cpu]
vit_model.vision_model.encoder.layers.13.self_attn.v_proj.bias:  74%|███████▎  | 899/1223 [00:05<00:01, 177.23w/s, dev=cpu]  
vit_model.vision_model.encoder.layers.13.self_attn.v_proj.weight:  74%|███████▎  | 900/1223 [00:05<00:01, 177.43w/s, dev=cpu]
vit_model.vision_model.encoder.layers.14.layer_norm1.bias:  74%|███████▎  | 901/1223 [00:05<00:01, 177.62w/s, dev=cpu]       
vit_model.vision_model.encoder.layers.14.layer_norm1.weight:  74%|███████▍  | 902/1223 [00:05<00:01, 177.81w/s, dev=cpu]
vit_model.vision_model.encoder.layers.14.layer_norm2.bias:  74%|███████▍  | 903/1223 [00:05<00:01, 178.01w/s, dev=cpu]  
vit_model.vision_model.encoder.layers.14.layer_norm2.weight:  74%|███████▍  | 904/1223 [00:05<00:01, 178.20w/s, dev=cpu]
vit_model.vision_model.encoder.layers.14.mlp.fc1.bias:  74%|███████▍  | 905/1223 [00:05<00:01, 178.40w/s, dev=cpu]      
vit_model.vision_model.encoder.layers.14.mlp.fc1.weight:  74%|███████▍  | 906/1223 [00:05<00:01, 178.59w/s, dev=cpu]
vit_model.vision_model.encoder.layers.14.mlp.fc2.bias:  74%|███████▍  | 907/1223 [00:05<00:01, 178.79w/s, dev=cpu]  
vit_model.vision_model.encoder.layers.14.mlp.fc2.weight:  74%|███████▍  | 908/1223 [00:05<00:01, 178.98w/s, dev=cpu]
vit_model.vision_model.encoder.layers.14.self_attn.k_proj.bias:  74%|███████▍  | 909/1223 [00:05<00:01, 179.18w/s, dev=cpu]
vit_model.vision_model.encoder.layers.14.self_attn.k_proj.weight:  74%|███████▍  | 910/1223 [00:05<00:01, 179.37w/s, dev=cpu]
vit_model.vision_model.encoder.layers.14.self_attn.out_proj.bias:  74%|███████▍  | 911/1223 [00:05<00:01, 179.56w/s, dev=cpu]
vit_model.vision_model.encoder.layers.14.self_attn.out_proj.weight:  75%|███████▍  | 912/1223 [00:05<00:01, 179.76w/s, dev=cpu]
vit_model.vision_model.encoder.layers.14.self_attn.q_proj.bias:  75%|███████▍  | 913/1223 [00:05<00:01, 179.95w/s, dev=cpu]    
vit_model.vision_model.encoder.layers.14.self_attn.q_proj.weight:  75%|███████▍  | 914/1223 [00:05<00:01, 180.15w/s, dev=cpu]
vit_model.vision_model.encoder.layers.14.self_attn.v_proj.bias:  75%|███████▍  | 915/1223 [00:05<00:01, 180.34w/s, dev=cpu]  
vit_model.vision_model.encoder.layers.14.self_attn.v_proj.weight:  75%|███████▍  | 916/1223 [00:05<00:01, 180.54w/s, dev=cpu]
vit_model.vision_model.encoder.layers.15.layer_norm1.bias:  75%|███████▍  | 917/1223 [00:05<00:01, 180.73w/s, dev=cpu]       
vit_model.vision_model.encoder.layers.15.layer_norm1.weight:  75%|███████▌  | 918/1223 [00:05<00:01, 180.92w/s, dev=cpu]
vit_model.vision_model.encoder.layers.15.layer_norm2.bias:  75%|███████▌  | 919/1223 [00:05<00:01, 181.12w/s, dev=cpu]  
vit_model.vision_model.encoder.layers.15.layer_norm2.weight:  75%|███████▌  | 920/1223 [00:05<00:01, 181.31w/s, dev=cpu]
vit_model.vision_model.encoder.layers.15.mlp.fc1.bias:  75%|███████▌  | 921/1223 [00:05<00:01, 181.51w/s, dev=cpu]      
vit_model.vision_model.encoder.layers.15.mlp.fc1.weight:  75%|███████▌  | 922/1223 [00:05<00:01, 181.70w/s, dev=cpu]
vit_model.vision_model.encoder.layers.15.mlp.fc2.bias:  75%|███████▌  | 923/1223 [00:05<00:01, 181.90w/s, dev=cpu]  
vit_model.vision_model.encoder.layers.15.mlp.fc2.weight:  76%|███████▌  | 924/1223 [00:05<00:01, 182.09w/s, dev=cpu]
vit_model.vision_model.encoder.layers.15.self_attn.k_proj.bias:  76%|███████▌  | 925/1223 [00:05<00:01, 182.28w/s, dev=cpu]
vit_model.vision_model.encoder.layers.15.self_attn.k_proj.weight:  76%|███████▌  | 926/1223 [00:05<00:01, 182.48w/s, dev=cpu]
vit_model.vision_model.encoder.layers.15.self_attn.out_proj.bias:  76%|███████▌  | 927/1223 [00:05<00:01, 182.67w/s, dev=cpu]
vit_model.vision_model.encoder.layers.15.self_attn.out_proj.weight:  76%|███████▌  | 928/1223 [00:05<00:01, 182.87w/s, dev=cpu]
vit_model.vision_model.encoder.layers.15.self_attn.q_proj.bias:  76%|███████▌  | 929/1223 [00:05<00:01, 183.06w/s, dev=cpu]    
vit_model.vision_model.encoder.layers.15.self_attn.q_proj.weight:  76%|███████▌  | 930/1223 [00:05<00:01, 183.26w/s, dev=cpu]
vit_model.vision_model.encoder.layers.15.self_attn.v_proj.bias:  76%|███████▌  | 931/1223 [00:05<00:01, 183.45w/s, dev=cpu]  
vit_model.vision_model.encoder.layers.15.self_attn.v_proj.weight:  76%|███████▌  | 932/1223 [00:05<00:01, 183.64w/s, dev=cpu]
vit_model.vision_model.encoder.layers.16.layer_norm1.bias:  76%|███████▋  | 933/1223 [00:05<00:01, 183.84w/s, dev=cpu]       
vit_model.vision_model.encoder.layers.16.layer_norm1.weight:  76%|███████▋  | 934/1223 [00:05<00:01, 184.03w/s, dev=cpu]
vit_model.vision_model.encoder.layers.16.layer_norm2.bias:  76%|███████▋  | 935/1223 [00:05<00:01, 184.23w/s, dev=cpu]  
vit_model.vision_model.encoder.layers.16.layer_norm2.weight:  77%|███████▋  | 936/1223 [00:05<00:01, 184.42w/s, dev=cpu]
vit_model.vision_model.encoder.layers.16.mlp.fc1.bias:  77%|███████▋  | 937/1223 [00:05<00:01, 184.61w/s, dev=cpu]      
vit_model.vision_model.encoder.layers.16.mlp.fc1.weight:  77%|███████▋  | 938/1223 [00:05<00:01, 184.81w/s, dev=cpu]
vit_model.vision_model.encoder.layers.16.mlp.fc2.bias:  77%|███████▋  | 939/1223 [00:05<00:01, 185.00w/s, dev=cpu]  
vit_model.vision_model.encoder.layers.16.mlp.fc2.weight:  77%|███████▋  | 940/1223 [00:05<00:01, 185.20w/s, dev=cpu]
vit_model.vision_model.encoder.layers.16.self_attn.k_proj.bias:  77%|███████▋  | 941/1223 [00:05<00:01, 185.39w/s, dev=cpu]
vit_model.vision_model.encoder.layers.16.self_attn.k_proj.weight:  77%|███████▋  | 942/1223 [00:05<00:01, 185.59w/s, dev=cpu]
vit_model.vision_model.encoder.layers.16.self_attn.out_proj.bias:  77%|███████▋  | 943/1223 [00:05<00:01, 185.78w/s, dev=cpu]
vit_model.vision_model.encoder.layers.16.self_attn.out_proj.weight:  77%|███████▋  | 944/1223 [00:05<00:01, 185.97w/s, dev=cpu]
vit_model.vision_model.encoder.layers.16.self_attn.q_proj.bias:  77%|███████▋  | 945/1223 [00:05<00:01, 186.17w/s, dev=cpu]    
vit_model.vision_model.encoder.layers.16.self_attn.q_proj.weight:  77%|███████▋  | 946/1223 [00:05<00:01, 186.36w/s, dev=cpu]
vit_model.vision_model.encoder.layers.16.self_attn.v_proj.bias:  77%|███████▋  | 947/1223 [00:05<00:01, 186.56w/s, dev=cpu]  
vit_model.vision_model.encoder.layers.16.self_attn.v_proj.weight:  78%|███████▊  | 948/1223 [00:05<00:01, 186.75w/s, dev=cpu]
vit_model.vision_model.encoder.layers.17.layer_norm1.bias:  78%|███████▊  | 949/1223 [00:05<00:01, 186.94w/s, dev=cpu]       
vit_model.vision_model.encoder.layers.17.layer_norm1.weight:  78%|███████▊  | 950/1223 [00:05<00:01, 187.14w/s, dev=cpu]
vit_model.vision_model.encoder.layers.17.layer_norm2.bias:  78%|███████▊  | 951/1223 [00:05<00:01, 187.33w/s, dev=cpu]  
vit_model.vision_model.encoder.layers.17.layer_norm2.weight:  78%|███████▊  | 952/1223 [00:05<00:01, 187.53w/s, dev=cpu]
vit_model.vision_model.encoder.layers.17.mlp.fc1.bias:  78%|███████▊  | 953/1223 [00:05<00:01, 187.72w/s, dev=cpu]      
vit_model.vision_model.encoder.layers.17.mlp.fc1.weight:  78%|███████▊  | 954/1223 [00:05<00:01, 187.91w/s, dev=cpu]
vit_model.vision_model.encoder.layers.17.mlp.fc2.bias:  78%|███████▊  | 955/1223 [00:05<00:01, 188.11w/s, dev=cpu]  
vit_model.vision_model.encoder.layers.17.mlp.fc2.weight:  78%|███████▊  | 956/1223 [00:05<00:01, 188.30w/s, dev=cpu]
vit_model.vision_model.encoder.layers.17.self_attn.k_proj.bias:  78%|███████▊  | 957/1223 [00:05<00:01, 188.50w/s, dev=cpu]
vit_model.vision_model.encoder.layers.17.self_attn.k_proj.weight:  78%|███████▊  | 958/1223 [00:05<00:01, 188.69w/s, dev=cpu]
vit_model.vision_model.encoder.layers.17.self_attn.out_proj.bias:  78%|███████▊  | 959/1223 [00:05<00:01, 188.89w/s, dev=cpu]
vit_model.vision_model.encoder.layers.17.self_attn.out_proj.weight:  78%|███████▊  | 960/1223 [00:05<00:01, 189.08w/s, dev=cpu]
vit_model.vision_model.encoder.layers.17.self_attn.q_proj.bias:  79%|███████▊  | 961/1223 [00:05<00:01, 189.27w/s, dev=cpu]    
vit_model.vision_model.encoder.layers.17.self_attn.q_proj.weight:  79%|███████▊  | 962/1223 [00:05<00:01, 189.47w/s, dev=cpu]
vit_model.vision_model.encoder.layers.17.self_attn.v_proj.bias:  79%|███████▊  | 963/1223 [00:05<00:01, 189.66w/s, dev=cpu]  
vit_model.vision_model.encoder.layers.17.self_attn.v_proj.weight:  79%|███████▉  | 964/1223 [00:05<00:01, 189.86w/s, dev=cpu]
vit_model.vision_model.encoder.layers.18.layer_norm1.bias:  79%|███████▉  | 965/1223 [00:05<00:01, 190.05w/s, dev=cpu]       
vit_model.vision_model.encoder.layers.18.layer_norm1.weight:  79%|███████▉  | 966/1223 [00:05<00:01, 190.24w/s, dev=cpu]
vit_model.vision_model.encoder.layers.18.layer_norm2.bias:  79%|███████▉  | 967/1223 [00:05<00:01, 190.44w/s, dev=cpu]  
vit_model.vision_model.encoder.layers.18.layer_norm2.weight:  79%|███████▉  | 968/1223 [00:05<00:01, 190.63w/s, dev=cpu]
vit_model.vision_model.encoder.layers.18.mlp.fc1.bias:  79%|███████▉  | 969/1223 [00:05<00:01, 190.83w/s, dev=cpu]      
vit_model.vision_model.encoder.layers.18.mlp.fc1.weight:  79%|███████▉  | 970/1223 [00:05<00:01, 191.02w/s, dev=cpu]
vit_model.vision_model.encoder.layers.18.mlp.fc2.bias:  79%|███████▉  | 971/1223 [00:05<00:01, 191.21w/s, dev=cpu]  
vit_model.vision_model.encoder.layers.18.mlp.fc2.weight:  79%|███████▉  | 972/1223 [00:05<00:01, 191.41w/s, dev=cpu]
vit_model.vision_model.encoder.layers.18.self_attn.k_proj.bias:  80%|███████▉  | 973/1223 [00:05<00:01, 191.60w/s, dev=cpu]
vit_model.vision_model.encoder.layers.18.self_attn.k_proj.weight:  80%|███████▉  | 974/1223 [00:05<00:01, 191.79w/s, dev=cpu]
vit_model.vision_model.encoder.layers.18.self_attn.out_proj.bias:  80%|███████▉  | 975/1223 [00:05<00:01, 191.99w/s, dev=cpu]
vit_model.vision_model.encoder.layers.18.self_attn.out_proj.weight:  80%|███████▉  | 976/1223 [00:05<00:01, 192.18w/s, dev=cpu]
vit_model.vision_model.encoder.layers.18.self_attn.q_proj.bias:  80%|███████▉  | 977/1223 [00:05<00:01, 192.38w/s, dev=cpu]    
vit_model.vision_model.encoder.layers.18.self_attn.q_proj.weight:  80%|███████▉  | 978/1223 [00:05<00:01, 192.57w/s, dev=cpu]
vit_model.vision_model.encoder.layers.18.self_attn.v_proj.bias:  80%|████████  | 979/1223 [00:05<00:01, 192.76w/s, dev=cpu]  
vit_model.vision_model.encoder.layers.18.self_attn.v_proj.weight:  80%|████████  | 980/1223 [00:05<00:01, 192.96w/s, dev=cpu]
vit_model.vision_model.encoder.layers.19.layer_norm1.bias:  80%|████████  | 981/1223 [00:05<00:01, 193.15w/s, dev=cpu]       
vit_model.vision_model.encoder.layers.19.layer_norm1.weight:  80%|████████  | 982/1223 [00:05<00:01, 193.35w/s, dev=cpu]
vit_model.vision_model.encoder.layers.19.layer_norm2.bias:  80%|████████  | 983/1223 [00:05<00:01, 193.54w/s, dev=cpu]  
vit_model.vision_model.encoder.layers.19.layer_norm2.weight:  80%|████████  | 984/1223 [00:05<00:01, 193.73w/s, dev=cpu]
vit_model.vision_model.encoder.layers.19.mlp.fc1.bias:  81%|████████  | 985/1223 [00:05<00:01, 193.93w/s, dev=cpu]      
vit_model.vision_model.encoder.layers.19.mlp.fc1.weight:  81%|████████  | 986/1223 [00:05<00:01, 194.12w/s, dev=cpu]
vit_model.vision_model.encoder.layers.19.mlp.fc2.bias:  81%|████████  | 987/1223 [00:05<00:01, 194.32w/s, dev=cpu]  
vit_model.vision_model.encoder.layers.19.mlp.fc2.weight:  81%|████████  | 988/1223 [00:05<00:01, 194.51w/s, dev=cpu]
vit_model.vision_model.encoder.layers.19.self_attn.k_proj.bias:  81%|████████  | 989/1223 [00:05<00:01, 194.70w/s, dev=cpu]
vit_model.vision_model.encoder.layers.19.self_attn.k_proj.weight:  81%|████████  | 990/1223 [00:05<00:01, 194.90w/s, dev=cpu]
vit_model.vision_model.encoder.layers.19.self_attn.out_proj.bias:  81%|████████  | 991/1223 [00:05<00:01, 195.09w/s, dev=cpu]
vit_model.vision_model.encoder.layers.19.self_attn.out_proj.weight:  81%|████████  | 992/1223 [00:05<00:01, 195.29w/s, dev=cpu]
vit_model.vision_model.encoder.layers.19.self_attn.q_proj.bias:  81%|████████  | 993/1223 [00:05<00:01, 195.48w/s, dev=cpu]    
vit_model.vision_model.encoder.layers.19.self_attn.q_proj.weight:  81%|████████▏ | 994/1223 [00:05<00:01, 195.67w/s, dev=cpu]
vit_model.vision_model.encoder.layers.19.self_attn.v_proj.bias:  81%|████████▏ | 995/1223 [00:05<00:01, 195.87w/s, dev=cpu]  
vit_model.vision_model.encoder.layers.19.self_attn.v_proj.weight:  81%|████████▏ | 996/1223 [00:05<00:01, 196.06w/s, dev=cpu]
vit_model.vision_model.encoder.layers.2.layer_norm1.bias:  82%|████████▏ | 997/1223 [00:05<00:01, 196.25w/s, dev=cpu]        
vit_model.vision_model.encoder.layers.2.layer_norm1.weight:  82%|████████▏ | 998/1223 [00:05<00:01, 196.45w/s, dev=cpu]
vit_model.vision_model.encoder.layers.2.layer_norm2.bias:  82%|████████▏ | 999/1223 [00:05<00:01, 196.64w/s, dev=cpu]  
vit_model.vision_model.encoder.layers.2.layer_norm2.weight:  82%|████████▏ | 1000/1223 [00:05<00:01, 196.84w/s, dev=cpu]
vit_model.vision_model.encoder.layers.2.mlp.fc1.bias:  82%|████████▏ | 1001/1223 [00:05<00:01, 197.03w/s, dev=cpu]      
vit_model.vision_model.encoder.layers.2.mlp.fc1.weight:  82%|████████▏ | 1002/1223 [00:05<00:01, 197.22w/s, dev=cpu]
vit_model.vision_model.encoder.layers.2.mlp.fc2.bias:  82%|████████▏ | 1003/1223 [00:05<00:01, 197.42w/s, dev=cpu]  
vit_model.vision_model.encoder.layers.2.mlp.fc2.weight:  82%|████████▏ | 1004/1223 [00:05<00:01, 197.61w/s, dev=cpu]
vit_model.vision_model.encoder.layers.2.self_attn.k_proj.bias:  82%|████████▏ | 1005/1223 [00:05<00:01, 197.80w/s, dev=cpu]
vit_model.vision_model.encoder.layers.2.self_attn.k_proj.weight:  82%|████████▏ | 1006/1223 [00:05<00:01, 198.00w/s, dev=cpu]
vit_model.vision_model.encoder.layers.2.self_attn.out_proj.bias:  82%|████████▏ | 1007/1223 [00:05<00:01, 198.19w/s, dev=cpu]
vit_model.vision_model.encoder.layers.2.self_attn.out_proj.weight:  82%|████████▏ | 1008/1223 [00:05<00:01, 198.38w/s, dev=cpu]
vit_model.vision_model.encoder.layers.2.self_attn.q_proj.bias:  83%|████████▎ | 1009/1223 [00:05<00:01, 198.58w/s, dev=cpu]    
vit_model.vision_model.encoder.layers.2.self_attn.q_proj.weight:  83%|████████▎ | 1010/1223 [00:05<00:01, 198.77w/s, dev=cpu]
vit_model.vision_model.encoder.layers.2.self_attn.v_proj.bias:  83%|████████▎ | 1011/1223 [00:05<00:01, 198.97w/s, dev=cpu]  
vit_model.vision_model.encoder.layers.2.self_attn.v_proj.weight:  83%|████████▎ | 1012/1223 [00:05<00:01, 199.16w/s, dev=cpu]
vit_model.vision_model.encoder.layers.20.layer_norm1.bias:  83%|████████▎ | 1013/1223 [00:05<00:01, 199.35w/s, dev=cpu]      
vit_model.vision_model.encoder.layers.20.layer_norm1.weight:  83%|████████▎ | 1014/1223 [00:05<00:01, 199.55w/s, dev=cpu]
vit_model.vision_model.encoder.layers.20.layer_norm2.bias:  83%|████████▎ | 1015/1223 [00:05<00:01, 199.74w/s, dev=cpu]  
vit_model.vision_model.encoder.layers.20.layer_norm2.weight:  83%|████████▎ | 1016/1223 [00:05<00:01, 199.93w/s, dev=cpu]
vit_model.vision_model.encoder.layers.20.mlp.fc1.bias:  83%|████████▎ | 1017/1223 [00:05<00:01, 200.13w/s, dev=cpu]      
vit_model.vision_model.encoder.layers.20.mlp.fc1.weight:  83%|████████▎ | 1018/1223 [00:05<00:01, 200.32w/s, dev=cpu]
vit_model.vision_model.encoder.layers.20.mlp.fc2.bias:  83%|████████▎ | 1019/1223 [00:05<00:01, 200.52w/s, dev=cpu]  
vit_model.vision_model.encoder.layers.20.mlp.fc2.weight:  83%|████████▎ | 1020/1223 [00:05<00:01, 200.71w/s, dev=cpu]
vit_model.vision_model.encoder.layers.20.self_attn.k_proj.bias:  83%|████████▎ | 1021/1223 [00:05<00:01, 200.90w/s, dev=cpu]
vit_model.vision_model.encoder.layers.20.self_attn.k_proj.weight:  84%|████████▎ | 1022/1223 [00:05<00:00, 201.10w/s, dev=cpu]
vit_model.vision_model.encoder.layers.20.self_attn.out_proj.bias:  84%|████████▎ | 1023/1223 [00:05<00:00, 201.29w/s, dev=cpu]
vit_model.vision_model.encoder.layers.20.self_attn.out_proj.weight:  84%|████████▎ | 1024/1223 [00:05<00:00, 201.48w/s, dev=cpu]
vit_model.vision_model.encoder.layers.20.self_attn.q_proj.bias:  84%|████████▍ | 1025/1223 [00:05<00:00, 201.68w/s, dev=cpu]    
vit_model.vision_model.encoder.layers.20.self_attn.q_proj.weight:  84%|████████▍ | 1026/1223 [00:05<00:00, 201.87w/s, dev=cpu]
vit_model.vision_model.encoder.layers.20.self_attn.v_proj.bias:  84%|████████▍ | 1027/1223 [00:05<00:00, 202.06w/s, dev=cpu]  
vit_model.vision_model.encoder.layers.20.self_attn.v_proj.weight:  84%|████████▍ | 1028/1223 [00:05<00:00, 202.26w/s, dev=cpu]
vit_model.vision_model.encoder.layers.21.layer_norm1.bias:  84%|████████▍ | 1029/1223 [00:05<00:00, 202.45w/s, dev=cpu]       
vit_model.vision_model.encoder.layers.21.layer_norm1.weight:  84%|████████▍ | 1030/1223 [00:05<00:00, 202.65w/s, dev=cpu]
vit_model.vision_model.encoder.layers.21.layer_norm2.bias:  84%|████████▍ | 1031/1223 [00:05<00:00, 202.84w/s, dev=cpu]  
vit_model.vision_model.encoder.layers.21.layer_norm2.weight:  84%|████████▍ | 1032/1223 [00:05<00:00, 203.03w/s, dev=cpu]
vit_model.vision_model.encoder.layers.21.mlp.fc1.bias:  84%|████████▍ | 1033/1223 [00:05<00:00, 203.23w/s, dev=cpu]      
vit_model.vision_model.encoder.layers.21.mlp.fc1.weight:  85%|████████▍ | 1034/1223 [00:05<00:00, 203.42w/s, dev=cpu]
vit_model.vision_model.encoder.layers.21.mlp.fc2.bias:  85%|████████▍ | 1035/1223 [00:05<00:00, 203.61w/s, dev=cpu]  
vit_model.vision_model.encoder.layers.21.mlp.fc2.weight:  85%|████████▍ | 1036/1223 [00:05<00:00, 203.81w/s, dev=cpu]
vit_model.vision_model.encoder.layers.21.self_attn.k_proj.bias:  85%|████████▍ | 1037/1223 [00:05<00:00, 204.00w/s, dev=cpu]
vit_model.vision_model.encoder.layers.21.self_attn.k_proj.weight:  85%|████████▍ | 1038/1223 [00:05<00:00, 204.20w/s, dev=cpu]
vit_model.vision_model.encoder.layers.21.self_attn.out_proj.bias:  85%|████████▍ | 1039/1223 [00:05<00:00, 204.39w/s, dev=cpu]
vit_model.vision_model.encoder.layers.21.self_attn.out_proj.weight:  85%|████████▌ | 1040/1223 [00:05<00:00, 204.58w/s, dev=cpu]
vit_model.vision_model.encoder.layers.21.self_attn.q_proj.bias:  85%|████████▌ | 1041/1223 [00:05<00:00, 204.78w/s, dev=cpu]    
vit_model.vision_model.encoder.layers.21.self_attn.q_proj.weight:  85%|████████▌ | 1042/1223 [00:05<00:00, 204.97w/s, dev=cpu]
vit_model.vision_model.encoder.layers.21.self_attn.v_proj.bias:  85%|████████▌ | 1043/1223 [00:05<00:00, 205.16w/s, dev=cpu]  
vit_model.vision_model.encoder.layers.21.self_attn.v_proj.weight:  85%|████████▌ | 1044/1223 [00:05<00:00, 205.36w/s, dev=cpu]
vit_model.vision_model.encoder.layers.22.layer_norm1.bias:  85%|████████▌ | 1045/1223 [00:05<00:00, 205.55w/s, dev=cpu]       
vit_model.vision_model.encoder.layers.22.layer_norm1.weight:  86%|████████▌ | 1046/1223 [00:05<00:00, 205.74w/s, dev=cpu]
vit_model.vision_model.encoder.layers.22.layer_norm2.bias:  86%|████████▌ | 1047/1223 [00:05<00:00, 205.94w/s, dev=cpu]  
vit_model.vision_model.encoder.layers.22.layer_norm2.weight:  86%|████████▌ | 1048/1223 [00:05<00:00, 206.13w/s, dev=cpu]
vit_model.vision_model.encoder.layers.22.mlp.fc1.bias:  86%|████████▌ | 1049/1223 [00:05<00:00, 206.33w/s, dev=cpu]      
vit_model.vision_model.encoder.layers.22.mlp.fc1.weight:  86%|████████▌ | 1050/1223 [00:05<00:00, 206.52w/s, dev=cpu]
vit_model.vision_model.encoder.layers.22.mlp.fc2.bias:  86%|████████▌ | 1051/1223 [00:05<00:00, 206.71w/s, dev=cpu]  
vit_model.vision_model.encoder.layers.22.mlp.fc2.weight:  86%|████████▌ | 1052/1223 [00:05<00:00, 206.91w/s, dev=cpu]
vit_model.vision_model.encoder.layers.22.self_attn.k_proj.bias:  86%|████████▌ | 1053/1223 [00:05<00:00, 207.10w/s, dev=cpu]
vit_model.vision_model.encoder.layers.22.self_attn.k_proj.weight:  86%|████████▌ | 1054/1223 [00:05<00:00, 207.29w/s, dev=cpu]
vit_model.vision_model.encoder.layers.22.self_attn.out_proj.bias:  86%|████████▋ | 1055/1223 [00:05<00:00, 207.49w/s, dev=cpu]
vit_model.vision_model.encoder.layers.22.self_attn.out_proj.weight:  86%|████████▋ | 1056/1223 [00:05<00:00, 207.68w/s, dev=cpu]
vit_model.vision_model.encoder.layers.22.self_attn.q_proj.bias:  86%|████████▋ | 1057/1223 [00:05<00:00, 207.87w/s, dev=cpu]    
vit_model.vision_model.encoder.layers.22.self_attn.q_proj.weight:  87%|████████▋ | 1058/1223 [00:05<00:00, 208.07w/s, dev=cpu]
vit_model.vision_model.encoder.layers.22.self_attn.v_proj.bias:  87%|████████▋ | 1059/1223 [00:05<00:00, 208.26w/s, dev=cpu]  
vit_model.vision_model.encoder.layers.22.self_attn.v_proj.weight:  87%|████████▋ | 1060/1223 [00:05<00:00, 208.45w/s, dev=cpu]
vit_model.vision_model.encoder.layers.23.layer_norm1.bias:  87%|████████▋ | 1061/1223 [00:05<00:00, 208.65w/s, dev=cpu]       
vit_model.vision_model.encoder.layers.23.layer_norm1.weight:  87%|████████▋ | 1062/1223 [00:05<00:00, 208.84w/s, dev=cpu]
vit_model.vision_model.encoder.layers.23.layer_norm2.bias:  87%|████████▋ | 1063/1223 [00:05<00:00, 209.03w/s, dev=cpu]  
vit_model.vision_model.encoder.layers.23.layer_norm2.weight:  87%|████████▋ | 1064/1223 [00:05<00:00, 209.23w/s, dev=cpu]
vit_model.vision_model.encoder.layers.23.mlp.fc1.bias:  87%|████████▋ | 1065/1223 [00:05<00:00, 209.42w/s, dev=cpu]      
vit_model.vision_model.encoder.layers.23.mlp.fc1.weight:  87%|████████▋ | 1066/1223 [00:05<00:00, 209.61w/s, dev=cpu]
vit_model.vision_model.encoder.layers.23.mlp.fc2.bias:  87%|████████▋ | 1067/1223 [00:05<00:00, 209.81w/s, dev=cpu]  
vit_model.vision_model.encoder.layers.23.mlp.fc2.weight:  87%|████████▋ | 1068/1223 [00:05<00:00, 210.00w/s, dev=cpu]
vit_model.vision_model.encoder.layers.23.self_attn.k_proj.bias:  87%|████████▋ | 1069/1223 [00:05<00:00, 210.20w/s, dev=cpu]
vit_model.vision_model.encoder.layers.23.self_attn.k_proj.weight:  87%|████████▋ | 1070/1223 [00:05<00:00, 210.39w/s, dev=cpu]
vit_model.vision_model.encoder.layers.23.self_attn.out_proj.bias:  88%|████████▊ | 1071/1223 [00:05<00:00, 210.58w/s, dev=cpu]
vit_model.vision_model.encoder.layers.23.self_attn.out_proj.weight:  88%|████████▊ | 1072/1223 [00:05<00:00, 210.78w/s, dev=cpu]
vit_model.vision_model.encoder.layers.23.self_attn.q_proj.bias:  88%|████████▊ | 1073/1223 [00:05<00:00, 210.97w/s, dev=cpu]    
vit_model.vision_model.encoder.layers.23.self_attn.q_proj.weight:  88%|████████▊ | 1074/1223 [00:05<00:00, 211.16w/s, dev=cpu]
vit_model.vision_model.encoder.layers.23.self_attn.v_proj.bias:  88%|████████▊ | 1075/1223 [00:05<00:00, 211.36w/s, dev=cpu]  
vit_model.vision_model.encoder.layers.23.self_attn.v_proj.weight:  88%|████████▊ | 1076/1223 [00:05<00:00, 211.55w/s, dev=cpu]
vit_model.vision_model.encoder.layers.24.layer_norm1.bias:  88%|████████▊ | 1077/1223 [00:05<00:00, 211.74w/s, dev=cpu]       
vit_model.vision_model.encoder.layers.24.layer_norm1.weight:  88%|████████▊ | 1078/1223 [00:05<00:00, 211.94w/s, dev=cpu]
vit_model.vision_model.encoder.layers.24.layer_norm2.bias:  88%|████████▊ | 1079/1223 [00:05<00:00, 212.13w/s, dev=cpu]  
vit_model.vision_model.encoder.layers.24.layer_norm2.weight:  88%|████████▊ | 1080/1223 [00:05<00:00, 212.32w/s, dev=cpu]
vit_model.vision_model.encoder.layers.24.mlp.fc1.bias:  88%|████████▊ | 1081/1223 [00:05<00:00, 212.52w/s, dev=cpu]      
vit_model.vision_model.encoder.layers.24.mlp.fc1.weight:  88%|████████▊ | 1082/1223 [00:05<00:00, 212.71w/s, dev=cpu]
vit_model.vision_model.encoder.layers.24.mlp.fc2.bias:  89%|████████▊ | 1083/1223 [00:05<00:00, 212.90w/s, dev=cpu]  
vit_model.vision_model.encoder.layers.24.mlp.fc2.weight:  89%|████████▊ | 1084/1223 [00:05<00:00, 213.10w/s, dev=cpu]
vit_model.vision_model.encoder.layers.24.self_attn.k_proj.bias:  89%|████████▊ | 1085/1223 [00:05<00:00, 213.29w/s, dev=cpu]
vit_model.vision_model.encoder.layers.24.self_attn.k_proj.weight:  89%|████████▉ | 1086/1223 [00:05<00:00, 213.48w/s, dev=cpu]
vit_model.vision_model.encoder.layers.24.self_attn.out_proj.bias:  89%|████████▉ | 1087/1223 [00:05<00:00, 213.68w/s, dev=cpu]
vit_model.vision_model.encoder.layers.24.self_attn.out_proj.weight:  89%|████████▉ | 1088/1223 [00:05<00:00, 213.87w/s, dev=cpu]
vit_model.vision_model.encoder.layers.24.self_attn.q_proj.bias:  89%|████████▉ | 1089/1223 [00:05<00:00, 214.06w/s, dev=cpu]    
vit_model.vision_model.encoder.layers.24.self_attn.q_proj.weight:  89%|████████▉ | 1090/1223 [00:05<00:00, 214.26w/s, dev=cpu]
vit_model.vision_model.encoder.layers.24.self_attn.v_proj.bias:  89%|████████▉ | 1091/1223 [00:05<00:00, 214.45w/s, dev=cpu]  
vit_model.vision_model.encoder.layers.24.self_attn.v_proj.weight:  89%|████████▉ | 1092/1223 [00:05<00:00, 214.64w/s, dev=cpu]
vit_model.vision_model.encoder.layers.25.layer_norm1.bias:  89%|████████▉ | 1093/1223 [00:05<00:00, 214.84w/s, dev=cpu]       
vit_model.vision_model.encoder.layers.25.layer_norm1.weight:  89%|████████▉ | 1094/1223 [00:05<00:00, 215.03w/s, dev=cpu]
vit_model.vision_model.encoder.layers.25.layer_norm2.bias:  90%|████████▉ | 1095/1223 [00:05<00:00, 215.22w/s, dev=cpu]  
vit_model.vision_model.encoder.layers.25.layer_norm2.weight:  90%|████████▉ | 1096/1223 [00:05<00:00, 215.42w/s, dev=cpu]
vit_model.vision_model.encoder.layers.25.mlp.fc1.bias:  90%|████████▉ | 1097/1223 [00:05<00:00, 215.61w/s, dev=cpu]      
vit_model.vision_model.encoder.layers.25.mlp.fc1.weight:  90%|████████▉ | 1098/1223 [00:05<00:00, 215.80w/s, dev=cpu]
vit_model.vision_model.encoder.layers.25.mlp.fc2.bias:  90%|████████▉ | 1099/1223 [00:05<00:00, 216.00w/s, dev=cpu]  
vit_model.vision_model.encoder.layers.25.mlp.fc2.weight:  90%|████████▉ | 1100/1223 [00:05<00:00, 216.19w/s, dev=cpu]
vit_model.vision_model.encoder.layers.25.self_attn.k_proj.bias:  90%|█████████ | 1101/1223 [00:05<00:00, 216.38w/s, dev=cpu]
vit_model.vision_model.encoder.layers.25.self_attn.k_proj.weight:  90%|█████████ | 1102/1223 [00:05<00:00, 216.58w/s, dev=cpu]
vit_model.vision_model.encoder.layers.25.self_attn.out_proj.bias:  90%|█████████ | 1103/1223 [00:05<00:00, 216.77w/s, dev=cpu]
vit_model.vision_model.encoder.layers.25.self_attn.out_proj.weight:  90%|█████████ | 1104/1223 [00:05<00:00, 216.96w/s, dev=cpu]
vit_model.vision_model.encoder.layers.25.self_attn.q_proj.bias:  90%|█████████ | 1105/1223 [00:05<00:00, 217.15w/s, dev=cpu]    
vit_model.vision_model.encoder.layers.25.self_attn.q_proj.weight:  90%|█████████ | 1106/1223 [00:05<00:00, 217.35w/s, dev=cpu]
vit_model.vision_model.encoder.layers.25.self_attn.v_proj.bias:  91%|█████████ | 1107/1223 [00:05<00:00, 217.54w/s, dev=cpu]  
vit_model.vision_model.encoder.layers.25.self_attn.v_proj.weight:  91%|█████████ | 1108/1223 [00:05<00:00, 217.73w/s, dev=cpu]
vit_model.vision_model.encoder.layers.3.layer_norm1.bias:  91%|█████████ | 1109/1223 [00:05<00:00, 217.93w/s, dev=cpu]        
vit_model.vision_model.encoder.layers.3.layer_norm1.weight:  91%|█████████ | 1110/1223 [00:05<00:00, 218.12w/s, dev=cpu]
vit_model.vision_model.encoder.layers.3.layer_norm2.bias:  91%|█████████ | 1111/1223 [00:05<00:00, 218.31w/s, dev=cpu]  
vit_model.vision_model.encoder.layers.3.layer_norm2.weight:  91%|█████████ | 1112/1223 [00:05<00:00, 218.51w/s, dev=cpu]
vit_model.vision_model.encoder.layers.3.mlp.fc1.bias:  91%|█████████ | 1113/1223 [00:05<00:00, 218.70w/s, dev=cpu]      
vit_model.vision_model.encoder.layers.3.mlp.fc1.weight:  91%|█████████ | 1114/1223 [00:05<00:00, 218.89w/s, dev=cpu]
vit_model.vision_model.encoder.layers.3.mlp.fc2.bias:  91%|█████████ | 1115/1223 [00:05<00:00, 219.09w/s, dev=cpu]  
vit_model.vision_model.encoder.layers.3.mlp.fc2.weight:  91%|█████████▏| 1116/1223 [00:05<00:00, 219.28w/s, dev=cpu]
vit_model.vision_model.encoder.layers.3.self_attn.k_proj.bias:  91%|█████████▏| 1117/1223 [00:05<00:00, 219.47w/s, dev=cpu]
vit_model.vision_model.encoder.layers.3.self_attn.k_proj.weight:  91%|█████████▏| 1118/1223 [00:05<00:00, 219.67w/s, dev=cpu]
vit_model.vision_model.encoder.layers.3.self_attn.out_proj.bias:  91%|█████████▏| 1119/1223 [00:05<00:00, 219.86w/s, dev=cpu]
vit_model.vision_model.encoder.layers.3.self_attn.out_proj.weight:  92%|█████████▏| 1120/1223 [00:05<00:00, 220.05w/s, dev=cpu]
vit_model.vision_model.encoder.layers.3.self_attn.q_proj.bias:  92%|█████████▏| 1121/1223 [00:05<00:00, 220.25w/s, dev=cpu]    
vit_model.vision_model.encoder.layers.3.self_attn.q_proj.weight:  92%|█████████▏| 1122/1223 [00:05<00:00, 220.44w/s, dev=cpu]
vit_model.vision_model.encoder.layers.3.self_attn.v_proj.bias:  92%|█████████▏| 1123/1223 [00:05<00:00, 220.63w/s, dev=cpu]  
vit_model.vision_model.encoder.layers.3.self_attn.v_proj.weight:  92%|█████████▏| 1124/1223 [00:05<00:00, 220.83w/s, dev=cpu]
vit_model.vision_model.encoder.layers.4.layer_norm1.bias:  92%|█████████▏| 1125/1223 [00:05<00:00, 221.02w/s, dev=cpu]       
vit_model.vision_model.encoder.layers.4.layer_norm1.weight:  92%|█████████▏| 1126/1223 [00:05<00:00, 221.21w/s, dev=cpu]
vit_model.vision_model.encoder.layers.4.layer_norm2.bias:  92%|█████████▏| 1127/1223 [00:05<00:00, 221.41w/s, dev=cpu]  
vit_model.vision_model.encoder.layers.4.layer_norm2.weight:  92%|█████████▏| 1128/1223 [00:05<00:00, 221.60w/s, dev=cpu]
vit_model.vision_model.encoder.layers.4.mlp.fc1.bias:  92%|█████████▏| 1129/1223 [00:05<00:00, 221.79w/s, dev=cpu]      
vit_model.vision_model.encoder.layers.4.mlp.fc1.weight:  92%|█████████▏| 1130/1223 [00:05<00:00, 221.99w/s, dev=cpu]
vit_model.vision_model.encoder.layers.4.mlp.fc2.bias:  92%|█████████▏| 1131/1223 [00:05<00:00, 222.18w/s, dev=cpu]  
vit_model.vision_model.encoder.layers.4.mlp.fc2.weight:  93%|█████████▎| 1132/1223 [00:05<00:00, 222.37w/s, dev=cpu]
vit_model.vision_model.encoder.layers.4.self_attn.k_proj.bias:  93%|█████████▎| 1133/1223 [00:05<00:00, 222.56w/s, dev=cpu]
vit_model.vision_model.encoder.layers.4.self_attn.k_proj.weight:  93%|█████████▎| 1134/1223 [00:05<00:00, 222.76w/s, dev=cpu]
vit_model.vision_model.encoder.layers.4.self_attn.out_proj.bias:  93%|█████████▎| 1135/1223 [00:05<00:00, 222.95w/s, dev=cpu]
vit_model.vision_model.encoder.layers.4.self_attn.out_proj.weight:  93%|█████████▎| 1136/1223 [00:05<00:00, 223.14w/s, dev=cpu]
vit_model.vision_model.encoder.layers.4.self_attn.q_proj.bias:  93%|█████████▎| 1137/1223 [00:05<00:00, 223.34w/s, dev=cpu]    
vit_model.vision_model.encoder.layers.4.self_attn.q_proj.weight:  93%|█████████▎| 1138/1223 [00:05<00:00, 223.53w/s, dev=cpu]
vit_model.vision_model.encoder.layers.4.self_attn.v_proj.bias:  93%|█████████▎| 1139/1223 [00:05<00:00, 223.72w/s, dev=cpu]  
vit_model.vision_model.encoder.layers.4.self_attn.v_proj.weight:  93%|█████████▎| 1140/1223 [00:05<00:00, 223.92w/s, dev=cpu]
vit_model.vision_model.encoder.layers.5.layer_norm1.bias:  93%|█████████▎| 1141/1223 [00:05<00:00, 224.11w/s, dev=cpu]       
vit_model.vision_model.encoder.layers.5.layer_norm1.weight:  93%|█████████▎| 1142/1223 [00:05<00:00, 224.30w/s, dev=cpu]
vit_model.vision_model.encoder.layers.5.layer_norm2.bias:  93%|█████████▎| 1143/1223 [00:05<00:00, 224.49w/s, dev=cpu]  
vit_model.vision_model.encoder.layers.5.layer_norm2.weight:  94%|█████████▎| 1144/1223 [00:05<00:00, 224.69w/s, dev=cpu]
vit_model.vision_model.encoder.layers.5.mlp.fc1.bias:  94%|█████████▎| 1145/1223 [00:05<00:00, 224.88w/s, dev=cpu]      
vit_model.vision_model.encoder.layers.5.mlp.fc1.weight:  94%|█████████▎| 1146/1223 [00:05<00:00, 225.07w/s, dev=cpu]
vit_model.vision_model.encoder.layers.5.mlp.fc2.bias:  94%|█████████▍| 1147/1223 [00:05<00:00, 225.27w/s, dev=cpu]  
vit_model.vision_model.encoder.layers.5.mlp.fc2.weight:  94%|█████████▍| 1148/1223 [00:05<00:00, 225.46w/s, dev=cpu]
vit_model.vision_model.encoder.layers.5.self_attn.k_proj.bias:  94%|█████████▍| 1149/1223 [00:05<00:00, 225.65w/s, dev=cpu]
vit_model.vision_model.encoder.layers.5.self_attn.k_proj.weight:  94%|█████████▍| 1150/1223 [00:05<00:00, 225.85w/s, dev=cpu]
vit_model.vision_model.encoder.layers.5.self_attn.out_proj.bias:  94%|█████████▍| 1151/1223 [00:05<00:00, 226.04w/s, dev=cpu]
vit_model.vision_model.encoder.layers.5.self_attn.out_proj.weight:  94%|█████████▍| 1152/1223 [00:05<00:00, 226.23w/s, dev=cpu]
vit_model.vision_model.encoder.layers.5.self_attn.q_proj.bias:  94%|█████████▍| 1153/1223 [00:05<00:00, 226.43w/s, dev=cpu]    
vit_model.vision_model.encoder.layers.5.self_attn.q_proj.weight:  94%|█████████▍| 1154/1223 [00:05<00:00, 226.62w/s, dev=cpu]
vit_model.vision_model.encoder.layers.5.self_attn.v_proj.bias:  94%|█████████▍| 1155/1223 [00:05<00:00, 226.81w/s, dev=cpu]  
vit_model.vision_model.encoder.layers.5.self_attn.v_proj.weight:  95%|█████████▍| 1156/1223 [00:05<00:00, 227.00w/s, dev=cpu]
vit_model.vision_model.encoder.layers.6.layer_norm1.bias:  95%|█████████▍| 1157/1223 [00:05<00:00, 227.20w/s, dev=cpu]       
vit_model.vision_model.encoder.layers.6.layer_norm1.weight:  95%|█████████▍| 1158/1223 [00:05<00:00, 227.39w/s, dev=cpu]
vit_model.vision_model.encoder.layers.6.layer_norm2.bias:  95%|█████████▍| 1159/1223 [00:05<00:00, 227.58w/s, dev=cpu]  
vit_model.vision_model.encoder.layers.6.layer_norm2.weight:  95%|█████████▍| 1160/1223 [00:05<00:00, 227.78w/s, dev=cpu]
vit_model.vision_model.encoder.layers.6.mlp.fc1.bias:  95%|█████████▍| 1161/1223 [00:05<00:00, 227.97w/s, dev=cpu]      
vit_model.vision_model.encoder.layers.6.mlp.fc1.weight:  95%|█████████▌| 1162/1223 [00:05<00:00, 228.16w/s, dev=cpu]
vit_model.vision_model.encoder.layers.6.mlp.fc2.bias:  95%|█████████▌| 1163/1223 [00:05<00:00, 228.36w/s, dev=cpu]  
vit_model.vision_model.encoder.layers.6.mlp.fc2.weight:  95%|█████████▌| 1164/1223 [00:05<00:00, 228.55w/s, dev=cpu]
vit_model.vision_model.encoder.layers.6.self_attn.k_proj.bias:  95%|█████████▌| 1165/1223 [00:05<00:00, 228.74w/s, dev=cpu]
vit_model.vision_model.encoder.layers.6.self_attn.k_proj.weight:  95%|█████████▌| 1166/1223 [00:05<00:00, 228.93w/s, dev=cpu]
vit_model.vision_model.encoder.layers.6.self_attn.out_proj.bias:  95%|█████████▌| 1167/1223 [00:05<00:00, 229.13w/s, dev=cpu]
vit_model.vision_model.encoder.layers.6.self_attn.out_proj.weight:  96%|█████████▌| 1168/1223 [00:05<00:00, 229.32w/s, dev=cpu]
vit_model.vision_model.encoder.layers.6.self_attn.q_proj.bias:  96%|█████████▌| 1169/1223 [00:05<00:00, 229.51w/s, dev=cpu]    
vit_model.vision_model.encoder.layers.6.self_attn.q_proj.weight:  96%|█████████▌| 1170/1223 [00:05<00:00, 229.71w/s, dev=cpu]
vit_model.vision_model.encoder.layers.6.self_attn.v_proj.bias:  96%|█████████▌| 1171/1223 [00:05<00:00, 229.90w/s, dev=cpu]  
vit_model.vision_model.encoder.layers.6.self_attn.v_proj.weight:  96%|█████████▌| 1172/1223 [00:05<00:00, 230.09w/s, dev=cpu]
vit_model.vision_model.encoder.layers.7.layer_norm1.bias:  96%|█████████▌| 1173/1223 [00:05<00:00, 230.29w/s, dev=cpu]       
vit_model.vision_model.encoder.layers.7.layer_norm1.weight:  96%|█████████▌| 1174/1223 [00:05<00:00, 230.48w/s, dev=cpu]
vit_model.vision_model.encoder.layers.7.layer_norm2.bias:  96%|█████████▌| 1175/1223 [00:05<00:00, 230.67w/s, dev=cpu]  
vit_model.vision_model.encoder.layers.7.layer_norm2.weight:  96%|█████████▌| 1176/1223 [00:05<00:00, 230.86w/s, dev=cpu]
vit_model.vision_model.encoder.layers.7.mlp.fc1.bias:  96%|█████████▌| 1177/1223 [00:05<00:00, 231.06w/s, dev=cpu]      
vit_model.vision_model.encoder.layers.7.mlp.fc1.weight:  96%|█████████▋| 1178/1223 [00:05<00:00, 231.25w/s, dev=cpu]
vit_model.vision_model.encoder.layers.7.mlp.fc2.bias:  96%|█████████▋| 1179/1223 [00:05<00:00, 231.44w/s, dev=cpu]  
vit_model.vision_model.encoder.layers.7.mlp.fc2.weight:  96%|█████████▋| 1180/1223 [00:05<00:00, 231.64w/s, dev=cpu]
vit_model.vision_model.encoder.layers.7.self_attn.k_proj.bias:  97%|█████████▋| 1181/1223 [00:05<00:00, 231.83w/s, dev=cpu]
vit_model.vision_model.encoder.layers.7.self_attn.k_proj.weight:  97%|█████████▋| 1182/1223 [00:05<00:00, 232.02w/s, dev=cpu]
vit_model.vision_model.encoder.layers.7.self_attn.out_proj.bias:  97%|█████████▋| 1183/1223 [00:05<00:00, 232.21w/s, dev=cpu]
vit_model.vision_model.encoder.layers.7.self_attn.out_proj.weight:  97%|█████████▋| 1184/1223 [00:05<00:00, 232.41w/s, dev=cpu]
vit_model.vision_model.encoder.layers.7.self_attn.q_proj.bias:  97%|█████████▋| 1185/1223 [00:05<00:00, 232.60w/s, dev=cpu]    
vit_model.vision_model.encoder.layers.7.self_attn.q_proj.weight:  97%|█████████▋| 1186/1223 [00:05<00:00, 232.79w/s, dev=cpu]
vit_model.vision_model.encoder.layers.7.self_attn.v_proj.bias:  97%|█████████▋| 1187/1223 [00:05<00:00, 232.99w/s, dev=cpu]  
vit_model.vision_model.encoder.layers.7.self_attn.v_proj.weight:  97%|█████████▋| 1188/1223 [00:05<00:00, 233.18w/s, dev=cpu]
vit_model.vision_model.encoder.layers.8.layer_norm1.bias:  97%|█████████▋| 1189/1223 [00:05<00:00, 233.37w/s, dev=cpu]       
vit_model.vision_model.encoder.layers.8.layer_norm1.weight:  97%|█████████▋| 1190/1223 [00:05<00:00, 233.56w/s, dev=cpu]
vit_model.vision_model.encoder.layers.8.layer_norm2.bias:  97%|█████████▋| 1191/1223 [00:05<00:00, 233.76w/s, dev=cpu]  
vit_model.vision_model.encoder.layers.8.layer_norm2.weight:  97%|█████████▋| 1192/1223 [00:05<00:00, 233.95w/s, dev=cpu]
vit_model.vision_model.encoder.layers.8.mlp.fc1.bias:  98%|█████████▊| 1193/1223 [00:05<00:00, 234.14w/s, dev=cpu]      
vit_model.vision_model.encoder.layers.8.mlp.fc1.weight:  98%|█████████▊| 1194/1223 [00:05<00:00, 234.34w/s, dev=cpu]
vit_model.vision_model.encoder.layers.8.mlp.fc2.bias:  98%|█████████▊| 1195/1223 [00:05<00:00, 234.53w/s, dev=cpu]  
vit_model.vision_model.encoder.layers.8.mlp.fc2.weight:  98%|█████████▊| 1196/1223 [00:05<00:00, 234.72w/s, dev=cpu]
vit_model.vision_model.encoder.layers.8.self_attn.k_proj.bias:  98%|█████████▊| 1197/1223 [00:05<00:00, 234.91w/s, dev=cpu]
vit_model.vision_model.encoder.layers.8.self_attn.k_proj.weight:  98%|█████████▊| 1198/1223 [00:05<00:00, 235.11w/s, dev=cpu]
vit_model.vision_model.encoder.layers.8.self_attn.out_proj.bias:  98%|█████████▊| 1199/1223 [00:05<00:00, 235.30w/s, dev=cpu]
vit_model.vision_model.encoder.layers.8.self_attn.out_proj.weight:  98%|█████████▊| 1200/1223 [00:05<00:00, 235.49w/s, dev=cpu]
vit_model.vision_model.encoder.layers.8.self_attn.q_proj.bias:  98%|█████████▊| 1201/1223 [00:05<00:00, 235.68w/s, dev=cpu]    
vit_model.vision_model.encoder.layers.8.self_attn.q_proj.weight:  98%|█████████▊| 1202/1223 [00:05<00:00, 235.88w/s, dev=cpu]
vit_model.vision_model.encoder.layers.8.self_attn.v_proj.bias:  98%|█████████▊| 1203/1223 [00:05<00:00, 236.07w/s, dev=cpu]  
vit_model.vision_model.encoder.layers.8.self_attn.v_proj.weight:  98%|█████████▊| 1204/1223 [00:05<00:00, 236.26w/s, dev=cpu]
vit_model.vision_model.encoder.layers.9.layer_norm1.bias:  99%|█████████▊| 1205/1223 [00:05<00:00, 236.45w/s, dev=cpu]       
vit_model.vision_model.encoder.layers.9.layer_norm1.weight:  99%|█████████▊| 1206/1223 [00:05<00:00, 236.64w/s, dev=cpu]
vit_model.vision_model.encoder.layers.9.layer_norm2.bias:  99%|█████████▊| 1207/1223 [00:05<00:00, 236.84w/s, dev=cpu]  
vit_model.vision_model.encoder.layers.9.layer_norm2.weight:  99%|█████████▉| 1208/1223 [00:05<00:00, 237.03w/s, dev=cpu]
vit_model.vision_model.encoder.layers.9.mlp.fc1.bias:  99%|█████████▉| 1209/1223 [00:05<00:00, 237.22w/s, dev=cpu]      
vit_model.vision_model.encoder.layers.9.mlp.fc1.weight:  99%|█████████▉| 1210/1223 [00:05<00:00, 237.41w/s, dev=cpu]
vit_model.vision_model.encoder.layers.9.mlp.fc2.bias:  99%|█████████▉| 1211/1223 [00:05<00:00, 237.61w/s, dev=cpu]  
vit_model.vision_model.encoder.layers.9.mlp.fc2.weight:  99%|█████████▉| 1212/1223 [00:05<00:00, 237.80w/s, dev=cpu]
vit_model.vision_model.encoder.layers.9.self_attn.k_proj.bias:  99%|█████████▉| 1213/1223 [00:05<00:00, 237.99w/s, dev=cpu]
vit_model.vision_model.encoder.layers.9.self_attn.k_proj.weight:  99%|█████████▉| 1214/1223 [00:05<00:00, 238.19w/s, dev=cpu]
vit_model.vision_model.encoder.layers.9.self_attn.out_proj.bias:  99%|█████████▉| 1215/1223 [00:05<00:00, 238.38w/s, dev=cpu]
vit_model.vision_model.encoder.layers.9.self_attn.out_proj.weight:  99%|█████████▉| 1216/1223 [00:05<00:00, 238.57w/s, dev=cpu]
vit_model.vision_model.encoder.layers.9.self_attn.q_proj.bias: 100%|█████████▉| 1217/1223 [00:05<00:00, 238.76w/s, dev=cpu]    
vit_model.vision_model.encoder.layers.9.self_attn.q_proj.weight: 100%|█████████▉| 1218/1223 [00:05<00:00, 238.95w/s, dev=cpu]
vit_model.vision_model.encoder.layers.9.self_attn.v_proj.bias: 100%|█████████▉| 1219/1223 [00:05<00:00, 239.15w/s, dev=cpu]  
vit_model.vision_model.encoder.layers.9.self_attn.v_proj.weight: 100%|█████████▉| 1220/1223 [00:05<00:00, 239.34w/s, dev=cpu]
vit_model.vision_model.post_layernorm.bias: 100%|█████████▉| 1221/1223 [00:05<00:00, 239.53w/s, dev=cpu]                     
vit_model.vision_model.post_layernorm.weight: 100%|█████████▉| 1222/1223 [00:05<00:00, 239.72w/s, dev=cpu]
                                                                                                          
Some parameters are on the meta device because they were offloaded to the cpu.

  0%|          | 0/29 [00:00<?, ?it/s]
  3%|▎         | 1/29 [00:04<01:58,  4.23s/it]
  7%|▋         | 2/29 [00:08<01:54,  4.26s/it]
 10%|█         | 3/29 [00:12<01:50,  4.27s/it]
 14%|█▍        | 4/29 [00:17<01:47,  4.29s/it]
 17%|█▋        | 5/29 [00:21<01:42,  4.28s/it]
 21%|██        | 6/29 [00:25<01:38,  4.28s/it]
 24%|██▍       | 7/29 [00:29<01:34,  4.28s/it]
 28%|██▊       | 8/29 [00:34<01:30,  4.30s/it]
 31%|███       | 9/29 [00:38<01:26,  4.33s/it]
 34%|███▍      | 10/29 [00:43<01:22,  4.36s/it]
 38%|███▊      | 11/29 [00:47<01:18,  4.37s/it]
 41%|████▏     | 12/29 [00:51<01:14,  4.37s/it]
 45%|████▍     | 13/29 [00:56<01:10,  4.38s/it]
 48%|████▊     | 14/29 [01:00<01:05,  4.38s/it]
 52%|█████▏    | 15/29 [01:05<01:01,  4.40s/it]
 55%|█████▌    | 16/29 [01:09<00:57,  4.39s/it]
 59%|█████▊    | 17/29 [01:13<00:52,  4.40s/it]
 62%|██████▏   | 18/29 [01:18<00:48,  4.41s/it]
 66%|██████▌   | 19/29 [01:22<00:44,  4.42s/it]
 69%|██████▉   | 20/29 [01:27<00:40,  4.46s/it]
 72%|███████▏  | 21/29 [01:31<00:35,  4.42s/it]
 76%|███████▌  | 22/29 [01:35<00:30,  4.39s/it]
 79%|███████▉  | 23/29 [01:40<00:26,  4.38s/it]
 83%|████████▎ | 24/29 [01:44<00:21,  4.38s/it]
 86%|████████▌ | 25/29 [01:46<00:14,  3.51s/it]
 90%|████████▉ | 26/29 [01:47<00:08,  2.89s/it]
 93%|█████████▎| 27/29 [01:49<00:04,  2.47s/it]
 97%|█████████▋| 28/29 [01:50<00:02,  2.16s/it]
100%|██████████| 29/29 [01:52<00:00,  1.96s/it]
100%|██████████| 29/29 [01:52<00:00,  3.86s/it]

task=edit
prompt=change the background into a snowy mountain while keeping the main subject unchanged
input_image=test_images/women.jpg
output=/root/autodl-tmp/BAGEL/repro_records/task11_20260601_204507/outputs/cfg_img_2.png
model_path=models/BAGEL-7B-MoT
mode=2
seed=42
think=False
num_timesteps=30
cfg_text_scale=4.0
cfg_img_scale=2.0
cfg_interval=[0.4, 1.0]
timestep_shift=3.0
gpu_memory_before=cuda:0 torch_allocated=0.00GiB torch_reserved=0.00GiB torch_peak=0.00GiB; cuda:1 torch_allocated=0.00GiB torch_reserved=0.00GiB torch_peak=0.00GiB; nvidia_smi=0, 4, 24564 | 1, 672, 24564
model_load_seconds=23.83
gpu_memory_after_load=cuda:0 torch_allocated=3.29GiB torch_reserved=3.51GiB torch_peak=11.27GiB; cuda:1 torch_allocated=2.69GiB torch_reserved=2.94GiB torch_peak=12.36GiB; nvidia_smi=0, 4052, 24564 | 1, 4140, 24564
inference_seconds=130.21
total_seconds=154.67
gpu_memory_after_inference=cuda:0 torch_allocated=3.30GiB torch_reserved=4.39GiB torch_peak=11.27GiB; cuda:1 torch_allocated=2.69GiB torch_reserved=3.48GiB torch_peak=12.36GiB; nvidia_smi=0, 4968, 24564 | 1, 4702, 24564
status=success

wall_seconds=162
after_gpu:
Mon Jun  1 20:53:26 2026       
+-----------------------------------------------------------------------------------------+
| NVIDIA-SMI 595.58.03              Driver Version: 595.58.03      CUDA Version: 13.2     |
+-----------------------------------------+------------------------+----------------------+
| GPU  Name                 Persistence-M | Bus-Id          Disp.A | Volatile Uncorr. ECC |
| Fan  Temp   Perf          Pwr:Usage/Cap |           Memory-Usage | GPU-Util  Compute M. |
|                                         |                        |               MIG M. |
|=========================================+========================+======================|
|   0  NVIDIA GeForce RTX 4090        On  |   00000000:16:00.0 Off |                  Off |
| 30%   40C    P0             60W /  450W |       1MiB /  24564MiB |     38%      Default |
|                                         |                        |                  N/A |
+-----------------------------------------+------------------------+----------------------+
|   1  NVIDIA GeForce RTX 4090        On  |   00000000:5A:00.0 Off |                  Off |
| 30%   37C    P0             65W /  450W |     672MiB /  24564MiB |      0%      Default |
|                                         |                        |                  N/A |
+-----------------------------------------+------------------------+----------------------+

+-----------------------------------------------------------------------------------------+
| Processes:                                                                              |
|  GPU   GI   CI              PID   Type   Process name                        GPU Memory |
|        ID   ID                                                               Usage      |
|=========================================================================================|
|  No running processes found                                                             |
+-----------------------------------------------------------------------------------------+

===== cfg_img_scale=4.0 =====
output=/root/autodl-tmp/BAGEL/repro_records/task11_20260601_204507/outputs/cfg_img_4.png
before_gpu:
Mon Jun  1 20:53:27 2026       
+-----------------------------------------------------------------------------------------+
| NVIDIA-SMI 595.58.03              Driver Version: 595.58.03      CUDA Version: 13.2     |
+-----------------------------------------+------------------------+----------------------+
| GPU  Name                 Persistence-M | Bus-Id          Disp.A | Volatile Uncorr. ECC |
| Fan  Temp   Perf          Pwr:Usage/Cap |           Memory-Usage | GPU-Util  Compute M. |
|                                         |                        |               MIG M. |
|=========================================+========================+======================|
|   0  NVIDIA GeForce RTX 4090        On  |   00000000:16:00.0 Off |                  Off |
| 30%   40C    P0             60W /  450W |       1MiB /  24564MiB |      0%      Default |
|                                         |                        |                  N/A |
+-----------------------------------------+------------------------+----------------------+
|   1  NVIDIA GeForce RTX 4090        On  |   00000000:5A:00.0 Off |                  Off |
| 30%   37C    P0             65W /  450W |     672MiB /  24564MiB |      0%      Default |
|                                         |                        |                  N/A |
+-----------------------------------------+------------------------+----------------------+

+-----------------------------------------------------------------------------------------+
| Processes:                                                                              |
|  GPU   GI   CI              PID   Type   Process name                        GPU Memory |
|        ID   ID                                                               Usage      |
|=========================================================================================|
|  No running processes found                                                             |
+-----------------------------------------------------------------------------------------+
command=/root/miniconda3/bin/conda run -n bagel python scripts/run_bagel_minimal.py --task edit --image test_images/women.jpg --prompt change the background into a snowy mountain while keeping the main subject unchanged --output /root/autodl-tmp/BAGEL/repro_records/task11_20260601_204507/outputs/cfg_img_4.png --mode 2 --seed 42 --think false --num_timesteps 30 --cfg_text_scale 4.0 --cfg_img_scale 4.0 --model_path models/BAGEL-7B-MoT
The safetensors archive passed at models/BAGEL-7B-MoT/ema.safetensors does not contain metadata. Make sure to save your model with the `save_pretrained` method. Defaulting to 'pt' metadata.

  0%|          | 0/1223 [00:00<?, ?w/s]
language_model.model.embed_tokens.weight:   0%|          | 0/1223 [00:00<?, ?w/s, dev=0]
language_model.model.embed_tokens.weight:   0%|          | 1/1223 [00:00<06:53,  2.96w/s, dev=0]
language_model.model.layers.0.input_layernorm.weight:   0%|          | 1/1223 [00:00<06:53,  2.96w/s, dev=0]
language_model.model.layers.0.input_layernorm_moe_gen.weight:   0%|          | 2/1223 [00:00<03:26,  5.90w/s, dev=0]
language_model.model.layers.0.mlp.down_proj.weight:   0%|          | 3/1223 [00:00<02:17,  8.85w/s, dev=0]          
language_model.model.layers.0.mlp.gate_proj.weight:   0%|          | 4/1223 [00:00<01:51, 10.97w/s, dev=0]
language_model.model.layers.0.mlp.up_proj.weight:   0%|          | 5/1223 [00:00<01:35, 12.81w/s, dev=0]  
language_model.model.layers.0.mlp_moe_gen.down_proj.weight:   0%|          | 6/1223 [00:00<01:24, 14.41w/s, dev=0]
language_model.model.layers.0.mlp_moe_gen.down_proj.weight:   1%|          | 7/1223 [00:00<01:16, 15.83w/s, dev=0]
language_model.model.layers.0.mlp_moe_gen.gate_proj.weight:   1%|          | 7/1223 [00:00<01:16, 15.83w/s, dev=0]
language_model.model.layers.0.mlp_moe_gen.up_proj.weight:   1%|          | 8/1223 [00:00<01:11, 17.10w/s, dev=0]  
language_model.model.layers.0.post_attention_layernorm.weight:   1%|          | 9/1223 [00:00<01:06, 18.24w/s, dev=0]
language_model.model.layers.0.post_attention_layernorm_moe_gen.weight:   1%|          | 10/1223 [00:00<00:59, 20.25w/s, dev=0]
language_model.model.layers.0.self_attn.k_norm.weight:   1%|          | 11/1223 [00:00<00:54, 22.27w/s, dev=0]                
language_model.model.layers.0.self_attn.k_norm_moe_gen.weight:   1%|          | 12/1223 [00:00<00:49, 24.29w/s, dev=0]
language_model.model.layers.0.self_attn.k_proj.bias:   1%|          | 13/1223 [00:00<00:45, 26.31w/s, dev=0]          
language_model.model.layers.0.self_attn.k_proj.weight:   1%|          | 14/1223 [00:00<00:42, 28.33w/s, dev=0]
language_model.model.layers.0.self_attn.k_proj_moe_gen.bias:   1%|          | 15/1223 [00:00<00:39, 30.29w/s, dev=0]
language_model.model.layers.0.self_attn.k_proj_moe_gen.weight:   1%|▏         | 16/1223 [00:00<00:37, 32.30w/s, dev=0]
language_model.model.layers.0.self_attn.o_proj.weight:   1%|▏         | 17/1223 [00:00<00:35, 34.26w/s, dev=0]        
language_model.model.layers.0.self_attn.o_proj_moe_gen.weight:   1%|▏         | 18/1223 [00:00<00:33, 35.90w/s, dev=0]
language_model.model.layers.0.self_attn.q_norm.weight:   2%|▏         | 19/1223 [00:00<00:32, 37.51w/s, dev=0]        
language_model.model.layers.0.self_attn.q_norm_moe_gen.weight:   2%|▏         | 20/1223 [00:00<00:30, 39.47w/s, dev=0]
language_model.model.layers.0.self_attn.q_proj.bias:   2%|▏         | 21/1223 [00:00<00:29, 41.43w/s, dev=0]          
language_model.model.layers.0.self_attn.q_proj.weight:   2%|▏         | 22/1223 [00:00<00:27, 43.40w/s, dev=0]
language_model.model.layers.0.self_attn.q_proj_moe_gen.bias:   2%|▏         | 23/1223 [00:00<00:26, 44.92w/s, dev=0]
language_model.model.layers.0.self_attn.q_proj_moe_gen.weight:   2%|▏         | 24/1223 [00:00<00:25, 46.86w/s, dev=0]
language_model.model.layers.0.self_attn.v_proj.bias:   2%|▏         | 25/1223 [00:00<00:24, 48.33w/s, dev=0]          
language_model.model.layers.0.self_attn.v_proj.weight:   2%|▏         | 26/1223 [00:00<00:23, 50.24w/s, dev=0]
language_model.model.layers.0.self_attn.v_proj_moe_gen.bias:   2%|▏         | 27/1223 [00:00<00:22, 52.09w/s, dev=0]
language_model.model.layers.0.self_attn.v_proj_moe_gen.weight:   2%|▏         | 28/1223 [00:00<00:22, 54.00w/s, dev=0]
language_model.model.layers.1.input_layernorm.weight:   2%|▏         | 29/1223 [00:00<00:21, 55.84w/s, dev=0]         
language_model.model.layers.1.input_layernorm_moe_gen.weight:   2%|▏         | 30/1223 [00:00<00:20, 57.75w/s, dev=0]
language_model.model.layers.1.mlp.down_proj.weight:   3%|▎         | 31/1223 [00:00<00:19, 59.66w/s, dev=0]          
language_model.model.layers.1.mlp.down_proj.weight:   3%|▎         | 32/1223 [00:00<00:20, 58.70w/s, dev=0]
language_model.model.layers.1.mlp.gate_proj.weight:   3%|▎         | 32/1223 [00:00<00:20, 58.69w/s, dev=0]
language_model.model.layers.1.mlp.up_proj.weight:   3%|▎         | 33/1223 [00:00<00:20, 57.81w/s, dev=0]  
language_model.model.layers.1.mlp_moe_gen.down_proj.weight:   3%|▎         | 34/1223 [00:00<00:20, 56.99w/s, dev=0]
language_model.model.layers.1.mlp_moe_gen.gate_proj.weight:   3%|▎         | 35/1223 [00:00<00:21, 56.23w/s, dev=0]
language_model.model.layers.1.mlp_moe_gen.up_proj.weight:   3%|▎         | 36/1223 [00:00<00:21, 55.54w/s, dev=0]  
language_model.model.layers.1.post_attention_layernorm.weight:   3%|▎         | 37/1223 [00:00<00:21, 54.92w/s, dev=0]
language_model.model.layers.1.post_attention_layernorm_moe_gen.weight:   3%|▎         | 38/1223 [00:00<00:21, 56.38w/s, dev=0]
language_model.model.layers.1.self_attn.k_norm.weight:   3%|▎         | 39/1223 [00:00<00:20, 57.86w/s, dev=0]                
language_model.model.layers.1.self_attn.k_norm_moe_gen.weight:   3%|▎         | 40/1223 [00:00<00:19, 59.33w/s, dev=0]
language_model.model.layers.1.self_attn.k_proj.bias:   3%|▎         | 41/1223 [00:00<00:19, 60.81w/s, dev=0]          
language_model.model.layers.1.self_attn.k_proj.weight:   3%|▎         | 42/1223 [00:00<00:18, 62.28w/s, dev=0]
language_model.model.layers.1.self_attn.k_proj_moe_gen.bias:   4%|▎         | 43/1223 [00:00<00:18, 63.69w/s, dev=0]
language_model.model.layers.1.self_attn.k_proj_moe_gen.weight:   4%|▎         | 44/1223 [00:00<00:18, 65.15w/s, dev=0]
language_model.model.layers.1.self_attn.o_proj.weight:   4%|▎         | 45/1223 [00:00<00:17, 66.53w/s, dev=0]        
language_model.model.layers.1.self_attn.o_proj_moe_gen.weight:   4%|▍         | 46/1223 [00:00<00:17, 67.49w/s, dev=0]
language_model.model.layers.1.self_attn.q_norm.weight:   4%|▍         | 47/1223 [00:00<00:17, 68.44w/s, dev=0]        
language_model.model.layers.1.self_attn.q_norm_moe_gen.weight:   4%|▍         | 48/1223 [00:00<00:16, 69.88w/s, dev=0]
language_model.model.layers.1.self_attn.q_proj.bias:   4%|▍         | 49/1223 [00:00<00:16, 71.33w/s, dev=0]          
language_model.model.layers.1.self_attn.q_proj.weight:   4%|▍         | 50/1223 [00:00<00:16, 72.77w/s, dev=0]
language_model.model.layers.1.self_attn.q_proj_moe_gen.bias:   4%|▍         | 51/1223 [00:00<00:15, 73.68w/s, dev=0]
language_model.model.layers.1.self_attn.q_proj_moe_gen.weight:   4%|▍         | 52/1223 [00:00<00:15, 75.10w/s, dev=0]
language_model.model.layers.1.self_attn.v_proj.bias:   4%|▍         | 53/1223 [00:00<00:15, 75.99w/s, dev=0]          
language_model.model.layers.1.self_attn.v_proj.weight:   4%|▍         | 54/1223 [00:00<00:15, 77.41w/s, dev=0]
language_model.model.layers.1.self_attn.v_proj_moe_gen.bias:   4%|▍         | 55/1223 [00:00<00:14, 78.74w/s, dev=0]
language_model.model.layers.1.self_attn.v_proj_moe_gen.weight:   5%|▍         | 56/1223 [00:00<00:14, 80.16w/s, dev=0]
language_model.model.layers.1.self_attn.v_proj_moe_gen.weight:   5%|▍         | 57/1223 [00:00<00:14, 81.49w/s, dev=0]
language_model.model.layers.2.input_layernorm.weight:   5%|▍         | 57/1223 [00:00<00:14, 81.48w/s, dev=0]         
language_model.model.layers.2.input_layernorm_moe_gen.weight:   5%|▍         | 58/1223 [00:00<00:14, 82.89w/s, dev=0]
language_model.model.layers.2.mlp.down_proj.weight:   5%|▍         | 59/1223 [00:00<00:13, 84.31w/s, dev=0]          
language_model.model.layers.2.mlp.gate_proj.weight:   5%|▍         | 60/1223 [00:00<00:14, 82.73w/s, dev=0]
language_model.model.layers.2.mlp.up_proj.weight:   5%|▍         | 61/1223 [00:00<00:14, 81.23w/s, dev=0]  
language_model.model.layers.2.mlp_moe_gen.down_proj.weight:   5%|▌         | 62/1223 [00:00<00:14, 79.85w/s, dev=0]
language_model.model.layers.2.mlp_moe_gen.gate_proj.weight:   5%|▌         | 63/1223 [00:00<00:14, 78.55w/s, dev=0]
language_model.model.layers.2.mlp_moe_gen.up_proj.weight:   5%|▌         | 64/1223 [00:00<00:14, 77.33w/s, dev=0]  
language_model.model.layers.2.post_attention_layernorm.weight:   5%|▌         | 65/1223 [00:00<00:15, 76.18w/s, dev=0]
language_model.model.layers.2.post_attention_layernorm_moe_gen.weight:   5%|▌         | 66/1223 [00:00<00:14, 77.33w/s, dev=0]
language_model.model.layers.2.self_attn.k_norm.weight:   5%|▌         | 67/1223 [00:00<00:14, 78.50w/s, dev=0]                
language_model.model.layers.2.self_attn.k_norm_moe_gen.weight:   6%|▌         | 68/1223 [00:00<00:14, 79.66w/s, dev=0]
language_model.model.layers.2.self_attn.k_proj.bias:   6%|▌         | 69/1223 [00:00<00:14, 80.82w/s, dev=0]          
language_model.model.layers.2.self_attn.k_proj.weight:   6%|▌         | 70/1223 [00:00<00:14, 81.98w/s, dev=0]
language_model.model.layers.2.self_attn.k_proj_moe_gen.bias:   6%|▌         | 71/1223 [00:00<00:13, 83.07w/s, dev=0]
language_model.model.layers.2.self_attn.k_proj_moe_gen.weight:   6%|▌         | 72/1223 [00:00<00:13, 84.23w/s, dev=0]
language_model.model.layers.2.self_attn.o_proj.weight:   6%|▌         | 73/1223 [00:00<00:13, 85.31w/s, dev=0]        
language_model.model.layers.2.self_attn.o_proj_moe_gen.weight:   6%|▌         | 74/1223 [00:00<00:13, 85.97w/s, dev=0]
language_model.model.layers.2.self_attn.q_norm.weight:   6%|▌         | 75/1223 [00:00<00:13, 86.60w/s, dev=0]        
language_model.model.layers.2.self_attn.q_norm_moe_gen.weight:   6%|▌         | 76/1223 [00:00<00:13, 87.74w/s, dev=0]
language_model.model.layers.2.self_attn.q_proj.bias:   6%|▋         | 77/1223 [00:00<00:12, 88.88w/s, dev=0]          
language_model.model.layers.2.self_attn.q_proj.weight:   6%|▋         | 78/1223 [00:00<00:12, 90.02w/s, dev=0]
language_model.model.layers.2.self_attn.q_proj_moe_gen.bias:   6%|▋         | 79/1223 [00:00<00:12, 90.64w/s, dev=0]
language_model.model.layers.2.self_attn.q_proj_moe_gen.weight:   7%|▋         | 80/1223 [00:00<00:12, 91.76w/s, dev=0]
language_model.model.layers.2.self_attn.v_proj.bias:   7%|▋         | 81/1223 [00:00<00:12, 92.37w/s, dev=0]          
language_model.model.layers.2.self_attn.v_proj.bias:   7%|▋         | 82/1223 [00:00<00:12, 93.50w/s, dev=0]
language_model.model.layers.2.self_attn.v_proj.weight:   7%|▋         | 82/1223 [00:00<00:12, 93.49w/s, dev=0]
language_model.model.layers.2.self_attn.v_proj_moe_gen.bias:   7%|▋         | 83/1223 [00:00<00:12, 94.52w/s, dev=0]
language_model.model.layers.2.self_attn.v_proj_moe_gen.weight:   7%|▋         | 84/1223 [00:00<00:11, 95.64w/s, dev=0]
language_model.model.layers.3.input_layernorm.weight:   7%|▋         | 85/1223 [00:00<00:11, 96.68w/s, dev=0]         
language_model.model.layers.3.input_layernorm_moe_gen.weight:   7%|▋         | 86/1223 [00:00<00:11, 97.80w/s, dev=0]
language_model.model.layers.3.mlp.down_proj.weight:   7%|▋         | 87/1223 [00:00<00:11, 98.93w/s, dev=0]          
language_model.model.layers.3.mlp.gate_proj.weight:   7%|▋         | 88/1223 [00:00<00:11, 97.24w/s, dev=0]
language_model.model.layers.3.mlp.up_proj.weight:   7%|▋         | 89/1223 [00:00<00:11, 95.64w/s, dev=0]  
language_model.model.layers.3.mlp_moe_gen.down_proj.weight:   7%|▋         | 90/1223 [00:00<00:12, 94.12w/s, dev=0]
language_model.model.layers.3.mlp_moe_gen.gate_proj.weight:   7%|▋         | 91/1223 [00:00<00:12, 92.68w/s, dev=0]
language_model.model.layers.3.mlp_moe_gen.up_proj.weight:   8%|▊         | 92/1223 [00:01<00:12, 91.31w/s, dev=0]  
language_model.model.layers.3.post_attention_layernorm.weight:   8%|▊         | 93/1223 [00:01<00:12, 90.02w/s, dev=0]
language_model.model.layers.3.post_attention_layernorm_moe_gen.weight:   8%|▊         | 94/1223 [00:01<00:12, 90.97w/s, dev=0]
language_model.model.layers.3.self_attn.k_norm.weight:   8%|▊         | 95/1223 [00:01<00:12, 91.92w/s, dev=0]                
language_model.model.layers.3.self_attn.k_norm_moe_gen.weight:   8%|▊         | 96/1223 [00:01<00:12, 92.88w/s, dev=0]
language_model.model.layers.3.self_attn.k_proj.bias:   8%|▊         | 97/1223 [00:01<00:11, 93.84w/s, dev=0]          
language_model.model.layers.3.self_attn.k_proj.weight:   8%|▊         | 98/1223 [00:01<00:11, 94.80w/s, dev=0]
language_model.model.layers.3.self_attn.k_proj_moe_gen.bias:   8%|▊         | 99/1223 [00:01<00:11, 95.69w/s, dev=0]
language_model.model.layers.3.self_attn.k_proj_moe_gen.weight:   8%|▊         | 100/1223 [00:01<00:11, 96.64w/s, dev=0]
language_model.model.layers.3.self_attn.o_proj.weight:   8%|▊         | 101/1223 [00:01<00:11, 97.53w/s, dev=0]        
language_model.model.layers.3.self_attn.o_proj_moe_gen.weight:   8%|▊         | 102/1223 [00:01<00:11, 98.00w/s, dev=0]
language_model.model.layers.3.self_attn.q_norm.weight:   8%|▊         | 103/1223 [00:01<00:11, 98.48w/s, dev=0]        
language_model.model.layers.3.self_attn.q_norm_moe_gen.weight:   9%|▊         | 104/1223 [00:01<00:11, 99.42w/s, dev=0]
language_model.model.layers.3.self_attn.q_proj.bias:   9%|▊         | 105/1223 [00:01<00:11, 100.36w/s, dev=0]         
language_model.model.layers.3.self_attn.q_proj.weight:   9%|▊         | 106/1223 [00:01<00:11, 101.31w/s, dev=0]
language_model.model.layers.3.self_attn.q_proj.weight:   9%|▊         | 107/1223 [00:01<00:10, 101.77w/s, dev=0]
language_model.model.layers.3.self_attn.q_proj_moe_gen.bias:   9%|▊         | 107/1223 [00:01<00:10, 101.76w/s, dev=0]
language_model.model.layers.3.self_attn.q_proj_moe_gen.weight:   9%|▉         | 108/1223 [00:01<00:10, 102.70w/s, dev=0]
language_model.model.layers.3.self_attn.v_proj.bias:   9%|▉         | 109/1223 [00:01<00:10, 103.15w/s, dev=0]          
language_model.model.layers.3.self_attn.v_proj.weight:   9%|▉         | 110/1223 [00:01<00:10, 104.08w/s, dev=0]
language_model.model.layers.3.self_attn.v_proj_moe_gen.bias:   9%|▉         | 111/1223 [00:01<00:10, 104.95w/s, dev=0]
language_model.model.layers.3.self_attn.v_proj_moe_gen.weight:   9%|▉         | 112/1223 [00:01<00:10, 105.88w/s, dev=0]
language_model.model.layers.4.input_layernorm.weight:   9%|▉         | 113/1223 [00:01<00:10, 106.72w/s, dev=0]         
language_model.model.layers.4.input_layernorm_moe_gen.weight:   9%|▉         | 114/1223 [00:01<00:10, 107.65w/s, dev=0]
language_model.model.layers.4.mlp.down_proj.weight:   9%|▉         | 115/1223 [00:01<00:10, 108.58w/s, dev=0]          
language_model.model.layers.4.mlp.gate_proj.weight:   9%|▉         | 116/1223 [00:01<00:10, 106.94w/s, dev=0]
language_model.model.layers.4.mlp.up_proj.weight:  10%|▉         | 117/1223 [00:01<00:10, 105.36w/s, dev=0]  
language_model.model.layers.4.mlp_moe_gen.down_proj.weight:  10%|▉         | 118/1223 [00:01<00:10, 103.86w/s, dev=0]
language_model.model.layers.4.mlp_moe_gen.gate_proj.weight:  10%|▉         | 119/1223 [00:01<00:10, 102.42w/s, dev=0]
language_model.model.layers.4.mlp_moe_gen.up_proj.weight:  10%|▉         | 120/1223 [00:01<00:10, 101.05w/s, dev=0]  
language_model.model.layers.4.post_attention_layernorm.weight:  10%|▉         | 121/1223 [00:01<00:11, 99.74w/s, dev=0]
language_model.model.layers.4.post_attention_layernorm_moe_gen.weight:  10%|▉         | 122/1223 [00:01<00:10, 100.54w/s, dev=0]
language_model.model.layers.4.self_attn.k_norm.weight:  10%|█         | 123/1223 [00:01<00:10, 101.36w/s, dev=0]                
language_model.model.layers.4.self_attn.k_norm_moe_gen.weight:  10%|█         | 124/1223 [00:01<00:10, 102.17w/s, dev=0]
language_model.model.layers.4.self_attn.k_proj.bias:  10%|█         | 125/1223 [00:01<00:10, 102.99w/s, dev=0]          
language_model.model.layers.4.self_attn.k_proj.weight:  10%|█         | 126/1223 [00:01<00:10, 103.81w/s, dev=0]
language_model.model.layers.4.self_attn.k_proj_moe_gen.bias:  10%|█         | 127/1223 [00:01<00:10, 104.56w/s, dev=0]
language_model.model.layers.4.self_attn.k_proj_moe_gen.weight:  10%|█         | 128/1223 [00:01<00:10, 105.37w/s, dev=0]
language_model.model.layers.4.self_attn.o_proj.weight:  11%|█         | 129/1223 [00:01<00:10, 106.12w/s, dev=0]        
language_model.model.layers.4.self_attn.o_proj_moe_gen.weight:  11%|█         | 130/1223 [00:01<00:10, 106.49w/s, dev=0]
language_model.model.layers.4.self_attn.q_norm.weight:  11%|█         | 131/1223 [00:01<00:10, 106.85w/s, dev=0]        
language_model.model.layers.4.self_attn.q_norm.weight:  11%|█         | 132/1223 [00:01<00:10, 107.65w/s, dev=0]
language_model.model.layers.4.self_attn.q_norm_moe_gen.weight:  11%|█         | 132/1223 [00:01<00:10, 107.64w/s, dev=0]
language_model.model.layers.4.self_attn.q_proj.bias:  11%|█         | 133/1223 [00:01<00:10, 108.45w/s, dev=0]          
language_model.model.layers.4.self_attn.q_proj.weight:  11%|█         | 134/1223 [00:01<00:09, 109.26w/s, dev=0]
language_model.model.layers.4.self_attn.q_proj_moe_gen.bias:  11%|█         | 135/1223 [00:01<00:09, 109.61w/s, dev=0]
language_model.model.layers.4.self_attn.q_proj_moe_gen.weight:  11%|█         | 136/1223 [00:01<00:09, 110.41w/s, dev=0]
language_model.model.layers.4.self_attn.v_proj.bias:  11%|█         | 137/1223 [00:01<00:09, 110.76w/s, dev=0]          
language_model.model.layers.4.self_attn.v_proj.weight:  11%|█▏        | 138/1223 [00:01<00:09, 111.55w/s, dev=0]
language_model.model.layers.4.self_attn.v_proj_moe_gen.bias:  11%|█▏        | 139/1223 [00:01<00:09, 112.27w/s, dev=0]
language_model.model.layers.4.self_attn.v_proj_moe_gen.weight:  11%|█▏        | 140/1223 [00:01<00:09, 113.06w/s, dev=0]
language_model.model.layers.5.input_layernorm.weight:  12%|█▏        | 141/1223 [00:01<00:09, 113.75w/s, dev=0]         
language_model.model.layers.5.input_layernorm_moe_gen.weight:  12%|█▏        | 142/1223 [00:01<00:09, 114.54w/s, dev=0]
language_model.model.layers.5.mlp.down_proj.weight:  12%|█▏        | 143/1223 [00:01<00:09, 115.33w/s, dev=0]          
language_model.model.layers.5.mlp.gate_proj.weight:  12%|█▏        | 144/1223 [00:01<00:09, 113.48w/s, dev=0]
language_model.model.layers.5.mlp.up_proj.weight:  12%|█▏        | 145/1223 [00:01<00:09, 112.00w/s, dev=0]  
language_model.model.layers.5.mlp_moe_gen.down_proj.weight:  12%|█▏        | 146/1223 [00:01<00:09, 110.58w/s, dev=0]
language_model.model.layers.5.mlp_moe_gen.gate_proj.weight:  12%|█▏        | 147/1223 [00:01<00:09, 109.13w/s, dev=0]
language_model.model.layers.5.mlp_moe_gen.up_proj.weight:  12%|█▏        | 148/1223 [00:01<00:09, 107.77w/s, dev=0]  
language_model.model.layers.5.post_attention_layernorm.weight:  12%|█▏        | 149/1223 [00:01<00:10, 106.51w/s, dev=0]
language_model.model.layers.5.post_attention_layernorm_moe_gen.weight:  12%|█▏        | 150/1223 [00:01<00:10, 107.20w/s, dev=0]
language_model.model.layers.5.self_attn.k_norm.weight:  12%|█▏        | 151/1223 [00:01<00:09, 107.91w/s, dev=0]                
language_model.model.layers.5.self_attn.k_norm_moe_gen.weight:  12%|█▏        | 152/1223 [00:01<00:09, 108.62w/s, dev=0]
language_model.model.layers.5.self_attn.k_proj.bias:  13%|█▎        | 153/1223 [00:01<00:09, 109.32w/s, dev=0]          
language_model.model.layers.5.self_attn.k_proj.weight:  13%|█▎        | 154/1223 [00:01<00:09, 110.03w/s, dev=0]
language_model.model.layers.5.self_attn.k_proj_moe_gen.bias:  13%|█▎        | 155/1223 [00:01<00:09, 110.66w/s, dev=0]
language_model.model.layers.5.self_attn.k_proj_moe_gen.weight:  13%|█▎        | 156/1223 [00:01<00:09, 111.36w/s, dev=0]
language_model.model.layers.5.self_attn.k_proj_moe_gen.weight:  13%|█▎        | 157/1223 [00:01<00:09, 112.01w/s, dev=0]
language_model.model.layers.5.self_attn.o_proj.weight:  13%|█▎        | 157/1223 [00:01<00:09, 112.00w/s, dev=0]        
language_model.model.layers.5.self_attn.o_proj_moe_gen.weight:  13%|█▎        | 158/1223 [00:01<00:09, 112.26w/s, dev=0]
language_model.model.layers.5.self_attn.q_norm.weight:  13%|█▎        | 159/1223 [00:01<00:09, 112.56w/s, dev=0]        
language_model.model.layers.5.self_attn.q_norm_moe_gen.weight:  13%|█▎        | 160/1223 [00:01<00:09, 113.25w/s, dev=0]
language_model.model.layers.5.self_attn.q_proj.bias:  13%|█▎        | 161/1223 [00:01<00:09, 113.95w/s, dev=0]          
language_model.model.layers.5.self_attn.q_proj.weight:  13%|█▎        | 162/1223 [00:01<00:09, 114.65w/s, dev=0]
language_model.model.layers.5.self_attn.q_proj_moe_gen.bias:  13%|█▎        | 163/1223 [00:01<00:09, 114.94w/s, dev=0]
language_model.model.layers.5.self_attn.q_proj_moe_gen.weight:  13%|█▎        | 164/1223 [00:01<00:09, 115.63w/s, dev=0]
language_model.model.layers.5.self_attn.v_proj.bias:  13%|█▎        | 165/1223 [00:01<00:09, 115.92w/s, dev=0]          
language_model.model.layers.5.self_attn.v_proj.weight:  14%|█▎        | 166/1223 [00:01<00:09, 116.61w/s, dev=0]
language_model.model.layers.5.self_attn.v_proj_moe_gen.bias:  14%|█▎        | 167/1223 [00:01<00:09, 117.24w/s, dev=0]
language_model.model.layers.5.self_attn.v_proj_moe_gen.weight:  14%|█▎        | 168/1223 [00:01<00:08, 117.93w/s, dev=0]
language_model.model.layers.6.input_layernorm.weight:  14%|█▍        | 169/1223 [00:01<00:08, 118.56w/s, dev=0]         
language_model.model.layers.6.input_layernorm_moe_gen.weight:  14%|█▍        | 170/1223 [00:01<00:08, 119.25w/s, dev=0]
language_model.model.layers.6.mlp.down_proj.weight:  14%|█▍        | 171/1223 [00:01<00:08, 119.94w/s, dev=0]          
language_model.model.layers.6.mlp.gate_proj.weight:  14%|█▍        | 172/1223 [00:01<00:08, 118.50w/s, dev=0]
language_model.model.layers.6.mlp.up_proj.weight:  14%|█▍        | 173/1223 [00:01<00:08, 117.12w/s, dev=0]  
language_model.model.layers.6.mlp_moe_gen.down_proj.weight:  14%|█▍        | 174/1223 [00:01<00:09, 115.79w/s, dev=0]
language_model.model.layers.6.mlp_moe_gen.gate_proj.weight:  14%|█▍        | 175/1223 [00:01<00:09, 114.50w/s, dev=0]
language_model.model.layers.6.mlp_moe_gen.up_proj.weight:  14%|█▍        | 176/1223 [00:01<00:09, 113.25w/s, dev=0]  
language_model.model.layers.6.post_attention_layernorm.weight:  14%|█▍        | 177/1223 [00:01<00:09, 112.05w/s, dev=0]
language_model.model.layers.6.post_attention_layernorm_moe_gen.weight:  15%|█▍        | 178/1223 [00:01<00:09, 112.67w/s, dev=0]
language_model.model.layers.6.self_attn.k_norm.weight:  15%|█▍        | 179/1223 [00:01<00:09, 113.29w/s, dev=0]                
language_model.model.layers.6.self_attn.k_norm_moe_gen.weight:  15%|█▍        | 180/1223 [00:01<00:09, 113.92w/s, dev=0]
language_model.model.layers.6.self_attn.k_proj.bias:  15%|█▍        | 181/1223 [00:01<00:09, 114.55w/s, dev=0]          
language_model.model.layers.6.self_attn.k_proj.bias:  15%|█▍        | 182/1223 [00:01<00:09, 115.17w/s, dev=0]
language_model.model.layers.6.self_attn.k_proj.weight:  15%|█▍        | 182/1223 [00:01<00:09, 115.17w/s, dev=0]
language_model.model.layers.6.self_attn.k_proj_moe_gen.bias:  15%|█▍        | 183/1223 [00:01<00:08, 115.74w/s, dev=0]
language_model.model.layers.6.self_attn.k_proj_moe_gen.weight:  15%|█▌        | 184/1223 [00:01<00:08, 116.36w/s, dev=0]
language_model.model.layers.6.self_attn.o_proj.weight:  15%|█▌        | 185/1223 [00:01<00:08, 116.92w/s, dev=0]        
language_model.model.layers.6.self_attn.o_proj_moe_gen.weight:  15%|█▌        | 186/1223 [00:01<00:08, 117.17w/s, dev=0]
language_model.model.layers.6.self_attn.q_norm.weight:  15%|█▌        | 187/1223 [00:01<00:08, 117.41w/s, dev=0]        
language_model.model.layers.6.self_attn.q_norm_moe_gen.weight:  15%|█▌        | 188/1223 [00:01<00:08, 118.03w/s, dev=0]
language_model.model.layers.6.self_attn.q_proj.bias:  15%|█▌        | 189/1223 [00:01<00:08, 118.65w/s, dev=0]          
language_model.model.layers.6.self_attn.q_proj.weight:  16%|█▌        | 190/1223 [00:01<00:08, 119.27w/s, dev=0]
language_model.model.layers.6.self_attn.q_proj_moe_gen.bias:  16%|█▌        | 191/1223 [00:01<00:08, 119.51w/s, dev=0]
language_model.model.layers.6.self_attn.q_proj_moe_gen.weight:  16%|█▌        | 192/1223 [00:01<00:08, 120.12w/s, dev=0]
language_model.model.layers.6.self_attn.v_proj.bias:  16%|█▌        | 193/1223 [00:01<00:08, 120.37w/s, dev=0]          
language_model.model.layers.6.self_attn.v_proj.weight:  16%|█▌        | 194/1223 [00:01<00:08, 120.98w/s, dev=0]
language_model.model.layers.6.self_attn.v_proj_moe_gen.bias:  16%|█▌        | 195/1223 [00:01<00:08, 121.53w/s, dev=0]
language_model.model.layers.6.self_attn.v_proj_moe_gen.weight:  16%|█▌        | 196/1223 [00:01<00:08, 122.15w/s, dev=0]
language_model.model.layers.7.input_layernorm.weight:  16%|█▌        | 197/1223 [00:01<00:08, 122.71w/s, dev=0]         
language_model.model.layers.7.input_layernorm_moe_gen.weight:  16%|█▌        | 198/1223 [00:01<00:08, 123.32w/s, dev=0]
language_model.model.layers.7.mlp.down_proj.weight:  16%|█▋        | 199/1223 [00:01<00:08, 123.93w/s, dev=0]          
language_model.model.layers.7.mlp.gate_proj.weight:  16%|█▋        | 200/1223 [00:01<00:08, 122.61w/s, dev=0]
language_model.model.layers.7.mlp.up_proj.weight:  16%|█▋        | 201/1223 [00:01<00:08, 121.31w/s, dev=0]  
language_model.model.layers.7.mlp_moe_gen.down_proj.weight:  17%|█▋        | 202/1223 [00:01<00:08, 120.05w/s, dev=0]
language_model.model.layers.7.mlp_moe_gen.gate_proj.weight:  17%|█▋        | 203/1223 [00:01<00:08, 118.84w/s, dev=0]
language_model.model.layers.7.mlp_moe_gen.up_proj.weight:  17%|█▋        | 204/1223 [00:01<00:08, 117.65w/s, dev=0]  
language_model.model.layers.7.post_attention_layernorm.weight:  17%|█▋        | 205/1223 [00:01<00:08, 116.50w/s, dev=0]
language_model.model.layers.7.post_attention_layernorm_moe_gen.weight:  17%|█▋        | 206/1223 [00:01<00:08, 117.06w/s, dev=0]
language_model.model.layers.7.post_attention_layernorm_moe_gen.weight:  17%|█▋        | 207/1223 [00:01<00:08, 117.62w/s, dev=0]
language_model.model.layers.7.self_attn.k_norm.weight:  17%|█▋        | 207/1223 [00:01<00:08, 117.61w/s, dev=0]                
language_model.model.layers.7.self_attn.k_norm_moe_gen.weight:  17%|█▋        | 208/1223 [00:01<00:08, 118.17w/s, dev=0]
language_model.model.layers.7.self_attn.k_proj.bias:  17%|█▋        | 209/1223 [00:01<00:08, 118.74w/s, dev=0]          
language_model.model.layers.7.self_attn.k_proj.weight:  17%|█▋        | 210/1223 [00:01<00:08, 119.30w/s, dev=0]
language_model.model.layers.7.self_attn.k_proj_moe_gen.bias:  17%|█▋        | 211/1223 [00:01<00:08, 119.81w/s, dev=0]
language_model.model.layers.7.self_attn.k_proj_moe_gen.weight:  17%|█▋        | 212/1223 [00:01<00:08, 120.37w/s, dev=0]
language_model.model.layers.7.self_attn.o_proj.weight:  17%|█▋        | 213/1223 [00:01<00:08, 120.88w/s, dev=0]        
language_model.model.layers.7.self_attn.o_proj_moe_gen.weight:  17%|█▋        | 214/1223 [00:01<00:08, 121.09w/s, dev=0]
language_model.model.layers.7.self_attn.q_norm.weight:  18%|█▊        | 215/1223 [00:01<00:08, 121.30w/s, dev=0]        
language_model.model.layers.7.self_attn.q_norm_moe_gen.weight:  18%|█▊        | 216/1223 [00:01<00:08, 121.85w/s, dev=0]
language_model.model.layers.7.self_attn.q_proj.bias:  18%|█▊        | 217/1223 [00:01<00:08, 122.41w/s, dev=0]          
language_model.model.layers.7.self_attn.q_proj.weight:  18%|█▊        | 218/1223 [00:01<00:08, 122.96w/s, dev=0]
language_model.model.layers.7.self_attn.q_proj_moe_gen.bias:  18%|█▊        | 219/1223 [00:01<00:08, 123.17w/s, dev=0]
language_model.model.layers.7.self_attn.q_proj_moe_gen.weight:  18%|█▊        | 220/1223 [00:01<00:08, 123.72w/s, dev=0]
language_model.model.layers.7.self_attn.v_proj.bias:  18%|█▊        | 221/1223 [00:01<00:08, 123.93w/s, dev=0]          
language_model.model.layers.7.self_attn.v_proj.weight:  18%|█▊        | 222/1223 [00:01<00:08, 124.48w/s, dev=0]
language_model.model.layers.7.self_attn.v_proj_moe_gen.bias:  18%|█▊        | 223/1223 [00:01<00:08, 124.97w/s, dev=0]
language_model.model.layers.7.self_attn.v_proj_moe_gen.weight:  18%|█▊        | 224/1223 [00:01<00:07, 125.52w/s, dev=0]
language_model.model.layers.8.input_layernorm.weight:  18%|█▊        | 225/1223 [00:01<00:07, 126.02w/s, dev=0]         
language_model.model.layers.8.input_layernorm_moe_gen.weight:  18%|█▊        | 226/1223 [00:01<00:07, 126.57w/s, dev=0]
language_model.model.layers.8.mlp.down_proj.weight:  19%|█▊        | 227/1223 [00:01<00:07, 127.12w/s, dev=0]          
language_model.model.layers.8.mlp.gate_proj.weight:  19%|█▊        | 228/1223 [00:01<00:07, 125.88w/s, dev=0]
language_model.model.layers.8.mlp.up_proj.weight:  19%|█▊        | 229/1223 [00:01<00:07, 124.67w/s, dev=0]  
language_model.model.layers.8.mlp_moe_gen.down_proj.weight:  19%|█▉        | 230/1223 [00:01<00:08, 123.49w/s, dev=0]
language_model.model.layers.8.mlp_moe_gen.gate_proj.weight:  19%|█▉        | 231/1223 [00:01<00:08, 122.35w/s, dev=0]
language_model.model.layers.8.mlp_moe_gen.gate_proj.weight:  19%|█▉        | 232/1223 [00:01<00:08, 121.24w/s, dev=0]
language_model.model.layers.8.mlp_moe_gen.up_proj.weight:  19%|█▉        | 232/1223 [00:01<00:08, 121.23w/s, dev=0]  
language_model.model.layers.8.post_attention_layernorm.weight:  19%|█▉        | 233/1223 [00:01<00:08, 120.14w/s, dev=0]
language_model.model.layers.8.post_attention_layernorm_moe_gen.weight:  19%|█▉        | 234/1223 [00:01<00:08, 120.64w/s, dev=0]
language_model.model.layers.8.self_attn.k_norm.weight:  19%|█▉        | 235/1223 [00:01<00:08, 121.15w/s, dev=0]                
language_model.model.layers.8.self_attn.k_norm_moe_gen.weight:  19%|█▉        | 236/1223 [00:01<00:08, 121.66w/s, dev=0]
language_model.model.layers.8.self_attn.k_proj.bias:  19%|█▉        | 237/1223 [00:01<00:08, 122.17w/s, dev=0]          
language_model.model.layers.8.self_attn.k_proj.weight:  19%|█▉        | 238/1223 [00:01<00:08, 122.68w/s, dev=0]
language_model.model.layers.8.self_attn.k_proj_moe_gen.bias:  20%|█▉        | 239/1223 [00:01<00:07, 123.14w/s, dev=0]
language_model.model.layers.8.self_attn.k_proj_moe_gen.weight:  20%|█▉        | 240/1223 [00:01<00:07, 123.64w/s, dev=0]
language_model.model.layers.8.self_attn.o_proj.weight:  20%|█▉        | 241/1223 [00:01<00:07, 124.10w/s, dev=0]        
language_model.model.layers.8.self_attn.o_proj_moe_gen.weight:  20%|█▉        | 242/1223 [00:01<00:07, 124.29w/s, dev=0]
language_model.model.layers.8.self_attn.q_norm.weight:  20%|█▉        | 243/1223 [00:01<00:07, 124.47w/s, dev=0]        
language_model.model.layers.8.self_attn.q_norm_moe_gen.weight:  20%|█▉        | 244/1223 [00:01<00:07, 124.97w/s, dev=0]
language_model.model.layers.8.self_attn.q_proj.bias:  20%|██        | 245/1223 [00:01<00:07, 125.48w/s, dev=0]          
language_model.model.layers.8.self_attn.q_proj.weight:  20%|██        | 246/1223 [00:01<00:07, 125.99w/s, dev=0]
language_model.model.layers.8.self_attn.q_proj_moe_gen.bias:  20%|██        | 247/1223 [00:01<00:07, 126.17w/s, dev=0]
language_model.model.layers.8.self_attn.q_proj_moe_gen.weight:  20%|██        | 248/1223 [00:01<00:07, 126.67w/s, dev=0]
language_model.model.layers.8.self_attn.v_proj.bias:  20%|██        | 249/1223 [00:01<00:07, 126.85w/s, dev=0]          
language_model.model.layers.8.self_attn.v_proj.weight:  20%|██        | 250/1223 [00:01<00:07, 127.35w/s, dev=0]
language_model.model.layers.8.self_attn.v_proj_moe_gen.bias:  21%|██        | 251/1223 [00:01<00:07, 127.80w/s, dev=0]
language_model.model.layers.8.self_attn.v_proj_moe_gen.weight:  21%|██        | 252/1223 [00:01<00:07, 128.30w/s, dev=0]
time_embedder.mlp.0.bias:  21%|██        | 253/1223 [00:01<00:07, 128.74w/s, dev=0]                                     
time_embedder.mlp.0.weight:  21%|██        | 254/1223 [00:01<00:07, 129.24w/s, dev=0]
time_embedder.mlp.2.bias:  21%|██        | 255/1223 [00:01<00:07, 129.71w/s, dev=0]  
time_embedder.mlp.2.weight:  21%|██        | 256/1223 [00:01<00:07, 130.21w/s, dev=0]
vae2llm.bias:  21%|██        | 257/1223 [00:01<00:07, 130.38w/s, dev=0]              
vae2llm.weight:  21%|██        | 258/1223 [00:01<00:07, 130.88w/s, dev=0]
llm2vae.bias:  21%|██        | 259/1223 [00:01<00:07, 131.37w/s, dev=0]  
llm2vae.weight:  21%|██▏       | 260/1223 [00:01<00:07, 131.87w/s, dev=0]
latent_pos_embed.pos_embed:  21%|██▏       | 261/1223 [00:01<00:07, 132.37w/s, dev=0]
connector.fc1.bias:  21%|██▏       | 262/1223 [00:01<00:07, 132.48w/s, dev=0]        
connector.fc1.weight:  22%|██▏       | 263/1223 [00:01<00:07, 132.98w/s, dev=0]
connector.fc2.bias:  22%|██▏       | 264/1223 [00:01<00:07, 133.33w/s, dev=0]  
connector.fc2.weight:  22%|██▏       | 265/1223 [00:01<00:07, 133.83w/s, dev=0]
vit_pos_embed.pos_embed:  22%|██▏       | 266/1223 [00:01<00:07, 133.88w/s, dev=0]
language_model.model.layers.9.input_layernorm.weight:  22%|██▏       | 267/1223 [00:02<00:08, 108.25w/s, dev=1]
language_model.model.layers.9.input_layernorm.weight:  22%|██▏       | 268/1223 [00:02<00:09, 103.06w/s, dev=1]
language_model.model.layers.9.input_layernorm_moe_gen.weight:  22%|██▏       | 268/1223 [00:02<00:09, 103.05w/s, dev=1]
language_model.model.layers.9.mlp.down_proj.weight:  22%|██▏       | 269/1223 [00:02<00:09, 103.42w/s, dev=1]          
language_model.model.layers.9.mlp.gate_proj.weight:  22%|██▏       | 270/1223 [00:02<00:09, 102.78w/s, dev=1]
language_model.model.layers.9.mlp.up_proj.weight:  22%|██▏       | 271/1223 [00:02<00:09, 102.12w/s, dev=1]  
language_model.model.layers.9.mlp_moe_gen.down_proj.weight:  22%|██▏       | 272/1223 [00:02<00:09, 101.26w/s, dev=1]
language_model.model.layers.9.mlp_moe_gen.gate_proj.weight:  22%|██▏       | 273/1223 [00:02<00:09, 100.66w/s, dev=1]
language_model.model.layers.9.mlp_moe_gen.up_proj.weight:  22%|██▏       | 274/1223 [00:02<00:09, 100.08w/s, dev=1]  
language_model.model.layers.9.post_attention_layernorm.weight:  22%|██▏       | 275/1223 [00:02<00:09, 99.52w/s, dev=1]
language_model.model.layers.9.post_attention_layernorm_moe_gen.weight:  23%|██▎       | 276/1223 [00:02<00:09, 99.87w/s, dev=1]
language_model.model.layers.9.self_attn.k_norm.weight:  23%|██▎       | 277/1223 [00:02<00:09, 100.23w/s, dev=1]               
language_model.model.layers.9.self_attn.k_norm_moe_gen.weight:  23%|██▎       | 278/1223 [00:02<00:09, 100.58w/s, dev=1]
language_model.model.layers.9.self_attn.k_proj.bias:  23%|██▎       | 279/1223 [00:02<00:09, 100.94w/s, dev=1]          
language_model.model.layers.9.self_attn.k_proj.weight:  23%|██▎       | 280/1223 [00:02<00:09, 101.30w/s, dev=1]
language_model.model.layers.9.self_attn.k_proj_moe_gen.bias:  23%|██▎       | 281/1223 [00:02<00:09, 101.62w/s, dev=1]
language_model.model.layers.9.self_attn.k_proj_moe_gen.weight:  23%|██▎       | 282/1223 [00:02<00:09, 101.98w/s, dev=1]
language_model.model.layers.9.self_attn.o_proj.weight:  23%|██▎       | 283/1223 [00:02<00:09, 102.31w/s, dev=1]        
language_model.model.layers.9.self_attn.o_proj_moe_gen.weight:  23%|██▎       | 284/1223 [00:02<00:09, 102.48w/s, dev=1]
language_model.model.layers.9.self_attn.q_norm.weight:  23%|██▎       | 285/1223 [00:02<00:09, 102.65w/s, dev=1]        
language_model.model.layers.9.self_attn.q_norm_moe_gen.weight:  23%|██▎       | 286/1223 [00:02<00:09, 103.00w/s, dev=1]
language_model.model.layers.9.self_attn.q_proj.bias:  23%|██▎       | 287/1223 [00:02<00:09, 103.36w/s, dev=1]          
language_model.model.layers.9.self_attn.q_proj.weight:  24%|██▎       | 288/1223 [00:02<00:09, 103.72w/s, dev=1]
language_model.model.layers.9.self_attn.q_proj_moe_gen.bias:  24%|██▎       | 289/1223 [00:02<00:08, 103.89w/s, dev=1]
language_model.model.layers.9.self_attn.q_proj_moe_gen.weight:  24%|██▎       | 290/1223 [00:02<00:08, 104.24w/s, dev=1]
language_model.model.layers.9.self_attn.v_proj.bias:  24%|██▍       | 291/1223 [00:02<00:08, 104.41w/s, dev=1]          
language_model.model.layers.9.self_attn.v_proj.weight:  24%|██▍       | 292/1223 [00:02<00:08, 104.76w/s, dev=1]
language_model.model.layers.9.self_attn.v_proj_moe_gen.bias:  24%|██▍       | 293/1223 [00:02<00:08, 105.09w/s, dev=1]
language_model.model.layers.9.self_attn.v_proj_moe_gen.weight:  24%|██▍       | 294/1223 [00:02<00:08, 105.44w/s, dev=1]
language_model.model.layers.10.input_layernorm.weight:  24%|██▍       | 295/1223 [00:02<00:08, 105.77w/s, dev=1]        
language_model.model.layers.10.input_layernorm_moe_gen.weight:  24%|██▍       | 296/1223 [00:02<00:08, 106.12w/s, dev=1]
language_model.model.layers.10.mlp.down_proj.weight:  24%|██▍       | 297/1223 [00:02<00:08, 106.47w/s, dev=1]          
language_model.model.layers.10.mlp.gate_proj.weight:  24%|██▍       | 298/1223 [00:02<00:08, 105.86w/s, dev=1]
language_model.model.layers.10.mlp.up_proj.weight:  24%|██▍       | 299/1223 [00:02<00:08, 105.12w/s, dev=1]  
language_model.model.layers.10.mlp_moe_gen.down_proj.weight:  25%|██▍       | 300/1223 [00:02<00:08, 104.46w/s, dev=1]
language_model.model.layers.10.mlp_moe_gen.gate_proj.weight:  25%|██▍       | 301/1223 [00:02<00:08, 103.88w/s, dev=1]
language_model.model.layers.10.mlp_moe_gen.up_proj.weight:  25%|██▍       | 302/1223 [00:02<00:08, 103.30w/s, dev=1]  
language_model.model.layers.10.post_attention_layernorm.weight:  25%|██▍       | 303/1223 [00:02<00:08, 102.74w/s, dev=1]
language_model.model.layers.10.post_attention_layernorm.weight:  25%|██▍       | 304/1223 [00:02<00:08, 103.07w/s, dev=1]
language_model.model.layers.10.post_attention_layernorm_moe_gen.weight:  25%|██▍       | 304/1223 [00:02<00:08, 103.06w/s, dev=1]
language_model.model.layers.10.self_attn.k_norm.weight:  25%|██▍       | 305/1223 [00:02<00:08, 103.40w/s, dev=1]                
language_model.model.layers.10.self_attn.k_norm_moe_gen.weight:  25%|██▌       | 306/1223 [00:02<00:08, 103.73w/s, dev=1]
language_model.model.layers.10.self_attn.k_proj.bias:  25%|██▌       | 307/1223 [00:02<00:08, 104.07w/s, dev=1]          
language_model.model.layers.10.self_attn.k_proj.weight:  25%|██▌       | 308/1223 [00:02<00:08, 104.41w/s, dev=1]
language_model.model.layers.10.self_attn.k_proj_moe_gen.bias:  25%|██▌       | 309/1223 [00:02<00:08, 104.71w/s, dev=1]
language_model.model.layers.10.self_attn.k_proj_moe_gen.weight:  25%|██▌       | 310/1223 [00:02<00:08, 105.05w/s, dev=1]
language_model.model.layers.10.self_attn.o_proj.weight:  25%|██▌       | 311/1223 [00:02<00:08, 105.35w/s, dev=1]        
language_model.model.layers.10.self_attn.o_proj_moe_gen.weight:  26%|██▌       | 312/1223 [00:02<00:08, 105.50w/s, dev=1]
language_model.model.layers.10.self_attn.q_norm.weight:  26%|██▌       | 313/1223 [00:02<00:08, 105.66w/s, dev=1]        
language_model.model.layers.10.self_attn.q_norm_moe_gen.weight:  26%|██▌       | 314/1223 [00:02<00:08, 105.99w/s, dev=1]
language_model.model.layers.10.self_attn.q_proj.bias:  26%|██▌       | 315/1223 [00:02<00:08, 106.32w/s, dev=1]          
language_model.model.layers.10.self_attn.q_proj.weight:  26%|██▌       | 316/1223 [00:02<00:08, 106.65w/s, dev=1]
language_model.model.layers.10.self_attn.q_proj_moe_gen.bias:  26%|██▌       | 317/1223 [00:02<00:08, 106.80w/s, dev=1]
language_model.model.layers.10.self_attn.q_proj_moe_gen.weight:  26%|██▌       | 318/1223 [00:02<00:08, 107.13w/s, dev=1]
language_model.model.layers.10.self_attn.v_proj.bias:  26%|██▌       | 319/1223 [00:02<00:08, 107.29w/s, dev=1]          
language_model.model.layers.10.self_attn.v_proj.weight:  26%|██▌       | 320/1223 [00:02<00:08, 107.62w/s, dev=1]
language_model.model.layers.10.self_attn.v_proj_moe_gen.bias:  26%|██▌       | 321/1223 [00:02<00:08, 107.92w/s, dev=1]
language_model.model.layers.10.self_attn.v_proj_moe_gen.weight:  26%|██▋       | 322/1223 [00:02<00:08, 108.25w/s, dev=1]
language_model.model.layers.11.input_layernorm.weight:  26%|██▋       | 323/1223 [00:02<00:08, 108.56w/s, dev=1]         
language_model.model.layers.11.input_layernorm_moe_gen.weight:  26%|██▋       | 324/1223 [00:02<00:08, 108.89w/s, dev=1]
language_model.model.layers.11.mlp.down_proj.weight:  27%|██▋       | 325/1223 [00:02<00:08, 109.22w/s, dev=1]          
language_model.model.layers.11.mlp.gate_proj.weight:  27%|██▋       | 326/1223 [00:03<00:08, 108.62w/s, dev=1]
language_model.model.layers.11.mlp.up_proj.weight:  27%|██▋       | 327/1223 [00:03<00:08, 108.02w/s, dev=1]  
language_model.model.layers.11.mlp_moe_gen.down_proj.weight:  27%|██▋       | 328/1223 [00:03<00:08, 107.44w/s, dev=1]
language_model.model.layers.11.mlp_moe_gen.gate_proj.weight:  27%|██▋       | 329/1223 [00:03<00:08, 106.84w/s, dev=1]
language_model.model.layers.11.mlp_moe_gen.up_proj.weight:  27%|██▋       | 330/1223 [00:03<00:08, 106.28w/s, dev=1]  
language_model.model.layers.11.post_attention_layernorm.weight:  27%|██▋       | 331/1223 [00:03<00:08, 105.71w/s, dev=1]
language_model.model.layers.11.post_attention_layernorm_moe_gen.weight:  27%|██▋       | 332/1223 [00:03<00:08, 106.02w/s, dev=1]
language_model.model.layers.11.self_attn.k_norm.weight:  27%|██▋       | 333/1223 [00:03<00:08, 106.34w/s, dev=1]                
language_model.model.layers.11.self_attn.k_norm_moe_gen.weight:  27%|██▋       | 334/1223 [00:03<00:08, 106.65w/s, dev=1]
language_model.model.layers.11.self_attn.k_proj.bias:  27%|██▋       | 335/1223 [00:03<00:08, 106.97w/s, dev=1]          
language_model.model.layers.11.self_attn.k_proj.weight:  27%|██▋       | 336/1223 [00:03<00:08, 107.28w/s, dev=1]
language_model.model.layers.11.self_attn.k_proj_moe_gen.bias:  28%|██▊       | 337/1223 [00:03<00:08, 107.57w/s, dev=1]
language_model.model.layers.11.self_attn.k_proj_moe_gen.weight:  28%|██▊       | 338/1223 [00:03<00:08, 107.89w/s, dev=1]
language_model.model.layers.11.self_attn.o_proj.weight:  28%|██▊       | 339/1223 [00:03<00:08, 108.18w/s, dev=1]        
language_model.model.layers.11.self_attn.o_proj.weight:  28%|██▊       | 340/1223 [00:03<00:08, 108.32w/s, dev=1]
language_model.model.layers.11.self_attn.o_proj_moe_gen.weight:  28%|██▊       | 340/1223 [00:03<00:08, 108.31w/s, dev=1]
language_model.model.layers.11.self_attn.q_norm.weight:  28%|██▊       | 341/1223 [00:03<00:08, 108.45w/s, dev=1]        
language_model.model.layers.11.self_attn.q_norm_moe_gen.weight:  28%|██▊       | 342/1223 [00:03<00:08, 108.77w/s, dev=1]
language_model.model.layers.11.self_attn.q_proj.bias:  28%|██▊       | 343/1223 [00:03<00:08, 109.08w/s, dev=1]          
language_model.model.layers.11.self_attn.q_proj.weight:  28%|██▊       | 344/1223 [00:03<00:08, 109.39w/s, dev=1]
language_model.model.layers.11.self_attn.q_proj_moe_gen.bias:  28%|██▊       | 345/1223 [00:03<00:08, 109.54w/s, dev=1]
language_model.model.layers.11.self_attn.q_proj_moe_gen.weight:  28%|██▊       | 346/1223 [00:03<00:07, 109.85w/s, dev=1]
language_model.model.layers.11.self_attn.v_proj.bias:  28%|██▊       | 347/1223 [00:03<00:07, 109.99w/s, dev=1]          
language_model.model.layers.11.self_attn.v_proj.weight:  28%|██▊       | 348/1223 [00:03<00:07, 110.30w/s, dev=1]
language_model.model.layers.11.self_attn.v_proj_moe_gen.bias:  29%|██▊       | 349/1223 [00:03<00:07, 110.58w/s, dev=1]
language_model.model.layers.11.self_attn.v_proj_moe_gen.weight:  29%|██▊       | 350/1223 [00:03<00:07, 110.89w/s, dev=1]
language_model.model.layers.12.input_layernorm.weight:  29%|██▊       | 351/1223 [00:03<00:07, 111.18w/s, dev=1]         
language_model.model.layers.12.input_layernorm_moe_gen.weight:  29%|██▉       | 352/1223 [00:03<00:07, 111.49w/s, dev=1]
language_model.model.layers.12.mlp.down_proj.weight:  29%|██▉       | 353/1223 [00:03<00:07, 111.80w/s, dev=1]          
language_model.model.layers.12.mlp.gate_proj.weight:  29%|██▉       | 354/1223 [00:03<00:07, 111.21w/s, dev=1]
language_model.model.layers.12.mlp.up_proj.weight:  29%|██▉       | 355/1223 [00:03<00:07, 110.63w/s, dev=1]  
language_model.model.layers.12.mlp_moe_gen.down_proj.weight:  29%|██▉       | 356/1223 [00:03<00:07, 110.06w/s, dev=1]
language_model.model.layers.12.mlp_moe_gen.gate_proj.weight:  29%|██▉       | 357/1223 [00:03<00:07, 109.50w/s, dev=1]
language_model.model.layers.12.mlp_moe_gen.up_proj.weight:  29%|██▉       | 358/1223 [00:03<00:07, 108.95w/s, dev=1]  
language_model.model.layers.12.post_attention_layernorm.weight:  29%|██▉       | 359/1223 [00:03<00:07, 108.41w/s, dev=1]
language_model.model.layers.12.post_attention_layernorm_moe_gen.weight:  29%|██▉       | 360/1223 [00:03<00:07, 108.71w/s, dev=1]
language_model.model.layers.12.self_attn.k_norm.weight:  30%|██▉       | 361/1223 [00:03<00:07, 109.00w/s, dev=1]                
language_model.model.layers.12.self_attn.k_norm_moe_gen.weight:  30%|██▉       | 362/1223 [00:03<00:07, 109.30w/s, dev=1]
language_model.model.layers.12.self_attn.k_proj.bias:  30%|██▉       | 363/1223 [00:03<00:07, 109.60w/s, dev=1]          
language_model.model.layers.12.self_attn.k_proj.weight:  30%|██▉       | 364/1223 [00:03<00:07, 109.90w/s, dev=1]
language_model.model.layers.12.self_attn.k_proj_moe_gen.bias:  30%|██▉       | 365/1223 [00:03<00:07, 110.17w/s, dev=1]
language_model.model.layers.12.self_attn.k_proj_moe_gen.weight:  30%|██▉       | 366/1223 [00:03<00:07, 110.47w/s, dev=1]
language_model.model.layers.12.self_attn.o_proj.weight:  30%|███       | 367/1223 [00:03<00:07, 110.74w/s, dev=1]        
language_model.model.layers.12.self_attn.o_proj_moe_gen.weight:  30%|███       | 368/1223 [00:03<00:07, 110.87w/s, dev=1]
language_model.model.layers.12.self_attn.q_norm.weight:  30%|███       | 369/1223 [00:03<00:07, 111.00w/s, dev=1]        
language_model.model.layers.12.self_attn.q_norm_moe_gen.weight:  30%|███       | 370/1223 [00:03<00:07, 111.30w/s, dev=1]
language_model.model.layers.12.self_attn.q_proj.bias:  30%|███       | 371/1223 [00:03<00:07, 111.59w/s, dev=1]          
language_model.model.layers.12.self_attn.q_proj.weight:  30%|███       | 372/1223 [00:03<00:07, 111.89w/s, dev=1]
language_model.model.layers.12.self_attn.q_proj_moe_gen.bias:  30%|███       | 373/1223 [00:03<00:07, 112.02w/s, dev=1]
language_model.model.layers.12.self_attn.q_proj_moe_gen.weight:  31%|███       | 374/1223 [00:03<00:07, 112.31w/s, dev=1]
language_model.model.layers.12.self_attn.v_proj.bias:  31%|███       | 375/1223 [00:03<00:07, 112.44w/s, dev=1]          
language_model.model.layers.12.self_attn.v_proj.bias:  31%|███       | 376/1223 [00:03<00:07, 112.74w/s, dev=1]
language_model.model.layers.12.self_attn.v_proj.weight:  31%|███       | 376/1223 [00:03<00:07, 112.73w/s, dev=1]
language_model.model.layers.12.self_attn.v_proj_moe_gen.bias:  31%|███       | 377/1223 [00:03<00:07, 113.00w/s, dev=1]
language_model.model.layers.12.self_attn.v_proj_moe_gen.weight:  31%|███       | 378/1223 [00:03<00:07, 113.30w/s, dev=1]
language_model.model.layers.13.input_layernorm.weight:  31%|███       | 379/1223 [00:03<00:07, 113.56w/s, dev=1]         
language_model.model.layers.13.input_layernorm_moe_gen.weight:  31%|███       | 380/1223 [00:03<00:07, 113.86w/s, dev=1]
language_model.model.layers.13.mlp.down_proj.weight:  31%|███       | 381/1223 [00:03<00:07, 114.15w/s, dev=1]          
language_model.model.layers.13.mlp.gate_proj.weight:  31%|███       | 382/1223 [00:03<00:07, 113.59w/s, dev=1]
language_model.model.layers.13.mlp.up_proj.weight:  31%|███▏      | 383/1223 [00:03<00:07, 113.01w/s, dev=1]  
language_model.model.layers.13.mlp_moe_gen.down_proj.weight:  31%|███▏      | 384/1223 [00:03<00:07, 112.44w/s, dev=1]
language_model.model.layers.13.mlp_moe_gen.gate_proj.weight:  31%|███▏      | 385/1223 [00:03<00:07, 111.88w/s, dev=1]
language_model.model.layers.13.mlp_moe_gen.up_proj.weight:  32%|███▏      | 386/1223 [00:03<00:07, 111.14w/s, dev=1]  
language_model.model.layers.13.post_attention_layernorm.weight:  32%|███▏      | 387/1223 [00:03<00:07, 110.60w/s, dev=1]
language_model.model.layers.13.post_attention_layernorm_moe_gen.weight:  32%|███▏      | 388/1223 [00:03<00:07, 110.88w/s, dev=1]
language_model.model.layers.13.self_attn.k_norm.weight:  32%|███▏      | 389/1223 [00:03<00:07, 111.16w/s, dev=1]                
language_model.model.layers.13.self_attn.k_norm_moe_gen.weight:  32%|███▏      | 390/1223 [00:03<00:07, 111.45w/s, dev=1]
language_model.model.layers.13.self_attn.k_proj.bias:  32%|███▏      | 391/1223 [00:03<00:07, 111.73w/s, dev=1]          
language_model.model.layers.13.self_attn.k_proj.weight:  32%|███▏      | 392/1223 [00:03<00:07, 112.01w/s, dev=1]
language_model.model.layers.13.self_attn.k_proj_moe_gen.bias:  32%|███▏      | 393/1223 [00:03<00:07, 112.27w/s, dev=1]
language_model.model.layers.13.self_attn.k_proj_moe_gen.weight:  32%|███▏      | 394/1223 [00:03<00:07, 112.55w/s, dev=1]
language_model.model.layers.13.self_attn.o_proj.weight:  32%|███▏      | 395/1223 [00:03<00:07, 112.81w/s, dev=1]        
language_model.model.layers.13.self_attn.o_proj_moe_gen.weight:  32%|███▏      | 396/1223 [00:03<00:07, 112.93w/s, dev=1]
language_model.model.layers.13.self_attn.q_norm.weight:  32%|███▏      | 397/1223 [00:03<00:07, 113.04w/s, dev=1]        
language_model.model.layers.13.self_attn.q_norm_moe_gen.weight:  33%|███▎      | 398/1223 [00:03<00:07, 113.32w/s, dev=1]
language_model.model.layers.13.self_attn.q_proj.bias:  33%|███▎      | 399/1223 [00:03<00:07, 113.60w/s, dev=1]          
language_model.model.layers.13.self_attn.q_proj.weight:  33%|███▎      | 400/1223 [00:03<00:07, 113.84w/s, dev=1]
language_model.model.layers.13.self_attn.q_proj_moe_gen.bias:  33%|███▎      | 401/1223 [00:03<00:07, 113.96w/s, dev=1]
language_model.model.layers.13.self_attn.q_proj_moe_gen.weight:  33%|███▎      | 402/1223 [00:03<00:07, 114.23w/s, dev=1]
language_model.model.layers.13.self_attn.v_proj.bias:  33%|███▎      | 403/1223 [00:03<00:07, 114.35w/s, dev=1]          
language_model.model.layers.13.self_attn.v_proj.weight:  33%|███▎      | 404/1223 [00:03<00:07, 114.63w/s, dev=1]
language_model.model.layers.13.self_attn.v_proj_moe_gen.bias:  33%|███▎      | 405/1223 [00:03<00:07, 114.88w/s, dev=1]
language_model.model.layers.13.self_attn.v_proj_moe_gen.weight:  33%|███▎      | 406/1223 [00:03<00:07, 115.16w/s, dev=1]
language_model.model.layers.14.input_layernorm.weight:  33%|███▎      | 407/1223 [00:03<00:07, 115.42w/s, dev=1]         
language_model.model.layers.14.input_layernorm_moe_gen.weight:  33%|███▎      | 408/1223 [00:03<00:07, 115.69w/s, dev=1]
language_model.model.layers.14.mlp.down_proj.weight:  33%|███▎      | 409/1223 [00:03<00:07, 115.97w/s, dev=1]          
language_model.model.layers.14.mlp.gate_proj.weight:  34%|███▎      | 410/1223 [00:03<00:07, 115.42w/s, dev=1]
language_model.model.layers.14.mlp.up_proj.weight:  34%|███▎      | 411/1223 [00:03<00:07, 114.86w/s, dev=1]  
language_model.model.layers.14.mlp.up_proj.weight:  34%|███▎      | 412/1223 [00:03<00:07, 114.30w/s, dev=1]
language_model.model.layers.14.mlp_moe_gen.down_proj.weight:  34%|███▎      | 412/1223 [00:03<00:07, 114.30w/s, dev=1]
language_model.model.layers.14.mlp_moe_gen.gate_proj.weight:  34%|███▍      | 413/1223 [00:03<00:07, 113.73w/s, dev=1]
language_model.model.layers.14.mlp_moe_gen.up_proj.weight:  34%|███▍      | 414/1223 [00:03<00:07, 113.08w/s, dev=1]  
language_model.model.layers.14.post_attention_layernorm.weight:  34%|███▍      | 415/1223 [00:03<00:07, 112.55w/s, dev=1]
language_model.model.layers.14.post_attention_layernorm_moe_gen.weight:  34%|███▍      | 416/1223 [00:03<00:07, 112.82w/s, dev=1]
language_model.model.layers.14.self_attn.k_norm.weight:  34%|███▍      | 417/1223 [00:03<00:07, 113.08w/s, dev=1]                
language_model.model.layers.14.self_attn.k_norm_moe_gen.weight:  34%|███▍      | 418/1223 [00:03<00:07, 113.35w/s, dev=1]
language_model.model.layers.14.self_attn.k_proj.bias:  34%|███▍      | 419/1223 [00:03<00:07, 113.62w/s, dev=1]          
language_model.model.layers.14.self_attn.k_proj.weight:  34%|███▍      | 420/1223 [00:03<00:07, 113.89w/s, dev=1]
language_model.model.layers.14.self_attn.k_proj_moe_gen.bias:  34%|███▍      | 421/1223 [00:03<00:07, 114.13w/s, dev=1]
language_model.model.layers.14.self_attn.k_proj_moe_gen.weight:  35%|███▍      | 422/1223 [00:03<00:07, 114.39w/s, dev=1]
language_model.model.layers.14.self_attn.o_proj.weight:  35%|███▍      | 423/1223 [00:03<00:06, 114.64w/s, dev=1]        
language_model.model.layers.14.self_attn.o_proj_moe_gen.weight:  35%|███▍      | 424/1223 [00:03<00:06, 114.75w/s, dev=1]
language_model.model.layers.14.self_attn.q_norm.weight:  35%|███▍      | 425/1223 [00:03<00:06, 114.86w/s, dev=1]        
language_model.model.layers.14.self_attn.q_norm_moe_gen.weight:  35%|███▍      | 426/1223 [00:03<00:06, 115.12w/s, dev=1]
language_model.model.layers.14.self_attn.q_proj.bias:  35%|███▍      | 427/1223 [00:03<00:06, 115.39w/s, dev=1]          
language_model.model.layers.14.self_attn.q_proj.weight:  35%|███▍      | 428/1223 [00:03<00:06, 115.66w/s, dev=1]
language_model.model.layers.14.self_attn.q_proj_moe_gen.bias:  35%|███▌      | 429/1223 [00:03<00:06, 115.77w/s, dev=1]
language_model.model.layers.14.self_attn.q_proj_moe_gen.weight:  35%|███▌      | 430/1223 [00:03<00:06, 116.03w/s, dev=1]
language_model.model.layers.14.self_attn.v_proj.bias:  35%|███▌      | 431/1223 [00:03<00:06, 116.14w/s, dev=1]          
language_model.model.layers.14.self_attn.v_proj.weight:  35%|███▌      | 432/1223 [00:03<00:06, 116.41w/s, dev=1]
language_model.model.layers.14.self_attn.v_proj_moe_gen.bias:  35%|███▌      | 433/1223 [00:03<00:06, 116.65w/s, dev=1]
language_model.model.layers.14.self_attn.v_proj_moe_gen.weight:  35%|███▌      | 434/1223 [00:03<00:06, 116.91w/s, dev=1]
language_model.model.layers.15.input_layernorm.weight:  36%|███▌      | 435/1223 [00:03<00:06, 117.15w/s, dev=1]         
language_model.model.layers.15.input_layernorm_moe_gen.weight:  36%|███▌      | 436/1223 [00:03<00:06, 117.42w/s, dev=1]
language_model.model.layers.15.mlp.down_proj.weight:  36%|███▌      | 437/1223 [00:03<00:06, 117.68w/s, dev=1]          
language_model.model.layers.15.mlp.gate_proj.weight:  36%|███▌      | 438/1223 [00:03<00:06, 117.14w/s, dev=1]
language_model.model.layers.15.mlp.up_proj.weight:  36%|███▌      | 439/1223 [00:03<00:06, 116.61w/s, dev=1]  
language_model.model.layers.15.mlp_moe_gen.down_proj.weight:  36%|███▌      | 440/1223 [00:03<00:06, 116.08w/s, dev=1]
language_model.model.layers.15.mlp_moe_gen.gate_proj.weight:  36%|███▌      | 441/1223 [00:03<00:06, 115.56w/s, dev=1]
language_model.model.layers.15.mlp_moe_gen.up_proj.weight:  36%|███▌      | 442/1223 [00:03<00:06, 115.05w/s, dev=1]  
language_model.model.layers.15.post_attention_layernorm.weight:  36%|███▌      | 443/1223 [00:03<00:06, 114.54w/s, dev=1]
language_model.model.layers.15.post_attention_layernorm_moe_gen.weight:  36%|███▋      | 444/1223 [00:03<00:06, 114.80w/s, dev=1]
language_model.model.layers.15.self_attn.k_norm.weight:  36%|███▋      | 445/1223 [00:03<00:06, 115.05w/s, dev=1]                
language_model.model.layers.15.self_attn.k_norm_moe_gen.weight:  36%|███▋      | 446/1223 [00:03<00:06, 115.31w/s, dev=1]
language_model.model.layers.15.self_attn.k_proj.bias:  37%|███▋      | 447/1223 [00:03<00:06, 115.56w/s, dev=1]          
language_model.model.layers.15.self_attn.k_proj.bias:  37%|███▋      | 448/1223 [00:03<00:06, 115.82w/s, dev=1]
language_model.model.layers.15.self_attn.k_proj.weight:  37%|███▋      | 448/1223 [00:03<00:06, 115.82w/s, dev=1]
language_model.model.layers.15.self_attn.k_proj_moe_gen.bias:  37%|███▋      | 449/1223 [00:03<00:06, 116.05w/s, dev=1]
language_model.model.layers.15.self_attn.k_proj_moe_gen.weight:  37%|███▋      | 450/1223 [00:03<00:06, 116.30w/s, dev=1]
language_model.model.layers.15.self_attn.o_proj.weight:  37%|███▋      | 451/1223 [00:03<00:06, 116.53w/s, dev=1]        
language_model.model.layers.15.self_attn.o_proj_moe_gen.weight:  37%|███▋      | 452/1223 [00:03<00:06, 116.63w/s, dev=1]
language_model.model.layers.15.self_attn.q_norm.weight:  37%|███▋      | 453/1223 [00:03<00:06, 116.73w/s, dev=1]        
language_model.model.layers.15.self_attn.q_norm_moe_gen.weight:  37%|███▋      | 454/1223 [00:03<00:06, 116.98w/s, dev=1]
language_model.model.layers.15.self_attn.q_proj.bias:  37%|███▋      | 455/1223 [00:03<00:06, 117.24w/s, dev=1]          
language_model.model.layers.15.self_attn.q_proj.weight:  37%|███▋      | 456/1223 [00:03<00:06, 117.49w/s, dev=1]
language_model.model.layers.15.self_attn.q_proj_moe_gen.bias:  37%|███▋      | 457/1223 [00:03<00:06, 117.60w/s, dev=1]
language_model.model.layers.15.self_attn.q_proj_moe_gen.weight:  37%|███▋      | 458/1223 [00:03<00:06, 117.85w/s, dev=1]
language_model.model.layers.15.self_attn.v_proj.bias:  38%|███▊      | 459/1223 [00:03<00:06, 117.95w/s, dev=1]          
language_model.model.layers.15.self_attn.v_proj.weight:  38%|███▊      | 460/1223 [00:03<00:06, 118.20w/s, dev=1]
language_model.model.layers.15.self_attn.v_proj_moe_gen.bias:  38%|███▊      | 461/1223 [00:03<00:06, 118.43w/s, dev=1]
language_model.model.layers.15.self_attn.v_proj_moe_gen.weight:  38%|███▊      | 462/1223 [00:03<00:06, 118.68w/s, dev=1]
language_model.model.layers.16.input_layernorm.weight:  38%|███▊      | 463/1223 [00:03<00:06, 118.92w/s, dev=1]         
language_model.model.layers.16.input_layernorm_moe_gen.weight:  38%|███▊      | 464/1223 [00:03<00:06, 119.17w/s, dev=1]
language_model.model.layers.16.mlp.down_proj.weight:  38%|███▊      | 465/1223 [00:03<00:06, 119.42w/s, dev=1]          
language_model.model.layers.16.mlp.gate_proj.weight:  38%|███▊      | 466/1223 [00:03<00:06, 118.90w/s, dev=1]
language_model.model.layers.16.mlp.up_proj.weight:  38%|███▊      | 467/1223 [00:03<00:06, 118.37w/s, dev=1]  
language_model.model.layers.16.mlp_moe_gen.down_proj.weight:  38%|███▊      | 468/1223 [00:03<00:06, 117.86w/s, dev=1]
language_model.model.layers.16.mlp_moe_gen.gate_proj.weight:  38%|███▊      | 469/1223 [00:03<00:06, 117.32w/s, dev=1]
language_model.model.layers.16.mlp_moe_gen.up_proj.weight:  38%|███▊      | 470/1223 [00:04<00:06, 116.82w/s, dev=1]  
language_model.model.layers.16.post_attention_layernorm.weight:  39%|███▊      | 471/1223 [00:04<00:06, 116.33w/s, dev=1]
language_model.model.layers.16.post_attention_layernorm_moe_gen.weight:  39%|███▊      | 472/1223 [00:04<00:06, 116.57w/s, dev=1]
language_model.model.layers.16.self_attn.k_norm.weight:  39%|███▊      | 473/1223 [00:04<00:06, 116.81w/s, dev=1]                
language_model.model.layers.16.self_attn.k_norm_moe_gen.weight:  39%|███▉      | 474/1223 [00:04<00:06, 117.06w/s, dev=1]
language_model.model.layers.16.self_attn.k_proj.bias:  39%|███▉      | 475/1223 [00:04<00:06, 117.30w/s, dev=1]          
language_model.model.layers.16.self_attn.k_proj.weight:  39%|███▉      | 476/1223 [00:04<00:06, 117.54w/s, dev=1]
language_model.model.layers.16.self_attn.k_proj_moe_gen.bias:  39%|███▉      | 477/1223 [00:04<00:06, 117.77w/s, dev=1]
language_model.model.layers.16.self_attn.k_proj_moe_gen.weight:  39%|███▉      | 478/1223 [00:04<00:06, 118.01w/s, dev=1]
language_model.model.layers.16.self_attn.o_proj.weight:  39%|███▉      | 479/1223 [00:04<00:06, 118.23w/s, dev=1]        
language_model.model.layers.16.self_attn.o_proj_moe_gen.weight:  39%|███▉      | 480/1223 [00:04<00:06, 118.33w/s, dev=1]
language_model.model.layers.16.self_attn.q_norm.weight:  39%|███▉      | 481/1223 [00:04<00:06, 118.42w/s, dev=1]        
language_model.model.layers.16.self_attn.q_norm_moe_gen.weight:  39%|███▉      | 482/1223 [00:04<00:06, 118.66w/s, dev=1]
language_model.model.layers.16.self_attn.q_proj.bias:  39%|███▉      | 483/1223 [00:04<00:06, 118.91w/s, dev=1]          
language_model.model.layers.16.self_attn.q_proj.bias:  40%|███▉      | 484/1223 [00:04<00:06, 119.15w/s, dev=1]
language_model.model.layers.16.self_attn.q_proj.weight:  40%|███▉      | 484/1223 [00:04<00:06, 119.15w/s, dev=1]
language_model.model.layers.16.self_attn.q_proj_moe_gen.bias:  40%|███▉      | 485/1223 [00:04<00:06, 119.24w/s, dev=1]
language_model.model.layers.16.self_attn.q_proj_moe_gen.weight:  40%|███▉      | 486/1223 [00:04<00:06, 119.49w/s, dev=1]
language_model.model.layers.16.self_attn.v_proj.bias:  40%|███▉      | 487/1223 [00:04<00:06, 119.58w/s, dev=1]          
language_model.model.layers.16.self_attn.v_proj.weight:  40%|███▉      | 488/1223 [00:04<00:06, 119.82w/s, dev=1]
language_model.model.layers.16.self_attn.v_proj_moe_gen.bias:  40%|███▉      | 489/1223 [00:04<00:06, 120.04w/s, dev=1]
language_model.model.layers.16.self_attn.v_proj_moe_gen.weight:  40%|████      | 490/1223 [00:04<00:06, 120.28w/s, dev=1]
language_model.model.layers.17.input_layernorm.weight:  40%|████      | 491/1223 [00:04<00:06, 120.50w/s, dev=1]         
language_model.model.layers.17.input_layernorm_moe_gen.weight:  40%|████      | 492/1223 [00:04<00:06, 120.74w/s, dev=1]
language_model.model.layers.17.mlp.down_proj.weight:  40%|████      | 493/1223 [00:04<00:06, 120.98w/s, dev=1]          
language_model.model.layers.17.mlp.gate_proj.weight:  40%|████      | 494/1223 [00:04<00:06, 120.47w/s, dev=1]
language_model.model.layers.17.mlp.up_proj.weight:  40%|████      | 495/1223 [00:04<00:06, 119.96w/s, dev=1]  
language_model.model.layers.17.mlp_moe_gen.down_proj.weight:  41%|████      | 496/1223 [00:04<00:06, 119.46w/s, dev=1]
language_model.model.layers.17.mlp_moe_gen.gate_proj.weight:  41%|████      | 497/1223 [00:04<00:06, 118.97w/s, dev=1]
language_model.model.layers.17.mlp_moe_gen.up_proj.weight:  41%|████      | 498/1223 [00:04<00:06, 118.48w/s, dev=1]  
language_model.model.layers.17.post_attention_layernorm.weight:  41%|████      | 499/1223 [00:04<00:06, 118.00w/s, dev=1]
language_model.model.layers.17.post_attention_layernorm_moe_gen.weight:  41%|████      | 500/1223 [00:04<00:06, 118.23w/s, dev=1]
language_model.model.layers.17.self_attn.k_norm.weight:  41%|████      | 501/1223 [00:04<00:06, 118.47w/s, dev=1]                
language_model.model.layers.17.self_attn.k_norm_moe_gen.weight:  41%|████      | 502/1223 [00:04<00:06, 118.70w/s, dev=1]
language_model.model.layers.17.self_attn.k_proj.bias:  41%|████      | 503/1223 [00:04<00:06, 118.93w/s, dev=1]          
language_model.model.layers.17.self_attn.k_proj.weight:  41%|████      | 504/1223 [00:04<00:06, 119.17w/s, dev=1]
language_model.model.layers.17.self_attn.k_proj_moe_gen.bias:  41%|████▏     | 505/1223 [00:04<00:06, 119.38w/s, dev=1]
language_model.model.layers.17.self_attn.k_proj_moe_gen.weight:  41%|████▏     | 506/1223 [00:04<00:05, 119.61w/s, dev=1]
language_model.model.layers.17.self_attn.o_proj.weight:  41%|████▏     | 507/1223 [00:04<00:05, 119.82w/s, dev=1]        
language_model.model.layers.17.self_attn.o_proj_moe_gen.weight:  42%|████▏     | 508/1223 [00:04<00:05, 119.91w/s, dev=1]
language_model.model.layers.17.self_attn.q_norm.weight:  42%|████▏     | 509/1223 [00:04<00:05, 120.00w/s, dev=1]        
language_model.model.layers.17.self_attn.q_norm_moe_gen.weight:  42%|████▏     | 510/1223 [00:04<00:05, 120.23w/s, dev=1]
language_model.model.layers.17.self_attn.q_proj.bias:  42%|████▏     | 511/1223 [00:04<00:05, 120.47w/s, dev=1]          
language_model.model.layers.17.self_attn.q_proj.weight:  42%|████▏     | 512/1223 [00:04<00:05, 120.70w/s, dev=1]
language_model.model.layers.17.self_attn.q_proj_moe_gen.bias:  42%|████▏     | 513/1223 [00:04<00:05, 120.79w/s, dev=1]
language_model.model.layers.17.self_attn.q_proj_moe_gen.weight:  42%|████▏     | 514/1223 [00:04<00:05, 121.02w/s, dev=1]
language_model.model.layers.17.self_attn.v_proj.bias:  42%|████▏     | 515/1223 [00:04<00:05, 121.11w/s, dev=1]          
language_model.model.layers.17.self_attn.v_proj.weight:  42%|████▏     | 516/1223 [00:04<00:05, 121.34w/s, dev=1]
language_model.model.layers.17.self_attn.v_proj_moe_gen.bias:  42%|████▏     | 517/1223 [00:04<00:05, 121.55w/s, dev=1]
language_model.model.layers.17.self_attn.v_proj_moe_gen.weight:  42%|████▏     | 518/1223 [00:04<00:05, 121.78w/s, dev=1]
language_model.model.layers.18.input_layernorm.weight:  42%|████▏     | 519/1223 [00:04<00:05, 121.99w/s, dev=1]         
language_model.model.layers.18.input_layernorm.weight:  43%|████▎     | 520/1223 [00:04<00:05, 122.22w/s, dev=1]
language_model.model.layers.18.input_layernorm_moe_gen.weight:  43%|████▎     | 520/1223 [00:04<00:05, 122.22w/s, dev=1]
language_model.model.layers.18.mlp.down_proj.weight:  43%|████▎     | 521/1223 [00:04<00:05, 122.45w/s, dev=1]          
language_model.model.layers.18.mlp.gate_proj.weight:  43%|████▎     | 522/1223 [00:04<00:05, 121.95w/s, dev=1]
language_model.model.layers.18.mlp.up_proj.weight:  43%|████▎     | 523/1223 [00:04<00:05, 121.44w/s, dev=1]  
language_model.model.layers.18.mlp_moe_gen.down_proj.weight:  43%|████▎     | 524/1223 [00:04<00:05, 120.95w/s, dev=1]
language_model.model.layers.18.mlp_moe_gen.gate_proj.weight:  43%|████▎     | 525/1223 [00:04<00:05, 120.39w/s, dev=1]
language_model.model.layers.18.mlp_moe_gen.up_proj.weight:  43%|████▎     | 526/1223 [00:04<00:05, 119.91w/s, dev=1]  
language_model.model.layers.18.post_attention_layernorm.weight:  43%|████▎     | 527/1223 [00:04<00:05, 119.44w/s, dev=1]
language_model.model.layers.18.post_attention_layernorm_moe_gen.weight:  43%|████▎     | 528/1223 [00:04<00:05, 119.66w/s, dev=1]
language_model.model.layers.18.self_attn.k_norm.weight:  43%|████▎     | 529/1223 [00:04<00:05, 119.88w/s, dev=1]                
language_model.model.layers.18.self_attn.k_norm_moe_gen.weight:  43%|████▎     | 530/1223 [00:04<00:05, 120.11w/s, dev=1]
language_model.model.layers.18.self_attn.k_proj.bias:  43%|████▎     | 531/1223 [00:04<00:05, 120.33w/s, dev=1]          
language_model.model.layers.18.self_attn.k_proj.weight:  43%|████▎     | 532/1223 [00:04<00:05, 120.55w/s, dev=1]
language_model.model.layers.18.self_attn.k_proj_moe_gen.bias:  44%|████▎     | 533/1223 [00:04<00:05, 120.76w/s, dev=1]
language_model.model.layers.18.self_attn.k_proj_moe_gen.weight:  44%|████▎     | 534/1223 [00:04<00:05, 120.98w/s, dev=1]
language_model.model.layers.18.self_attn.o_proj.weight:  44%|████▎     | 535/1223 [00:04<00:05, 121.18w/s, dev=1]        
language_model.model.layers.18.self_attn.o_proj_moe_gen.weight:  44%|████▍     | 536/1223 [00:04<00:05, 121.27w/s, dev=1]
language_model.model.layers.18.self_attn.q_norm.weight:  44%|████▍     | 537/1223 [00:04<00:05, 121.35w/s, dev=1]        
language_model.model.layers.18.self_attn.q_norm_moe_gen.weight:  44%|████▍     | 538/1223 [00:04<00:05, 121.57w/s, dev=1]
language_model.model.layers.18.self_attn.q_proj.bias:  44%|████▍     | 539/1223 [00:04<00:05, 121.80w/s, dev=1]          
language_model.model.layers.18.self_attn.q_proj.weight:  44%|████▍     | 540/1223 [00:04<00:05, 122.02w/s, dev=1]
language_model.model.layers.18.self_attn.q_proj_moe_gen.bias:  44%|████▍     | 541/1223 [00:04<00:05, 122.10w/s, dev=1]
language_model.model.layers.18.self_attn.q_proj_moe_gen.weight:  44%|████▍     | 542/1223 [00:04<00:05, 122.32w/s, dev=1]
language_model.model.layers.18.self_attn.v_proj.bias:  44%|████▍     | 543/1223 [00:04<00:05, 122.41w/s, dev=1]          
language_model.model.layers.18.self_attn.v_proj.weight:  44%|████▍     | 544/1223 [00:04<00:05, 122.63w/s, dev=1]
language_model.model.layers.18.self_attn.v_proj_moe_gen.bias:  45%|████▍     | 545/1223 [00:04<00:05, 122.83w/s, dev=1]
language_model.model.layers.18.self_attn.v_proj_moe_gen.weight:  45%|████▍     | 546/1223 [00:04<00:05, 123.05w/s, dev=1]
language_model.model.layers.19.input_layernorm.weight:  45%|████▍     | 547/1223 [00:04<00:05, 123.25w/s, dev=1]         
language_model.model.layers.19.input_layernorm_moe_gen.weight:  45%|████▍     | 548/1223 [00:04<00:05, 123.48w/s, dev=1]
language_model.model.layers.19.mlp.down_proj.weight:  45%|████▍     | 549/1223 [00:04<00:05, 123.70w/s, dev=1]          
language_model.model.layers.19.mlp.gate_proj.weight:  45%|████▍     | 550/1223 [00:04<00:05, 123.22w/s, dev=1]
language_model.model.layers.19.mlp.up_proj.weight:  45%|████▌     | 551/1223 [00:04<00:05, 122.73w/s, dev=1]  
language_model.model.layers.19.mlp_moe_gen.down_proj.weight:  45%|████▌     | 552/1223 [00:04<00:05, 122.26w/s, dev=1]
language_model.model.layers.19.mlp_moe_gen.gate_proj.weight:  45%|████▌     | 553/1223 [00:04<00:05, 121.78w/s, dev=1]
language_model.model.layers.19.mlp_moe_gen.up_proj.weight:  45%|████▌     | 554/1223 [00:04<00:05, 121.32w/s, dev=1]  
language_model.model.layers.19.post_attention_layernorm.weight:  45%|████▌     | 555/1223 [00:04<00:05, 120.86w/s, dev=1]
language_model.model.layers.19.post_attention_layernorm.weight:  45%|████▌     | 556/1223 [00:04<00:05, 121.07w/s, dev=1]
language_model.model.layers.19.post_attention_layernorm_moe_gen.weight:  45%|████▌     | 556/1223 [00:04<00:05, 121.07w/s, dev=1]
language_model.model.layers.19.self_attn.k_norm.weight:  46%|████▌     | 557/1223 [00:04<00:05, 121.28w/s, dev=1]                
language_model.model.layers.19.self_attn.k_norm_moe_gen.weight:  46%|████▌     | 558/1223 [00:04<00:05, 121.50w/s, dev=1]
language_model.model.layers.19.self_attn.k_proj.bias:  46%|████▌     | 559/1223 [00:04<00:05, 121.71w/s, dev=1]          
language_model.model.layers.19.self_attn.k_proj.weight:  46%|████▌     | 560/1223 [00:04<00:05, 121.93w/s, dev=1]
language_model.model.layers.19.self_attn.k_proj_moe_gen.bias:  46%|████▌     | 561/1223 [00:04<00:05, 122.12w/s, dev=1]
language_model.model.layers.19.self_attn.k_proj_moe_gen.weight:  46%|████▌     | 562/1223 [00:04<00:05, 122.33w/s, dev=1]
language_model.model.layers.19.self_attn.o_proj.weight:  46%|████▌     | 563/1223 [00:04<00:05, 122.53w/s, dev=1]        
language_model.model.layers.19.self_attn.o_proj_moe_gen.weight:  46%|████▌     | 564/1223 [00:04<00:05, 122.61w/s, dev=1]
language_model.model.layers.19.self_attn.q_norm.weight:  46%|████▌     | 565/1223 [00:04<00:05, 122.69w/s, dev=1]        
language_model.model.layers.19.self_attn.q_norm_moe_gen.weight:  46%|████▋     | 566/1223 [00:04<00:05, 122.90w/s, dev=1]
language_model.model.layers.19.self_attn.q_proj.bias:  46%|████▋     | 567/1223 [00:04<00:05, 123.11w/s, dev=1]          
language_model.model.layers.19.self_attn.q_proj.weight:  46%|████▋     | 568/1223 [00:04<00:05, 123.33w/s, dev=1]
language_model.model.layers.19.self_attn.q_proj_moe_gen.bias:  47%|████▋     | 569/1223 [00:04<00:05, 123.41w/s, dev=1]
language_model.model.layers.19.self_attn.q_proj_moe_gen.weight:  47%|████▋     | 570/1223 [00:04<00:05, 123.62w/s, dev=1]
language_model.model.layers.19.self_attn.v_proj.bias:  47%|████▋     | 571/1223 [00:04<00:05, 123.70w/s, dev=1]          
language_model.model.layers.19.self_attn.v_proj.weight:  47%|████▋     | 572/1223 [00:04<00:05, 123.91w/s, dev=1]
language_model.model.layers.19.self_attn.v_proj_moe_gen.bias:  47%|████▋     | 573/1223 [00:04<00:05, 124.10w/s, dev=1]
language_model.model.layers.19.self_attn.v_proj_moe_gen.weight:  47%|████▋     | 574/1223 [00:04<00:05, 124.32w/s, dev=1]
language_model.model.layers.20.input_layernorm.weight:  47%|████▋     | 575/1223 [00:05<00:05, 112.02w/s, dev=cpu]       
language_model.model.layers.20.input_layernorm_moe_gen.weight:  47%|████▋     | 576/1223 [00:05<00:05, 112.20w/s, dev=cpu]
language_model.model.layers.20.mlp.down_proj.weight:  47%|████▋     | 577/1223 [00:05<00:05, 112.40w/s, dev=cpu]          
language_model.model.layers.20.mlp.gate_proj.weight:  47%|████▋     | 578/1223 [00:05<00:05, 112.59w/s, dev=cpu]
language_model.model.layers.20.mlp.up_proj.weight:  47%|████▋     | 579/1223 [00:05<00:05, 112.78w/s, dev=cpu]  
language_model.model.layers.20.mlp_moe_gen.down_proj.weight:  47%|████▋     | 580/1223 [00:05<00:05, 112.97w/s, dev=cpu]
language_model.model.layers.20.mlp_moe_gen.gate_proj.weight:  48%|████▊     | 581/1223 [00:05<00:05, 113.16w/s, dev=cpu]
language_model.model.layers.20.mlp_moe_gen.up_proj.weight:  48%|████▊     | 582/1223 [00:05<00:05, 113.36w/s, dev=cpu]  
language_model.model.layers.20.post_attention_layernorm.weight:  48%|████▊     | 583/1223 [00:05<00:05, 113.55w/s, dev=cpu]
language_model.model.layers.20.post_attention_layernorm_moe_gen.weight:  48%|████▊     | 584/1223 [00:05<00:05, 113.74w/s, dev=cpu]
language_model.model.layers.20.self_attn.k_norm.weight:  48%|████▊     | 585/1223 [00:05<00:05, 113.94w/s, dev=cpu]                
language_model.model.layers.20.self_attn.k_norm_moe_gen.weight:  48%|████▊     | 586/1223 [00:05<00:05, 114.13w/s, dev=cpu]
language_model.model.layers.20.self_attn.k_proj.bias:  48%|████▊     | 587/1223 [00:05<00:05, 114.32w/s, dev=cpu]          
language_model.model.layers.20.self_attn.k_proj.weight:  48%|████▊     | 588/1223 [00:05<00:05, 114.51w/s, dev=cpu]
language_model.model.layers.20.self_attn.k_proj_moe_gen.bias:  48%|████▊     | 589/1223 [00:05<00:05, 114.71w/s, dev=cpu]
language_model.model.layers.20.self_attn.k_proj_moe_gen.weight:  48%|████▊     | 590/1223 [00:05<00:05, 114.90w/s, dev=cpu]
language_model.model.layers.20.self_attn.o_proj.weight:  48%|████▊     | 591/1223 [00:05<00:05, 115.09w/s, dev=cpu]        
language_model.model.layers.20.self_attn.o_proj.weight:  48%|████▊     | 592/1223 [00:05<00:05, 115.29w/s, dev=cpu]
language_model.model.layers.20.self_attn.o_proj_moe_gen.weight:  48%|████▊     | 592/1223 [00:05<00:05, 115.29w/s, dev=cpu]
language_model.model.layers.20.self_attn.q_norm.weight:  48%|████▊     | 593/1223 [00:05<00:05, 115.48w/s, dev=cpu]        
language_model.model.layers.20.self_attn.q_norm_moe_gen.weight:  49%|████▊     | 594/1223 [00:05<00:05, 115.67w/s, dev=cpu]
language_model.model.layers.20.self_attn.q_proj.bias:  49%|████▊     | 595/1223 [00:05<00:05, 115.86w/s, dev=cpu]          
language_model.model.layers.20.self_attn.q_proj.weight:  49%|████▊     | 596/1223 [00:05<00:05, 116.06w/s, dev=cpu]
language_model.model.layers.20.self_attn.q_proj_moe_gen.bias:  49%|████▉     | 597/1223 [00:05<00:05, 116.25w/s, dev=cpu]
language_model.model.layers.20.self_attn.q_proj_moe_gen.weight:  49%|████▉     | 598/1223 [00:05<00:05, 116.44w/s, dev=cpu]
language_model.model.layers.20.self_attn.v_proj.bias:  49%|████▉     | 599/1223 [00:05<00:05, 116.64w/s, dev=cpu]          
language_model.model.layers.20.self_attn.v_proj.weight:  49%|████▉     | 600/1223 [00:05<00:05, 116.83w/s, dev=cpu]
language_model.model.layers.20.self_attn.v_proj_moe_gen.bias:  49%|████▉     | 601/1223 [00:05<00:05, 117.02w/s, dev=cpu]
language_model.model.layers.20.self_attn.v_proj_moe_gen.weight:  49%|████▉     | 602/1223 [00:05<00:05, 117.21w/s, dev=cpu]
language_model.model.layers.21.input_layernorm.weight:  49%|████▉     | 603/1223 [00:05<00:05, 117.41w/s, dev=cpu]         
language_model.model.layers.21.input_layernorm_moe_gen.weight:  49%|████▉     | 604/1223 [00:05<00:05, 117.60w/s, dev=cpu]
language_model.model.layers.21.mlp.down_proj.weight:  49%|████▉     | 605/1223 [00:05<00:05, 117.79w/s, dev=cpu]          
language_model.model.layers.21.mlp.gate_proj.weight:  50%|████▉     | 606/1223 [00:05<00:05, 117.99w/s, dev=cpu]
language_model.model.layers.21.mlp.up_proj.weight:  50%|████▉     | 607/1223 [00:05<00:05, 118.18w/s, dev=cpu]  
language_model.model.layers.21.mlp_moe_gen.down_proj.weight:  50%|████▉     | 608/1223 [00:05<00:05, 118.37w/s, dev=cpu]
language_model.model.layers.21.mlp_moe_gen.gate_proj.weight:  50%|████▉     | 609/1223 [00:05<00:05, 118.56w/s, dev=cpu]
language_model.model.layers.21.mlp_moe_gen.up_proj.weight:  50%|████▉     | 610/1223 [00:05<00:05, 118.76w/s, dev=cpu]  
language_model.model.layers.21.post_attention_layernorm.weight:  50%|████▉     | 611/1223 [00:05<00:05, 118.95w/s, dev=cpu]
language_model.model.layers.21.post_attention_layernorm_moe_gen.weight:  50%|█████     | 612/1223 [00:05<00:05, 119.14w/s, dev=cpu]
language_model.model.layers.21.self_attn.k_norm.weight:  50%|█████     | 613/1223 [00:05<00:05, 119.33w/s, dev=cpu]                
language_model.model.layers.21.self_attn.k_norm_moe_gen.weight:  50%|█████     | 614/1223 [00:05<00:05, 119.53w/s, dev=cpu]
language_model.model.layers.21.self_attn.k_proj.bias:  50%|█████     | 615/1223 [00:05<00:05, 119.72w/s, dev=cpu]          
language_model.model.layers.21.self_attn.k_proj.weight:  50%|█████     | 616/1223 [00:05<00:05, 119.91w/s, dev=cpu]
language_model.model.layers.21.self_attn.k_proj_moe_gen.bias:  50%|█████     | 617/1223 [00:05<00:05, 120.10w/s, dev=cpu]
language_model.model.layers.21.self_attn.k_proj_moe_gen.weight:  51%|█████     | 618/1223 [00:05<00:05, 120.30w/s, dev=cpu]
language_model.model.layers.21.self_attn.o_proj.weight:  51%|█████     | 619/1223 [00:05<00:05, 120.49w/s, dev=cpu]        
language_model.model.layers.21.self_attn.o_proj_moe_gen.weight:  51%|█████     | 620/1223 [00:05<00:04, 120.68w/s, dev=cpu]
language_model.model.layers.21.self_attn.q_norm.weight:  51%|█████     | 621/1223 [00:05<00:04, 120.88w/s, dev=cpu]        
language_model.model.layers.21.self_attn.q_norm_moe_gen.weight:  51%|█████     | 622/1223 [00:05<00:04, 121.07w/s, dev=cpu]
language_model.model.layers.21.self_attn.q_proj.bias:  51%|█████     | 623/1223 [00:05<00:04, 121.26w/s, dev=cpu]          
language_model.model.layers.21.self_attn.q_proj.weight:  51%|█████     | 624/1223 [00:05<00:04, 121.45w/s, dev=cpu]
language_model.model.layers.21.self_attn.q_proj_moe_gen.bias:  51%|█████     | 625/1223 [00:05<00:04, 121.65w/s, dev=cpu]
language_model.model.layers.21.self_attn.q_proj_moe_gen.weight:  51%|█████     | 626/1223 [00:05<00:04, 121.84w/s, dev=cpu]
language_model.model.layers.21.self_attn.v_proj.bias:  51%|█████▏    | 627/1223 [00:05<00:04, 122.03w/s, dev=cpu]          
language_model.model.layers.21.self_attn.v_proj.weight:  51%|█████▏    | 628/1223 [00:05<00:04, 122.23w/s, dev=cpu]
language_model.model.layers.21.self_attn.v_proj_moe_gen.bias:  51%|█████▏    | 629/1223 [00:05<00:04, 122.42w/s, dev=cpu]
language_model.model.layers.21.self_attn.v_proj_moe_gen.weight:  52%|█████▏    | 630/1223 [00:05<00:04, 122.61w/s, dev=cpu]
language_model.model.layers.22.input_layernorm.weight:  52%|█████▏    | 631/1223 [00:05<00:04, 122.80w/s, dev=cpu]         
language_model.model.layers.22.input_layernorm_moe_gen.weight:  52%|█████▏    | 632/1223 [00:05<00:04, 123.00w/s, dev=cpu]
language_model.model.layers.22.mlp.down_proj.weight:  52%|█████▏    | 633/1223 [00:05<00:04, 123.19w/s, dev=cpu]          
language_model.model.layers.22.mlp.gate_proj.weight:  52%|█████▏    | 634/1223 [00:05<00:04, 123.38w/s, dev=cpu]
language_model.model.layers.22.mlp.up_proj.weight:  52%|█████▏    | 635/1223 [00:05<00:04, 123.57w/s, dev=cpu]  
language_model.model.layers.22.mlp_moe_gen.down_proj.weight:  52%|█████▏    | 636/1223 [00:05<00:04, 123.77w/s, dev=cpu]
language_model.model.layers.22.mlp_moe_gen.gate_proj.weight:  52%|█████▏    | 637/1223 [00:05<00:04, 123.96w/s, dev=cpu]
language_model.model.layers.22.mlp_moe_gen.up_proj.weight:  52%|█████▏    | 638/1223 [00:05<00:04, 124.15w/s, dev=cpu]  
language_model.model.layers.22.post_attention_layernorm.weight:  52%|█████▏    | 639/1223 [00:05<00:04, 124.34w/s, dev=cpu]
language_model.model.layers.22.post_attention_layernorm_moe_gen.weight:  52%|█████▏    | 640/1223 [00:05<00:04, 124.54w/s, dev=cpu]
language_model.model.layers.22.self_attn.k_norm.weight:  52%|█████▏    | 641/1223 [00:05<00:04, 124.73w/s, dev=cpu]                
language_model.model.layers.22.self_attn.k_norm_moe_gen.weight:  52%|█████▏    | 642/1223 [00:05<00:04, 124.92w/s, dev=cpu]
language_model.model.layers.22.self_attn.k_proj.bias:  53%|█████▎    | 643/1223 [00:05<00:04, 125.11w/s, dev=cpu]          
language_model.model.layers.22.self_attn.k_proj.weight:  53%|█████▎    | 644/1223 [00:05<00:04, 125.31w/s, dev=cpu]
language_model.model.layers.22.self_attn.k_proj_moe_gen.bias:  53%|█████▎    | 645/1223 [00:05<00:04, 125.50w/s, dev=cpu]
language_model.model.layers.22.self_attn.k_proj_moe_gen.weight:  53%|█████▎    | 646/1223 [00:05<00:04, 125.69w/s, dev=cpu]
language_model.model.layers.22.self_attn.o_proj.weight:  53%|█████▎    | 647/1223 [00:05<00:04, 125.88w/s, dev=cpu]        
language_model.model.layers.22.self_attn.o_proj_moe_gen.weight:  53%|█████▎    | 648/1223 [00:05<00:04, 126.08w/s, dev=cpu]
language_model.model.layers.22.self_attn.q_norm.weight:  53%|█████▎    | 649/1223 [00:05<00:04, 126.27w/s, dev=cpu]        
language_model.model.layers.22.self_attn.q_norm_moe_gen.weight:  53%|█████▎    | 650/1223 [00:05<00:04, 126.46w/s, dev=cpu]
language_model.model.layers.22.self_attn.q_proj.bias:  53%|█████▎    | 651/1223 [00:05<00:04, 126.66w/s, dev=cpu]          
language_model.model.layers.22.self_attn.q_proj.weight:  53%|█████▎    | 652/1223 [00:05<00:04, 126.85w/s, dev=cpu]
language_model.model.layers.22.self_attn.q_proj_moe_gen.bias:  53%|█████▎    | 653/1223 [00:05<00:04, 127.04w/s, dev=cpu]
language_model.model.layers.22.self_attn.q_proj_moe_gen.weight:  53%|█████▎    | 654/1223 [00:05<00:04, 127.23w/s, dev=cpu]
language_model.model.layers.22.self_attn.v_proj.bias:  54%|█████▎    | 655/1223 [00:05<00:04, 127.43w/s, dev=cpu]          
language_model.model.layers.22.self_attn.v_proj.weight:  54%|█████▎    | 656/1223 [00:05<00:04, 127.62w/s, dev=cpu]
language_model.model.layers.22.self_attn.v_proj_moe_gen.bias:  54%|█████▎    | 657/1223 [00:05<00:04, 127.81w/s, dev=cpu]
language_model.model.layers.22.self_attn.v_proj_moe_gen.weight:  54%|█████▍    | 658/1223 [00:05<00:04, 128.00w/s, dev=cpu]
language_model.model.layers.23.input_layernorm.weight:  54%|█████▍    | 659/1223 [00:05<00:04, 128.20w/s, dev=cpu]         
language_model.model.layers.23.input_layernorm_moe_gen.weight:  54%|█████▍    | 660/1223 [00:05<00:04, 128.39w/s, dev=cpu]
language_model.model.layers.23.mlp.down_proj.weight:  54%|█████▍    | 661/1223 [00:05<00:04, 128.58w/s, dev=cpu]          
language_model.model.layers.23.mlp.gate_proj.weight:  54%|█████▍    | 662/1223 [00:05<00:04, 128.77w/s, dev=cpu]
language_model.model.layers.23.mlp.up_proj.weight:  54%|█████▍    | 663/1223 [00:05<00:04, 128.97w/s, dev=cpu]  
language_model.model.layers.23.mlp_moe_gen.down_proj.weight:  54%|█████▍    | 664/1223 [00:05<00:04, 129.16w/s, dev=cpu]
language_model.model.layers.23.mlp_moe_gen.gate_proj.weight:  54%|█████▍    | 665/1223 [00:05<00:04, 129.35w/s, dev=cpu]
language_model.model.layers.23.mlp_moe_gen.up_proj.weight:  54%|█████▍    | 666/1223 [00:05<00:04, 129.54w/s, dev=cpu]  
language_model.model.layers.23.post_attention_layernorm.weight:  55%|█████▍    | 667/1223 [00:05<00:04, 129.73w/s, dev=cpu]
language_model.model.layers.23.post_attention_layernorm_moe_gen.weight:  55%|█████▍    | 668/1223 [00:05<00:04, 129.93w/s, dev=cpu]
language_model.model.layers.23.self_attn.k_norm.weight:  55%|█████▍    | 669/1223 [00:05<00:04, 130.12w/s, dev=cpu]                
language_model.model.layers.23.self_attn.k_norm_moe_gen.weight:  55%|█████▍    | 670/1223 [00:05<00:04, 130.31w/s, dev=cpu]
language_model.model.layers.23.self_attn.k_proj.bias:  55%|█████▍    | 671/1223 [00:05<00:04, 130.50w/s, dev=cpu]          
language_model.model.layers.23.self_attn.k_proj.weight:  55%|█████▍    | 672/1223 [00:05<00:04, 130.70w/s, dev=cpu]
language_model.model.layers.23.self_attn.k_proj_moe_gen.bias:  55%|█████▌    | 673/1223 [00:05<00:04, 130.89w/s, dev=cpu]
language_model.model.layers.23.self_attn.k_proj_moe_gen.weight:  55%|█████▌    | 674/1223 [00:05<00:04, 131.08w/s, dev=cpu]
language_model.model.layers.23.self_attn.o_proj.weight:  55%|█████▌    | 675/1223 [00:05<00:04, 131.27w/s, dev=cpu]        
language_model.model.layers.23.self_attn.o_proj_moe_gen.weight:  55%|█████▌    | 676/1223 [00:05<00:04, 131.47w/s, dev=cpu]
language_model.model.layers.23.self_attn.q_norm.weight:  55%|█████▌    | 677/1223 [00:05<00:04, 131.66w/s, dev=cpu]        
language_model.model.layers.23.self_attn.q_norm_moe_gen.weight:  55%|█████▌    | 678/1223 [00:05<00:04, 131.85w/s, dev=cpu]
language_model.model.layers.23.self_attn.q_proj.bias:  56%|█████▌    | 679/1223 [00:05<00:04, 132.04w/s, dev=cpu]          
language_model.model.layers.23.self_attn.q_proj.weight:  56%|█████▌    | 680/1223 [00:05<00:04, 132.24w/s, dev=cpu]
language_model.model.layers.23.self_attn.q_proj_moe_gen.bias:  56%|█████▌    | 681/1223 [00:05<00:04, 132.43w/s, dev=cpu]
language_model.model.layers.23.self_attn.q_proj_moe_gen.weight:  56%|█████▌    | 682/1223 [00:05<00:04, 132.62w/s, dev=cpu]
language_model.model.layers.23.self_attn.v_proj.bias:  56%|█████▌    | 683/1223 [00:05<00:04, 132.81w/s, dev=cpu]          
language_model.model.layers.23.self_attn.v_proj.weight:  56%|█████▌    | 684/1223 [00:05<00:04, 133.01w/s, dev=cpu]
language_model.model.layers.23.self_attn.v_proj_moe_gen.bias:  56%|█████▌    | 685/1223 [00:05<00:04, 133.20w/s, dev=cpu]
language_model.model.layers.23.self_attn.v_proj_moe_gen.weight:  56%|█████▌    | 686/1223 [00:05<00:04, 133.39w/s, dev=cpu]
language_model.model.layers.24.input_layernorm.weight:  56%|█████▌    | 687/1223 [00:05<00:04, 133.58w/s, dev=cpu]         
language_model.model.layers.24.input_layernorm_moe_gen.weight:  56%|█████▋    | 688/1223 [00:05<00:03, 133.78w/s, dev=cpu]
language_model.model.layers.24.mlp.down_proj.weight:  56%|█████▋    | 689/1223 [00:05<00:03, 133.97w/s, dev=cpu]          
language_model.model.layers.24.mlp.gate_proj.weight:  56%|█████▋    | 690/1223 [00:05<00:03, 134.16w/s, dev=cpu]
language_model.model.layers.24.mlp.up_proj.weight:  57%|█████▋    | 691/1223 [00:05<00:03, 134.35w/s, dev=cpu]  
language_model.model.layers.24.mlp_moe_gen.down_proj.weight:  57%|█████▋    | 692/1223 [00:05<00:03, 134.55w/s, dev=cpu]
language_model.model.layers.24.mlp_moe_gen.gate_proj.weight:  57%|█████▋    | 693/1223 [00:05<00:03, 134.74w/s, dev=cpu]
language_model.model.layers.24.mlp_moe_gen.up_proj.weight:  57%|█████▋    | 694/1223 [00:05<00:03, 134.93w/s, dev=cpu]  
language_model.model.layers.24.post_attention_layernorm.weight:  57%|█████▋    | 695/1223 [00:05<00:03, 135.12w/s, dev=cpu]
language_model.model.layers.24.post_attention_layernorm_moe_gen.weight:  57%|█████▋    | 696/1223 [00:05<00:03, 135.31w/s, dev=cpu]
language_model.model.layers.24.self_attn.k_norm.weight:  57%|█████▋    | 697/1223 [00:05<00:03, 135.51w/s, dev=cpu]                
language_model.model.layers.24.self_attn.k_norm_moe_gen.weight:  57%|█████▋    | 698/1223 [00:05<00:03, 135.70w/s, dev=cpu]
language_model.model.layers.24.self_attn.k_proj.bias:  57%|█████▋    | 699/1223 [00:05<00:03, 135.89w/s, dev=cpu]          
language_model.model.layers.24.self_attn.k_proj.weight:  57%|█████▋    | 700/1223 [00:05<00:03, 136.08w/s, dev=cpu]
language_model.model.layers.24.self_attn.k_proj_moe_gen.bias:  57%|█████▋    | 701/1223 [00:05<00:03, 136.28w/s, dev=cpu]
language_model.model.layers.24.self_attn.k_proj_moe_gen.weight:  57%|█████▋    | 702/1223 [00:05<00:03, 136.47w/s, dev=cpu]
language_model.model.layers.24.self_attn.o_proj.weight:  57%|█████▋    | 703/1223 [00:05<00:03, 136.66w/s, dev=cpu]        
language_model.model.layers.24.self_attn.o_proj_moe_gen.weight:  58%|█████▊    | 704/1223 [00:05<00:03, 136.85w/s, dev=cpu]
language_model.model.layers.24.self_attn.q_norm.weight:  58%|█████▊    | 705/1223 [00:05<00:03, 137.05w/s, dev=cpu]        
language_model.model.layers.24.self_attn.q_norm_moe_gen.weight:  58%|█████▊    | 706/1223 [00:05<00:03, 137.24w/s, dev=cpu]
language_model.model.layers.24.self_attn.q_proj.bias:  58%|█████▊    | 707/1223 [00:05<00:03, 137.43w/s, dev=cpu]          
language_model.model.layers.24.self_attn.q_proj.weight:  58%|█████▊    | 708/1223 [00:05<00:03, 137.62w/s, dev=cpu]
language_model.model.layers.24.self_attn.q_proj_moe_gen.bias:  58%|█████▊    | 709/1223 [00:05<00:03, 137.81w/s, dev=cpu]
language_model.model.layers.24.self_attn.q_proj_moe_gen.weight:  58%|█████▊    | 710/1223 [00:05<00:03, 138.01w/s, dev=cpu]
language_model.model.layers.24.self_attn.v_proj.bias:  58%|█████▊    | 711/1223 [00:05<00:03, 138.20w/s, dev=cpu]          
language_model.model.layers.24.self_attn.v_proj.weight:  58%|█████▊    | 712/1223 [00:05<00:03, 138.39w/s, dev=cpu]
language_model.model.layers.24.self_attn.v_proj_moe_gen.bias:  58%|█████▊    | 713/1223 [00:05<00:03, 138.58w/s, dev=cpu]
language_model.model.layers.24.self_attn.v_proj_moe_gen.weight:  58%|█████▊    | 714/1223 [00:05<00:03, 138.78w/s, dev=cpu]
language_model.model.layers.25.input_layernorm.weight:  58%|█████▊    | 715/1223 [00:05<00:03, 138.97w/s, dev=cpu]         
language_model.model.layers.25.input_layernorm_moe_gen.weight:  59%|█████▊    | 716/1223 [00:05<00:03, 139.16w/s, dev=cpu]
language_model.model.layers.25.mlp.down_proj.weight:  59%|█████▊    | 717/1223 [00:05<00:03, 139.35w/s, dev=cpu]          
language_model.model.layers.25.mlp.gate_proj.weight:  59%|█████▊    | 718/1223 [00:05<00:03, 139.55w/s, dev=cpu]
language_model.model.layers.25.mlp.up_proj.weight:  59%|█████▉    | 719/1223 [00:05<00:03, 139.74w/s, dev=cpu]  
language_model.model.layers.25.mlp_moe_gen.down_proj.weight:  59%|█████▉    | 720/1223 [00:05<00:03, 139.93w/s, dev=cpu]
language_model.model.layers.25.mlp_moe_gen.gate_proj.weight:  59%|█████▉    | 721/1223 [00:05<00:03, 140.12w/s, dev=cpu]
language_model.model.layers.25.mlp_moe_gen.up_proj.weight:  59%|█████▉    | 722/1223 [00:05<00:03, 140.31w/s, dev=cpu]  
language_model.model.layers.25.post_attention_layernorm.weight:  59%|█████▉    | 723/1223 [00:05<00:03, 140.50w/s, dev=cpu]
language_model.model.layers.25.post_attention_layernorm_moe_gen.weight:  59%|█████▉    | 724/1223 [00:05<00:03, 140.70w/s, dev=cpu]
language_model.model.layers.25.self_attn.k_norm.weight:  59%|█████▉    | 725/1223 [00:05<00:03, 140.89w/s, dev=cpu]                
language_model.model.layers.25.self_attn.k_norm_moe_gen.weight:  59%|█████▉    | 726/1223 [00:05<00:03, 141.08w/s, dev=cpu]
language_model.model.layers.25.self_attn.k_proj.bias:  59%|█████▉    | 727/1223 [00:05<00:03, 141.27w/s, dev=cpu]          
language_model.model.layers.25.self_attn.k_proj.weight:  60%|█████▉    | 728/1223 [00:05<00:03, 141.47w/s, dev=cpu]
language_model.model.layers.25.self_attn.k_proj_moe_gen.bias:  60%|█████▉    | 729/1223 [00:05<00:03, 141.66w/s, dev=cpu]
language_model.model.layers.25.self_attn.k_proj_moe_gen.weight:  60%|█████▉    | 730/1223 [00:05<00:03, 141.85w/s, dev=cpu]
language_model.model.layers.25.self_attn.o_proj.weight:  60%|█████▉    | 731/1223 [00:05<00:03, 142.04w/s, dev=cpu]        
language_model.model.layers.25.self_attn.o_proj_moe_gen.weight:  60%|█████▉    | 732/1223 [00:05<00:03, 142.23w/s, dev=cpu]
language_model.model.layers.25.self_attn.q_norm.weight:  60%|█████▉    | 733/1223 [00:05<00:03, 142.43w/s, dev=cpu]        
language_model.model.layers.25.self_attn.q_norm_moe_gen.weight:  60%|██████    | 734/1223 [00:05<00:03, 142.62w/s, dev=cpu]
language_model.model.layers.25.self_attn.q_proj.bias:  60%|██████    | 735/1223 [00:05<00:03, 142.81w/s, dev=cpu]          
language_model.model.layers.25.self_attn.q_proj.weight:  60%|██████    | 736/1223 [00:05<00:03, 143.00w/s, dev=cpu]
language_model.model.layers.25.self_attn.q_proj_moe_gen.bias:  60%|██████    | 737/1223 [00:05<00:03, 143.20w/s, dev=cpu]
language_model.model.layers.25.self_attn.q_proj_moe_gen.weight:  60%|██████    | 738/1223 [00:05<00:03, 143.39w/s, dev=cpu]
language_model.model.layers.25.self_attn.v_proj.bias:  60%|██████    | 739/1223 [00:05<00:03, 143.58w/s, dev=cpu]          
language_model.model.layers.25.self_attn.v_proj.weight:  61%|██████    | 740/1223 [00:05<00:03, 143.77w/s, dev=cpu]
language_model.model.layers.25.self_attn.v_proj_moe_gen.bias:  61%|██████    | 741/1223 [00:05<00:03, 143.96w/s, dev=cpu]
language_model.model.layers.25.self_attn.v_proj_moe_gen.weight:  61%|██████    | 742/1223 [00:05<00:03, 144.15w/s, dev=cpu]
language_model.model.layers.26.input_layernorm.weight:  61%|██████    | 743/1223 [00:05<00:03, 144.35w/s, dev=cpu]         
language_model.model.layers.26.input_layernorm_moe_gen.weight:  61%|██████    | 744/1223 [00:05<00:03, 144.54w/s, dev=cpu]
language_model.model.layers.26.mlp.down_proj.weight:  61%|██████    | 745/1223 [00:05<00:03, 144.73w/s, dev=cpu]          
language_model.model.layers.26.mlp.gate_proj.weight:  61%|██████    | 746/1223 [00:05<00:03, 144.92w/s, dev=cpu]
language_model.model.layers.26.mlp.up_proj.weight:  61%|██████    | 747/1223 [00:05<00:03, 145.11w/s, dev=cpu]  
language_model.model.layers.26.mlp_moe_gen.down_proj.weight:  61%|██████    | 748/1223 [00:05<00:03, 145.31w/s, dev=cpu]
language_model.model.layers.26.mlp_moe_gen.gate_proj.weight:  61%|██████    | 749/1223 [00:05<00:03, 145.50w/s, dev=cpu]
language_model.model.layers.26.mlp_moe_gen.up_proj.weight:  61%|██████▏   | 750/1223 [00:05<00:03, 145.69w/s, dev=cpu]  
language_model.model.layers.26.post_attention_layernorm.weight:  61%|██████▏   | 751/1223 [00:05<00:03, 145.88w/s, dev=cpu]
language_model.model.layers.26.post_attention_layernorm_moe_gen.weight:  61%|██████▏   | 752/1223 [00:05<00:03, 146.07w/s, dev=cpu]
language_model.model.layers.26.self_attn.k_norm.weight:  62%|██████▏   | 753/1223 [00:05<00:03, 146.27w/s, dev=cpu]                
language_model.model.layers.26.self_attn.k_norm_moe_gen.weight:  62%|██████▏   | 754/1223 [00:05<00:03, 146.46w/s, dev=cpu]
language_model.model.layers.26.self_attn.k_proj.bias:  62%|██████▏   | 755/1223 [00:05<00:03, 146.65w/s, dev=cpu]          
language_model.model.layers.26.self_attn.k_proj.weight:  62%|██████▏   | 756/1223 [00:05<00:03, 146.84w/s, dev=cpu]
language_model.model.layers.26.self_attn.k_proj_moe_gen.bias:  62%|██████▏   | 757/1223 [00:05<00:03, 147.03w/s, dev=cpu]
language_model.model.layers.26.self_attn.k_proj_moe_gen.weight:  62%|██████▏   | 758/1223 [00:05<00:03, 147.23w/s, dev=cpu]
language_model.model.layers.26.self_attn.o_proj.weight:  62%|██████▏   | 759/1223 [00:05<00:03, 147.42w/s, dev=cpu]        
language_model.model.layers.26.self_attn.o_proj_moe_gen.weight:  62%|██████▏   | 760/1223 [00:05<00:03, 147.61w/s, dev=cpu]
language_model.model.layers.26.self_attn.q_norm.weight:  62%|██████▏   | 761/1223 [00:05<00:03, 147.80w/s, dev=cpu]        
language_model.model.layers.26.self_attn.q_norm_moe_gen.weight:  62%|██████▏   | 762/1223 [00:05<00:03, 147.99w/s, dev=cpu]
language_model.model.layers.26.self_attn.q_proj.bias:  62%|██████▏   | 763/1223 [00:05<00:03, 148.19w/s, dev=cpu]          
language_model.model.layers.26.self_attn.q_proj.weight:  62%|██████▏   | 764/1223 [00:05<00:03, 148.38w/s, dev=cpu]
language_model.model.layers.26.self_attn.q_proj_moe_gen.bias:  63%|██████▎   | 765/1223 [00:05<00:03, 148.57w/s, dev=cpu]
language_model.model.layers.26.self_attn.q_proj_moe_gen.weight:  63%|██████▎   | 766/1223 [00:05<00:03, 148.76w/s, dev=cpu]
language_model.model.layers.26.self_attn.v_proj.bias:  63%|██████▎   | 767/1223 [00:05<00:03, 148.95w/s, dev=cpu]          
language_model.model.layers.26.self_attn.v_proj.weight:  63%|██████▎   | 768/1223 [00:05<00:03, 149.15w/s, dev=cpu]
language_model.model.layers.26.self_attn.v_proj_moe_gen.bias:  63%|██████▎   | 769/1223 [00:05<00:03, 149.34w/s, dev=cpu]
language_model.model.layers.26.self_attn.v_proj_moe_gen.weight:  63%|██████▎   | 770/1223 [00:05<00:03, 149.53w/s, dev=cpu]
language_model.model.layers.27.input_layernorm.weight:  63%|██████▎   | 771/1223 [00:05<00:03, 149.72w/s, dev=cpu]         
language_model.model.layers.27.input_layernorm_moe_gen.weight:  63%|██████▎   | 772/1223 [00:05<00:03, 149.91w/s, dev=cpu]
language_model.model.layers.27.mlp.down_proj.weight:  63%|██████▎   | 773/1223 [00:05<00:02, 150.10w/s, dev=cpu]          
language_model.model.layers.27.mlp.gate_proj.weight:  63%|██████▎   | 774/1223 [00:05<00:02, 150.30w/s, dev=cpu]
language_model.model.layers.27.mlp.up_proj.weight:  63%|██████▎   | 775/1223 [00:05<00:02, 150.49w/s, dev=cpu]  
language_model.model.layers.27.mlp_moe_gen.down_proj.weight:  63%|██████▎   | 776/1223 [00:05<00:02, 150.68w/s, dev=cpu]
language_model.model.layers.27.mlp_moe_gen.gate_proj.weight:  64%|██████▎   | 777/1223 [00:05<00:02, 150.87w/s, dev=cpu]
language_model.model.layers.27.mlp_moe_gen.up_proj.weight:  64%|██████▎   | 778/1223 [00:05<00:02, 151.06w/s, dev=cpu]  
language_model.model.layers.27.post_attention_layernorm.weight:  64%|██████▎   | 779/1223 [00:05<00:02, 151.25w/s, dev=cpu]
language_model.model.layers.27.post_attention_layernorm_moe_gen.weight:  64%|██████▍   | 780/1223 [00:05<00:02, 151.44w/s, dev=cpu]
language_model.model.layers.27.self_attn.k_norm.weight:  64%|██████▍   | 781/1223 [00:05<00:02, 151.64w/s, dev=cpu]                
language_model.model.layers.27.self_attn.k_norm_moe_gen.weight:  64%|██████▍   | 782/1223 [00:05<00:02, 151.83w/s, dev=cpu]
language_model.model.layers.27.self_attn.k_proj.bias:  64%|██████▍   | 783/1223 [00:05<00:02, 152.02w/s, dev=cpu]          
language_model.model.layers.27.self_attn.k_proj.weight:  64%|██████▍   | 784/1223 [00:05<00:02, 152.21w/s, dev=cpu]
language_model.model.layers.27.self_attn.k_proj_moe_gen.bias:  64%|██████▍   | 785/1223 [00:05<00:02, 152.40w/s, dev=cpu]
language_model.model.layers.27.self_attn.k_proj_moe_gen.weight:  64%|██████▍   | 786/1223 [00:05<00:02, 152.60w/s, dev=cpu]
language_model.model.layers.27.self_attn.o_proj.weight:  64%|██████▍   | 787/1223 [00:05<00:02, 152.79w/s, dev=cpu]        
language_model.model.layers.27.self_attn.o_proj_moe_gen.weight:  64%|██████▍   | 788/1223 [00:05<00:02, 152.98w/s, dev=cpu]
language_model.model.layers.27.self_attn.q_norm.weight:  65%|██████▍   | 789/1223 [00:05<00:02, 153.17w/s, dev=cpu]        
language_model.model.layers.27.self_attn.q_norm_moe_gen.weight:  65%|██████▍   | 790/1223 [00:05<00:02, 153.36w/s, dev=cpu]
language_model.model.layers.27.self_attn.q_proj.bias:  65%|██████▍   | 791/1223 [00:05<00:02, 153.55w/s, dev=cpu]          
language_model.model.layers.27.self_attn.q_proj.weight:  65%|██████▍   | 792/1223 [00:05<00:02, 153.75w/s, dev=cpu]
language_model.model.layers.27.self_attn.q_proj_moe_gen.bias:  65%|██████▍   | 793/1223 [00:05<00:02, 153.94w/s, dev=cpu]
language_model.model.layers.27.self_attn.q_proj_moe_gen.weight:  65%|██████▍   | 794/1223 [00:05<00:02, 154.13w/s, dev=cpu]
language_model.model.layers.27.self_attn.v_proj.bias:  65%|██████▌   | 795/1223 [00:05<00:02, 154.32w/s, dev=cpu]          
language_model.model.layers.27.self_attn.v_proj.weight:  65%|██████▌   | 796/1223 [00:05<00:02, 154.51w/s, dev=cpu]
language_model.model.layers.27.self_attn.v_proj_moe_gen.bias:  65%|██████▌   | 797/1223 [00:05<00:02, 154.71w/s, dev=cpu]
language_model.model.layers.27.self_attn.v_proj_moe_gen.weight:  65%|██████▌   | 798/1223 [00:05<00:02, 154.90w/s, dev=cpu]
language_model.model.norm.weight:  65%|██████▌   | 799/1223 [00:05<00:02, 155.09w/s, dev=cpu]                              
language_model.model.norm_moe_gen.weight:  65%|██████▌   | 800/1223 [00:05<00:02, 155.28w/s, dev=cpu]
language_model.lm_head.weight:  65%|██████▌   | 801/1223 [00:05<00:02, 155.47w/s, dev=cpu]           
vit_model.vision_model.embeddings.patch_embedding.bias:  66%|██████▌   | 802/1223 [00:05<00:02, 155.66w/s, dev=cpu]
vit_model.vision_model.embeddings.patch_embedding.weight:  66%|██████▌   | 803/1223 [00:05<00:02, 155.85w/s, dev=cpu]
vit_model.vision_model.embeddings.position_embedding.weight:  66%|██████▌   | 804/1223 [00:05<00:02, 156.05w/s, dev=cpu]
vit_model.vision_model.encoder.layers.0.layer_norm1.bias:  66%|██████▌   | 805/1223 [00:05<00:02, 156.24w/s, dev=cpu]   
vit_model.vision_model.encoder.layers.0.layer_norm1.weight:  66%|██████▌   | 806/1223 [00:05<00:02, 156.43w/s, dev=cpu]
vit_model.vision_model.encoder.layers.0.layer_norm2.bias:  66%|██████▌   | 807/1223 [00:05<00:02, 156.62w/s, dev=cpu]  
vit_model.vision_model.encoder.layers.0.layer_norm2.weight:  66%|██████▌   | 808/1223 [00:05<00:02, 156.81w/s, dev=cpu]
vit_model.vision_model.encoder.layers.0.mlp.fc1.bias:  66%|██████▌   | 809/1223 [00:05<00:02, 157.01w/s, dev=cpu]      
vit_model.vision_model.encoder.layers.0.mlp.fc1.weight:  66%|██████▌   | 810/1223 [00:05<00:02, 157.20w/s, dev=cpu]
vit_model.vision_model.encoder.layers.0.mlp.fc2.bias:  66%|██████▋   | 811/1223 [00:05<00:02, 157.39w/s, dev=cpu]  
vit_model.vision_model.encoder.layers.0.mlp.fc2.weight:  66%|██████▋   | 812/1223 [00:05<00:02, 157.58w/s, dev=cpu]
vit_model.vision_model.encoder.layers.0.self_attn.k_proj.bias:  66%|██████▋   | 813/1223 [00:05<00:02, 157.77w/s, dev=cpu]
vit_model.vision_model.encoder.layers.0.self_attn.k_proj.weight:  67%|██████▋   | 814/1223 [00:05<00:02, 157.96w/s, dev=cpu]
vit_model.vision_model.encoder.layers.0.self_attn.out_proj.bias:  67%|██████▋   | 815/1223 [00:05<00:02, 158.16w/s, dev=cpu]
vit_model.vision_model.encoder.layers.0.self_attn.out_proj.weight:  67%|██████▋   | 816/1223 [00:05<00:02, 158.35w/s, dev=cpu]
vit_model.vision_model.encoder.layers.0.self_attn.q_proj.bias:  67%|██████▋   | 817/1223 [00:05<00:02, 158.54w/s, dev=cpu]    
vit_model.vision_model.encoder.layers.0.self_attn.q_proj.weight:  67%|██████▋   | 818/1223 [00:05<00:02, 158.73w/s, dev=cpu]
vit_model.vision_model.encoder.layers.0.self_attn.v_proj.bias:  67%|██████▋   | 819/1223 [00:05<00:02, 158.92w/s, dev=cpu]  
vit_model.vision_model.encoder.layers.0.self_attn.v_proj.weight:  67%|██████▋   | 820/1223 [00:05<00:02, 159.11w/s, dev=cpu]
vit_model.vision_model.encoder.layers.1.layer_norm1.bias:  67%|██████▋   | 821/1223 [00:05<00:02, 159.30w/s, dev=cpu]       
vit_model.vision_model.encoder.layers.1.layer_norm1.weight:  67%|██████▋   | 822/1223 [00:05<00:02, 159.50w/s, dev=cpu]
vit_model.vision_model.encoder.layers.1.layer_norm2.bias:  67%|██████▋   | 823/1223 [00:05<00:02, 159.69w/s, dev=cpu]  
vit_model.vision_model.encoder.layers.1.layer_norm2.weight:  67%|██████▋   | 824/1223 [00:05<00:02, 159.88w/s, dev=cpu]
vit_model.vision_model.encoder.layers.1.mlp.fc1.bias:  67%|██████▋   | 825/1223 [00:05<00:02, 160.07w/s, dev=cpu]      
vit_model.vision_model.encoder.layers.1.mlp.fc1.weight:  68%|██████▊   | 826/1223 [00:05<00:02, 160.26w/s, dev=cpu]
vit_model.vision_model.encoder.layers.1.mlp.fc2.bias:  68%|██████▊   | 827/1223 [00:05<00:02, 160.45w/s, dev=cpu]  
vit_model.vision_model.encoder.layers.1.mlp.fc2.weight:  68%|██████▊   | 828/1223 [00:05<00:02, 160.65w/s, dev=cpu]
vit_model.vision_model.encoder.layers.1.self_attn.k_proj.bias:  68%|██████▊   | 829/1223 [00:05<00:02, 160.84w/s, dev=cpu]
vit_model.vision_model.encoder.layers.1.self_attn.k_proj.weight:  68%|██████▊   | 830/1223 [00:05<00:02, 161.03w/s, dev=cpu]
vit_model.vision_model.encoder.layers.1.self_attn.out_proj.bias:  68%|██████▊   | 831/1223 [00:05<00:02, 161.22w/s, dev=cpu]
vit_model.vision_model.encoder.layers.1.self_attn.out_proj.weight:  68%|██████▊   | 832/1223 [00:05<00:02, 161.41w/s, dev=cpu]
vit_model.vision_model.encoder.layers.1.self_attn.q_proj.bias:  68%|██████▊   | 833/1223 [00:05<00:02, 161.60w/s, dev=cpu]    
vit_model.vision_model.encoder.layers.1.self_attn.q_proj.weight:  68%|██████▊   | 834/1223 [00:05<00:02, 161.80w/s, dev=cpu]
vit_model.vision_model.encoder.layers.1.self_attn.v_proj.bias:  68%|██████▊   | 835/1223 [00:05<00:02, 161.99w/s, dev=cpu]  
vit_model.vision_model.encoder.layers.1.self_attn.v_proj.weight:  68%|██████▊   | 836/1223 [00:05<00:02, 162.18w/s, dev=cpu]
vit_model.vision_model.encoder.layers.10.layer_norm1.bias:  68%|██████▊   | 837/1223 [00:05<00:02, 162.37w/s, dev=cpu]      
vit_model.vision_model.encoder.layers.10.layer_norm1.weight:  69%|██████▊   | 838/1223 [00:05<00:02, 162.56w/s, dev=cpu]
vit_model.vision_model.encoder.layers.10.layer_norm2.bias:  69%|██████▊   | 839/1223 [00:05<00:02, 162.75w/s, dev=cpu]  
vit_model.vision_model.encoder.layers.10.layer_norm2.weight:  69%|██████▊   | 840/1223 [00:05<00:02, 162.94w/s, dev=cpu]
vit_model.vision_model.encoder.layers.10.mlp.fc1.bias:  69%|██████▉   | 841/1223 [00:05<00:02, 163.14w/s, dev=cpu]      
vit_model.vision_model.encoder.layers.10.mlp.fc1.weight:  69%|██████▉   | 842/1223 [00:05<00:02, 163.33w/s, dev=cpu]
vit_model.vision_model.encoder.layers.10.mlp.fc2.bias:  69%|██████▉   | 843/1223 [00:05<00:02, 163.52w/s, dev=cpu]  
vit_model.vision_model.encoder.layers.10.mlp.fc2.weight:  69%|██████▉   | 844/1223 [00:05<00:02, 163.71w/s, dev=cpu]
vit_model.vision_model.encoder.layers.10.self_attn.k_proj.bias:  69%|██████▉   | 845/1223 [00:05<00:02, 163.90w/s, dev=cpu]
vit_model.vision_model.encoder.layers.10.self_attn.k_proj.weight:  69%|██████▉   | 846/1223 [00:05<00:02, 164.09w/s, dev=cpu]
vit_model.vision_model.encoder.layers.10.self_attn.out_proj.bias:  69%|██████▉   | 847/1223 [00:05<00:02, 164.29w/s, dev=cpu]
vit_model.vision_model.encoder.layers.10.self_attn.out_proj.weight:  69%|██████▉   | 848/1223 [00:05<00:02, 164.48w/s, dev=cpu]
vit_model.vision_model.encoder.layers.10.self_attn.q_proj.bias:  69%|██████▉   | 849/1223 [00:05<00:02, 164.67w/s, dev=cpu]    
vit_model.vision_model.encoder.layers.10.self_attn.q_proj.weight:  70%|██████▉   | 850/1223 [00:05<00:02, 164.86w/s, dev=cpu]
vit_model.vision_model.encoder.layers.10.self_attn.v_proj.bias:  70%|██████▉   | 851/1223 [00:05<00:02, 165.05w/s, dev=cpu]  
vit_model.vision_model.encoder.layers.10.self_attn.v_proj.weight:  70%|██████▉   | 852/1223 [00:05<00:02, 165.24w/s, dev=cpu]
vit_model.vision_model.encoder.layers.11.layer_norm1.bias:  70%|██████▉   | 853/1223 [00:05<00:02, 165.43w/s, dev=cpu]       
vit_model.vision_model.encoder.layers.11.layer_norm1.weight:  70%|██████▉   | 854/1223 [00:05<00:02, 165.63w/s, dev=cpu]
vit_model.vision_model.encoder.layers.11.layer_norm2.bias:  70%|██████▉   | 855/1223 [00:05<00:02, 165.82w/s, dev=cpu]  
vit_model.vision_model.encoder.layers.11.layer_norm2.weight:  70%|██████▉   | 856/1223 [00:05<00:02, 166.01w/s, dev=cpu]
vit_model.vision_model.encoder.layers.11.mlp.fc1.bias:  70%|███████   | 857/1223 [00:05<00:02, 166.20w/s, dev=cpu]      
vit_model.vision_model.encoder.layers.11.mlp.fc1.weight:  70%|███████   | 858/1223 [00:05<00:02, 166.39w/s, dev=cpu]
vit_model.vision_model.encoder.layers.11.mlp.fc2.bias:  70%|███████   | 859/1223 [00:05<00:02, 166.58w/s, dev=cpu]  
vit_model.vision_model.encoder.layers.11.mlp.fc2.weight:  70%|███████   | 860/1223 [00:05<00:02, 166.77w/s, dev=cpu]
vit_model.vision_model.encoder.layers.11.self_attn.k_proj.bias:  70%|███████   | 861/1223 [00:05<00:02, 166.97w/s, dev=cpu]
vit_model.vision_model.encoder.layers.11.self_attn.k_proj.weight:  70%|███████   | 862/1223 [00:05<00:02, 167.16w/s, dev=cpu]
vit_model.vision_model.encoder.layers.11.self_attn.out_proj.bias:  71%|███████   | 863/1223 [00:05<00:02, 167.35w/s, dev=cpu]
vit_model.vision_model.encoder.layers.11.self_attn.out_proj.weight:  71%|███████   | 864/1223 [00:05<00:02, 167.54w/s, dev=cpu]
vit_model.vision_model.encoder.layers.11.self_attn.q_proj.bias:  71%|███████   | 865/1223 [00:05<00:02, 167.73w/s, dev=cpu]    
vit_model.vision_model.encoder.layers.11.self_attn.q_proj.weight:  71%|███████   | 866/1223 [00:05<00:02, 167.92w/s, dev=cpu]
vit_model.vision_model.encoder.layers.11.self_attn.v_proj.bias:  71%|███████   | 867/1223 [00:05<00:02, 168.11w/s, dev=cpu]  
vit_model.vision_model.encoder.layers.11.self_attn.v_proj.weight:  71%|███████   | 868/1223 [00:05<00:02, 168.30w/s, dev=cpu]
vit_model.vision_model.encoder.layers.12.layer_norm1.bias:  71%|███████   | 869/1223 [00:05<00:02, 168.50w/s, dev=cpu]       
vit_model.vision_model.encoder.layers.12.layer_norm1.weight:  71%|███████   | 870/1223 [00:05<00:02, 168.69w/s, dev=cpu]
vit_model.vision_model.encoder.layers.12.layer_norm2.bias:  71%|███████   | 871/1223 [00:05<00:02, 168.88w/s, dev=cpu]  
vit_model.vision_model.encoder.layers.12.layer_norm2.weight:  71%|███████▏  | 872/1223 [00:05<00:02, 169.07w/s, dev=cpu]
vit_model.vision_model.encoder.layers.12.mlp.fc1.bias:  71%|███████▏  | 873/1223 [00:05<00:02, 169.26w/s, dev=cpu]      
vit_model.vision_model.encoder.layers.12.mlp.fc1.weight:  71%|███████▏  | 874/1223 [00:05<00:02, 169.45w/s, dev=cpu]
vit_model.vision_model.encoder.layers.12.mlp.fc2.bias:  72%|███████▏  | 875/1223 [00:05<00:02, 169.64w/s, dev=cpu]  
vit_model.vision_model.encoder.layers.12.mlp.fc2.weight:  72%|███████▏  | 876/1223 [00:05<00:02, 169.84w/s, dev=cpu]
vit_model.vision_model.encoder.layers.12.self_attn.k_proj.bias:  72%|███████▏  | 877/1223 [00:05<00:02, 170.03w/s, dev=cpu]
vit_model.vision_model.encoder.layers.12.self_attn.k_proj.weight:  72%|███████▏  | 878/1223 [00:05<00:02, 170.22w/s, dev=cpu]
vit_model.vision_model.encoder.layers.12.self_attn.out_proj.bias:  72%|███████▏  | 879/1223 [00:05<00:02, 170.41w/s, dev=cpu]
vit_model.vision_model.encoder.layers.12.self_attn.out_proj.weight:  72%|███████▏  | 880/1223 [00:05<00:02, 170.60w/s, dev=cpu]
vit_model.vision_model.encoder.layers.12.self_attn.q_proj.bias:  72%|███████▏  | 881/1223 [00:05<00:02, 170.79w/s, dev=cpu]    
vit_model.vision_model.encoder.layers.12.self_attn.q_proj.weight:  72%|███████▏  | 882/1223 [00:05<00:01, 170.98w/s, dev=cpu]
vit_model.vision_model.encoder.layers.12.self_attn.v_proj.bias:  72%|███████▏  | 883/1223 [00:05<00:01, 171.17w/s, dev=cpu]  
vit_model.vision_model.encoder.layers.12.self_attn.v_proj.weight:  72%|███████▏  | 884/1223 [00:05<00:01, 171.37w/s, dev=cpu]
vit_model.vision_model.encoder.layers.13.layer_norm1.bias:  72%|███████▏  | 885/1223 [00:05<00:01, 171.56w/s, dev=cpu]       
vit_model.vision_model.encoder.layers.13.layer_norm1.weight:  72%|███████▏  | 886/1223 [00:05<00:01, 171.75w/s, dev=cpu]
vit_model.vision_model.encoder.layers.13.layer_norm2.bias:  73%|███████▎  | 887/1223 [00:05<00:01, 171.94w/s, dev=cpu]  
vit_model.vision_model.encoder.layers.13.layer_norm2.weight:  73%|███████▎  | 888/1223 [00:05<00:01, 172.13w/s, dev=cpu]
vit_model.vision_model.encoder.layers.13.mlp.fc1.bias:  73%|███████▎  | 889/1223 [00:05<00:01, 172.32w/s, dev=cpu]      
vit_model.vision_model.encoder.layers.13.mlp.fc1.weight:  73%|███████▎  | 890/1223 [00:05<00:01, 172.51w/s, dev=cpu]
vit_model.vision_model.encoder.layers.13.mlp.fc2.bias:  73%|███████▎  | 891/1223 [00:05<00:01, 172.71w/s, dev=cpu]  
vit_model.vision_model.encoder.layers.13.mlp.fc2.weight:  73%|███████▎  | 892/1223 [00:05<00:01, 172.90w/s, dev=cpu]
vit_model.vision_model.encoder.layers.13.self_attn.k_proj.bias:  73%|███████▎  | 893/1223 [00:05<00:01, 173.09w/s, dev=cpu]
vit_model.vision_model.encoder.layers.13.self_attn.k_proj.weight:  73%|███████▎  | 894/1223 [00:05<00:01, 173.28w/s, dev=cpu]
vit_model.vision_model.encoder.layers.13.self_attn.out_proj.bias:  73%|███████▎  | 895/1223 [00:05<00:01, 173.47w/s, dev=cpu]
vit_model.vision_model.encoder.layers.13.self_attn.out_proj.weight:  73%|███████▎  | 896/1223 [00:05<00:01, 173.66w/s, dev=cpu]
vit_model.vision_model.encoder.layers.13.self_attn.q_proj.bias:  73%|███████▎  | 897/1223 [00:05<00:01, 173.85w/s, dev=cpu]    
vit_model.vision_model.encoder.layers.13.self_attn.q_proj.weight:  73%|███████▎  | 898/1223 [00:05<00:01, 174.04w/s, dev=cpu]
vit_model.vision_model.encoder.layers.13.self_attn.v_proj.bias:  74%|███████▎  | 899/1223 [00:05<00:01, 174.23w/s, dev=cpu]  
vit_model.vision_model.encoder.layers.13.self_attn.v_proj.weight:  74%|███████▎  | 900/1223 [00:05<00:01, 174.43w/s, dev=cpu]
vit_model.vision_model.encoder.layers.14.layer_norm1.bias:  74%|███████▎  | 901/1223 [00:05<00:01, 174.62w/s, dev=cpu]       
vit_model.vision_model.encoder.layers.14.layer_norm1.weight:  74%|███████▍  | 902/1223 [00:05<00:01, 174.81w/s, dev=cpu]
vit_model.vision_model.encoder.layers.14.layer_norm2.bias:  74%|███████▍  | 903/1223 [00:05<00:01, 175.00w/s, dev=cpu]  
vit_model.vision_model.encoder.layers.14.layer_norm2.weight:  74%|███████▍  | 904/1223 [00:05<00:01, 175.19w/s, dev=cpu]
vit_model.vision_model.encoder.layers.14.mlp.fc1.bias:  74%|███████▍  | 905/1223 [00:05<00:01, 175.38w/s, dev=cpu]      
vit_model.vision_model.encoder.layers.14.mlp.fc1.weight:  74%|███████▍  | 906/1223 [00:05<00:01, 175.57w/s, dev=cpu]
vit_model.vision_model.encoder.layers.14.mlp.fc2.bias:  74%|███████▍  | 907/1223 [00:05<00:01, 175.76w/s, dev=cpu]  
vit_model.vision_model.encoder.layers.14.mlp.fc2.weight:  74%|███████▍  | 908/1223 [00:05<00:01, 175.96w/s, dev=cpu]
vit_model.vision_model.encoder.layers.14.self_attn.k_proj.bias:  74%|███████▍  | 909/1223 [00:05<00:01, 176.15w/s, dev=cpu]
vit_model.vision_model.encoder.layers.14.self_attn.k_proj.weight:  74%|███████▍  | 910/1223 [00:05<00:01, 176.34w/s, dev=cpu]
vit_model.vision_model.encoder.layers.14.self_attn.out_proj.bias:  74%|███████▍  | 911/1223 [00:05<00:01, 176.53w/s, dev=cpu]
vit_model.vision_model.encoder.layers.14.self_attn.out_proj.weight:  75%|███████▍  | 912/1223 [00:05<00:01, 176.72w/s, dev=cpu]
vit_model.vision_model.encoder.layers.14.self_attn.q_proj.bias:  75%|███████▍  | 913/1223 [00:05<00:01, 176.91w/s, dev=cpu]    
vit_model.vision_model.encoder.layers.14.self_attn.q_proj.weight:  75%|███████▍  | 914/1223 [00:05<00:01, 177.10w/s, dev=cpu]
vit_model.vision_model.encoder.layers.14.self_attn.v_proj.bias:  75%|███████▍  | 915/1223 [00:05<00:01, 177.29w/s, dev=cpu]  
vit_model.vision_model.encoder.layers.14.self_attn.v_proj.weight:  75%|███████▍  | 916/1223 [00:05<00:01, 177.48w/s, dev=cpu]
vit_model.vision_model.encoder.layers.15.layer_norm1.bias:  75%|███████▍  | 917/1223 [00:05<00:01, 177.68w/s, dev=cpu]       
vit_model.vision_model.encoder.layers.15.layer_norm1.weight:  75%|███████▌  | 918/1223 [00:05<00:01, 177.87w/s, dev=cpu]
vit_model.vision_model.encoder.layers.15.layer_norm2.bias:  75%|███████▌  | 919/1223 [00:05<00:01, 178.06w/s, dev=cpu]  
vit_model.vision_model.encoder.layers.15.layer_norm2.weight:  75%|███████▌  | 920/1223 [00:05<00:01, 178.25w/s, dev=cpu]
vit_model.vision_model.encoder.layers.15.mlp.fc1.bias:  75%|███████▌  | 921/1223 [00:05<00:01, 178.44w/s, dev=cpu]      
vit_model.vision_model.encoder.layers.15.mlp.fc1.weight:  75%|███████▌  | 922/1223 [00:05<00:01, 178.63w/s, dev=cpu]
vit_model.vision_model.encoder.layers.15.mlp.fc2.bias:  75%|███████▌  | 923/1223 [00:05<00:01, 178.82w/s, dev=cpu]  
vit_model.vision_model.encoder.layers.15.mlp.fc2.weight:  76%|███████▌  | 924/1223 [00:05<00:01, 179.01w/s, dev=cpu]
vit_model.vision_model.encoder.layers.15.self_attn.k_proj.bias:  76%|███████▌  | 925/1223 [00:05<00:01, 179.20w/s, dev=cpu]
vit_model.vision_model.encoder.layers.15.self_attn.k_proj.weight:  76%|███████▌  | 926/1223 [00:05<00:01, 179.39w/s, dev=cpu]
vit_model.vision_model.encoder.layers.15.self_attn.out_proj.bias:  76%|███████▌  | 927/1223 [00:05<00:01, 179.59w/s, dev=cpu]
vit_model.vision_model.encoder.layers.15.self_attn.out_proj.weight:  76%|███████▌  | 928/1223 [00:05<00:01, 179.78w/s, dev=cpu]
vit_model.vision_model.encoder.layers.15.self_attn.q_proj.bias:  76%|███████▌  | 929/1223 [00:05<00:01, 179.97w/s, dev=cpu]    
vit_model.vision_model.encoder.layers.15.self_attn.q_proj.weight:  76%|███████▌  | 930/1223 [00:05<00:01, 180.16w/s, dev=cpu]
vit_model.vision_model.encoder.layers.15.self_attn.v_proj.bias:  76%|███████▌  | 931/1223 [00:05<00:01, 180.35w/s, dev=cpu]  
vit_model.vision_model.encoder.layers.15.self_attn.v_proj.weight:  76%|███████▌  | 932/1223 [00:05<00:01, 180.54w/s, dev=cpu]
vit_model.vision_model.encoder.layers.16.layer_norm1.bias:  76%|███████▋  | 933/1223 [00:05<00:01, 180.73w/s, dev=cpu]       
vit_model.vision_model.encoder.layers.16.layer_norm1.weight:  76%|███████▋  | 934/1223 [00:05<00:01, 180.92w/s, dev=cpu]
vit_model.vision_model.encoder.layers.16.layer_norm2.bias:  76%|███████▋  | 935/1223 [00:05<00:01, 181.11w/s, dev=cpu]  
vit_model.vision_model.encoder.layers.16.layer_norm2.weight:  77%|███████▋  | 936/1223 [00:05<00:01, 181.30w/s, dev=cpu]
vit_model.vision_model.encoder.layers.16.mlp.fc1.bias:  77%|███████▋  | 937/1223 [00:05<00:01, 181.50w/s, dev=cpu]      
vit_model.vision_model.encoder.layers.16.mlp.fc1.weight:  77%|███████▋  | 938/1223 [00:05<00:01, 181.69w/s, dev=cpu]
vit_model.vision_model.encoder.layers.16.mlp.fc2.bias:  77%|███████▋  | 939/1223 [00:05<00:01, 181.88w/s, dev=cpu]  
vit_model.vision_model.encoder.layers.16.mlp.fc2.weight:  77%|███████▋  | 940/1223 [00:05<00:01, 182.07w/s, dev=cpu]
vit_model.vision_model.encoder.layers.16.self_attn.k_proj.bias:  77%|███████▋  | 941/1223 [00:05<00:01, 182.26w/s, dev=cpu]
vit_model.vision_model.encoder.layers.16.self_attn.k_proj.weight:  77%|███████▋  | 942/1223 [00:05<00:01, 182.45w/s, dev=cpu]
vit_model.vision_model.encoder.layers.16.self_attn.out_proj.bias:  77%|███████▋  | 943/1223 [00:05<00:01, 182.64w/s, dev=cpu]
vit_model.vision_model.encoder.layers.16.self_attn.out_proj.weight:  77%|███████▋  | 944/1223 [00:05<00:01, 182.83w/s, dev=cpu]
vit_model.vision_model.encoder.layers.16.self_attn.q_proj.bias:  77%|███████▋  | 945/1223 [00:05<00:01, 183.02w/s, dev=cpu]    
vit_model.vision_model.encoder.layers.16.self_attn.q_proj.weight:  77%|███████▋  | 946/1223 [00:05<00:01, 183.21w/s, dev=cpu]
vit_model.vision_model.encoder.layers.16.self_attn.v_proj.bias:  77%|███████▋  | 947/1223 [00:05<00:01, 183.41w/s, dev=cpu]  
vit_model.vision_model.encoder.layers.16.self_attn.v_proj.weight:  78%|███████▊  | 948/1223 [00:05<00:01, 183.60w/s, dev=cpu]
vit_model.vision_model.encoder.layers.17.layer_norm1.bias:  78%|███████▊  | 949/1223 [00:05<00:01, 183.79w/s, dev=cpu]       
vit_model.vision_model.encoder.layers.17.layer_norm1.weight:  78%|███████▊  | 950/1223 [00:05<00:01, 183.98w/s, dev=cpu]
vit_model.vision_model.encoder.layers.17.layer_norm2.bias:  78%|███████▊  | 951/1223 [00:05<00:01, 184.17w/s, dev=cpu]  
vit_model.vision_model.encoder.layers.17.layer_norm2.weight:  78%|███████▊  | 952/1223 [00:05<00:01, 184.36w/s, dev=cpu]
vit_model.vision_model.encoder.layers.17.mlp.fc1.bias:  78%|███████▊  | 953/1223 [00:05<00:01, 184.55w/s, dev=cpu]      
vit_model.vision_model.encoder.layers.17.mlp.fc1.weight:  78%|███████▊  | 954/1223 [00:05<00:01, 184.74w/s, dev=cpu]
vit_model.vision_model.encoder.layers.17.mlp.fc2.bias:  78%|███████▊  | 955/1223 [00:05<00:01, 184.93w/s, dev=cpu]  
vit_model.vision_model.encoder.layers.17.mlp.fc2.weight:  78%|███████▊  | 956/1223 [00:05<00:01, 185.12w/s, dev=cpu]
vit_model.vision_model.encoder.layers.17.self_attn.k_proj.bias:  78%|███████▊  | 957/1223 [00:05<00:01, 185.31w/s, dev=cpu]
vit_model.vision_model.encoder.layers.17.self_attn.k_proj.weight:  78%|███████▊  | 958/1223 [00:05<00:01, 185.51w/s, dev=cpu]
vit_model.vision_model.encoder.layers.17.self_attn.out_proj.bias:  78%|███████▊  | 959/1223 [00:05<00:01, 185.70w/s, dev=cpu]
vit_model.vision_model.encoder.layers.17.self_attn.out_proj.weight:  78%|███████▊  | 960/1223 [00:05<00:01, 185.89w/s, dev=cpu]
vit_model.vision_model.encoder.layers.17.self_attn.q_proj.bias:  79%|███████▊  | 961/1223 [00:05<00:01, 186.08w/s, dev=cpu]    
vit_model.vision_model.encoder.layers.17.self_attn.q_proj.weight:  79%|███████▊  | 962/1223 [00:05<00:01, 186.27w/s, dev=cpu]
vit_model.vision_model.encoder.layers.17.self_attn.v_proj.bias:  79%|███████▊  | 963/1223 [00:05<00:01, 186.46w/s, dev=cpu]  
vit_model.vision_model.encoder.layers.17.self_attn.v_proj.weight:  79%|███████▉  | 964/1223 [00:05<00:01, 186.65w/s, dev=cpu]
vit_model.vision_model.encoder.layers.18.layer_norm1.bias:  79%|███████▉  | 965/1223 [00:05<00:01, 186.84w/s, dev=cpu]       
vit_model.vision_model.encoder.layers.18.layer_norm1.weight:  79%|███████▉  | 966/1223 [00:05<00:01, 187.03w/s, dev=cpu]
vit_model.vision_model.encoder.layers.18.layer_norm2.bias:  79%|███████▉  | 967/1223 [00:05<00:01, 187.22w/s, dev=cpu]  
vit_model.vision_model.encoder.layers.18.layer_norm2.weight:  79%|███████▉  | 968/1223 [00:05<00:01, 187.41w/s, dev=cpu]
vit_model.vision_model.encoder.layers.18.mlp.fc1.bias:  79%|███████▉  | 969/1223 [00:05<00:01, 187.60w/s, dev=cpu]      
vit_model.vision_model.encoder.layers.18.mlp.fc1.weight:  79%|███████▉  | 970/1223 [00:05<00:01, 187.80w/s, dev=cpu]
vit_model.vision_model.encoder.layers.18.mlp.fc2.bias:  79%|███████▉  | 971/1223 [00:05<00:01, 187.99w/s, dev=cpu]  
vit_model.vision_model.encoder.layers.18.mlp.fc2.weight:  79%|███████▉  | 972/1223 [00:05<00:01, 188.18w/s, dev=cpu]
vit_model.vision_model.encoder.layers.18.self_attn.k_proj.bias:  80%|███████▉  | 973/1223 [00:05<00:01, 188.37w/s, dev=cpu]
vit_model.vision_model.encoder.layers.18.self_attn.k_proj.weight:  80%|███████▉  | 974/1223 [00:05<00:01, 188.56w/s, dev=cpu]
vit_model.vision_model.encoder.layers.18.self_attn.out_proj.bias:  80%|███████▉  | 975/1223 [00:05<00:01, 188.75w/s, dev=cpu]
vit_model.vision_model.encoder.layers.18.self_attn.out_proj.weight:  80%|███████▉  | 976/1223 [00:05<00:01, 188.94w/s, dev=cpu]
vit_model.vision_model.encoder.layers.18.self_attn.q_proj.bias:  80%|███████▉  | 977/1223 [00:05<00:01, 189.13w/s, dev=cpu]    
vit_model.vision_model.encoder.layers.18.self_attn.q_proj.weight:  80%|███████▉  | 978/1223 [00:05<00:01, 189.32w/s, dev=cpu]
vit_model.vision_model.encoder.layers.18.self_attn.v_proj.bias:  80%|████████  | 979/1223 [00:05<00:01, 189.51w/s, dev=cpu]  
vit_model.vision_model.encoder.layers.18.self_attn.v_proj.weight:  80%|████████  | 980/1223 [00:05<00:01, 189.70w/s, dev=cpu]
vit_model.vision_model.encoder.layers.19.layer_norm1.bias:  80%|████████  | 981/1223 [00:05<00:01, 189.89w/s, dev=cpu]       
vit_model.vision_model.encoder.layers.19.layer_norm1.weight:  80%|████████  | 982/1223 [00:05<00:01, 190.08w/s, dev=cpu]
vit_model.vision_model.encoder.layers.19.layer_norm2.bias:  80%|████████  | 983/1223 [00:05<00:01, 190.27w/s, dev=cpu]  
vit_model.vision_model.encoder.layers.19.layer_norm2.weight:  80%|████████  | 984/1223 [00:05<00:01, 190.46w/s, dev=cpu]
vit_model.vision_model.encoder.layers.19.mlp.fc1.bias:  81%|████████  | 985/1223 [00:05<00:01, 190.66w/s, dev=cpu]      
vit_model.vision_model.encoder.layers.19.mlp.fc1.weight:  81%|████████  | 986/1223 [00:05<00:01, 190.85w/s, dev=cpu]
vit_model.vision_model.encoder.layers.19.mlp.fc2.bias:  81%|████████  | 987/1223 [00:05<00:01, 191.04w/s, dev=cpu]  
vit_model.vision_model.encoder.layers.19.mlp.fc2.weight:  81%|████████  | 988/1223 [00:05<00:01, 191.23w/s, dev=cpu]
vit_model.vision_model.encoder.layers.19.self_attn.k_proj.bias:  81%|████████  | 989/1223 [00:05<00:01, 191.42w/s, dev=cpu]
vit_model.vision_model.encoder.layers.19.self_attn.k_proj.weight:  81%|████████  | 990/1223 [00:05<00:01, 191.61w/s, dev=cpu]
vit_model.vision_model.encoder.layers.19.self_attn.out_proj.bias:  81%|████████  | 991/1223 [00:05<00:01, 191.80w/s, dev=cpu]
vit_model.vision_model.encoder.layers.19.self_attn.out_proj.weight:  81%|████████  | 992/1223 [00:05<00:01, 191.99w/s, dev=cpu]
vit_model.vision_model.encoder.layers.19.self_attn.q_proj.bias:  81%|████████  | 993/1223 [00:05<00:01, 192.18w/s, dev=cpu]    
vit_model.vision_model.encoder.layers.19.self_attn.q_proj.weight:  81%|████████▏ | 994/1223 [00:05<00:01, 192.37w/s, dev=cpu]
vit_model.vision_model.encoder.layers.19.self_attn.v_proj.bias:  81%|████████▏ | 995/1223 [00:05<00:01, 192.56w/s, dev=cpu]  
vit_model.vision_model.encoder.layers.19.self_attn.v_proj.weight:  81%|████████▏ | 996/1223 [00:05<00:01, 192.75w/s, dev=cpu]
vit_model.vision_model.encoder.layers.2.layer_norm1.bias:  82%|████████▏ | 997/1223 [00:05<00:01, 192.94w/s, dev=cpu]        
vit_model.vision_model.encoder.layers.2.layer_norm1.weight:  82%|████████▏ | 998/1223 [00:05<00:01, 193.13w/s, dev=cpu]
vit_model.vision_model.encoder.layers.2.layer_norm2.bias:  82%|████████▏ | 999/1223 [00:05<00:01, 193.33w/s, dev=cpu]  
vit_model.vision_model.encoder.layers.2.layer_norm2.weight:  82%|████████▏ | 1000/1223 [00:05<00:01, 193.52w/s, dev=cpu]
vit_model.vision_model.encoder.layers.2.mlp.fc1.bias:  82%|████████▏ | 1001/1223 [00:05<00:01, 193.71w/s, dev=cpu]      
vit_model.vision_model.encoder.layers.2.mlp.fc1.weight:  82%|████████▏ | 1002/1223 [00:05<00:01, 193.90w/s, dev=cpu]
vit_model.vision_model.encoder.layers.2.mlp.fc2.bias:  82%|████████▏ | 1003/1223 [00:05<00:01, 194.09w/s, dev=cpu]  
vit_model.vision_model.encoder.layers.2.mlp.fc2.weight:  82%|████████▏ | 1004/1223 [00:05<00:01, 194.28w/s, dev=cpu]
vit_model.vision_model.encoder.layers.2.self_attn.k_proj.bias:  82%|████████▏ | 1005/1223 [00:05<00:01, 194.47w/s, dev=cpu]
vit_model.vision_model.encoder.layers.2.self_attn.k_proj.weight:  82%|████████▏ | 1006/1223 [00:05<00:01, 194.66w/s, dev=cpu]
vit_model.vision_model.encoder.layers.2.self_attn.out_proj.bias:  82%|████████▏ | 1007/1223 [00:05<00:01, 194.85w/s, dev=cpu]
vit_model.vision_model.encoder.layers.2.self_attn.out_proj.weight:  82%|████████▏ | 1008/1223 [00:05<00:01, 195.04w/s, dev=cpu]
vit_model.vision_model.encoder.layers.2.self_attn.q_proj.bias:  83%|████████▎ | 1009/1223 [00:05<00:01, 195.23w/s, dev=cpu]    
vit_model.vision_model.encoder.layers.2.self_attn.q_proj.weight:  83%|████████▎ | 1010/1223 [00:05<00:01, 195.42w/s, dev=cpu]
vit_model.vision_model.encoder.layers.2.self_attn.v_proj.bias:  83%|████████▎ | 1011/1223 [00:05<00:01, 195.61w/s, dev=cpu]  
vit_model.vision_model.encoder.layers.2.self_attn.v_proj.weight:  83%|████████▎ | 1012/1223 [00:05<00:01, 195.80w/s, dev=cpu]
vit_model.vision_model.encoder.layers.20.layer_norm1.bias:  83%|████████▎ | 1013/1223 [00:05<00:01, 195.99w/s, dev=cpu]      
vit_model.vision_model.encoder.layers.20.layer_norm1.weight:  83%|████████▎ | 1014/1223 [00:05<00:01, 196.18w/s, dev=cpu]
vit_model.vision_model.encoder.layers.20.layer_norm2.bias:  83%|████████▎ | 1015/1223 [00:05<00:01, 196.37w/s, dev=cpu]  
vit_model.vision_model.encoder.layers.20.layer_norm2.weight:  83%|████████▎ | 1016/1223 [00:05<00:01, 196.56w/s, dev=cpu]
vit_model.vision_model.encoder.layers.20.mlp.fc1.bias:  83%|████████▎ | 1017/1223 [00:05<00:01, 196.75w/s, dev=cpu]      
vit_model.vision_model.encoder.layers.20.mlp.fc1.weight:  83%|████████▎ | 1018/1223 [00:05<00:01, 196.95w/s, dev=cpu]
vit_model.vision_model.encoder.layers.20.mlp.fc2.bias:  83%|████████▎ | 1019/1223 [00:05<00:01, 197.14w/s, dev=cpu]  
vit_model.vision_model.encoder.layers.20.mlp.fc2.weight:  83%|████████▎ | 1020/1223 [00:05<00:01, 197.33w/s, dev=cpu]
vit_model.vision_model.encoder.layers.20.self_attn.k_proj.bias:  83%|████████▎ | 1021/1223 [00:05<00:01, 197.52w/s, dev=cpu]
vit_model.vision_model.encoder.layers.20.self_attn.k_proj.weight:  84%|████████▎ | 1022/1223 [00:05<00:01, 197.71w/s, dev=cpu]
vit_model.vision_model.encoder.layers.20.self_attn.out_proj.bias:  84%|████████▎ | 1023/1223 [00:05<00:01, 197.90w/s, dev=cpu]
vit_model.vision_model.encoder.layers.20.self_attn.out_proj.weight:  84%|████████▎ | 1024/1223 [00:05<00:01, 198.09w/s, dev=cpu]
vit_model.vision_model.encoder.layers.20.self_attn.q_proj.bias:  84%|████████▍ | 1025/1223 [00:05<00:00, 198.28w/s, dev=cpu]    
vit_model.vision_model.encoder.layers.20.self_attn.q_proj.weight:  84%|████████▍ | 1026/1223 [00:05<00:00, 198.47w/s, dev=cpu]
vit_model.vision_model.encoder.layers.20.self_attn.v_proj.bias:  84%|████████▍ | 1027/1223 [00:05<00:00, 198.66w/s, dev=cpu]  
vit_model.vision_model.encoder.layers.20.self_attn.v_proj.weight:  84%|████████▍ | 1028/1223 [00:05<00:00, 198.85w/s, dev=cpu]
vit_model.vision_model.encoder.layers.21.layer_norm1.bias:  84%|████████▍ | 1029/1223 [00:05<00:00, 199.04w/s, dev=cpu]       
vit_model.vision_model.encoder.layers.21.layer_norm1.weight:  84%|████████▍ | 1030/1223 [00:05<00:00, 199.23w/s, dev=cpu]
vit_model.vision_model.encoder.layers.21.layer_norm2.bias:  84%|████████▍ | 1031/1223 [00:05<00:00, 199.42w/s, dev=cpu]  
vit_model.vision_model.encoder.layers.21.layer_norm2.weight:  84%|████████▍ | 1032/1223 [00:05<00:00, 199.61w/s, dev=cpu]
vit_model.vision_model.encoder.layers.21.mlp.fc1.bias:  84%|████████▍ | 1033/1223 [00:05<00:00, 199.80w/s, dev=cpu]      
vit_model.vision_model.encoder.layers.21.mlp.fc1.weight:  85%|████████▍ | 1034/1223 [00:05<00:00, 199.99w/s, dev=cpu]
vit_model.vision_model.encoder.layers.21.mlp.fc2.bias:  85%|████████▍ | 1035/1223 [00:05<00:00, 200.18w/s, dev=cpu]  
vit_model.vision_model.encoder.layers.21.mlp.fc2.weight:  85%|████████▍ | 1036/1223 [00:05<00:00, 200.37w/s, dev=cpu]
vit_model.vision_model.encoder.layers.21.self_attn.k_proj.bias:  85%|████████▍ | 1037/1223 [00:05<00:00, 200.56w/s, dev=cpu]
vit_model.vision_model.encoder.layers.21.self_attn.k_proj.weight:  85%|████████▍ | 1038/1223 [00:05<00:00, 200.75w/s, dev=cpu]
vit_model.vision_model.encoder.layers.21.self_attn.out_proj.bias:  85%|████████▍ | 1039/1223 [00:05<00:00, 200.94w/s, dev=cpu]
vit_model.vision_model.encoder.layers.21.self_attn.out_proj.weight:  85%|████████▌ | 1040/1223 [00:05<00:00, 201.14w/s, dev=cpu]
vit_model.vision_model.encoder.layers.21.self_attn.q_proj.bias:  85%|████████▌ | 1041/1223 [00:05<00:00, 201.33w/s, dev=cpu]    
vit_model.vision_model.encoder.layers.21.self_attn.q_proj.weight:  85%|████████▌ | 1042/1223 [00:05<00:00, 201.52w/s, dev=cpu]
vit_model.vision_model.encoder.layers.21.self_attn.v_proj.bias:  85%|████████▌ | 1043/1223 [00:05<00:00, 201.71w/s, dev=cpu]  
vit_model.vision_model.encoder.layers.21.self_attn.v_proj.weight:  85%|████████▌ | 1044/1223 [00:05<00:00, 201.90w/s, dev=cpu]
vit_model.vision_model.encoder.layers.22.layer_norm1.bias:  85%|████████▌ | 1045/1223 [00:05<00:00, 202.09w/s, dev=cpu]       
vit_model.vision_model.encoder.layers.22.layer_norm1.weight:  86%|████████▌ | 1046/1223 [00:05<00:00, 202.28w/s, dev=cpu]
vit_model.vision_model.encoder.layers.22.layer_norm2.bias:  86%|████████▌ | 1047/1223 [00:05<00:00, 202.47w/s, dev=cpu]  
vit_model.vision_model.encoder.layers.22.layer_norm2.weight:  86%|████████▌ | 1048/1223 [00:05<00:00, 202.66w/s, dev=cpu]
vit_model.vision_model.encoder.layers.22.mlp.fc1.bias:  86%|████████▌ | 1049/1223 [00:05<00:00, 202.85w/s, dev=cpu]      
vit_model.vision_model.encoder.layers.22.mlp.fc1.weight:  86%|████████▌ | 1050/1223 [00:05<00:00, 203.04w/s, dev=cpu]
vit_model.vision_model.encoder.layers.22.mlp.fc2.bias:  86%|████████▌ | 1051/1223 [00:05<00:00, 203.23w/s, dev=cpu]  
vit_model.vision_model.encoder.layers.22.mlp.fc2.weight:  86%|████████▌ | 1052/1223 [00:05<00:00, 203.42w/s, dev=cpu]
vit_model.vision_model.encoder.layers.22.self_attn.k_proj.bias:  86%|████████▌ | 1053/1223 [00:05<00:00, 203.61w/s, dev=cpu]
vit_model.vision_model.encoder.layers.22.self_attn.k_proj.weight:  86%|████████▌ | 1054/1223 [00:05<00:00, 203.80w/s, dev=cpu]
vit_model.vision_model.encoder.layers.22.self_attn.out_proj.bias:  86%|████████▋ | 1055/1223 [00:05<00:00, 203.99w/s, dev=cpu]
vit_model.vision_model.encoder.layers.22.self_attn.out_proj.weight:  86%|████████▋ | 1056/1223 [00:05<00:00, 204.18w/s, dev=cpu]
vit_model.vision_model.encoder.layers.22.self_attn.q_proj.bias:  86%|████████▋ | 1057/1223 [00:05<00:00, 204.37w/s, dev=cpu]    
vit_model.vision_model.encoder.layers.22.self_attn.q_proj.weight:  87%|████████▋ | 1058/1223 [00:05<00:00, 204.56w/s, dev=cpu]
vit_model.vision_model.encoder.layers.22.self_attn.v_proj.bias:  87%|████████▋ | 1059/1223 [00:05<00:00, 204.75w/s, dev=cpu]  
vit_model.vision_model.encoder.layers.22.self_attn.v_proj.weight:  87%|████████▋ | 1060/1223 [00:05<00:00, 204.94w/s, dev=cpu]
vit_model.vision_model.encoder.layers.23.layer_norm1.bias:  87%|████████▋ | 1061/1223 [00:05<00:00, 205.13w/s, dev=cpu]       
vit_model.vision_model.encoder.layers.23.layer_norm1.weight:  87%|████████▋ | 1062/1223 [00:05<00:00, 205.32w/s, dev=cpu]
vit_model.vision_model.encoder.layers.23.layer_norm2.bias:  87%|████████▋ | 1063/1223 [00:05<00:00, 205.51w/s, dev=cpu]  
vit_model.vision_model.encoder.layers.23.layer_norm2.weight:  87%|████████▋ | 1064/1223 [00:05<00:00, 205.70w/s, dev=cpu]
vit_model.vision_model.encoder.layers.23.mlp.fc1.bias:  87%|████████▋ | 1065/1223 [00:05<00:00, 205.89w/s, dev=cpu]      
vit_model.vision_model.encoder.layers.23.mlp.fc1.weight:  87%|████████▋ | 1066/1223 [00:05<00:00, 206.08w/s, dev=cpu]
vit_model.vision_model.encoder.layers.23.mlp.fc2.bias:  87%|████████▋ | 1067/1223 [00:05<00:00, 206.28w/s, dev=cpu]  
vit_model.vision_model.encoder.layers.23.mlp.fc2.weight:  87%|████████▋ | 1068/1223 [00:05<00:00, 206.47w/s, dev=cpu]
vit_model.vision_model.encoder.layers.23.self_attn.k_proj.bias:  87%|████████▋ | 1069/1223 [00:05<00:00, 206.66w/s, dev=cpu]
vit_model.vision_model.encoder.layers.23.self_attn.k_proj.weight:  87%|████████▋ | 1070/1223 [00:05<00:00, 206.85w/s, dev=cpu]
vit_model.vision_model.encoder.layers.23.self_attn.out_proj.bias:  88%|████████▊ | 1071/1223 [00:05<00:00, 207.04w/s, dev=cpu]
vit_model.vision_model.encoder.layers.23.self_attn.out_proj.weight:  88%|████████▊ | 1072/1223 [00:05<00:00, 207.23w/s, dev=cpu]
vit_model.vision_model.encoder.layers.23.self_attn.q_proj.bias:  88%|████████▊ | 1073/1223 [00:05<00:00, 207.42w/s, dev=cpu]    
vit_model.vision_model.encoder.layers.23.self_attn.q_proj.weight:  88%|████████▊ | 1074/1223 [00:05<00:00, 207.61w/s, dev=cpu]
vit_model.vision_model.encoder.layers.23.self_attn.v_proj.bias:  88%|████████▊ | 1075/1223 [00:05<00:00, 207.80w/s, dev=cpu]  
vit_model.vision_model.encoder.layers.23.self_attn.v_proj.weight:  88%|████████▊ | 1076/1223 [00:05<00:00, 207.99w/s, dev=cpu]
vit_model.vision_model.encoder.layers.24.layer_norm1.bias:  88%|████████▊ | 1077/1223 [00:05<00:00, 208.18w/s, dev=cpu]       
vit_model.vision_model.encoder.layers.24.layer_norm1.weight:  88%|████████▊ | 1078/1223 [00:05<00:00, 208.37w/s, dev=cpu]
vit_model.vision_model.encoder.layers.24.layer_norm2.bias:  88%|████████▊ | 1079/1223 [00:05<00:00, 208.56w/s, dev=cpu]  
vit_model.vision_model.encoder.layers.24.layer_norm2.weight:  88%|████████▊ | 1080/1223 [00:05<00:00, 208.75w/s, dev=cpu]
vit_model.vision_model.encoder.layers.24.mlp.fc1.bias:  88%|████████▊ | 1081/1223 [00:05<00:00, 208.94w/s, dev=cpu]      
vit_model.vision_model.encoder.layers.24.mlp.fc1.weight:  88%|████████▊ | 1082/1223 [00:05<00:00, 209.13w/s, dev=cpu]
vit_model.vision_model.encoder.layers.24.mlp.fc2.bias:  89%|████████▊ | 1083/1223 [00:05<00:00, 209.32w/s, dev=cpu]  
vit_model.vision_model.encoder.layers.24.mlp.fc2.weight:  89%|████████▊ | 1084/1223 [00:05<00:00, 209.51w/s, dev=cpu]
vit_model.vision_model.encoder.layers.24.self_attn.k_proj.bias:  89%|████████▊ | 1085/1223 [00:05<00:00, 209.70w/s, dev=cpu]
vit_model.vision_model.encoder.layers.24.self_attn.k_proj.weight:  89%|████████▉ | 1086/1223 [00:05<00:00, 209.89w/s, dev=cpu]
vit_model.vision_model.encoder.layers.24.self_attn.out_proj.bias:  89%|████████▉ | 1087/1223 [00:05<00:00, 210.08w/s, dev=cpu]
vit_model.vision_model.encoder.layers.24.self_attn.out_proj.weight:  89%|████████▉ | 1088/1223 [00:05<00:00, 210.27w/s, dev=cpu]
vit_model.vision_model.encoder.layers.24.self_attn.q_proj.bias:  89%|████████▉ | 1089/1223 [00:05<00:00, 210.46w/s, dev=cpu]    
vit_model.vision_model.encoder.layers.24.self_attn.q_proj.weight:  89%|████████▉ | 1090/1223 [00:05<00:00, 210.65w/s, dev=cpu]
vit_model.vision_model.encoder.layers.24.self_attn.v_proj.bias:  89%|████████▉ | 1091/1223 [00:05<00:00, 210.84w/s, dev=cpu]  
vit_model.vision_model.encoder.layers.24.self_attn.v_proj.weight:  89%|████████▉ | 1092/1223 [00:05<00:00, 211.03w/s, dev=cpu]
vit_model.vision_model.encoder.layers.25.layer_norm1.bias:  89%|████████▉ | 1093/1223 [00:05<00:00, 211.22w/s, dev=cpu]       
vit_model.vision_model.encoder.layers.25.layer_norm1.weight:  89%|████████▉ | 1094/1223 [00:05<00:00, 211.41w/s, dev=cpu]
vit_model.vision_model.encoder.layers.25.layer_norm2.bias:  90%|████████▉ | 1095/1223 [00:05<00:00, 211.60w/s, dev=cpu]  
vit_model.vision_model.encoder.layers.25.layer_norm2.weight:  90%|████████▉ | 1096/1223 [00:05<00:00, 211.79w/s, dev=cpu]
vit_model.vision_model.encoder.layers.25.mlp.fc1.bias:  90%|████████▉ | 1097/1223 [00:05<00:00, 211.98w/s, dev=cpu]      
vit_model.vision_model.encoder.layers.25.mlp.fc1.weight:  90%|████████▉ | 1098/1223 [00:05<00:00, 212.17w/s, dev=cpu]
vit_model.vision_model.encoder.layers.25.mlp.fc2.bias:  90%|████████▉ | 1099/1223 [00:05<00:00, 212.36w/s, dev=cpu]  
vit_model.vision_model.encoder.layers.25.mlp.fc2.weight:  90%|████████▉ | 1100/1223 [00:05<00:00, 212.55w/s, dev=cpu]
vit_model.vision_model.encoder.layers.25.self_attn.k_proj.bias:  90%|█████████ | 1101/1223 [00:05<00:00, 212.74w/s, dev=cpu]
vit_model.vision_model.encoder.layers.25.self_attn.k_proj.weight:  90%|█████████ | 1102/1223 [00:05<00:00, 212.93w/s, dev=cpu]
vit_model.vision_model.encoder.layers.25.self_attn.out_proj.bias:  90%|█████████ | 1103/1223 [00:05<00:00, 213.12w/s, dev=cpu]
vit_model.vision_model.encoder.layers.25.self_attn.out_proj.weight:  90%|█████████ | 1104/1223 [00:05<00:00, 213.31w/s, dev=cpu]
vit_model.vision_model.encoder.layers.25.self_attn.q_proj.bias:  90%|█████████ | 1105/1223 [00:05<00:00, 213.50w/s, dev=cpu]    
vit_model.vision_model.encoder.layers.25.self_attn.q_proj.weight:  90%|█████████ | 1106/1223 [00:05<00:00, 213.69w/s, dev=cpu]
vit_model.vision_model.encoder.layers.25.self_attn.v_proj.bias:  91%|█████████ | 1107/1223 [00:05<00:00, 213.88w/s, dev=cpu]  
vit_model.vision_model.encoder.layers.25.self_attn.v_proj.weight:  91%|█████████ | 1108/1223 [00:05<00:00, 214.07w/s, dev=cpu]
vit_model.vision_model.encoder.layers.3.layer_norm1.bias:  91%|█████████ | 1109/1223 [00:05<00:00, 214.26w/s, dev=cpu]        
vit_model.vision_model.encoder.layers.3.layer_norm1.weight:  91%|█████████ | 1110/1223 [00:05<00:00, 214.45w/s, dev=cpu]
vit_model.vision_model.encoder.layers.3.layer_norm2.bias:  91%|█████████ | 1111/1223 [00:05<00:00, 214.64w/s, dev=cpu]  
vit_model.vision_model.encoder.layers.3.layer_norm2.weight:  91%|█████████ | 1112/1223 [00:05<00:00, 214.83w/s, dev=cpu]
vit_model.vision_model.encoder.layers.3.mlp.fc1.bias:  91%|█████████ | 1113/1223 [00:05<00:00, 215.02w/s, dev=cpu]      
vit_model.vision_model.encoder.layers.3.mlp.fc1.weight:  91%|█████████ | 1114/1223 [00:05<00:00, 215.21w/s, dev=cpu]
vit_model.vision_model.encoder.layers.3.mlp.fc2.bias:  91%|█████████ | 1115/1223 [00:05<00:00, 215.41w/s, dev=cpu]  
vit_model.vision_model.encoder.layers.3.mlp.fc2.weight:  91%|█████████▏| 1116/1223 [00:05<00:00, 215.60w/s, dev=cpu]
vit_model.vision_model.encoder.layers.3.self_attn.k_proj.bias:  91%|█████████▏| 1117/1223 [00:05<00:00, 215.79w/s, dev=cpu]
vit_model.vision_model.encoder.layers.3.self_attn.k_proj.weight:  91%|█████████▏| 1118/1223 [00:05<00:00, 215.98w/s, dev=cpu]
vit_model.vision_model.encoder.layers.3.self_attn.out_proj.bias:  91%|█████████▏| 1119/1223 [00:05<00:00, 216.17w/s, dev=cpu]
vit_model.vision_model.encoder.layers.3.self_attn.out_proj.weight:  92%|█████████▏| 1120/1223 [00:05<00:00, 216.36w/s, dev=cpu]
vit_model.vision_model.encoder.layers.3.self_attn.q_proj.bias:  92%|█████████▏| 1121/1223 [00:05<00:00, 216.55w/s, dev=cpu]    
vit_model.vision_model.encoder.layers.3.self_attn.q_proj.weight:  92%|█████████▏| 1122/1223 [00:05<00:00, 216.74w/s, dev=cpu]
vit_model.vision_model.encoder.layers.3.self_attn.v_proj.bias:  92%|█████████▏| 1123/1223 [00:05<00:00, 216.93w/s, dev=cpu]  
vit_model.vision_model.encoder.layers.3.self_attn.v_proj.weight:  92%|█████████▏| 1124/1223 [00:05<00:00, 217.12w/s, dev=cpu]
vit_model.vision_model.encoder.layers.4.layer_norm1.bias:  92%|█████████▏| 1125/1223 [00:05<00:00, 217.31w/s, dev=cpu]       
vit_model.vision_model.encoder.layers.4.layer_norm1.weight:  92%|█████████▏| 1126/1223 [00:05<00:00, 217.50w/s, dev=cpu]
vit_model.vision_model.encoder.layers.4.layer_norm2.bias:  92%|█████████▏| 1127/1223 [00:05<00:00, 217.69w/s, dev=cpu]  
vit_model.vision_model.encoder.layers.4.layer_norm2.weight:  92%|█████████▏| 1128/1223 [00:05<00:00, 217.88w/s, dev=cpu]
vit_model.vision_model.encoder.layers.4.mlp.fc1.bias:  92%|█████████▏| 1129/1223 [00:05<00:00, 218.07w/s, dev=cpu]      
vit_model.vision_model.encoder.layers.4.mlp.fc1.weight:  92%|█████████▏| 1130/1223 [00:05<00:00, 218.26w/s, dev=cpu]
vit_model.vision_model.encoder.layers.4.mlp.fc2.bias:  92%|█████████▏| 1131/1223 [00:05<00:00, 218.45w/s, dev=cpu]  
vit_model.vision_model.encoder.layers.4.mlp.fc2.weight:  93%|█████████▎| 1132/1223 [00:05<00:00, 218.64w/s, dev=cpu]
vit_model.vision_model.encoder.layers.4.self_attn.k_proj.bias:  93%|█████████▎| 1133/1223 [00:05<00:00, 218.83w/s, dev=cpu]
vit_model.vision_model.encoder.layers.4.self_attn.k_proj.weight:  93%|█████████▎| 1134/1223 [00:05<00:00, 219.02w/s, dev=cpu]
vit_model.vision_model.encoder.layers.4.self_attn.out_proj.bias:  93%|█████████▎| 1135/1223 [00:05<00:00, 219.21w/s, dev=cpu]
vit_model.vision_model.encoder.layers.4.self_attn.out_proj.weight:  93%|█████████▎| 1136/1223 [00:05<00:00, 219.40w/s, dev=cpu]
vit_model.vision_model.encoder.layers.4.self_attn.q_proj.bias:  93%|█████████▎| 1137/1223 [00:05<00:00, 219.59w/s, dev=cpu]    
vit_model.vision_model.encoder.layers.4.self_attn.q_proj.weight:  93%|█████████▎| 1138/1223 [00:05<00:00, 219.77w/s, dev=cpu]
vit_model.vision_model.encoder.layers.4.self_attn.v_proj.bias:  93%|█████████▎| 1139/1223 [00:05<00:00, 219.96w/s, dev=cpu]  
vit_model.vision_model.encoder.layers.4.self_attn.v_proj.weight:  93%|█████████▎| 1140/1223 [00:05<00:00, 220.15w/s, dev=cpu]
vit_model.vision_model.encoder.layers.5.layer_norm1.bias:  93%|█████████▎| 1141/1223 [00:05<00:00, 220.34w/s, dev=cpu]       
vit_model.vision_model.encoder.layers.5.layer_norm1.weight:  93%|█████████▎| 1142/1223 [00:05<00:00, 220.53w/s, dev=cpu]
vit_model.vision_model.encoder.layers.5.layer_norm2.bias:  93%|█████████▎| 1143/1223 [00:05<00:00, 220.72w/s, dev=cpu]  
vit_model.vision_model.encoder.layers.5.layer_norm2.weight:  94%|█████████▎| 1144/1223 [00:05<00:00, 220.91w/s, dev=cpu]
vit_model.vision_model.encoder.layers.5.mlp.fc1.bias:  94%|█████████▎| 1145/1223 [00:05<00:00, 221.10w/s, dev=cpu]      
vit_model.vision_model.encoder.layers.5.mlp.fc1.weight:  94%|█████████▎| 1146/1223 [00:05<00:00, 221.29w/s, dev=cpu]
vit_model.vision_model.encoder.layers.5.mlp.fc2.bias:  94%|█████████▍| 1147/1223 [00:05<00:00, 221.48w/s, dev=cpu]  
vit_model.vision_model.encoder.layers.5.mlp.fc2.weight:  94%|█████████▍| 1148/1223 [00:05<00:00, 221.67w/s, dev=cpu]
vit_model.vision_model.encoder.layers.5.self_attn.k_proj.bias:  94%|█████████▍| 1149/1223 [00:05<00:00, 221.86w/s, dev=cpu]
vit_model.vision_model.encoder.layers.5.self_attn.k_proj.weight:  94%|█████████▍| 1150/1223 [00:05<00:00, 222.05w/s, dev=cpu]
vit_model.vision_model.encoder.layers.5.self_attn.out_proj.bias:  94%|█████████▍| 1151/1223 [00:05<00:00, 222.24w/s, dev=cpu]
vit_model.vision_model.encoder.layers.5.self_attn.out_proj.weight:  94%|█████████▍| 1152/1223 [00:05<00:00, 222.43w/s, dev=cpu]
vit_model.vision_model.encoder.layers.5.self_attn.q_proj.bias:  94%|█████████▍| 1153/1223 [00:05<00:00, 222.62w/s, dev=cpu]    
vit_model.vision_model.encoder.layers.5.self_attn.q_proj.weight:  94%|█████████▍| 1154/1223 [00:05<00:00, 222.81w/s, dev=cpu]
vit_model.vision_model.encoder.layers.5.self_attn.v_proj.bias:  94%|█████████▍| 1155/1223 [00:05<00:00, 223.00w/s, dev=cpu]  
vit_model.vision_model.encoder.layers.5.self_attn.v_proj.weight:  95%|█████████▍| 1156/1223 [00:05<00:00, 223.19w/s, dev=cpu]
vit_model.vision_model.encoder.layers.6.layer_norm1.bias:  95%|█████████▍| 1157/1223 [00:05<00:00, 223.38w/s, dev=cpu]       
vit_model.vision_model.encoder.layers.6.layer_norm1.weight:  95%|█████████▍| 1158/1223 [00:05<00:00, 223.57w/s, dev=cpu]
vit_model.vision_model.encoder.layers.6.layer_norm2.bias:  95%|█████████▍| 1159/1223 [00:05<00:00, 223.76w/s, dev=cpu]  
vit_model.vision_model.encoder.layers.6.layer_norm2.weight:  95%|█████████▍| 1160/1223 [00:05<00:00, 223.95w/s, dev=cpu]
vit_model.vision_model.encoder.layers.6.mlp.fc1.bias:  95%|█████████▍| 1161/1223 [00:05<00:00, 224.14w/s, dev=cpu]      
vit_model.vision_model.encoder.layers.6.mlp.fc1.weight:  95%|█████████▌| 1162/1223 [00:05<00:00, 224.33w/s, dev=cpu]
vit_model.vision_model.encoder.layers.6.mlp.fc2.bias:  95%|█████████▌| 1163/1223 [00:05<00:00, 224.52w/s, dev=cpu]  
vit_model.vision_model.encoder.layers.6.mlp.fc2.weight:  95%|█████████▌| 1164/1223 [00:05<00:00, 224.71w/s, dev=cpu]
vit_model.vision_model.encoder.layers.6.self_attn.k_proj.bias:  95%|█████████▌| 1165/1223 [00:05<00:00, 224.90w/s, dev=cpu]
vit_model.vision_model.encoder.layers.6.self_attn.k_proj.weight:  95%|█████████▌| 1166/1223 [00:05<00:00, 225.09w/s, dev=cpu]
vit_model.vision_model.encoder.layers.6.self_attn.out_proj.bias:  95%|█████████▌| 1167/1223 [00:05<00:00, 225.28w/s, dev=cpu]
vit_model.vision_model.encoder.layers.6.self_attn.out_proj.weight:  96%|█████████▌| 1168/1223 [00:05<00:00, 225.47w/s, dev=cpu]
vit_model.vision_model.encoder.layers.6.self_attn.q_proj.bias:  96%|█████████▌| 1169/1223 [00:05<00:00, 225.66w/s, dev=cpu]    
vit_model.vision_model.encoder.layers.6.self_attn.q_proj.weight:  96%|█████████▌| 1170/1223 [00:05<00:00, 225.85w/s, dev=cpu]
vit_model.vision_model.encoder.layers.6.self_attn.v_proj.bias:  96%|█████████▌| 1171/1223 [00:05<00:00, 226.04w/s, dev=cpu]  
vit_model.vision_model.encoder.layers.6.self_attn.v_proj.weight:  96%|█████████▌| 1172/1223 [00:05<00:00, 226.23w/s, dev=cpu]
vit_model.vision_model.encoder.layers.7.layer_norm1.bias:  96%|█████████▌| 1173/1223 [00:05<00:00, 226.42w/s, dev=cpu]       
vit_model.vision_model.encoder.layers.7.layer_norm1.weight:  96%|█████████▌| 1174/1223 [00:05<00:00, 226.61w/s, dev=cpu]
vit_model.vision_model.encoder.layers.7.layer_norm2.bias:  96%|█████████▌| 1175/1223 [00:05<00:00, 226.80w/s, dev=cpu]  
vit_model.vision_model.encoder.layers.7.layer_norm2.weight:  96%|█████████▌| 1176/1223 [00:05<00:00, 226.99w/s, dev=cpu]
vit_model.vision_model.encoder.layers.7.mlp.fc1.bias:  96%|█████████▌| 1177/1223 [00:05<00:00, 227.18w/s, dev=cpu]      
vit_model.vision_model.encoder.layers.7.mlp.fc1.weight:  96%|█████████▋| 1178/1223 [00:05<00:00, 227.37w/s, dev=cpu]
vit_model.vision_model.encoder.layers.7.mlp.fc2.bias:  96%|█████████▋| 1179/1223 [00:05<00:00, 227.56w/s, dev=cpu]  
vit_model.vision_model.encoder.layers.7.mlp.fc2.weight:  96%|█████████▋| 1180/1223 [00:05<00:00, 227.75w/s, dev=cpu]
vit_model.vision_model.encoder.layers.7.self_attn.k_proj.bias:  97%|█████████▋| 1181/1223 [00:05<00:00, 227.94w/s, dev=cpu]
vit_model.vision_model.encoder.layers.7.self_attn.k_proj.weight:  97%|█████████▋| 1182/1223 [00:05<00:00, 228.13w/s, dev=cpu]
vit_model.vision_model.encoder.layers.7.self_attn.out_proj.bias:  97%|█████████▋| 1183/1223 [00:05<00:00, 228.32w/s, dev=cpu]
vit_model.vision_model.encoder.layers.7.self_attn.out_proj.weight:  97%|█████████▋| 1184/1223 [00:05<00:00, 228.51w/s, dev=cpu]
vit_model.vision_model.encoder.layers.7.self_attn.q_proj.bias:  97%|█████████▋| 1185/1223 [00:05<00:00, 228.70w/s, dev=cpu]    
vit_model.vision_model.encoder.layers.7.self_attn.q_proj.weight:  97%|█████████▋| 1186/1223 [00:05<00:00, 228.89w/s, dev=cpu]
vit_model.vision_model.encoder.layers.7.self_attn.v_proj.bias:  97%|█████████▋| 1187/1223 [00:05<00:00, 229.07w/s, dev=cpu]  
vit_model.vision_model.encoder.layers.7.self_attn.v_proj.weight:  97%|█████████▋| 1188/1223 [00:05<00:00, 229.26w/s, dev=cpu]
vit_model.vision_model.encoder.layers.8.layer_norm1.bias:  97%|█████████▋| 1189/1223 [00:05<00:00, 229.45w/s, dev=cpu]       
vit_model.vision_model.encoder.layers.8.layer_norm1.weight:  97%|█████████▋| 1190/1223 [00:05<00:00, 229.64w/s, dev=cpu]
vit_model.vision_model.encoder.layers.8.layer_norm2.bias:  97%|█████████▋| 1191/1223 [00:05<00:00, 229.83w/s, dev=cpu]  
vit_model.vision_model.encoder.layers.8.layer_norm2.weight:  97%|█████████▋| 1192/1223 [00:05<00:00, 230.02w/s, dev=cpu]
vit_model.vision_model.encoder.layers.8.mlp.fc1.bias:  98%|█████████▊| 1193/1223 [00:05<00:00, 230.21w/s, dev=cpu]      
vit_model.vision_model.encoder.layers.8.mlp.fc1.weight:  98%|█████████▊| 1194/1223 [00:05<00:00, 230.40w/s, dev=cpu]
vit_model.vision_model.encoder.layers.8.mlp.fc2.bias:  98%|█████████▊| 1195/1223 [00:05<00:00, 230.59w/s, dev=cpu]  
vit_model.vision_model.encoder.layers.8.mlp.fc2.weight:  98%|█████████▊| 1196/1223 [00:05<00:00, 230.78w/s, dev=cpu]
vit_model.vision_model.encoder.layers.8.self_attn.k_proj.bias:  98%|█████████▊| 1197/1223 [00:05<00:00, 230.97w/s, dev=cpu]
vit_model.vision_model.encoder.layers.8.self_attn.k_proj.weight:  98%|█████████▊| 1198/1223 [00:05<00:00, 231.16w/s, dev=cpu]
vit_model.vision_model.encoder.layers.8.self_attn.out_proj.bias:  98%|█████████▊| 1199/1223 [00:05<00:00, 231.35w/s, dev=cpu]
vit_model.vision_model.encoder.layers.8.self_attn.out_proj.weight:  98%|█████████▊| 1200/1223 [00:05<00:00, 231.54w/s, dev=cpu]
vit_model.vision_model.encoder.layers.8.self_attn.q_proj.bias:  98%|█████████▊| 1201/1223 [00:05<00:00, 231.73w/s, dev=cpu]    
vit_model.vision_model.encoder.layers.8.self_attn.q_proj.weight:  98%|█████████▊| 1202/1223 [00:05<00:00, 231.92w/s, dev=cpu]
vit_model.vision_model.encoder.layers.8.self_attn.v_proj.bias:  98%|█████████▊| 1203/1223 [00:05<00:00, 232.11w/s, dev=cpu]  
vit_model.vision_model.encoder.layers.8.self_attn.v_proj.weight:  98%|█████████▊| 1204/1223 [00:05<00:00, 232.30w/s, dev=cpu]
vit_model.vision_model.encoder.layers.9.layer_norm1.bias:  99%|█████████▊| 1205/1223 [00:05<00:00, 232.49w/s, dev=cpu]       
vit_model.vision_model.encoder.layers.9.layer_norm1.weight:  99%|█████████▊| 1206/1223 [00:05<00:00, 232.68w/s, dev=cpu]
vit_model.vision_model.encoder.layers.9.layer_norm2.bias:  99%|█████████▊| 1207/1223 [00:05<00:00, 232.86w/s, dev=cpu]  
vit_model.vision_model.encoder.layers.9.layer_norm2.weight:  99%|█████████▉| 1208/1223 [00:05<00:00, 233.05w/s, dev=cpu]
vit_model.vision_model.encoder.layers.9.mlp.fc1.bias:  99%|█████████▉| 1209/1223 [00:05<00:00, 233.24w/s, dev=cpu]      
vit_model.vision_model.encoder.layers.9.mlp.fc1.weight:  99%|█████████▉| 1210/1223 [00:05<00:00, 233.43w/s, dev=cpu]
vit_model.vision_model.encoder.layers.9.mlp.fc2.bias:  99%|█████████▉| 1211/1223 [00:05<00:00, 233.62w/s, dev=cpu]  
vit_model.vision_model.encoder.layers.9.mlp.fc2.weight:  99%|█████████▉| 1212/1223 [00:05<00:00, 233.81w/s, dev=cpu]
vit_model.vision_model.encoder.layers.9.self_attn.k_proj.bias:  99%|█████████▉| 1213/1223 [00:05<00:00, 234.00w/s, dev=cpu]
vit_model.vision_model.encoder.layers.9.self_attn.k_proj.weight:  99%|█████████▉| 1214/1223 [00:05<00:00, 234.19w/s, dev=cpu]
vit_model.vision_model.encoder.layers.9.self_attn.out_proj.bias:  99%|█████████▉| 1215/1223 [00:05<00:00, 234.38w/s, dev=cpu]
vit_model.vision_model.encoder.layers.9.self_attn.out_proj.weight:  99%|█████████▉| 1216/1223 [00:05<00:00, 234.57w/s, dev=cpu]
vit_model.vision_model.encoder.layers.9.self_attn.q_proj.bias: 100%|█████████▉| 1217/1223 [00:05<00:00, 234.76w/s, dev=cpu]    
vit_model.vision_model.encoder.layers.9.self_attn.q_proj.weight: 100%|█████████▉| 1218/1223 [00:05<00:00, 234.95w/s, dev=cpu]
vit_model.vision_model.encoder.layers.9.self_attn.v_proj.bias: 100%|█████████▉| 1219/1223 [00:05<00:00, 235.14w/s, dev=cpu]  
vit_model.vision_model.encoder.layers.9.self_attn.v_proj.weight: 100%|█████████▉| 1220/1223 [00:05<00:00, 235.33w/s, dev=cpu]
vit_model.vision_model.post_layernorm.bias: 100%|█████████▉| 1221/1223 [00:05<00:00, 235.52w/s, dev=cpu]                     
vit_model.vision_model.post_layernorm.weight: 100%|█████████▉| 1222/1223 [00:05<00:00, 235.71w/s, dev=cpu]
                                                                                                          
Some parameters are on the meta device because they were offloaded to the cpu.

  0%|          | 0/29 [00:00<?, ?it/s]
  3%|▎         | 1/29 [00:04<01:58,  4.22s/it]
  7%|▋         | 2/29 [00:08<01:55,  4.28s/it]
 10%|█         | 3/29 [00:12<01:52,  4.33s/it]
 14%|█▍        | 4/29 [00:17<01:49,  4.37s/it]
 17%|█▋        | 5/29 [00:21<01:45,  4.38s/it]
 21%|██        | 6/29 [00:26<01:41,  4.40s/it]
 24%|██▍       | 7/29 [00:30<01:36,  4.41s/it]
 28%|██▊       | 8/29 [00:35<01:32,  4.41s/it]
 31%|███       | 9/29 [00:39<01:28,  4.42s/it]
 34%|███▍      | 10/29 [00:43<01:23,  4.41s/it]
 38%|███▊      | 11/29 [00:48<01:19,  4.44s/it]
 41%|████▏     | 12/29 [00:52<01:15,  4.44s/it]
 45%|████▍     | 13/29 [00:57<01:10,  4.43s/it]
 48%|████▊     | 14/29 [01:01<01:06,  4.43s/it]
 52%|█████▏    | 15/29 [01:06<01:01,  4.41s/it]
 55%|█████▌    | 16/29 [01:10<00:56,  4.38s/it]
 59%|█████▊    | 17/29 [01:14<00:52,  4.36s/it]
 62%|██████▏   | 18/29 [01:18<00:47,  4.35s/it]
 66%|██████▌   | 19/29 [01:23<00:43,  4.35s/it]
 69%|██████▉   | 20/29 [01:27<00:39,  4.35s/it]
 72%|███████▏  | 21/29 [01:31<00:34,  4.34s/it]
 76%|███████▌  | 22/29 [01:36<00:30,  4.34s/it]
 79%|███████▉  | 23/29 [01:40<00:26,  4.35s/it]
 83%|████████▎ | 24/29 [01:44<00:21,  4.34s/it]
 86%|████████▌ | 25/29 [01:46<00:13,  3.47s/it]
 90%|████████▉ | 26/29 [01:47<00:08,  2.87s/it]
 93%|█████████▎| 27/29 [01:49<00:04,  2.44s/it]
 97%|█████████▋| 28/29 [01:50<00:02,  2.15s/it]
100%|██████████| 29/29 [01:52<00:00,  1.94s/it]
100%|██████████| 29/29 [01:52<00:00,  3.87s/it]

task=edit
prompt=change the background into a snowy mountain while keeping the main subject unchanged
input_image=test_images/women.jpg
output=/root/autodl-tmp/BAGEL/repro_records/task11_20260601_204507/outputs/cfg_img_4.png
model_path=models/BAGEL-7B-MoT
mode=2
seed=42
think=False
num_timesteps=30
cfg_text_scale=4.0
cfg_img_scale=4.0
cfg_interval=[0.4, 1.0]
timestep_shift=3.0
gpu_memory_before=cuda:0 torch_allocated=0.00GiB torch_reserved=0.00GiB torch_peak=0.00GiB; cuda:1 torch_allocated=0.00GiB torch_reserved=0.00GiB torch_peak=0.00GiB; nvidia_smi=0, 4, 24564 | 1, 672, 24564
model_load_seconds=24.04
gpu_memory_after_load=cuda:0 torch_allocated=3.29GiB torch_reserved=3.51GiB torch_peak=11.27GiB; cuda:1 torch_allocated=2.69GiB torch_reserved=2.94GiB torch_peak=12.36GiB; nvidia_smi=0, 4052, 24564 | 1, 4140, 24564
inference_seconds=130.30
total_seconds=154.82
gpu_memory_after_inference=cuda:0 torch_allocated=3.30GiB torch_reserved=4.39GiB torch_peak=11.27GiB; cuda:1 torch_allocated=2.69GiB torch_reserved=3.48GiB torch_peak=12.36GiB; nvidia_smi=0, 4968, 24564 | 1, 4702, 24564
status=success

wall_seconds=162
after_gpu:
Mon Jun  1 20:56:09 2026       
+-----------------------------------------------------------------------------------------+
| NVIDIA-SMI 595.58.03              Driver Version: 595.58.03      CUDA Version: 13.2     |
+-----------------------------------------+------------------------+----------------------+
| GPU  Name                 Persistence-M | Bus-Id          Disp.A | Volatile Uncorr. ECC |
| Fan  Temp   Perf          Pwr:Usage/Cap |           Memory-Usage | GPU-Util  Compute M. |
|                                         |                        |               MIG M. |
|=========================================+========================+======================|
|   0  NVIDIA GeForce RTX 4090        On  |   00000000:16:00.0 Off |                  Off |
| 30%   40C    P0             62W /  450W |       1MiB /  24564MiB |      0%      Default |
|                                         |                        |                  N/A |
+-----------------------------------------+------------------------+----------------------+
|   1  NVIDIA GeForce RTX 4090        On  |   00000000:5A:00.0 Off |                  Off |
| 30%   37C    P0             65W /  450W |     672MiB /  24564MiB |      0%      Default |
|                                         |                        |                  N/A |
+-----------------------------------------+------------------------+----------------------+

+-----------------------------------------------------------------------------------------+
| Processes:                                                                              |
|  GPU   GI   CI              PID   Type   Process name                        GPU Memory |
|        ID   ID                                                               Usage      |
|=========================================================================================|
|  No running processes found                                                             |
+-----------------------------------------------------------------------------------------+

end_utc=2026-06-01T12:56:09Z
status=completed
outputs:
-rw-r--r-- 1 root root 943K Jun  1 20:50 /root/autodl-tmp/BAGEL/repro_records/task11_20260601_204507/outputs/cfg_img_1.png
-rw-r--r-- 1 root root 1.1M Jun  1 20:53 /root/autodl-tmp/BAGEL/repro_records/task11_20260601_204507/outputs/cfg_img_2.png
-rw-r--r-- 1 root root 1.4M Jun  1 20:56 /root/autodl-tmp/BAGEL/repro_records/task11_20260601_204507/outputs/cfg_img_4.png
