task=12 num_timesteps ablation
start_utc=2026-06-01T13:14:19Z
repo_root=/root/autodl-tmp/BAGEL
record_dir=/root/autodl-tmp/BAGEL/repro_records/task12_20260601_211039
python_cmd=/root/miniconda3/bin/conda run -n bagel python
model_path=models/BAGEL-7B-MoT
prompt=a detailed cyberpunk street at night with neon lights and rain
seed=42
cfg_text_scale=4.0
mode=2
think=false

===== num_timesteps=10 =====
output=/root/autodl-tmp/BAGEL/repro_records/task12_20260601_211039/outputs/steps_10.png
before_gpu:
Mon Jun  1 21:14:19 2026       
+-----------------------------------------------------------------------------------------+
| NVIDIA-SMI 595.58.03              Driver Version: 595.58.03      CUDA Version: 13.2     |
+-----------------------------------------+------------------------+----------------------+
| GPU  Name                 Persistence-M | Bus-Id          Disp.A | Volatile Uncorr. ECC |
| Fan  Temp   Perf          Pwr:Usage/Cap |           Memory-Usage | GPU-Util  Compute M. |
|                                         |                        |               MIG M. |
|=========================================+========================+======================|
|   0  NVIDIA GeForce RTX 4090        On  |   00000000:16:00.0 Off |                  Off |
| 30%   28C    P8             21W /  450W |       1MiB /  24564MiB |      0%      Default |
|                                         |                        |                  N/A |
+-----------------------------------------+------------------------+----------------------+
|   1  NVIDIA GeForce RTX 4090        On  |   00000000:5A:00.0 Off |                  Off |
| 30%   28C    P8             27W /  450W |     672MiB /  24564MiB |      0%      Default |
|                                         |                        |                  N/A |
+-----------------------------------------+------------------------+----------------------+

+-----------------------------------------------------------------------------------------+
| Processes:                                                                              |
|  GPU   GI   CI              PID   Type   Process name                        GPU Memory |
|        ID   ID                                                               Usage      |
|=========================================================================================|
|  No running processes found                                                             |
+-----------------------------------------------------------------------------------------+
command=/root/miniconda3/bin/conda run -n bagel python scripts/run_bagel_minimal.py --task t2i --prompt a detailed cyberpunk street at night with neon lights and rain --output /root/autodl-tmp/BAGEL/repro_records/task12_20260601_211039/outputs/steps_10.png --mode 2 --seed 42 --think false --num_timesteps 10 --cfg_text_scale 4.0 --model_path models/BAGEL-7B-MoT
The safetensors archive passed at models/BAGEL-7B-MoT/ema.safetensors does not contain metadata. Make sure to save your model with the `save_pretrained` method. Defaulting to 'pt' metadata.

  0%|          | 0/1223 [00:00<?, ?w/s]
language_model.model.embed_tokens.weight:   0%|          | 0/1223 [00:00<?, ?w/s, dev=0]
language_model.model.embed_tokens.weight:   0%|          | 1/1223 [00:00<07:06,  2.87w/s, dev=0]
language_model.model.layers.0.input_layernorm.weight:   0%|          | 1/1223 [00:00<07:06,  2.86w/s, dev=0]
language_model.model.layers.0.input_layernorm_moe_gen.weight:   0%|          | 2/1223 [00:00<03:33,  5.72w/s, dev=0]
language_model.model.layers.0.mlp.down_proj.weight:   0%|          | 3/1223 [00:00<02:22,  8.58w/s, dev=0]          
language_model.model.layers.0.mlp.gate_proj.weight:   0%|          | 4/1223 [00:00<01:54, 10.65w/s, dev=0]
language_model.model.layers.0.mlp.up_proj.weight:   0%|          | 5/1223 [00:00<01:37, 12.46w/s, dev=0]  
language_model.model.layers.0.mlp_moe_gen.down_proj.weight:   0%|          | 6/1223 [00:00<01:26, 14.06w/s, dev=0]
language_model.model.layers.0.mlp_moe_gen.down_proj.weight:   1%|          | 7/1223 [00:00<01:18, 15.47w/s, dev=0]
language_model.model.layers.0.mlp_moe_gen.gate_proj.weight:   1%|          | 7/1223 [00:00<01:18, 15.47w/s, dev=0]
language_model.model.layers.0.mlp_moe_gen.up_proj.weight:   1%|          | 8/1223 [00:00<01:12, 16.73w/s, dev=0]  
language_model.model.layers.0.post_attention_layernorm.weight:   1%|          | 9/1223 [00:00<01:07, 17.86w/s, dev=0]
language_model.model.layers.0.post_attention_layernorm_moe_gen.weight:   1%|          | 10/1223 [00:00<01:01, 19.84w/s, dev=0]
language_model.model.layers.0.self_attn.k_norm.weight:   1%|          | 11/1223 [00:00<00:55, 21.81w/s, dev=0]                
language_model.model.layers.0.self_attn.k_norm_moe_gen.weight:   1%|          | 12/1223 [00:00<00:50, 23.79w/s, dev=0]
language_model.model.layers.0.self_attn.k_proj.bias:   1%|          | 13/1223 [00:00<00:46, 25.77w/s, dev=0]          
language_model.model.layers.0.self_attn.k_proj.weight:   1%|          | 14/1223 [00:00<00:43, 27.74w/s, dev=0]
language_model.model.layers.0.self_attn.k_proj_moe_gen.bias:   1%|          | 15/1223 [00:00<00:40, 29.67w/s, dev=0]
language_model.model.layers.0.self_attn.k_proj_moe_gen.weight:   1%|▏         | 16/1223 [00:00<00:38, 31.63w/s, dev=0]
language_model.model.layers.0.self_attn.o_proj.weight:   1%|▏         | 17/1223 [00:00<00:35, 33.55w/s, dev=0]        
language_model.model.layers.0.self_attn.o_proj_moe_gen.weight:   1%|▏         | 18/1223 [00:00<00:34, 35.17w/s, dev=0]
language_model.model.layers.0.self_attn.q_norm.weight:   2%|▏         | 19/1223 [00:00<00:32, 36.75w/s, dev=0]        
language_model.model.layers.0.self_attn.q_norm_moe_gen.weight:   2%|▏         | 20/1223 [00:00<00:31, 38.67w/s, dev=0]
language_model.model.layers.0.self_attn.q_proj.bias:   2%|▏         | 21/1223 [00:00<00:29, 40.59w/s, dev=0]          
language_model.model.layers.0.self_attn.q_proj.weight:   2%|▏         | 22/1223 [00:00<00:28, 42.52w/s, dev=0]
language_model.model.layers.0.self_attn.q_proj_moe_gen.bias:   2%|▏         | 23/1223 [00:00<00:27, 44.02w/s, dev=0]
language_model.model.layers.0.self_attn.q_proj_moe_gen.weight:   2%|▏         | 24/1223 [00:00<00:26, 45.91w/s, dev=0]
language_model.model.layers.0.self_attn.v_proj.bias:   2%|▏         | 25/1223 [00:00<00:25, 47.37w/s, dev=0]          
language_model.model.layers.0.self_attn.v_proj.weight:   2%|▏         | 26/1223 [00:00<00:24, 49.24w/s, dev=0]
language_model.model.layers.0.self_attn.v_proj_moe_gen.bias:   2%|▏         | 27/1223 [00:00<00:23, 51.06w/s, dev=0]
language_model.model.layers.0.self_attn.v_proj_moe_gen.weight:   2%|▏         | 28/1223 [00:00<00:22, 52.93w/s, dev=0]
language_model.model.layers.1.input_layernorm.weight:   2%|▏         | 29/1223 [00:00<00:21, 54.73w/s, dev=0]         
language_model.model.layers.1.input_layernorm_moe_gen.weight:   2%|▏         | 30/1223 [00:00<00:21, 56.60w/s, dev=0]
language_model.model.layers.1.mlp.down_proj.weight:   3%|▎         | 31/1223 [00:00<00:20, 58.48w/s, dev=0]          
language_model.model.layers.1.mlp.down_proj.weight:   3%|▎         | 32/1223 [00:00<00:20, 57.59w/s, dev=0]
language_model.model.layers.1.mlp.gate_proj.weight:   3%|▎         | 32/1223 [00:00<00:20, 57.57w/s, dev=0]
language_model.model.layers.1.mlp.up_proj.weight:   3%|▎         | 33/1223 [00:00<00:20, 56.76w/s, dev=0]  
language_model.model.layers.1.mlp_moe_gen.down_proj.weight:   3%|▎         | 34/1223 [00:00<00:21, 56.01w/s, dev=0]
language_model.model.layers.1.mlp_moe_gen.gate_proj.weight:   3%|▎         | 35/1223 [00:00<00:21, 55.31w/s, dev=0]
language_model.model.layers.1.mlp_moe_gen.up_proj.weight:   3%|▎         | 36/1223 [00:00<00:21, 54.67w/s, dev=0]  
language_model.model.layers.1.post_attention_layernorm.weight:   3%|▎         | 37/1223 [00:00<00:21, 54.08w/s, dev=0]
language_model.model.layers.1.post_attention_layernorm_moe_gen.weight:   3%|▎         | 38/1223 [00:00<00:21, 55.53w/s, dev=0]
language_model.model.layers.1.self_attn.k_norm.weight:   3%|▎         | 39/1223 [00:00<00:20, 56.98w/s, dev=0]                
language_model.model.layers.1.self_attn.k_norm_moe_gen.weight:   3%|▎         | 40/1223 [00:00<00:20, 58.43w/s, dev=0]
language_model.model.layers.1.self_attn.k_proj.bias:   3%|▎         | 41/1223 [00:00<00:19, 59.88w/s, dev=0]          
language_model.model.layers.1.self_attn.k_proj.weight:   3%|▎         | 42/1223 [00:00<00:19, 61.33w/s, dev=0]
language_model.model.layers.1.self_attn.k_proj_moe_gen.bias:   4%|▎         | 43/1223 [00:00<00:18, 62.71w/s, dev=0]
language_model.model.layers.1.self_attn.k_proj_moe_gen.weight:   4%|▎         | 44/1223 [00:00<00:18, 64.16w/s, dev=0]
language_model.model.layers.1.self_attn.o_proj.weight:   4%|▎         | 45/1223 [00:00<00:17, 65.52w/s, dev=0]        
language_model.model.layers.1.self_attn.o_proj_moe_gen.weight:   4%|▍         | 46/1223 [00:00<00:17, 66.48w/s, dev=0]
language_model.model.layers.1.self_attn.q_norm.weight:   4%|▍         | 47/1223 [00:00<00:17, 67.42w/s, dev=0]        
language_model.model.layers.1.self_attn.q_norm_moe_gen.weight:   4%|▍         | 48/1223 [00:00<00:17, 68.84w/s, dev=0]
language_model.model.layers.1.self_attn.q_proj.bias:   4%|▍         | 49/1223 [00:00<00:16, 70.26w/s, dev=0]          
language_model.model.layers.1.self_attn.q_proj.weight:   4%|▍         | 50/1223 [00:00<00:16, 71.69w/s, dev=0]
language_model.model.layers.1.self_attn.q_proj_moe_gen.bias:   4%|▍         | 51/1223 [00:00<00:16, 72.59w/s, dev=0]
language_model.model.layers.1.self_attn.q_proj_moe_gen.weight:   4%|▍         | 52/1223 [00:00<00:15, 74.00w/s, dev=0]
language_model.model.layers.1.self_attn.v_proj.bias:   4%|▍         | 53/1223 [00:00<00:15, 74.88w/s, dev=0]          
language_model.model.layers.1.self_attn.v_proj.weight:   4%|▍         | 54/1223 [00:00<00:15, 76.27w/s, dev=0]
language_model.model.layers.1.self_attn.v_proj_moe_gen.bias:   4%|▍         | 55/1223 [00:00<00:15, 77.59w/s, dev=0]
language_model.model.layers.1.self_attn.v_proj_moe_gen.weight:   5%|▍         | 56/1223 [00:00<00:14, 78.99w/s, dev=0]
language_model.model.layers.1.self_attn.v_proj_moe_gen.weight:   5%|▍         | 57/1223 [00:00<00:14, 80.30w/s, dev=0]
language_model.model.layers.2.input_layernorm.weight:   5%|▍         | 57/1223 [00:00<00:14, 80.29w/s, dev=0]         
language_model.model.layers.2.input_layernorm_moe_gen.weight:   5%|▍         | 58/1223 [00:00<00:14, 81.68w/s, dev=0]
language_model.model.layers.2.mlp.down_proj.weight:   5%|▍         | 59/1223 [00:00<00:14, 83.08w/s, dev=0]          
language_model.model.layers.2.mlp.gate_proj.weight:   5%|▍         | 60/1223 [00:00<00:14, 81.57w/s, dev=0]
language_model.model.layers.2.mlp.up_proj.weight:   5%|▍         | 61/1223 [00:00<00:14, 80.14w/s, dev=0]  
language_model.model.layers.2.mlp_moe_gen.down_proj.weight:   5%|▌         | 62/1223 [00:00<00:14, 78.80w/s, dev=0]
language_model.model.layers.2.mlp_moe_gen.gate_proj.weight:   5%|▌         | 63/1223 [00:00<00:14, 77.53w/s, dev=0]
language_model.model.layers.2.mlp_moe_gen.up_proj.weight:   5%|▌         | 64/1223 [00:00<00:15, 76.35w/s, dev=0]  
language_model.model.layers.2.post_attention_layernorm.weight:   5%|▌         | 65/1223 [00:00<00:15, 75.24w/s, dev=0]
language_model.model.layers.2.post_attention_layernorm_moe_gen.weight:   5%|▌         | 66/1223 [00:00<00:15, 76.37w/s, dev=0]
language_model.model.layers.2.self_attn.k_norm.weight:   5%|▌         | 67/1223 [00:00<00:14, 77.52w/s, dev=0]                
language_model.model.layers.2.self_attn.k_norm_moe_gen.weight:   6%|▌         | 68/1223 [00:00<00:14, 78.67w/s, dev=0]
language_model.model.layers.2.self_attn.k_proj.bias:   6%|▌         | 69/1223 [00:00<00:14, 79.81w/s, dev=0]          
language_model.model.layers.2.self_attn.k_proj.weight:   6%|▌         | 70/1223 [00:00<00:14, 80.96w/s, dev=0]
language_model.model.layers.2.self_attn.k_proj_moe_gen.bias:   6%|▌         | 71/1223 [00:00<00:14, 82.03w/s, dev=0]
language_model.model.layers.2.self_attn.k_proj_moe_gen.weight:   6%|▌         | 72/1223 [00:00<00:13, 83.18w/s, dev=0]
language_model.model.layers.2.self_attn.o_proj.weight:   6%|▌         | 73/1223 [00:00<00:13, 84.25w/s, dev=0]        
language_model.model.layers.2.self_attn.o_proj_moe_gen.weight:   6%|▌         | 74/1223 [00:00<00:13, 84.90w/s, dev=0]
language_model.model.layers.2.self_attn.q_norm.weight:   6%|▌         | 75/1223 [00:00<00:13, 85.54w/s, dev=0]        
language_model.model.layers.2.self_attn.q_norm_moe_gen.weight:   6%|▌         | 76/1223 [00:00<00:13, 86.66w/s, dev=0]
language_model.model.layers.2.self_attn.q_proj.bias:   6%|▋         | 77/1223 [00:00<00:13, 87.79w/s, dev=0]          
language_model.model.layers.2.self_attn.q_proj.weight:   6%|▋         | 78/1223 [00:00<00:12, 88.92w/s, dev=0]
language_model.model.layers.2.self_attn.q_proj_moe_gen.bias:   6%|▋         | 79/1223 [00:00<00:12, 89.55w/s, dev=0]
language_model.model.layers.2.self_attn.q_proj_moe_gen.weight:   7%|▋         | 80/1223 [00:00<00:12, 90.66w/s, dev=0]
language_model.model.layers.2.self_attn.v_proj.bias:   7%|▋         | 81/1223 [00:00<00:12, 91.27w/s, dev=0]          
language_model.model.layers.2.self_attn.v_proj.bias:   7%|▋         | 82/1223 [00:00<00:12, 92.38w/s, dev=0]
language_model.model.layers.2.self_attn.v_proj.weight:   7%|▋         | 82/1223 [00:00<00:12, 92.37w/s, dev=0]
language_model.model.layers.2.self_attn.v_proj_moe_gen.bias:   7%|▋         | 83/1223 [00:00<00:12, 93.40w/s, dev=0]
language_model.model.layers.2.self_attn.v_proj_moe_gen.weight:   7%|▋         | 84/1223 [00:00<00:12, 94.51w/s, dev=0]
language_model.model.layers.3.input_layernorm.weight:   7%|▋         | 85/1223 [00:00<00:11, 95.54w/s, dev=0]         
language_model.model.layers.3.input_layernorm_moe_gen.weight:   7%|▋         | 86/1223 [00:00<00:11, 96.65w/s, dev=0]
language_model.model.layers.3.mlp.down_proj.weight:   7%|▋         | 87/1223 [00:00<00:11, 97.76w/s, dev=0]          
language_model.model.layers.3.mlp.gate_proj.weight:   7%|▋         | 88/1223 [00:00<00:11, 96.13w/s, dev=0]
language_model.model.layers.3.mlp.up_proj.weight:   7%|▋         | 89/1223 [00:00<00:11, 94.57w/s, dev=0]  
language_model.model.layers.3.mlp_moe_gen.down_proj.weight:   7%|▋         | 90/1223 [00:00<00:12, 93.09w/s, dev=0]
language_model.model.layers.3.mlp_moe_gen.gate_proj.weight:   7%|▋         | 91/1223 [00:00<00:12, 91.70w/s, dev=0]
language_model.model.layers.3.mlp_moe_gen.up_proj.weight:   8%|▊         | 92/1223 [00:01<00:12, 90.35w/s, dev=0]  
language_model.model.layers.3.post_attention_layernorm.weight:   8%|▊         | 93/1223 [00:01<00:12, 89.10w/s, dev=0]
language_model.model.layers.3.post_attention_layernorm_moe_gen.weight:   8%|▊         | 94/1223 [00:01<00:12, 90.03w/s, dev=0]
language_model.model.layers.3.self_attn.k_norm.weight:   8%|▊         | 95/1223 [00:01<00:12, 90.98w/s, dev=0]                
language_model.model.layers.3.self_attn.k_norm_moe_gen.weight:   8%|▊         | 96/1223 [00:01<00:12, 91.93w/s, dev=0]
language_model.model.layers.3.self_attn.k_proj.bias:   8%|▊         | 97/1223 [00:01<00:12, 92.87w/s, dev=0]          
language_model.model.layers.3.self_attn.k_proj.weight:   8%|▊         | 98/1223 [00:01<00:11, 93.82w/s, dev=0]
language_model.model.layers.3.self_attn.k_proj_moe_gen.bias:   8%|▊         | 99/1223 [00:01<00:11, 94.70w/s, dev=0]
language_model.model.layers.3.self_attn.k_proj_moe_gen.weight:   8%|▊         | 100/1223 [00:01<00:11, 95.65w/s, dev=0]
language_model.model.layers.3.self_attn.o_proj.weight:   8%|▊         | 101/1223 [00:01<00:11, 96.53w/s, dev=0]        
language_model.model.layers.3.self_attn.o_proj_moe_gen.weight:   8%|▊         | 102/1223 [00:01<00:11, 97.01w/s, dev=0]
language_model.model.layers.3.self_attn.q_norm.weight:   8%|▊         | 103/1223 [00:01<00:11, 97.48w/s, dev=0]        
language_model.model.layers.3.self_attn.q_norm_moe_gen.weight:   9%|▊         | 104/1223 [00:01<00:11, 98.41w/s, dev=0]
language_model.model.layers.3.self_attn.q_proj.bias:   9%|▊         | 105/1223 [00:01<00:11, 99.35w/s, dev=0]          
language_model.model.layers.3.self_attn.q_proj.weight:   9%|▊         | 106/1223 [00:01<00:11, 100.28w/s, dev=0]
language_model.model.layers.3.self_attn.q_proj.weight:   9%|▊         | 107/1223 [00:01<00:11, 100.75w/s, dev=0]
language_model.model.layers.3.self_attn.q_proj_moe_gen.bias:   9%|▊         | 107/1223 [00:01<00:11, 100.74w/s, dev=0]
language_model.model.layers.3.self_attn.q_proj_moe_gen.weight:   9%|▉         | 108/1223 [00:01<00:10, 101.66w/s, dev=0]
language_model.model.layers.3.self_attn.v_proj.bias:   9%|▉         | 109/1223 [00:01<00:10, 102.12w/s, dev=0]          
language_model.model.layers.3.self_attn.v_proj.weight:   9%|▉         | 110/1223 [00:01<00:10, 103.04w/s, dev=0]
language_model.model.layers.3.self_attn.v_proj_moe_gen.bias:   9%|▉         | 111/1223 [00:01<00:10, 103.89w/s, dev=0]
language_model.model.layers.3.self_attn.v_proj_moe_gen.weight:   9%|▉         | 112/1223 [00:01<00:10, 104.82w/s, dev=0]
language_model.model.layers.4.input_layernorm.weight:   9%|▉         | 113/1223 [00:01<00:10, 105.65w/s, dev=0]         
language_model.model.layers.4.input_layernorm_moe_gen.weight:   9%|▉         | 114/1223 [00:01<00:10, 106.57w/s, dev=0]
language_model.model.layers.4.mlp.down_proj.weight:   9%|▉         | 115/1223 [00:01<00:10, 107.50w/s, dev=0]          
language_model.model.layers.4.mlp.gate_proj.weight:   9%|▉         | 116/1223 [00:01<00:10, 105.90w/s, dev=0]
language_model.model.layers.4.mlp.up_proj.weight:  10%|▉         | 117/1223 [00:01<00:10, 104.37w/s, dev=0]  
language_model.model.layers.4.mlp_moe_gen.down_proj.weight:  10%|▉         | 118/1223 [00:01<00:10, 102.92w/s, dev=0]
language_model.model.layers.4.mlp_moe_gen.gate_proj.weight:  10%|▉         | 119/1223 [00:01<00:10, 101.50w/s, dev=0]
language_model.model.layers.4.mlp_moe_gen.up_proj.weight:  10%|▉         | 120/1223 [00:01<00:11, 100.16w/s, dev=0]  
language_model.model.layers.4.post_attention_layernorm.weight:  10%|▉         | 121/1223 [00:01<00:11, 98.88w/s, dev=0]
language_model.model.layers.4.post_attention_layernorm_moe_gen.weight:  10%|▉         | 122/1223 [00:01<00:11, 99.68w/s, dev=0]
language_model.model.layers.4.self_attn.k_norm.weight:  10%|█         | 123/1223 [00:01<00:10, 100.49w/s, dev=0]               
language_model.model.layers.4.self_attn.k_norm_moe_gen.weight:  10%|█         | 124/1223 [00:01<00:10, 101.30w/s, dev=0]
language_model.model.layers.4.self_attn.k_proj.bias:  10%|█         | 125/1223 [00:01<00:10, 102.10w/s, dev=0]          
language_model.model.layers.4.self_attn.k_proj.weight:  10%|█         | 126/1223 [00:01<00:10, 102.91w/s, dev=0]
language_model.model.layers.4.self_attn.k_proj_moe_gen.bias:  10%|█         | 127/1223 [00:01<00:10, 103.66w/s, dev=0]
language_model.model.layers.4.self_attn.k_proj_moe_gen.weight:  10%|█         | 128/1223 [00:01<00:10, 104.46w/s, dev=0]
language_model.model.layers.4.self_attn.o_proj.weight:  11%|█         | 129/1223 [00:01<00:10, 105.20w/s, dev=0]        
language_model.model.layers.4.self_attn.o_proj_moe_gen.weight:  11%|█         | 130/1223 [00:01<00:10, 105.58w/s, dev=0]
language_model.model.layers.4.self_attn.q_norm.weight:  11%|█         | 131/1223 [00:01<00:10, 105.94w/s, dev=0]        
language_model.model.layers.4.self_attn.q_norm.weight:  11%|█         | 132/1223 [00:01<00:10, 106.74w/s, dev=0]
language_model.model.layers.4.self_attn.q_norm_moe_gen.weight:  11%|█         | 132/1223 [00:01<00:10, 106.73w/s, dev=0]
language_model.model.layers.4.self_attn.q_proj.bias:  11%|█         | 133/1223 [00:01<00:10, 107.53w/s, dev=0]          
language_model.model.layers.4.self_attn.q_proj.weight:  11%|█         | 134/1223 [00:01<00:10, 108.33w/s, dev=0]
language_model.model.layers.4.self_attn.q_proj_moe_gen.bias:  11%|█         | 135/1223 [00:01<00:10, 108.69w/s, dev=0]
language_model.model.layers.4.self_attn.q_proj_moe_gen.weight:  11%|█         | 136/1223 [00:01<00:09, 109.48w/s, dev=0]
language_model.model.layers.4.self_attn.v_proj.bias:  11%|█         | 137/1223 [00:01<00:09, 109.84w/s, dev=0]          
language_model.model.layers.4.self_attn.v_proj.weight:  11%|█▏        | 138/1223 [00:01<00:09, 110.62w/s, dev=0]
language_model.model.layers.4.self_attn.v_proj_moe_gen.bias:  11%|█▏        | 139/1223 [00:01<00:09, 111.35w/s, dev=0]
language_model.model.layers.4.self_attn.v_proj_moe_gen.weight:  11%|█▏        | 140/1223 [00:01<00:09, 112.14w/s, dev=0]
language_model.model.layers.5.input_layernorm.weight:  12%|█▏        | 141/1223 [00:01<00:09, 112.86w/s, dev=0]         
language_model.model.layers.5.input_layernorm_moe_gen.weight:  12%|█▏        | 142/1223 [00:01<00:09, 113.65w/s, dev=0]
language_model.model.layers.5.mlp.down_proj.weight:  12%|█▏        | 143/1223 [00:01<00:09, 114.44w/s, dev=0]          
language_model.model.layers.5.mlp.gate_proj.weight:  12%|█▏        | 144/1223 [00:01<00:09, 112.93w/s, dev=0]
language_model.model.layers.5.mlp.up_proj.weight:  12%|█▏        | 145/1223 [00:01<00:09, 111.47w/s, dev=0]  
language_model.model.layers.5.mlp_moe_gen.down_proj.weight:  12%|█▏        | 146/1223 [00:01<00:09, 110.07w/s, dev=0]
language_model.model.layers.5.mlp_moe_gen.gate_proj.weight:  12%|█▏        | 147/1223 [00:01<00:09, 108.72w/s, dev=0]
language_model.model.layers.5.mlp_moe_gen.up_proj.weight:  12%|█▏        | 148/1223 [00:01<00:10, 107.42w/s, dev=0]  
language_model.model.layers.5.post_attention_layernorm.weight:  12%|█▏        | 149/1223 [00:01<00:10, 106.19w/s, dev=0]
language_model.model.layers.5.post_attention_layernorm_moe_gen.weight:  12%|█▏        | 150/1223 [00:01<00:10, 106.88w/s, dev=0]
language_model.model.layers.5.self_attn.k_norm.weight:  12%|█▏        | 151/1223 [00:01<00:09, 107.59w/s, dev=0]                
language_model.model.layers.5.self_attn.k_norm_moe_gen.weight:  12%|█▏        | 152/1223 [00:01<00:09, 108.29w/s, dev=0]
language_model.model.layers.5.self_attn.k_proj.bias:  13%|█▎        | 153/1223 [00:01<00:09, 108.99w/s, dev=0]          
language_model.model.layers.5.self_attn.k_proj.weight:  13%|█▎        | 154/1223 [00:01<00:09, 109.70w/s, dev=0]
language_model.model.layers.5.self_attn.k_proj_moe_gen.bias:  13%|█▎        | 155/1223 [00:01<00:09, 110.33w/s, dev=0]
language_model.model.layers.5.self_attn.k_proj_moe_gen.weight:  13%|█▎        | 156/1223 [00:01<00:09, 111.03w/s, dev=0]
language_model.model.layers.5.self_attn.k_proj_moe_gen.weight:  13%|█▎        | 157/1223 [00:01<00:09, 111.67w/s, dev=0]
language_model.model.layers.5.self_attn.o_proj.weight:  13%|█▎        | 157/1223 [00:01<00:09, 111.67w/s, dev=0]        
language_model.model.layers.5.self_attn.o_proj_moe_gen.weight:  13%|█▎        | 158/1223 [00:01<00:09, 111.97w/s, dev=0]
language_model.model.layers.5.self_attn.q_norm.weight:  13%|█▎        | 159/1223 [00:01<00:09, 112.27w/s, dev=0]        
language_model.model.layers.5.self_attn.q_norm_moe_gen.weight:  13%|█▎        | 160/1223 [00:01<00:09, 112.96w/s, dev=0]
language_model.model.layers.5.self_attn.q_proj.bias:  13%|█▎        | 161/1223 [00:01<00:09, 113.66w/s, dev=0]          
language_model.model.layers.5.self_attn.q_proj.weight:  13%|█▎        | 162/1223 [00:01<00:09, 114.36w/s, dev=0]
language_model.model.layers.5.self_attn.q_proj_moe_gen.bias:  13%|█▎        | 163/1223 [00:01<00:09, 114.66w/s, dev=0]
language_model.model.layers.5.self_attn.q_proj_moe_gen.weight:  13%|█▎        | 164/1223 [00:01<00:09, 115.34w/s, dev=0]
language_model.model.layers.5.self_attn.v_proj.bias:  13%|█▎        | 165/1223 [00:01<00:09, 115.64w/s, dev=0]          
language_model.model.layers.5.self_attn.v_proj.weight:  14%|█▎        | 166/1223 [00:01<00:09, 116.33w/s, dev=0]
language_model.model.layers.5.self_attn.v_proj_moe_gen.bias:  14%|█▎        | 167/1223 [00:01<00:09, 116.96w/s, dev=0]
language_model.model.layers.5.self_attn.v_proj_moe_gen.weight:  14%|█▎        | 168/1223 [00:01<00:08, 117.65w/s, dev=0]
language_model.model.layers.6.input_layernorm.weight:  14%|█▍        | 169/1223 [00:01<00:08, 118.28w/s, dev=0]         
language_model.model.layers.6.input_layernorm_moe_gen.weight:  14%|█▍        | 170/1223 [00:01<00:08, 118.96w/s, dev=0]
language_model.model.layers.6.mlp.down_proj.weight:  14%|█▍        | 171/1223 [00:01<00:08, 119.66w/s, dev=0]          
language_model.model.layers.6.mlp.gate_proj.weight:  14%|█▍        | 172/1223 [00:01<00:08, 118.20w/s, dev=0]
language_model.model.layers.6.mlp.up_proj.weight:  14%|█▍        | 173/1223 [00:01<00:08, 116.83w/s, dev=0]  
language_model.model.layers.6.mlp_moe_gen.down_proj.weight:  14%|█▍        | 174/1223 [00:01<00:09, 115.51w/s, dev=0]
language_model.model.layers.6.mlp_moe_gen.gate_proj.weight:  14%|█▍        | 175/1223 [00:01<00:09, 114.24w/s, dev=0]
language_model.model.layers.6.mlp_moe_gen.up_proj.weight:  14%|█▍        | 176/1223 [00:01<00:09, 113.00w/s, dev=0]  
language_model.model.layers.6.post_attention_layernorm.weight:  14%|█▍        | 177/1223 [00:01<00:09, 111.81w/s, dev=0]
language_model.model.layers.6.post_attention_layernorm_moe_gen.weight:  15%|█▍        | 178/1223 [00:01<00:09, 112.42w/s, dev=0]
language_model.model.layers.6.self_attn.k_norm.weight:  15%|█▍        | 179/1223 [00:01<00:09, 113.04w/s, dev=0]                
language_model.model.layers.6.self_attn.k_norm_moe_gen.weight:  15%|█▍        | 180/1223 [00:01<00:09, 113.67w/s, dev=0]
language_model.model.layers.6.self_attn.k_proj.bias:  15%|█▍        | 181/1223 [00:01<00:09, 114.29w/s, dev=0]          
language_model.model.layers.6.self_attn.k_proj.bias:  15%|█▍        | 182/1223 [00:01<00:09, 114.91w/s, dev=0]
language_model.model.layers.6.self_attn.k_proj.weight:  15%|█▍        | 182/1223 [00:01<00:09, 114.91w/s, dev=0]
language_model.model.layers.6.self_attn.k_proj_moe_gen.bias:  15%|█▍        | 183/1223 [00:01<00:09, 115.48w/s, dev=0]
language_model.model.layers.6.self_attn.k_proj_moe_gen.weight:  15%|█▌        | 184/1223 [00:01<00:08, 116.10w/s, dev=0]
language_model.model.layers.6.self_attn.o_proj.weight:  15%|█▌        | 185/1223 [00:01<00:08, 116.66w/s, dev=0]        
language_model.model.layers.6.self_attn.o_proj_moe_gen.weight:  15%|█▌        | 186/1223 [00:01<00:08, 116.91w/s, dev=0]
language_model.model.layers.6.self_attn.q_norm.weight:  15%|█▌        | 187/1223 [00:01<00:08, 117.16w/s, dev=0]        
language_model.model.layers.6.self_attn.q_norm_moe_gen.weight:  15%|█▌        | 188/1223 [00:01<00:08, 117.78w/s, dev=0]
language_model.model.layers.6.self_attn.q_proj.bias:  15%|█▌        | 189/1223 [00:01<00:08, 118.40w/s, dev=0]          
language_model.model.layers.6.self_attn.q_proj.weight:  16%|█▌        | 190/1223 [00:01<00:08, 119.02w/s, dev=0]
language_model.model.layers.6.self_attn.q_proj_moe_gen.bias:  16%|█▌        | 191/1223 [00:01<00:08, 119.26w/s, dev=0]
language_model.model.layers.6.self_attn.q_proj_moe_gen.weight:  16%|█▌        | 192/1223 [00:01<00:08, 119.87w/s, dev=0]
language_model.model.layers.6.self_attn.v_proj.bias:  16%|█▌        | 193/1223 [00:01<00:08, 120.10w/s, dev=0]          
language_model.model.layers.6.self_attn.v_proj.weight:  16%|█▌        | 194/1223 [00:01<00:08, 120.71w/s, dev=0]
language_model.model.layers.6.self_attn.v_proj_moe_gen.bias:  16%|█▌        | 195/1223 [00:01<00:08, 121.26w/s, dev=0]
language_model.model.layers.6.self_attn.v_proj_moe_gen.weight:  16%|█▌        | 196/1223 [00:01<00:08, 121.88w/s, dev=0]
language_model.model.layers.7.input_layernorm.weight:  16%|█▌        | 197/1223 [00:01<00:08, 122.43w/s, dev=0]         
language_model.model.layers.7.input_layernorm_moe_gen.weight:  16%|█▌        | 198/1223 [00:01<00:08, 123.04w/s, dev=0]
language_model.model.layers.7.mlp.down_proj.weight:  16%|█▋        | 199/1223 [00:01<00:08, 123.65w/s, dev=0]          
language_model.model.layers.7.mlp.gate_proj.weight:  16%|█▋        | 200/1223 [00:01<00:08, 122.32w/s, dev=0]
language_model.model.layers.7.mlp.up_proj.weight:  16%|█▋        | 201/1223 [00:01<00:08, 121.01w/s, dev=0]  
language_model.model.layers.7.mlp_moe_gen.down_proj.weight:  17%|█▋        | 202/1223 [00:01<00:08, 119.56w/s, dev=0]
language_model.model.layers.7.mlp_moe_gen.gate_proj.weight:  17%|█▋        | 203/1223 [00:01<00:08, 118.29w/s, dev=0]
language_model.model.layers.7.mlp_moe_gen.up_proj.weight:  17%|█▋        | 204/1223 [00:01<00:08, 117.12w/s, dev=0]  
language_model.model.layers.7.post_attention_layernorm.weight:  17%|█▋        | 205/1223 [00:01<00:08, 115.98w/s, dev=0]
language_model.model.layers.7.post_attention_layernorm_moe_gen.weight:  17%|█▋        | 206/1223 [00:01<00:08, 116.54w/s, dev=0]
language_model.model.layers.7.post_attention_layernorm_moe_gen.weight:  17%|█▋        | 207/1223 [00:01<00:08, 117.09w/s, dev=0]
language_model.model.layers.7.self_attn.k_norm.weight:  17%|█▋        | 207/1223 [00:01<00:08, 117.09w/s, dev=0]                
language_model.model.layers.7.self_attn.k_norm_moe_gen.weight:  17%|█▋        | 208/1223 [00:01<00:08, 117.65w/s, dev=0]
language_model.model.layers.7.self_attn.k_proj.bias:  17%|█▋        | 209/1223 [00:01<00:08, 118.20w/s, dev=0]          
language_model.model.layers.7.self_attn.k_proj.weight:  17%|█▋        | 210/1223 [00:01<00:08, 118.76w/s, dev=0]
language_model.model.layers.7.self_attn.k_proj_moe_gen.bias:  17%|█▋        | 211/1223 [00:01<00:08, 119.27w/s, dev=0]
language_model.model.layers.7.self_attn.k_proj_moe_gen.weight:  17%|█▋        | 212/1223 [00:01<00:08, 119.83w/s, dev=0]
language_model.model.layers.7.self_attn.o_proj.weight:  17%|█▋        | 213/1223 [00:01<00:08, 120.33w/s, dev=0]        
language_model.model.layers.7.self_attn.o_proj_moe_gen.weight:  17%|█▋        | 214/1223 [00:01<00:08, 120.55w/s, dev=0]
language_model.model.layers.7.self_attn.q_norm.weight:  18%|█▊        | 215/1223 [00:01<00:08, 120.76w/s, dev=0]        
language_model.model.layers.7.self_attn.q_norm_moe_gen.weight:  18%|█▊        | 216/1223 [00:01<00:08, 121.31w/s, dev=0]
language_model.model.layers.7.self_attn.q_proj.bias:  18%|█▊        | 217/1223 [00:01<00:08, 121.87w/s, dev=0]          
language_model.model.layers.7.self_attn.q_proj.weight:  18%|█▊        | 218/1223 [00:01<00:08, 122.42w/s, dev=0]
language_model.model.layers.7.self_attn.q_proj_moe_gen.bias:  18%|█▊        | 219/1223 [00:01<00:08, 122.63w/s, dev=0]
language_model.model.layers.7.self_attn.q_proj_moe_gen.weight:  18%|█▊        | 220/1223 [00:01<00:08, 123.18w/s, dev=0]
language_model.model.layers.7.self_attn.v_proj.bias:  18%|█▊        | 221/1223 [00:01<00:08, 123.39w/s, dev=0]          
language_model.model.layers.7.self_attn.v_proj.weight:  18%|█▊        | 222/1223 [00:01<00:08, 123.94w/s, dev=0]
language_model.model.layers.7.self_attn.v_proj_moe_gen.bias:  18%|█▊        | 223/1223 [00:01<00:08, 124.43w/s, dev=0]
language_model.model.layers.7.self_attn.v_proj_moe_gen.weight:  18%|█▊        | 224/1223 [00:01<00:07, 124.97w/s, dev=0]
language_model.model.layers.8.input_layernorm.weight:  18%|█▊        | 225/1223 [00:01<00:07, 125.47w/s, dev=0]         
language_model.model.layers.8.input_layernorm_moe_gen.weight:  18%|█▊        | 226/1223 [00:01<00:07, 126.02w/s, dev=0]
language_model.model.layers.8.mlp.down_proj.weight:  19%|█▊        | 227/1223 [00:01<00:07, 126.57w/s, dev=0]          
language_model.model.layers.8.mlp.gate_proj.weight:  19%|█▊        | 228/1223 [00:01<00:07, 125.34w/s, dev=0]
language_model.model.layers.8.mlp.up_proj.weight:  19%|█▊        | 229/1223 [00:01<00:08, 124.14w/s, dev=0]  
language_model.model.layers.8.mlp_moe_gen.down_proj.weight:  19%|█▉        | 230/1223 [00:01<00:08, 122.98w/s, dev=0]
language_model.model.layers.8.mlp_moe_gen.gate_proj.weight:  19%|█▉        | 231/1223 [00:01<00:08, 121.84w/s, dev=0]
language_model.model.layers.8.mlp_moe_gen.gate_proj.weight:  19%|█▉        | 232/1223 [00:01<00:08, 120.73w/s, dev=0]
language_model.model.layers.8.mlp_moe_gen.up_proj.weight:  19%|█▉        | 232/1223 [00:01<00:08, 120.73w/s, dev=0]  
language_model.model.layers.8.post_attention_layernorm.weight:  19%|█▉        | 233/1223 [00:01<00:08, 119.66w/s, dev=0]
language_model.model.layers.8.post_attention_layernorm_moe_gen.weight:  19%|█▉        | 234/1223 [00:01<00:08, 120.16w/s, dev=0]
language_model.model.layers.8.self_attn.k_norm.weight:  19%|█▉        | 235/1223 [00:01<00:08, 120.66w/s, dev=0]                
language_model.model.layers.8.self_attn.k_norm_moe_gen.weight:  19%|█▉        | 236/1223 [00:01<00:08, 121.17w/s, dev=0]
language_model.model.layers.8.self_attn.k_proj.bias:  19%|█▉        | 237/1223 [00:01<00:08, 121.67w/s, dev=0]          
language_model.model.layers.8.self_attn.k_proj.weight:  19%|█▉        | 238/1223 [00:01<00:08, 122.18w/s, dev=0]
language_model.model.layers.8.self_attn.k_proj_moe_gen.bias:  20%|█▉        | 239/1223 [00:01<00:08, 122.64w/s, dev=0]
language_model.model.layers.8.self_attn.k_proj_moe_gen.weight:  20%|█▉        | 240/1223 [00:01<00:07, 123.14w/s, dev=0]
language_model.model.layers.8.self_attn.o_proj.weight:  20%|█▉        | 241/1223 [00:01<00:07, 123.60w/s, dev=0]        
language_model.model.layers.8.self_attn.o_proj_moe_gen.weight:  20%|█▉        | 242/1223 [00:01<00:07, 123.79w/s, dev=0]
language_model.model.layers.8.self_attn.q_norm.weight:  20%|█▉        | 243/1223 [00:01<00:07, 123.98w/s, dev=0]        
language_model.model.layers.8.self_attn.q_norm_moe_gen.weight:  20%|█▉        | 244/1223 [00:01<00:07, 124.47w/s, dev=0]
language_model.model.layers.8.self_attn.q_proj.bias:  20%|██        | 245/1223 [00:01<00:07, 124.98w/s, dev=0]          
language_model.model.layers.8.self_attn.q_proj.weight:  20%|██        | 246/1223 [00:01<00:07, 125.48w/s, dev=0]
language_model.model.layers.8.self_attn.q_proj_moe_gen.bias:  20%|██        | 247/1223 [00:01<00:07, 125.67w/s, dev=0]
language_model.model.layers.8.self_attn.q_proj_moe_gen.weight:  20%|██        | 248/1223 [00:01<00:07, 126.16w/s, dev=0]
language_model.model.layers.8.self_attn.v_proj.bias:  20%|██        | 249/1223 [00:01<00:07, 126.35w/s, dev=0]          
language_model.model.layers.8.self_attn.v_proj.weight:  20%|██        | 250/1223 [00:01<00:07, 126.84w/s, dev=0]
language_model.model.layers.8.self_attn.v_proj_moe_gen.bias:  21%|██        | 251/1223 [00:01<00:07, 127.29w/s, dev=0]
language_model.model.layers.8.self_attn.v_proj_moe_gen.weight:  21%|██        | 252/1223 [00:01<00:07, 127.79w/s, dev=0]
time_embedder.mlp.0.bias:  21%|██        | 253/1223 [00:01<00:07, 128.23w/s, dev=0]                                     
time_embedder.mlp.0.weight:  21%|██        | 254/1223 [00:01<00:07, 128.73w/s, dev=0]
time_embedder.mlp.2.bias:  21%|██        | 255/1223 [00:01<00:07, 129.20w/s, dev=0]  
time_embedder.mlp.2.weight:  21%|██        | 256/1223 [00:01<00:07, 129.70w/s, dev=0]
vae2llm.bias:  21%|██        | 257/1223 [00:01<00:07, 129.87w/s, dev=0]              
vae2llm.weight:  21%|██        | 258/1223 [00:01<00:07, 130.37w/s, dev=0]
llm2vae.bias:  21%|██        | 259/1223 [00:01<00:07, 130.86w/s, dev=0]  
llm2vae.weight:  21%|██▏       | 260/1223 [00:01<00:07, 131.36w/s, dev=0]
latent_pos_embed.pos_embed:  21%|██▏       | 261/1223 [00:01<00:07, 131.85w/s, dev=0]
connector.fc1.bias:  21%|██▏       | 262/1223 [00:01<00:07, 131.97w/s, dev=0]        
connector.fc1.weight:  22%|██▏       | 263/1223 [00:01<00:07, 132.46w/s, dev=0]
connector.fc2.bias:  22%|██▏       | 264/1223 [00:01<00:07, 132.82w/s, dev=0]  
connector.fc2.weight:  22%|██▏       | 265/1223 [00:01<00:07, 133.31w/s, dev=0]
vit_pos_embed.pos_embed:  22%|██▏       | 266/1223 [00:01<00:07, 133.37w/s, dev=0]
language_model.model.layers.9.input_layernorm.weight:  22%|██▏       | 267/1223 [00:02<00:08, 107.76w/s, dev=1]
language_model.model.layers.9.input_layernorm.weight:  22%|██▏       | 268/1223 [00:02<00:09, 102.62w/s, dev=1]
language_model.model.layers.9.input_layernorm_moe_gen.weight:  22%|██▏       | 268/1223 [00:02<00:09, 102.61w/s, dev=1]
language_model.model.layers.9.mlp.down_proj.weight:  22%|██▏       | 269/1223 [00:02<00:09, 102.99w/s, dev=1]          
language_model.model.layers.9.mlp.gate_proj.weight:  22%|██▏       | 270/1223 [00:02<00:09, 102.36w/s, dev=1]
language_model.model.layers.9.mlp.up_proj.weight:  22%|██▏       | 271/1223 [00:02<00:09, 101.74w/s, dev=1]  
language_model.model.layers.9.mlp_moe_gen.down_proj.weight:  22%|██▏       | 272/1223 [00:02<00:09, 101.13w/s, dev=1]
language_model.model.layers.9.mlp_moe_gen.gate_proj.weight:  22%|██▏       | 273/1223 [00:02<00:09, 100.53w/s, dev=1]
language_model.model.layers.9.mlp_moe_gen.up_proj.weight:  22%|██▏       | 274/1223 [00:02<00:09, 99.96w/s, dev=1]   
language_model.model.layers.9.post_attention_layernorm.weight:  22%|██▏       | 275/1223 [00:02<00:09, 99.40w/s, dev=1]
language_model.model.layers.9.post_attention_layernorm_moe_gen.weight:  23%|██▎       | 276/1223 [00:02<00:09, 99.75w/s, dev=1]
language_model.model.layers.9.self_attn.k_norm.weight:  23%|██▎       | 277/1223 [00:02<00:09, 100.10w/s, dev=1]               
language_model.model.layers.9.self_attn.k_norm_moe_gen.weight:  23%|██▎       | 278/1223 [00:02<00:09, 100.46w/s, dev=1]
language_model.model.layers.9.self_attn.k_proj.bias:  23%|██▎       | 279/1223 [00:02<00:09, 100.82w/s, dev=1]          
language_model.model.layers.9.self_attn.k_proj.weight:  23%|██▎       | 280/1223 [00:02<00:09, 101.18w/s, dev=1]
language_model.model.layers.9.self_attn.k_proj_moe_gen.bias:  23%|██▎       | 281/1223 [00:02<00:09, 101.50w/s, dev=1]
language_model.model.layers.9.self_attn.k_proj_moe_gen.weight:  23%|██▎       | 282/1223 [00:02<00:09, 101.86w/s, dev=1]
language_model.model.layers.9.self_attn.o_proj.weight:  23%|██▎       | 283/1223 [00:02<00:09, 102.19w/s, dev=1]        
language_model.model.layers.9.self_attn.o_proj_moe_gen.weight:  23%|██▎       | 284/1223 [00:02<00:09, 102.35w/s, dev=1]
language_model.model.layers.9.self_attn.q_norm.weight:  23%|██▎       | 285/1223 [00:02<00:09, 102.52w/s, dev=1]        
language_model.model.layers.9.self_attn.q_norm_moe_gen.weight:  23%|██▎       | 286/1223 [00:02<00:09, 102.88w/s, dev=1]
language_model.model.layers.9.self_attn.q_proj.bias:  23%|██▎       | 287/1223 [00:02<00:09, 103.23w/s, dev=1]          
language_model.model.layers.9.self_attn.q_proj.weight:  24%|██▎       | 288/1223 [00:02<00:09, 103.59w/s, dev=1]
language_model.model.layers.9.self_attn.q_proj_moe_gen.bias:  24%|██▎       | 289/1223 [00:02<00:09, 103.76w/s, dev=1]
language_model.model.layers.9.self_attn.q_proj_moe_gen.weight:  24%|██▎       | 290/1223 [00:02<00:08, 104.11w/s, dev=1]
language_model.model.layers.9.self_attn.v_proj.bias:  24%|██▍       | 291/1223 [00:02<00:08, 104.28w/s, dev=1]          
language_model.model.layers.9.self_attn.v_proj.weight:  24%|██▍       | 292/1223 [00:02<00:08, 104.63w/s, dev=1]
language_model.model.layers.9.self_attn.v_proj_moe_gen.bias:  24%|██▍       | 293/1223 [00:02<00:08, 104.96w/s, dev=1]
language_model.model.layers.9.self_attn.v_proj_moe_gen.weight:  24%|██▍       | 294/1223 [00:02<00:08, 105.31w/s, dev=1]
language_model.model.layers.10.input_layernorm.weight:  24%|██▍       | 295/1223 [00:02<00:08, 105.64w/s, dev=1]        
language_model.model.layers.10.input_layernorm_moe_gen.weight:  24%|██▍       | 296/1223 [00:02<00:08, 105.99w/s, dev=1]
language_model.model.layers.10.mlp.down_proj.weight:  24%|██▍       | 297/1223 [00:02<00:08, 106.34w/s, dev=1]          
language_model.model.layers.10.mlp.gate_proj.weight:  24%|██▍       | 298/1223 [00:02<00:08, 105.73w/s, dev=1]
language_model.model.layers.10.mlp.up_proj.weight:  24%|██▍       | 299/1223 [00:02<00:08, 105.12w/s, dev=1]  
language_model.model.layers.10.mlp_moe_gen.down_proj.weight:  25%|██▍       | 300/1223 [00:02<00:08, 104.53w/s, dev=1]
language_model.model.layers.10.mlp_moe_gen.gate_proj.weight:  25%|██▍       | 301/1223 [00:02<00:08, 103.95w/s, dev=1]
language_model.model.layers.10.mlp_moe_gen.up_proj.weight:  25%|██▍       | 302/1223 [00:02<00:08, 103.37w/s, dev=1]  
language_model.model.layers.10.post_attention_layernorm.weight:  25%|██▍       | 303/1223 [00:02<00:08, 102.81w/s, dev=1]
language_model.model.layers.10.post_attention_layernorm.weight:  25%|██▍       | 304/1223 [00:02<00:08, 103.14w/s, dev=1]
language_model.model.layers.10.post_attention_layernorm_moe_gen.weight:  25%|██▍       | 304/1223 [00:02<00:08, 103.13w/s, dev=1]
language_model.model.layers.10.self_attn.k_norm.weight:  25%|██▍       | 305/1223 [00:02<00:08, 103.47w/s, dev=1]                
language_model.model.layers.10.self_attn.k_norm_moe_gen.weight:  25%|██▌       | 306/1223 [00:02<00:08, 103.80w/s, dev=1]
language_model.model.layers.10.self_attn.k_proj.bias:  25%|██▌       | 307/1223 [00:02<00:08, 104.14w/s, dev=1]          
language_model.model.layers.10.self_attn.k_proj.weight:  25%|██▌       | 308/1223 [00:02<00:08, 104.47w/s, dev=1]
language_model.model.layers.10.self_attn.k_proj_moe_gen.bias:  25%|██▌       | 309/1223 [00:02<00:08, 104.78w/s, dev=1]
language_model.model.layers.10.self_attn.k_proj_moe_gen.weight:  25%|██▌       | 310/1223 [00:02<00:08, 105.12w/s, dev=1]
language_model.model.layers.10.self_attn.o_proj.weight:  25%|██▌       | 311/1223 [00:02<00:08, 105.42w/s, dev=1]        
language_model.model.layers.10.self_attn.o_proj_moe_gen.weight:  26%|██▌       | 312/1223 [00:02<00:08, 105.58w/s, dev=1]
language_model.model.layers.10.self_attn.q_norm.weight:  26%|██▌       | 313/1223 [00:02<00:08, 105.73w/s, dev=1]        
language_model.model.layers.10.self_attn.q_norm_moe_gen.weight:  26%|██▌       | 314/1223 [00:02<00:08, 106.06w/s, dev=1]
language_model.model.layers.10.self_attn.q_proj.bias:  26%|██▌       | 315/1223 [00:02<00:08, 106.39w/s, dev=1]          
language_model.model.layers.10.self_attn.q_proj.weight:  26%|██▌       | 316/1223 [00:02<00:08, 106.73w/s, dev=1]
language_model.model.layers.10.self_attn.q_proj_moe_gen.bias:  26%|██▌       | 317/1223 [00:02<00:08, 106.88w/s, dev=1]
language_model.model.layers.10.self_attn.q_proj_moe_gen.weight:  26%|██▌       | 318/1223 [00:02<00:08, 107.21w/s, dev=1]
language_model.model.layers.10.self_attn.v_proj.bias:  26%|██▌       | 319/1223 [00:02<00:08, 107.37w/s, dev=1]          
language_model.model.layers.10.self_attn.v_proj.weight:  26%|██▌       | 320/1223 [00:02<00:08, 107.70w/s, dev=1]
language_model.model.layers.10.self_attn.v_proj_moe_gen.bias:  26%|██▌       | 321/1223 [00:02<00:08, 108.00w/s, dev=1]
language_model.model.layers.10.self_attn.v_proj_moe_gen.weight:  26%|██▋       | 322/1223 [00:02<00:08, 108.33w/s, dev=1]
language_model.model.layers.11.input_layernorm.weight:  26%|██▋       | 323/1223 [00:02<00:08, 108.64w/s, dev=1]         
language_model.model.layers.11.input_layernorm_moe_gen.weight:  26%|██▋       | 324/1223 [00:02<00:08, 108.97w/s, dev=1]
language_model.model.layers.11.mlp.down_proj.weight:  27%|██▋       | 325/1223 [00:02<00:08, 109.30w/s, dev=1]          
language_model.model.layers.11.mlp.gate_proj.weight:  27%|██▋       | 326/1223 [00:02<00:08, 108.70w/s, dev=1]
language_model.model.layers.11.mlp.up_proj.weight:  27%|██▋       | 327/1223 [00:03<00:08, 108.11w/s, dev=1]  
language_model.model.layers.11.mlp_moe_gen.down_proj.weight:  27%|██▋       | 328/1223 [00:03<00:08, 107.53w/s, dev=1]
language_model.model.layers.11.mlp_moe_gen.gate_proj.weight:  27%|██▋       | 329/1223 [00:03<00:08, 106.96w/s, dev=1]
language_model.model.layers.11.mlp_moe_gen.up_proj.weight:  27%|██▋       | 330/1223 [00:03<00:08, 106.39w/s, dev=1]  
language_model.model.layers.11.post_attention_layernorm.weight:  27%|██▋       | 331/1223 [00:03<00:08, 105.82w/s, dev=1]
language_model.model.layers.11.post_attention_layernorm_moe_gen.weight:  27%|██▋       | 332/1223 [00:03<00:08, 106.13w/s, dev=1]
language_model.model.layers.11.self_attn.k_norm.weight:  27%|██▋       | 333/1223 [00:03<00:08, 106.45w/s, dev=1]                
language_model.model.layers.11.self_attn.k_norm_moe_gen.weight:  27%|██▋       | 334/1223 [00:03<00:08, 106.76w/s, dev=1]
language_model.model.layers.11.self_attn.k_proj.bias:  27%|██▋       | 335/1223 [00:03<00:08, 107.08w/s, dev=1]          
language_model.model.layers.11.self_attn.k_proj.weight:  27%|██▋       | 336/1223 [00:03<00:08, 107.40w/s, dev=1]
language_model.model.layers.11.self_attn.k_proj_moe_gen.bias:  28%|██▊       | 337/1223 [00:03<00:08, 107.69w/s, dev=1]
language_model.model.layers.11.self_attn.k_proj_moe_gen.weight:  28%|██▊       | 338/1223 [00:03<00:08, 108.00w/s, dev=1]
language_model.model.layers.11.self_attn.o_proj.weight:  28%|██▊       | 339/1223 [00:03<00:08, 108.29w/s, dev=1]        
language_model.model.layers.11.self_attn.o_proj.weight:  28%|██▊       | 340/1223 [00:03<00:08, 108.43w/s, dev=1]
language_model.model.layers.11.self_attn.o_proj_moe_gen.weight:  28%|██▊       | 340/1223 [00:03<00:08, 108.43w/s, dev=1]
language_model.model.layers.11.self_attn.q_norm.weight:  28%|██▊       | 341/1223 [00:03<00:08, 108.57w/s, dev=1]        
language_model.model.layers.11.self_attn.q_norm_moe_gen.weight:  28%|██▊       | 342/1223 [00:03<00:08, 108.88w/s, dev=1]
language_model.model.layers.11.self_attn.q_proj.bias:  28%|██▊       | 343/1223 [00:03<00:08, 109.20w/s, dev=1]          
language_model.model.layers.11.self_attn.q_proj.weight:  28%|██▊       | 344/1223 [00:03<00:08, 109.51w/s, dev=1]
language_model.model.layers.11.self_attn.q_proj_moe_gen.bias:  28%|██▊       | 345/1223 [00:03<00:08, 109.65w/s, dev=1]
language_model.model.layers.11.self_attn.q_proj_moe_gen.weight:  28%|██▊       | 346/1223 [00:03<00:07, 109.96w/s, dev=1]
language_model.model.layers.11.self_attn.v_proj.bias:  28%|██▊       | 347/1223 [00:03<00:07, 110.10w/s, dev=1]          
language_model.model.layers.11.self_attn.v_proj.weight:  28%|██▊       | 348/1223 [00:03<00:07, 110.41w/s, dev=1]
language_model.model.layers.11.self_attn.v_proj_moe_gen.bias:  29%|██▊       | 349/1223 [00:03<00:07, 110.70w/s, dev=1]
language_model.model.layers.11.self_attn.v_proj_moe_gen.weight:  29%|██▊       | 350/1223 [00:03<00:07, 111.01w/s, dev=1]
language_model.model.layers.12.input_layernorm.weight:  29%|██▊       | 351/1223 [00:03<00:07, 111.29w/s, dev=1]         
language_model.model.layers.12.input_layernorm_moe_gen.weight:  29%|██▉       | 352/1223 [00:03<00:07, 111.61w/s, dev=1]
language_model.model.layers.12.mlp.down_proj.weight:  29%|██▉       | 353/1223 [00:03<00:07, 111.92w/s, dev=1]          
language_model.model.layers.12.mlp.gate_proj.weight:  29%|██▉       | 354/1223 [00:03<00:07, 111.34w/s, dev=1]
language_model.model.layers.12.mlp.up_proj.weight:  29%|██▉       | 355/1223 [00:03<00:07, 110.76w/s, dev=1]  
language_model.model.layers.12.mlp_moe_gen.down_proj.weight:  29%|██▉       | 356/1223 [00:03<00:07, 110.19w/s, dev=1]
language_model.model.layers.12.mlp_moe_gen.gate_proj.weight:  29%|██▉       | 357/1223 [00:03<00:07, 109.63w/s, dev=1]
language_model.model.layers.12.mlp_moe_gen.up_proj.weight:  29%|██▉       | 358/1223 [00:03<00:07, 109.07w/s, dev=1]  
language_model.model.layers.12.post_attention_layernorm.weight:  29%|██▉       | 359/1223 [00:03<00:07, 108.53w/s, dev=1]
language_model.model.layers.12.post_attention_layernorm_moe_gen.weight:  29%|██▉       | 360/1223 [00:03<00:07, 108.83w/s, dev=1]
language_model.model.layers.12.self_attn.k_norm.weight:  30%|██▉       | 361/1223 [00:03<00:07, 109.12w/s, dev=1]                
language_model.model.layers.12.self_attn.k_norm_moe_gen.weight:  30%|██▉       | 362/1223 [00:03<00:07, 109.42w/s, dev=1]
language_model.model.layers.12.self_attn.k_proj.bias:  30%|██▉       | 363/1223 [00:03<00:07, 109.72w/s, dev=1]          
language_model.model.layers.12.self_attn.k_proj.weight:  30%|██▉       | 364/1223 [00:03<00:07, 110.02w/s, dev=1]
language_model.model.layers.12.self_attn.k_proj_moe_gen.bias:  30%|██▉       | 365/1223 [00:03<00:07, 110.29w/s, dev=1]
language_model.model.layers.12.self_attn.k_proj_moe_gen.weight:  30%|██▉       | 366/1223 [00:03<00:07, 110.59w/s, dev=1]
language_model.model.layers.12.self_attn.o_proj.weight:  30%|███       | 367/1223 [00:03<00:07, 110.86w/s, dev=1]        
language_model.model.layers.12.self_attn.o_proj_moe_gen.weight:  30%|███       | 368/1223 [00:03<00:07, 110.99w/s, dev=1]
language_model.model.layers.12.self_attn.q_norm.weight:  30%|███       | 369/1223 [00:03<00:07, 111.12w/s, dev=1]        
language_model.model.layers.12.self_attn.q_norm_moe_gen.weight:  30%|███       | 370/1223 [00:03<00:07, 111.42w/s, dev=1]
language_model.model.layers.12.self_attn.q_proj.bias:  30%|███       | 371/1223 [00:03<00:07, 111.72w/s, dev=1]          
language_model.model.layers.12.self_attn.q_proj.weight:  30%|███       | 372/1223 [00:03<00:07, 112.01w/s, dev=1]
language_model.model.layers.12.self_attn.q_proj_moe_gen.bias:  30%|███       | 373/1223 [00:03<00:07, 112.14w/s, dev=1]
language_model.model.layers.12.self_attn.q_proj_moe_gen.weight:  31%|███       | 374/1223 [00:03<00:07, 112.44w/s, dev=1]
language_model.model.layers.12.self_attn.v_proj.bias:  31%|███       | 375/1223 [00:03<00:07, 112.56w/s, dev=1]          
language_model.model.layers.12.self_attn.v_proj.bias:  31%|███       | 376/1223 [00:03<00:07, 112.86w/s, dev=1]
language_model.model.layers.12.self_attn.v_proj.weight:  31%|███       | 376/1223 [00:03<00:07, 112.86w/s, dev=1]
language_model.model.layers.12.self_attn.v_proj_moe_gen.bias:  31%|███       | 377/1223 [00:03<00:07, 113.13w/s, dev=1]
language_model.model.layers.12.self_attn.v_proj_moe_gen.weight:  31%|███       | 378/1223 [00:03<00:07, 113.42w/s, dev=1]
language_model.model.layers.13.input_layernorm.weight:  31%|███       | 379/1223 [00:03<00:07, 113.69w/s, dev=1]         
language_model.model.layers.13.input_layernorm_moe_gen.weight:  31%|███       | 380/1223 [00:03<00:07, 113.98w/s, dev=1]
language_model.model.layers.13.mlp.down_proj.weight:  31%|███       | 381/1223 [00:03<00:07, 114.28w/s, dev=1]          
language_model.model.layers.13.mlp.gate_proj.weight:  31%|███       | 382/1223 [00:03<00:07, 113.71w/s, dev=1]
language_model.model.layers.13.mlp.up_proj.weight:  31%|███▏      | 383/1223 [00:03<00:07, 113.14w/s, dev=1]  
language_model.model.layers.13.mlp_moe_gen.down_proj.weight:  31%|███▏      | 384/1223 [00:03<00:07, 112.58w/s, dev=1]
language_model.model.layers.13.mlp_moe_gen.gate_proj.weight:  31%|███▏      | 385/1223 [00:03<00:07, 112.04w/s, dev=1]
language_model.model.layers.13.mlp_moe_gen.up_proj.weight:  32%|███▏      | 386/1223 [00:03<00:07, 111.50w/s, dev=1]  
language_model.model.layers.13.post_attention_layernorm.weight:  32%|███▏      | 387/1223 [00:03<00:07, 110.97w/s, dev=1]
language_model.model.layers.13.post_attention_layernorm_moe_gen.weight:  32%|███▏      | 388/1223 [00:03<00:07, 111.25w/s, dev=1]
language_model.model.layers.13.self_attn.k_norm.weight:  32%|███▏      | 389/1223 [00:03<00:07, 111.53w/s, dev=1]                
language_model.model.layers.13.self_attn.k_norm_moe_gen.weight:  32%|███▏      | 390/1223 [00:03<00:07, 111.81w/s, dev=1]
language_model.model.layers.13.self_attn.k_proj.bias:  32%|███▏      | 391/1223 [00:03<00:07, 112.09w/s, dev=1]          
language_model.model.layers.13.self_attn.k_proj.weight:  32%|███▏      | 392/1223 [00:03<00:07, 112.38w/s, dev=1]
language_model.model.layers.13.self_attn.k_proj_moe_gen.bias:  32%|███▏      | 393/1223 [00:03<00:07, 112.64w/s, dev=1]
language_model.model.layers.13.self_attn.k_proj_moe_gen.weight:  32%|███▏      | 394/1223 [00:03<00:07, 112.92w/s, dev=1]
language_model.model.layers.13.self_attn.o_proj.weight:  32%|███▏      | 395/1223 [00:03<00:07, 113.18w/s, dev=1]        
language_model.model.layers.13.self_attn.o_proj_moe_gen.weight:  32%|███▏      | 396/1223 [00:03<00:07, 113.30w/s, dev=1]
language_model.model.layers.13.self_attn.q_norm.weight:  32%|███▏      | 397/1223 [00:03<00:07, 113.42w/s, dev=1]        
language_model.model.layers.13.self_attn.q_norm_moe_gen.weight:  33%|███▎      | 398/1223 [00:03<00:07, 113.70w/s, dev=1]
language_model.model.layers.13.self_attn.q_proj.bias:  33%|███▎      | 399/1223 [00:03<00:07, 113.98w/s, dev=1]          
language_model.model.layers.13.self_attn.q_proj.weight:  33%|███▎      | 400/1223 [00:03<00:07, 114.21w/s, dev=1]
language_model.model.layers.13.self_attn.q_proj_moe_gen.bias:  33%|███▎      | 401/1223 [00:03<00:07, 114.33w/s, dev=1]
language_model.model.layers.13.self_attn.q_proj_moe_gen.weight:  33%|███▎      | 402/1223 [00:03<00:07, 114.61w/s, dev=1]
language_model.model.layers.13.self_attn.v_proj.bias:  33%|███▎      | 403/1223 [00:03<00:07, 114.73w/s, dev=1]          
language_model.model.layers.13.self_attn.v_proj.weight:  33%|███▎      | 404/1223 [00:03<00:07, 115.00w/s, dev=1]
language_model.model.layers.13.self_attn.v_proj_moe_gen.bias:  33%|███▎      | 405/1223 [00:03<00:07, 115.26w/s, dev=1]
language_model.model.layers.13.self_attn.v_proj_moe_gen.weight:  33%|███▎      | 406/1223 [00:03<00:07, 115.54w/s, dev=1]
language_model.model.layers.14.input_layernorm.weight:  33%|███▎      | 407/1223 [00:03<00:07, 115.80w/s, dev=1]         
language_model.model.layers.14.input_layernorm_moe_gen.weight:  33%|███▎      | 408/1223 [00:03<00:07, 116.08w/s, dev=1]
language_model.model.layers.14.mlp.down_proj.weight:  33%|███▎      | 409/1223 [00:03<00:06, 116.36w/s, dev=1]          
language_model.model.layers.14.mlp.gate_proj.weight:  34%|███▎      | 410/1223 [00:03<00:07, 115.80w/s, dev=1]
language_model.model.layers.14.mlp.up_proj.weight:  34%|███▎      | 411/1223 [00:03<00:07, 115.25w/s, dev=1]  
language_model.model.layers.14.mlp.up_proj.weight:  34%|███▎      | 412/1223 [00:03<00:07, 114.70w/s, dev=1]
language_model.model.layers.14.mlp_moe_gen.down_proj.weight:  34%|███▎      | 412/1223 [00:03<00:07, 114.70w/s, dev=1]
language_model.model.layers.14.mlp_moe_gen.gate_proj.weight:  34%|███▍      | 413/1223 [00:03<00:07, 114.16w/s, dev=1]
language_model.model.layers.14.mlp_moe_gen.up_proj.weight:  34%|███▍      | 414/1223 [00:03<00:07, 113.64w/s, dev=1]  
language_model.model.layers.14.post_attention_layernorm.weight:  34%|███▍      | 415/1223 [00:03<00:07, 113.12w/s, dev=1]
language_model.model.layers.14.post_attention_layernorm_moe_gen.weight:  34%|███▍      | 416/1223 [00:03<00:07, 113.38w/s, dev=1]
language_model.model.layers.14.self_attn.k_norm.weight:  34%|███▍      | 417/1223 [00:03<00:07, 113.65w/s, dev=1]                
language_model.model.layers.14.self_attn.k_norm_moe_gen.weight:  34%|███▍      | 418/1223 [00:03<00:07, 113.92w/s, dev=1]
language_model.model.layers.14.self_attn.k_proj.bias:  34%|███▍      | 419/1223 [00:03<00:07, 114.19w/s, dev=1]          
language_model.model.layers.14.self_attn.k_proj.weight:  34%|███▍      | 420/1223 [00:03<00:07, 114.46w/s, dev=1]
language_model.model.layers.14.self_attn.k_proj_moe_gen.bias:  34%|███▍      | 421/1223 [00:03<00:06, 114.70w/s, dev=1]
language_model.model.layers.14.self_attn.k_proj_moe_gen.weight:  35%|███▍      | 422/1223 [00:03<00:06, 114.96w/s, dev=1]
language_model.model.layers.14.self_attn.o_proj.weight:  35%|███▍      | 423/1223 [00:03<00:06, 115.21w/s, dev=1]        
language_model.model.layers.14.self_attn.o_proj_moe_gen.weight:  35%|███▍      | 424/1223 [00:03<00:06, 115.32w/s, dev=1]
language_model.model.layers.14.self_attn.q_norm.weight:  35%|███▍      | 425/1223 [00:03<00:06, 115.43w/s, dev=1]        
language_model.model.layers.14.self_attn.q_norm_moe_gen.weight:  35%|███▍      | 426/1223 [00:03<00:06, 115.70w/s, dev=1]
language_model.model.layers.14.self_attn.q_proj.bias:  35%|███▍      | 427/1223 [00:03<00:06, 115.96w/s, dev=1]          
language_model.model.layers.14.self_attn.q_proj.weight:  35%|███▍      | 428/1223 [00:03<00:06, 116.23w/s, dev=1]
language_model.model.layers.14.self_attn.q_proj_moe_gen.bias:  35%|███▌      | 429/1223 [00:03<00:06, 116.34w/s, dev=1]
language_model.model.layers.14.self_attn.q_proj_moe_gen.weight:  35%|███▌      | 430/1223 [00:03<00:06, 116.61w/s, dev=1]
language_model.model.layers.14.self_attn.v_proj.bias:  35%|███▌      | 431/1223 [00:03<00:06, 116.72w/s, dev=1]          
language_model.model.layers.14.self_attn.v_proj.weight:  35%|███▌      | 432/1223 [00:03<00:06, 116.99w/s, dev=1]
language_model.model.layers.14.self_attn.v_proj_moe_gen.bias:  35%|███▌      | 433/1223 [00:03<00:06, 117.23w/s, dev=1]
language_model.model.layers.14.self_attn.v_proj_moe_gen.weight:  35%|███▌      | 434/1223 [00:03<00:06, 117.50w/s, dev=1]
language_model.model.layers.15.input_layernorm.weight:  36%|███▌      | 435/1223 [00:03<00:06, 117.74w/s, dev=1]         
language_model.model.layers.15.input_layernorm_moe_gen.weight:  36%|███▌      | 436/1223 [00:03<00:06, 118.01w/s, dev=1]
language_model.model.layers.15.mlp.down_proj.weight:  36%|███▌      | 437/1223 [00:03<00:06, 118.27w/s, dev=1]          
language_model.model.layers.15.mlp.gate_proj.weight:  36%|███▌      | 438/1223 [00:03<00:06, 117.73w/s, dev=1]
language_model.model.layers.15.mlp.up_proj.weight:  36%|███▌      | 439/1223 [00:03<00:06, 117.19w/s, dev=1]  
language_model.model.layers.15.mlp_moe_gen.down_proj.weight:  36%|███▌      | 440/1223 [00:03<00:06, 116.66w/s, dev=1]
language_model.model.layers.15.mlp_moe_gen.gate_proj.weight:  36%|███▌      | 441/1223 [00:03<00:06, 116.13w/s, dev=1]
language_model.model.layers.15.mlp_moe_gen.up_proj.weight:  36%|███▌      | 442/1223 [00:03<00:06, 115.62w/s, dev=1]  
language_model.model.layers.15.post_attention_layernorm.weight:  36%|███▌      | 443/1223 [00:03<00:06, 115.11w/s, dev=1]
language_model.model.layers.15.post_attention_layernorm_moe_gen.weight:  36%|███▋      | 444/1223 [00:03<00:06, 115.36w/s, dev=1]
language_model.model.layers.15.self_attn.k_norm.weight:  36%|███▋      | 445/1223 [00:03<00:06, 115.62w/s, dev=1]                
language_model.model.layers.15.self_attn.k_norm_moe_gen.weight:  36%|███▋      | 446/1223 [00:03<00:06, 115.87w/s, dev=1]
language_model.model.layers.15.self_attn.k_proj.bias:  37%|███▋      | 447/1223 [00:03<00:06, 116.13w/s, dev=1]          
language_model.model.layers.15.self_attn.k_proj.bias:  37%|███▋      | 448/1223 [00:03<00:06, 116.38w/s, dev=1]
language_model.model.layers.15.self_attn.k_proj.weight:  37%|███▋      | 448/1223 [00:03<00:06, 116.38w/s, dev=1]
language_model.model.layers.15.self_attn.k_proj_moe_gen.bias:  37%|███▋      | 449/1223 [00:03<00:06, 116.62w/s, dev=1]
language_model.model.layers.15.self_attn.k_proj_moe_gen.weight:  37%|███▋      | 450/1223 [00:03<00:06, 116.87w/s, dev=1]
language_model.model.layers.15.self_attn.o_proj.weight:  37%|███▋      | 451/1223 [00:03<00:06, 117.10w/s, dev=1]        
language_model.model.layers.15.self_attn.o_proj_moe_gen.weight:  37%|███▋      | 452/1223 [00:03<00:06, 117.20w/s, dev=1]
language_model.model.layers.15.self_attn.q_norm.weight:  37%|███▋      | 453/1223 [00:03<00:06, 117.30w/s, dev=1]        
language_model.model.layers.15.self_attn.q_norm_moe_gen.weight:  37%|███▋      | 454/1223 [00:03<00:06, 117.55w/s, dev=1]
language_model.model.layers.15.self_attn.q_proj.bias:  37%|███▋      | 455/1223 [00:03<00:06, 117.81w/s, dev=1]          
language_model.model.layers.15.self_attn.q_proj.weight:  37%|███▋      | 456/1223 [00:03<00:06, 118.06w/s, dev=1]
language_model.model.layers.15.self_attn.q_proj_moe_gen.bias:  37%|███▋      | 457/1223 [00:03<00:06, 118.17w/s, dev=1]
language_model.model.layers.15.self_attn.q_proj_moe_gen.weight:  37%|███▋      | 458/1223 [00:03<00:06, 118.42w/s, dev=1]
language_model.model.layers.15.self_attn.v_proj.bias:  38%|███▊      | 459/1223 [00:03<00:06, 118.52w/s, dev=1]          
language_model.model.layers.15.self_attn.v_proj.weight:  38%|███▊      | 460/1223 [00:03<00:06, 118.77w/s, dev=1]
language_model.model.layers.15.self_attn.v_proj_moe_gen.bias:  38%|███▊      | 461/1223 [00:03<00:06, 119.01w/s, dev=1]
language_model.model.layers.15.self_attn.v_proj_moe_gen.weight:  38%|███▊      | 462/1223 [00:03<00:06, 119.26w/s, dev=1]
language_model.model.layers.16.input_layernorm.weight:  38%|███▊      | 463/1223 [00:03<00:06, 119.49w/s, dev=1]         
language_model.model.layers.16.input_layernorm_moe_gen.weight:  38%|███▊      | 464/1223 [00:03<00:06, 119.74w/s, dev=1]
language_model.model.layers.16.mlp.down_proj.weight:  38%|███▊      | 465/1223 [00:03<00:06, 120.00w/s, dev=1]          
language_model.model.layers.16.mlp.gate_proj.weight:  38%|███▊      | 466/1223 [00:03<00:06, 119.47w/s, dev=1]
language_model.model.layers.16.mlp.up_proj.weight:  38%|███▊      | 467/1223 [00:03<00:06, 118.95w/s, dev=1]  
language_model.model.layers.16.mlp_moe_gen.down_proj.weight:  38%|███▊      | 468/1223 [00:03<00:06, 118.43w/s, dev=1]
language_model.model.layers.16.mlp_moe_gen.gate_proj.weight:  38%|███▊      | 469/1223 [00:03<00:06, 117.92w/s, dev=1]
language_model.model.layers.16.mlp_moe_gen.up_proj.weight:  38%|███▊      | 470/1223 [00:04<00:06, 117.42w/s, dev=1]  
language_model.model.layers.16.post_attention_layernorm.weight:  39%|███▊      | 471/1223 [00:04<00:06, 116.92w/s, dev=1]
language_model.model.layers.16.post_attention_layernorm_moe_gen.weight:  39%|███▊      | 472/1223 [00:04<00:06, 117.16w/s, dev=1]
language_model.model.layers.16.self_attn.k_norm.weight:  39%|███▊      | 473/1223 [00:04<00:06, 117.41w/s, dev=1]                
language_model.model.layers.16.self_attn.k_norm_moe_gen.weight:  39%|███▉      | 474/1223 [00:04<00:06, 117.65w/s, dev=1]
language_model.model.layers.16.self_attn.k_proj.bias:  39%|███▉      | 475/1223 [00:04<00:06, 117.90w/s, dev=1]          
language_model.model.layers.16.self_attn.k_proj.weight:  39%|███▉      | 476/1223 [00:04<00:06, 118.14w/s, dev=1]
language_model.model.layers.16.self_attn.k_proj_moe_gen.bias:  39%|███▉      | 477/1223 [00:04<00:06, 118.36w/s, dev=1]
language_model.model.layers.16.self_attn.k_proj_moe_gen.weight:  39%|███▉      | 478/1223 [00:04<00:06, 118.61w/s, dev=1]
language_model.model.layers.16.self_attn.o_proj.weight:  39%|███▉      | 479/1223 [00:04<00:06, 118.83w/s, dev=1]        
language_model.model.layers.16.self_attn.o_proj_moe_gen.weight:  39%|███▉      | 480/1223 [00:04<00:06, 118.93w/s, dev=1]
language_model.model.layers.16.self_attn.q_norm.weight:  39%|███▉      | 481/1223 [00:04<00:06, 119.03w/s, dev=1]        
language_model.model.layers.16.self_attn.q_norm_moe_gen.weight:  39%|███▉      | 482/1223 [00:04<00:06, 119.27w/s, dev=1]
language_model.model.layers.16.self_attn.q_proj.bias:  39%|███▉      | 483/1223 [00:04<00:06, 119.51w/s, dev=1]          
language_model.model.layers.16.self_attn.q_proj.bias:  40%|███▉      | 484/1223 [00:04<00:06, 119.76w/s, dev=1]
language_model.model.layers.16.self_attn.q_proj.weight:  40%|███▉      | 484/1223 [00:04<00:06, 119.75w/s, dev=1]
language_model.model.layers.16.self_attn.q_proj_moe_gen.bias:  40%|███▉      | 485/1223 [00:04<00:06, 119.85w/s, dev=1]
language_model.model.layers.16.self_attn.q_proj_moe_gen.weight:  40%|███▉      | 486/1223 [00:04<00:06, 120.09w/s, dev=1]
language_model.model.layers.16.self_attn.v_proj.bias:  40%|███▉      | 487/1223 [00:04<00:06, 120.19w/s, dev=1]          
language_model.model.layers.16.self_attn.v_proj.weight:  40%|███▉      | 488/1223 [00:04<00:06, 120.43w/s, dev=1]
language_model.model.layers.16.self_attn.v_proj_moe_gen.bias:  40%|███▉      | 489/1223 [00:04<00:06, 120.65w/s, dev=1]
language_model.model.layers.16.self_attn.v_proj_moe_gen.weight:  40%|████      | 490/1223 [00:04<00:06, 120.89w/s, dev=1]
language_model.model.layers.17.input_layernorm.weight:  40%|████      | 491/1223 [00:04<00:06, 121.11w/s, dev=1]         
language_model.model.layers.17.input_layernorm_moe_gen.weight:  40%|████      | 492/1223 [00:04<00:06, 121.35w/s, dev=1]
language_model.model.layers.17.mlp.down_proj.weight:  40%|████      | 493/1223 [00:04<00:06, 121.60w/s, dev=1]          
language_model.model.layers.17.mlp.gate_proj.weight:  40%|████      | 494/1223 [00:04<00:06, 121.08w/s, dev=1]
language_model.model.layers.17.mlp.up_proj.weight:  40%|████      | 495/1223 [00:04<00:06, 120.57w/s, dev=1]  
language_model.model.layers.17.mlp_moe_gen.down_proj.weight:  41%|████      | 496/1223 [00:04<00:06, 120.06w/s, dev=1]
language_model.model.layers.17.mlp_moe_gen.gate_proj.weight:  41%|████      | 497/1223 [00:04<00:06, 119.56w/s, dev=1]
language_model.model.layers.17.mlp_moe_gen.up_proj.weight:  41%|████      | 498/1223 [00:04<00:06, 119.07w/s, dev=1]  
language_model.model.layers.17.post_attention_layernorm.weight:  41%|████      | 499/1223 [00:04<00:06, 118.58w/s, dev=1]
language_model.model.layers.17.post_attention_layernorm_moe_gen.weight:  41%|████      | 500/1223 [00:04<00:06, 118.81w/s, dev=1]
language_model.model.layers.17.self_attn.k_norm.weight:  41%|████      | 501/1223 [00:04<00:06, 119.04w/s, dev=1]                
language_model.model.layers.17.self_attn.k_norm_moe_gen.weight:  41%|████      | 502/1223 [00:04<00:06, 119.28w/s, dev=1]
language_model.model.layers.17.self_attn.k_proj.bias:  41%|████      | 503/1223 [00:04<00:06, 119.51w/s, dev=1]          
language_model.model.layers.17.self_attn.k_proj.weight:  41%|████      | 504/1223 [00:04<00:06, 119.75w/s, dev=1]
language_model.model.layers.17.self_attn.k_proj_moe_gen.bias:  41%|████▏     | 505/1223 [00:04<00:05, 119.96w/s, dev=1]
language_model.model.layers.17.self_attn.k_proj_moe_gen.weight:  41%|████▏     | 506/1223 [00:04<00:05, 120.19w/s, dev=1]
language_model.model.layers.17.self_attn.o_proj.weight:  41%|████▏     | 507/1223 [00:04<00:05, 120.41w/s, dev=1]        
language_model.model.layers.17.self_attn.o_proj_moe_gen.weight:  42%|████▏     | 508/1223 [00:04<00:05, 120.50w/s, dev=1]
language_model.model.layers.17.self_attn.q_norm.weight:  42%|████▏     | 509/1223 [00:04<00:05, 120.59w/s, dev=1]        
language_model.model.layers.17.self_attn.q_norm_moe_gen.weight:  42%|████▏     | 510/1223 [00:04<00:05, 120.82w/s, dev=1]
language_model.model.layers.17.self_attn.q_proj.bias:  42%|████▏     | 511/1223 [00:04<00:05, 121.05w/s, dev=1]          
language_model.model.layers.17.self_attn.q_proj.weight:  42%|████▏     | 512/1223 [00:04<00:05, 121.29w/s, dev=1]
language_model.model.layers.17.self_attn.q_proj_moe_gen.bias:  42%|████▏     | 513/1223 [00:04<00:05, 121.38w/s, dev=1]
language_model.model.layers.17.self_attn.q_proj_moe_gen.weight:  42%|████▏     | 514/1223 [00:04<00:05, 121.61w/s, dev=1]
language_model.model.layers.17.self_attn.v_proj.bias:  42%|████▏     | 515/1223 [00:04<00:05, 121.70w/s, dev=1]          
language_model.model.layers.17.self_attn.v_proj.weight:  42%|████▏     | 516/1223 [00:04<00:05, 121.93w/s, dev=1]
language_model.model.layers.17.self_attn.v_proj_moe_gen.bias:  42%|████▏     | 517/1223 [00:04<00:05, 122.14w/s, dev=1]
language_model.model.layers.17.self_attn.v_proj_moe_gen.weight:  42%|████▏     | 518/1223 [00:04<00:05, 122.38w/s, dev=1]
language_model.model.layers.18.input_layernorm.weight:  42%|████▏     | 519/1223 [00:04<00:05, 122.58w/s, dev=1]         
language_model.model.layers.18.input_layernorm.weight:  43%|████▎     | 520/1223 [00:04<00:05, 122.81w/s, dev=1]
language_model.model.layers.18.input_layernorm_moe_gen.weight:  43%|████▎     | 520/1223 [00:04<00:05, 122.81w/s, dev=1]
language_model.model.layers.18.mlp.down_proj.weight:  43%|████▎     | 521/1223 [00:04<00:05, 123.04w/s, dev=1]          
language_model.model.layers.18.mlp.gate_proj.weight:  43%|████▎     | 522/1223 [00:04<00:05, 122.54w/s, dev=1]
language_model.model.layers.18.mlp.up_proj.weight:  43%|████▎     | 523/1223 [00:04<00:05, 122.04w/s, dev=1]  
language_model.model.layers.18.mlp_moe_gen.down_proj.weight:  43%|████▎     | 524/1223 [00:04<00:05, 121.55w/s, dev=1]
language_model.model.layers.18.mlp_moe_gen.gate_proj.weight:  43%|████▎     | 525/1223 [00:04<00:05, 121.05w/s, dev=1]
language_model.model.layers.18.mlp_moe_gen.up_proj.weight:  43%|████▎     | 526/1223 [00:04<00:05, 120.56w/s, dev=1]  
language_model.model.layers.18.post_attention_layernorm.weight:  43%|████▎     | 527/1223 [00:04<00:05, 120.08w/s, dev=1]
language_model.model.layers.18.post_attention_layernorm_moe_gen.weight:  43%|████▎     | 528/1223 [00:04<00:05, 120.30w/s, dev=1]
language_model.model.layers.18.self_attn.k_norm.weight:  43%|████▎     | 529/1223 [00:04<00:05, 120.53w/s, dev=1]                
language_model.model.layers.18.self_attn.k_norm_moe_gen.weight:  43%|████▎     | 530/1223 [00:04<00:05, 120.75w/s, dev=1]
language_model.model.layers.18.self_attn.k_proj.bias:  43%|████▎     | 531/1223 [00:04<00:05, 120.98w/s, dev=1]          
language_model.model.layers.18.self_attn.k_proj.weight:  43%|████▎     | 532/1223 [00:04<00:05, 121.20w/s, dev=1]
language_model.model.layers.18.self_attn.k_proj_moe_gen.bias:  44%|████▎     | 533/1223 [00:04<00:05, 121.41w/s, dev=1]
language_model.model.layers.18.self_attn.k_proj_moe_gen.weight:  44%|████▎     | 534/1223 [00:04<00:05, 121.63w/s, dev=1]
language_model.model.layers.18.self_attn.o_proj.weight:  44%|████▎     | 535/1223 [00:04<00:05, 121.84w/s, dev=1]        
language_model.model.layers.18.self_attn.o_proj_moe_gen.weight:  44%|████▍     | 536/1223 [00:04<00:05, 121.92w/s, dev=1]
language_model.model.layers.18.self_attn.q_norm.weight:  44%|████▍     | 537/1223 [00:04<00:05, 122.01w/s, dev=1]        
language_model.model.layers.18.self_attn.q_norm_moe_gen.weight:  44%|████▍     | 538/1223 [00:04<00:05, 122.23w/s, dev=1]
language_model.model.layers.18.self_attn.q_proj.bias:  44%|████▍     | 539/1223 [00:04<00:05, 122.45w/s, dev=1]          
language_model.model.layers.18.self_attn.q_proj.weight:  44%|████▍     | 540/1223 [00:04<00:05, 122.68w/s, dev=1]
language_model.model.layers.18.self_attn.q_proj_moe_gen.bias:  44%|████▍     | 541/1223 [00:04<00:05, 122.76w/s, dev=1]
language_model.model.layers.18.self_attn.q_proj_moe_gen.weight:  44%|████▍     | 542/1223 [00:04<00:05, 122.98w/s, dev=1]
language_model.model.layers.18.self_attn.v_proj.bias:  44%|████▍     | 543/1223 [00:04<00:05, 123.07w/s, dev=1]          
language_model.model.layers.18.self_attn.v_proj.weight:  44%|████▍     | 544/1223 [00:04<00:05, 123.29w/s, dev=1]
language_model.model.layers.18.self_attn.v_proj_moe_gen.bias:  45%|████▍     | 545/1223 [00:04<00:05, 123.49w/s, dev=1]
language_model.model.layers.18.self_attn.v_proj_moe_gen.weight:  45%|████▍     | 546/1223 [00:04<00:05, 123.72w/s, dev=1]
language_model.model.layers.19.input_layernorm.weight:  45%|████▍     | 547/1223 [00:04<00:05, 123.92w/s, dev=1]         
language_model.model.layers.19.input_layernorm_moe_gen.weight:  45%|████▍     | 548/1223 [00:04<00:05, 124.14w/s, dev=1]
language_model.model.layers.19.mlp.down_proj.weight:  45%|████▍     | 549/1223 [00:04<00:05, 124.36w/s, dev=1]          
language_model.model.layers.19.mlp.gate_proj.weight:  45%|████▍     | 550/1223 [00:04<00:05, 123.88w/s, dev=1]
language_model.model.layers.19.mlp.up_proj.weight:  45%|████▌     | 551/1223 [00:04<00:05, 123.39w/s, dev=1]  
language_model.model.layers.19.mlp_moe_gen.down_proj.weight:  45%|████▌     | 552/1223 [00:04<00:05, 122.91w/s, dev=1]
language_model.model.layers.19.mlp_moe_gen.gate_proj.weight:  45%|████▌     | 553/1223 [00:04<00:05, 122.44w/s, dev=1]
language_model.model.layers.19.mlp_moe_gen.up_proj.weight:  45%|████▌     | 554/1223 [00:04<00:05, 121.97w/s, dev=1]  
language_model.model.layers.19.post_attention_layernorm.weight:  45%|████▌     | 555/1223 [00:04<00:05, 121.50w/s, dev=1]
language_model.model.layers.19.post_attention_layernorm.weight:  45%|████▌     | 556/1223 [00:04<00:05, 121.72w/s, dev=1]
language_model.model.layers.19.post_attention_layernorm_moe_gen.weight:  45%|████▌     | 556/1223 [00:04<00:05, 121.71w/s, dev=1]
language_model.model.layers.19.self_attn.k_norm.weight:  46%|████▌     | 557/1223 [00:04<00:05, 121.93w/s, dev=1]                
language_model.model.layers.19.self_attn.k_norm_moe_gen.weight:  46%|████▌     | 558/1223 [00:04<00:05, 122.14w/s, dev=1]
language_model.model.layers.19.self_attn.k_proj.bias:  46%|████▌     | 559/1223 [00:04<00:05, 122.36w/s, dev=1]          
language_model.model.layers.19.self_attn.k_proj.weight:  46%|████▌     | 560/1223 [00:04<00:05, 122.58w/s, dev=1]
language_model.model.layers.19.self_attn.k_proj_moe_gen.bias:  46%|████▌     | 561/1223 [00:04<00:05, 122.77w/s, dev=1]
language_model.model.layers.19.self_attn.k_proj_moe_gen.weight:  46%|████▌     | 562/1223 [00:04<00:05, 122.98w/s, dev=1]
language_model.model.layers.19.self_attn.o_proj.weight:  46%|████▌     | 563/1223 [00:04<00:05, 123.18w/s, dev=1]        
language_model.model.layers.19.self_attn.o_proj_moe_gen.weight:  46%|████▌     | 564/1223 [00:04<00:05, 123.26w/s, dev=1]
language_model.model.layers.19.self_attn.q_norm.weight:  46%|████▌     | 565/1223 [00:04<00:05, 123.34w/s, dev=1]        
language_model.model.layers.19.self_attn.q_norm_moe_gen.weight:  46%|████▋     | 566/1223 [00:04<00:05, 123.55w/s, dev=1]
language_model.model.layers.19.self_attn.q_proj.bias:  46%|████▋     | 567/1223 [00:04<00:05, 123.77w/s, dev=1]          
language_model.model.layers.19.self_attn.q_proj.weight:  46%|████▋     | 568/1223 [00:04<00:05, 123.98w/s, dev=1]
language_model.model.layers.19.self_attn.q_proj_moe_gen.bias:  47%|████▋     | 569/1223 [00:04<00:05, 124.06w/s, dev=1]
language_model.model.layers.19.self_attn.q_proj_moe_gen.weight:  47%|████▋     | 570/1223 [00:04<00:05, 124.28w/s, dev=1]
language_model.model.layers.19.self_attn.v_proj.bias:  47%|████▋     | 571/1223 [00:04<00:05, 124.36w/s, dev=1]          
language_model.model.layers.19.self_attn.v_proj.weight:  47%|████▋     | 572/1223 [00:04<00:05, 124.57w/s, dev=1]
language_model.model.layers.19.self_attn.v_proj_moe_gen.bias:  47%|████▋     | 573/1223 [00:04<00:05, 124.77w/s, dev=1]
language_model.model.layers.19.self_attn.v_proj_moe_gen.weight:  47%|████▋     | 574/1223 [00:04<00:05, 124.98w/s, dev=1]
language_model.model.layers.20.input_layernorm.weight:  47%|████▋     | 575/1223 [00:05<00:05, 112.78w/s, dev=cpu]       
language_model.model.layers.20.input_layernorm_moe_gen.weight:  47%|████▋     | 576/1223 [00:05<00:05, 112.97w/s, dev=cpu]
language_model.model.layers.20.mlp.down_proj.weight:  47%|████▋     | 577/1223 [00:05<00:05, 113.16w/s, dev=cpu]          
language_model.model.layers.20.mlp.gate_proj.weight:  47%|████▋     | 578/1223 [00:05<00:05, 113.35w/s, dev=cpu]
language_model.model.layers.20.mlp.up_proj.weight:  47%|████▋     | 579/1223 [00:05<00:05, 113.55w/s, dev=cpu]  
language_model.model.layers.20.mlp_moe_gen.down_proj.weight:  47%|████▋     | 580/1223 [00:05<00:05, 113.74w/s, dev=cpu]
language_model.model.layers.20.mlp_moe_gen.gate_proj.weight:  48%|████▊     | 581/1223 [00:05<00:05, 113.94w/s, dev=cpu]
language_model.model.layers.20.mlp_moe_gen.up_proj.weight:  48%|████▊     | 582/1223 [00:05<00:05, 114.13w/s, dev=cpu]  
language_model.model.layers.20.post_attention_layernorm.weight:  48%|████▊     | 583/1223 [00:05<00:05, 114.32w/s, dev=cpu]
language_model.model.layers.20.post_attention_layernorm_moe_gen.weight:  48%|████▊     | 584/1223 [00:05<00:05, 114.52w/s, dev=cpu]
language_model.model.layers.20.self_attn.k_norm.weight:  48%|████▊     | 585/1223 [00:05<00:05, 114.71w/s, dev=cpu]                
language_model.model.layers.20.self_attn.k_norm_moe_gen.weight:  48%|████▊     | 586/1223 [00:05<00:05, 114.91w/s, dev=cpu]
language_model.model.layers.20.self_attn.k_proj.bias:  48%|████▊     | 587/1223 [00:05<00:05, 115.10w/s, dev=cpu]          
language_model.model.layers.20.self_attn.k_proj.weight:  48%|████▊     | 588/1223 [00:05<00:05, 115.29w/s, dev=cpu]
language_model.model.layers.20.self_attn.k_proj_moe_gen.bias:  48%|████▊     | 589/1223 [00:05<00:05, 115.49w/s, dev=cpu]
language_model.model.layers.20.self_attn.k_proj_moe_gen.weight:  48%|████▊     | 590/1223 [00:05<00:05, 115.68w/s, dev=cpu]
language_model.model.layers.20.self_attn.o_proj.weight:  48%|████▊     | 591/1223 [00:05<00:05, 115.88w/s, dev=cpu]        
language_model.model.layers.20.self_attn.o_proj.weight:  48%|████▊     | 592/1223 [00:05<00:05, 116.07w/s, dev=cpu]
language_model.model.layers.20.self_attn.o_proj_moe_gen.weight:  48%|████▊     | 592/1223 [00:05<00:05, 116.07w/s, dev=cpu]
language_model.model.layers.20.self_attn.q_norm.weight:  48%|████▊     | 593/1223 [00:05<00:05, 116.26w/s, dev=cpu]        
language_model.model.layers.20.self_attn.q_norm_moe_gen.weight:  49%|████▊     | 594/1223 [00:05<00:05, 116.46w/s, dev=cpu]
language_model.model.layers.20.self_attn.q_proj.bias:  49%|████▊     | 595/1223 [00:05<00:05, 116.65w/s, dev=cpu]          
language_model.model.layers.20.self_attn.q_proj.weight:  49%|████▊     | 596/1223 [00:05<00:05, 116.85w/s, dev=cpu]
language_model.model.layers.20.self_attn.q_proj_moe_gen.bias:  49%|████▉     | 597/1223 [00:05<00:05, 117.04w/s, dev=cpu]
language_model.model.layers.20.self_attn.q_proj_moe_gen.weight:  49%|████▉     | 598/1223 [00:05<00:05, 117.24w/s, dev=cpu]
language_model.model.layers.20.self_attn.v_proj.bias:  49%|████▉     | 599/1223 [00:05<00:05, 117.43w/s, dev=cpu]          
language_model.model.layers.20.self_attn.v_proj.weight:  49%|████▉     | 600/1223 [00:05<00:05, 117.62w/s, dev=cpu]
language_model.model.layers.20.self_attn.v_proj_moe_gen.bias:  49%|████▉     | 601/1223 [00:05<00:05, 117.82w/s, dev=cpu]
language_model.model.layers.20.self_attn.v_proj_moe_gen.weight:  49%|████▉     | 602/1223 [00:05<00:05, 118.01w/s, dev=cpu]
language_model.model.layers.21.input_layernorm.weight:  49%|████▉     | 603/1223 [00:05<00:05, 118.21w/s, dev=cpu]         
language_model.model.layers.21.input_layernorm_moe_gen.weight:  49%|████▉     | 604/1223 [00:05<00:05, 118.40w/s, dev=cpu]
language_model.model.layers.21.mlp.down_proj.weight:  49%|████▉     | 605/1223 [00:05<00:05, 118.59w/s, dev=cpu]          
language_model.model.layers.21.mlp.gate_proj.weight:  50%|████▉     | 606/1223 [00:05<00:05, 118.79w/s, dev=cpu]
language_model.model.layers.21.mlp.up_proj.weight:  50%|████▉     | 607/1223 [00:05<00:05, 118.98w/s, dev=cpu]  
language_model.model.layers.21.mlp_moe_gen.down_proj.weight:  50%|████▉     | 608/1223 [00:05<00:05, 119.18w/s, dev=cpu]
language_model.model.layers.21.mlp_moe_gen.gate_proj.weight:  50%|████▉     | 609/1223 [00:05<00:05, 119.37w/s, dev=cpu]
language_model.model.layers.21.mlp_moe_gen.up_proj.weight:  50%|████▉     | 610/1223 [00:05<00:05, 119.56w/s, dev=cpu]  
language_model.model.layers.21.post_attention_layernorm.weight:  50%|████▉     | 611/1223 [00:05<00:05, 119.76w/s, dev=cpu]
language_model.model.layers.21.post_attention_layernorm_moe_gen.weight:  50%|█████     | 612/1223 [00:05<00:05, 119.95w/s, dev=cpu]
language_model.model.layers.21.self_attn.k_norm.weight:  50%|█████     | 613/1223 [00:05<00:05, 120.15w/s, dev=cpu]                
language_model.model.layers.21.self_attn.k_norm_moe_gen.weight:  50%|█████     | 614/1223 [00:05<00:05, 120.34w/s, dev=cpu]
language_model.model.layers.21.self_attn.k_proj.bias:  50%|█████     | 615/1223 [00:05<00:05, 120.53w/s, dev=cpu]          
language_model.model.layers.21.self_attn.k_proj.weight:  50%|█████     | 616/1223 [00:05<00:05, 120.73w/s, dev=cpu]
language_model.model.layers.21.self_attn.k_proj_moe_gen.bias:  50%|█████     | 617/1223 [00:05<00:05, 120.92w/s, dev=cpu]
language_model.model.layers.21.self_attn.k_proj_moe_gen.weight:  51%|█████     | 618/1223 [00:05<00:04, 121.12w/s, dev=cpu]
language_model.model.layers.21.self_attn.o_proj.weight:  51%|█████     | 619/1223 [00:05<00:04, 121.31w/s, dev=cpu]        
language_model.model.layers.21.self_attn.o_proj_moe_gen.weight:  51%|█████     | 620/1223 [00:05<00:04, 121.50w/s, dev=cpu]
language_model.model.layers.21.self_attn.q_norm.weight:  51%|█████     | 621/1223 [00:05<00:04, 121.70w/s, dev=cpu]        
language_model.model.layers.21.self_attn.q_norm_moe_gen.weight:  51%|█████     | 622/1223 [00:05<00:04, 121.89w/s, dev=cpu]
language_model.model.layers.21.self_attn.q_proj.bias:  51%|█████     | 623/1223 [00:05<00:04, 122.09w/s, dev=cpu]          
language_model.model.layers.21.self_attn.q_proj.weight:  51%|█████     | 624/1223 [00:05<00:04, 122.28w/s, dev=cpu]
language_model.model.layers.21.self_attn.q_proj_moe_gen.bias:  51%|█████     | 625/1223 [00:05<00:04, 122.48w/s, dev=cpu]
language_model.model.layers.21.self_attn.q_proj_moe_gen.weight:  51%|█████     | 626/1223 [00:05<00:04, 122.67w/s, dev=cpu]
language_model.model.layers.21.self_attn.v_proj.bias:  51%|█████▏    | 627/1223 [00:05<00:04, 122.86w/s, dev=cpu]          
language_model.model.layers.21.self_attn.v_proj.weight:  51%|█████▏    | 628/1223 [00:05<00:04, 123.06w/s, dev=cpu]
language_model.model.layers.21.self_attn.v_proj_moe_gen.bias:  51%|█████▏    | 629/1223 [00:05<00:04, 123.25w/s, dev=cpu]
language_model.model.layers.21.self_attn.v_proj_moe_gen.weight:  52%|█████▏    | 630/1223 [00:05<00:04, 123.45w/s, dev=cpu]
language_model.model.layers.22.input_layernorm.weight:  52%|█████▏    | 631/1223 [00:05<00:04, 123.64w/s, dev=cpu]         
language_model.model.layers.22.input_layernorm_moe_gen.weight:  52%|█████▏    | 632/1223 [00:05<00:04, 123.83w/s, dev=cpu]
language_model.model.layers.22.mlp.down_proj.weight:  52%|█████▏    | 633/1223 [00:05<00:04, 124.03w/s, dev=cpu]          
language_model.model.layers.22.mlp.gate_proj.weight:  52%|█████▏    | 634/1223 [00:05<00:04, 124.22w/s, dev=cpu]
language_model.model.layers.22.mlp.up_proj.weight:  52%|█████▏    | 635/1223 [00:05<00:04, 124.42w/s, dev=cpu]  
language_model.model.layers.22.mlp_moe_gen.down_proj.weight:  52%|█████▏    | 636/1223 [00:05<00:04, 124.61w/s, dev=cpu]
language_model.model.layers.22.mlp_moe_gen.gate_proj.weight:  52%|█████▏    | 637/1223 [00:05<00:04, 124.80w/s, dev=cpu]
language_model.model.layers.22.mlp_moe_gen.up_proj.weight:  52%|█████▏    | 638/1223 [00:05<00:04, 125.00w/s, dev=cpu]  
language_model.model.layers.22.post_attention_layernorm.weight:  52%|█████▏    | 639/1223 [00:05<00:04, 125.19w/s, dev=cpu]
language_model.model.layers.22.post_attention_layernorm_moe_gen.weight:  52%|█████▏    | 640/1223 [00:05<00:04, 125.38w/s, dev=cpu]
language_model.model.layers.22.self_attn.k_norm.weight:  52%|█████▏    | 641/1223 [00:05<00:04, 125.58w/s, dev=cpu]                
language_model.model.layers.22.self_attn.k_norm_moe_gen.weight:  52%|█████▏    | 642/1223 [00:05<00:04, 125.77w/s, dev=cpu]
language_model.model.layers.22.self_attn.k_proj.bias:  53%|█████▎    | 643/1223 [00:05<00:04, 125.97w/s, dev=cpu]          
language_model.model.layers.22.self_attn.k_proj.weight:  53%|█████▎    | 644/1223 [00:05<00:04, 126.16w/s, dev=cpu]
language_model.model.layers.22.self_attn.k_proj_moe_gen.bias:  53%|█████▎    | 645/1223 [00:05<00:04, 126.35w/s, dev=cpu]
language_model.model.layers.22.self_attn.k_proj_moe_gen.weight:  53%|█████▎    | 646/1223 [00:05<00:04, 126.55w/s, dev=cpu]
language_model.model.layers.22.self_attn.o_proj.weight:  53%|█████▎    | 647/1223 [00:05<00:04, 126.74w/s, dev=cpu]        
language_model.model.layers.22.self_attn.o_proj_moe_gen.weight:  53%|█████▎    | 648/1223 [00:05<00:04, 126.94w/s, dev=cpu]
language_model.model.layers.22.self_attn.q_norm.weight:  53%|█████▎    | 649/1223 [00:05<00:04, 127.13w/s, dev=cpu]        
language_model.model.layers.22.self_attn.q_norm_moe_gen.weight:  53%|█████▎    | 650/1223 [00:05<00:04, 127.32w/s, dev=cpu]
language_model.model.layers.22.self_attn.q_proj.bias:  53%|█████▎    | 651/1223 [00:05<00:04, 127.52w/s, dev=cpu]          
language_model.model.layers.22.self_attn.q_proj.weight:  53%|█████▎    | 652/1223 [00:05<00:04, 127.71w/s, dev=cpu]
language_model.model.layers.22.self_attn.q_proj_moe_gen.bias:  53%|█████▎    | 653/1223 [00:05<00:04, 127.90w/s, dev=cpu]
language_model.model.layers.22.self_attn.q_proj_moe_gen.weight:  53%|█████▎    | 654/1223 [00:05<00:04, 128.10w/s, dev=cpu]
language_model.model.layers.22.self_attn.v_proj.bias:  54%|█████▎    | 655/1223 [00:05<00:04, 128.29w/s, dev=cpu]          
language_model.model.layers.22.self_attn.v_proj.weight:  54%|█████▎    | 656/1223 [00:05<00:04, 128.49w/s, dev=cpu]
language_model.model.layers.22.self_attn.v_proj_moe_gen.bias:  54%|█████▎    | 657/1223 [00:05<00:04, 128.68w/s, dev=cpu]
language_model.model.layers.22.self_attn.v_proj_moe_gen.weight:  54%|█████▍    | 658/1223 [00:05<00:04, 128.87w/s, dev=cpu]
language_model.model.layers.23.input_layernorm.weight:  54%|█████▍    | 659/1223 [00:05<00:04, 129.07w/s, dev=cpu]         
language_model.model.layers.23.input_layernorm_moe_gen.weight:  54%|█████▍    | 660/1223 [00:05<00:04, 129.26w/s, dev=cpu]
language_model.model.layers.23.mlp.down_proj.weight:  54%|█████▍    | 661/1223 [00:05<00:04, 129.46w/s, dev=cpu]          
language_model.model.layers.23.mlp.gate_proj.weight:  54%|█████▍    | 662/1223 [00:05<00:04, 129.65w/s, dev=cpu]
language_model.model.layers.23.mlp.up_proj.weight:  54%|█████▍    | 663/1223 [00:05<00:04, 129.84w/s, dev=cpu]  
language_model.model.layers.23.mlp_moe_gen.down_proj.weight:  54%|█████▍    | 664/1223 [00:05<00:04, 130.04w/s, dev=cpu]
language_model.model.layers.23.mlp_moe_gen.gate_proj.weight:  54%|█████▍    | 665/1223 [00:05<00:04, 130.23w/s, dev=cpu]
language_model.model.layers.23.mlp_moe_gen.up_proj.weight:  54%|█████▍    | 666/1223 [00:05<00:04, 130.42w/s, dev=cpu]  
language_model.model.layers.23.post_attention_layernorm.weight:  55%|█████▍    | 667/1223 [00:05<00:04, 130.62w/s, dev=cpu]
language_model.model.layers.23.post_attention_layernorm_moe_gen.weight:  55%|█████▍    | 668/1223 [00:05<00:04, 130.81w/s, dev=cpu]
language_model.model.layers.23.self_attn.k_norm.weight:  55%|█████▍    | 669/1223 [00:05<00:04, 131.00w/s, dev=cpu]                
language_model.model.layers.23.self_attn.k_norm_moe_gen.weight:  55%|█████▍    | 670/1223 [00:05<00:04, 131.20w/s, dev=cpu]
language_model.model.layers.23.self_attn.k_proj.bias:  55%|█████▍    | 671/1223 [00:05<00:04, 131.39w/s, dev=cpu]          
language_model.model.layers.23.self_attn.k_proj.weight:  55%|█████▍    | 672/1223 [00:05<00:04, 131.59w/s, dev=cpu]
language_model.model.layers.23.self_attn.k_proj_moe_gen.bias:  55%|█████▌    | 673/1223 [00:05<00:04, 131.78w/s, dev=cpu]
language_model.model.layers.23.self_attn.k_proj_moe_gen.weight:  55%|█████▌    | 674/1223 [00:05<00:04, 131.97w/s, dev=cpu]
language_model.model.layers.23.self_attn.o_proj.weight:  55%|█████▌    | 675/1223 [00:05<00:04, 132.17w/s, dev=cpu]        
language_model.model.layers.23.self_attn.o_proj_moe_gen.weight:  55%|█████▌    | 676/1223 [00:05<00:04, 132.36w/s, dev=cpu]
language_model.model.layers.23.self_attn.q_norm.weight:  55%|█████▌    | 677/1223 [00:05<00:04, 132.55w/s, dev=cpu]        
language_model.model.layers.23.self_attn.q_norm_moe_gen.weight:  55%|█████▌    | 678/1223 [00:05<00:04, 132.75w/s, dev=cpu]
language_model.model.layers.23.self_attn.q_proj.bias:  56%|█████▌    | 679/1223 [00:05<00:04, 132.94w/s, dev=cpu]          
language_model.model.layers.23.self_attn.q_proj.weight:  56%|█████▌    | 680/1223 [00:05<00:04, 133.14w/s, dev=cpu]
language_model.model.layers.23.self_attn.q_proj_moe_gen.bias:  56%|█████▌    | 681/1223 [00:05<00:04, 133.33w/s, dev=cpu]
language_model.model.layers.23.self_attn.q_proj_moe_gen.weight:  56%|█████▌    | 682/1223 [00:05<00:04, 133.52w/s, dev=cpu]
language_model.model.layers.23.self_attn.v_proj.bias:  56%|█████▌    | 683/1223 [00:05<00:04, 133.72w/s, dev=cpu]          
language_model.model.layers.23.self_attn.v_proj.weight:  56%|█████▌    | 684/1223 [00:05<00:04, 133.91w/s, dev=cpu]
language_model.model.layers.23.self_attn.v_proj_moe_gen.bias:  56%|█████▌    | 685/1223 [00:05<00:04, 134.10w/s, dev=cpu]
language_model.model.layers.23.self_attn.v_proj_moe_gen.weight:  56%|█████▌    | 686/1223 [00:05<00:03, 134.30w/s, dev=cpu]
language_model.model.layers.24.input_layernorm.weight:  56%|█████▌    | 687/1223 [00:05<00:03, 134.49w/s, dev=cpu]         
language_model.model.layers.24.input_layernorm_moe_gen.weight:  56%|█████▋    | 688/1223 [00:05<00:03, 134.69w/s, dev=cpu]
language_model.model.layers.24.mlp.down_proj.weight:  56%|█████▋    | 689/1223 [00:05<00:03, 134.88w/s, dev=cpu]          
language_model.model.layers.24.mlp.gate_proj.weight:  56%|█████▋    | 690/1223 [00:05<00:03, 135.07w/s, dev=cpu]
language_model.model.layers.24.mlp.up_proj.weight:  57%|█████▋    | 691/1223 [00:05<00:03, 135.27w/s, dev=cpu]  
language_model.model.layers.24.mlp_moe_gen.down_proj.weight:  57%|█████▋    | 692/1223 [00:05<00:03, 135.46w/s, dev=cpu]
language_model.model.layers.24.mlp_moe_gen.gate_proj.weight:  57%|█████▋    | 693/1223 [00:05<00:03, 135.65w/s, dev=cpu]
language_model.model.layers.24.mlp_moe_gen.up_proj.weight:  57%|█████▋    | 694/1223 [00:05<00:03, 135.85w/s, dev=cpu]  
language_model.model.layers.24.post_attention_layernorm.weight:  57%|█████▋    | 695/1223 [00:05<00:03, 136.04w/s, dev=cpu]
language_model.model.layers.24.post_attention_layernorm_moe_gen.weight:  57%|█████▋    | 696/1223 [00:05<00:03, 136.23w/s, dev=cpu]
language_model.model.layers.24.self_attn.k_norm.weight:  57%|█████▋    | 697/1223 [00:05<00:03, 136.43w/s, dev=cpu]                
language_model.model.layers.24.self_attn.k_norm_moe_gen.weight:  57%|█████▋    | 698/1223 [00:05<00:03, 136.62w/s, dev=cpu]
language_model.model.layers.24.self_attn.k_proj.bias:  57%|█████▋    | 699/1223 [00:05<00:03, 136.81w/s, dev=cpu]          
language_model.model.layers.24.self_attn.k_proj.weight:  57%|█████▋    | 700/1223 [00:05<00:03, 137.01w/s, dev=cpu]
language_model.model.layers.24.self_attn.k_proj_moe_gen.bias:  57%|█████▋    | 701/1223 [00:05<00:03, 137.20w/s, dev=cpu]
language_model.model.layers.24.self_attn.k_proj_moe_gen.weight:  57%|█████▋    | 702/1223 [00:05<00:03, 137.39w/s, dev=cpu]
language_model.model.layers.24.self_attn.o_proj.weight:  57%|█████▋    | 703/1223 [00:05<00:03, 137.59w/s, dev=cpu]        
language_model.model.layers.24.self_attn.o_proj_moe_gen.weight:  58%|█████▊    | 704/1223 [00:05<00:03, 137.78w/s, dev=cpu]
language_model.model.layers.24.self_attn.q_norm.weight:  58%|█████▊    | 705/1223 [00:05<00:03, 137.98w/s, dev=cpu]        
language_model.model.layers.24.self_attn.q_norm_moe_gen.weight:  58%|█████▊    | 706/1223 [00:05<00:03, 138.17w/s, dev=cpu]
language_model.model.layers.24.self_attn.q_proj.bias:  58%|█████▊    | 707/1223 [00:05<00:03, 138.36w/s, dev=cpu]          
language_model.model.layers.24.self_attn.q_proj.weight:  58%|█████▊    | 708/1223 [00:05<00:03, 138.56w/s, dev=cpu]
language_model.model.layers.24.self_attn.q_proj_moe_gen.bias:  58%|█████▊    | 709/1223 [00:05<00:03, 138.75w/s, dev=cpu]
language_model.model.layers.24.self_attn.q_proj_moe_gen.weight:  58%|█████▊    | 710/1223 [00:05<00:03, 138.94w/s, dev=cpu]
language_model.model.layers.24.self_attn.v_proj.bias:  58%|█████▊    | 711/1223 [00:05<00:03, 139.14w/s, dev=cpu]          
language_model.model.layers.24.self_attn.v_proj.weight:  58%|█████▊    | 712/1223 [00:05<00:03, 139.33w/s, dev=cpu]
language_model.model.layers.24.self_attn.v_proj_moe_gen.bias:  58%|█████▊    | 713/1223 [00:05<00:03, 139.52w/s, dev=cpu]
language_model.model.layers.24.self_attn.v_proj_moe_gen.weight:  58%|█████▊    | 714/1223 [00:05<00:03, 139.72w/s, dev=cpu]
language_model.model.layers.25.input_layernorm.weight:  58%|█████▊    | 715/1223 [00:05<00:03, 139.91w/s, dev=cpu]         
language_model.model.layers.25.input_layernorm_moe_gen.weight:  59%|█████▊    | 716/1223 [00:05<00:03, 140.10w/s, dev=cpu]
language_model.model.layers.25.mlp.down_proj.weight:  59%|█████▊    | 717/1223 [00:05<00:03, 140.30w/s, dev=cpu]          
language_model.model.layers.25.mlp.gate_proj.weight:  59%|█████▊    | 718/1223 [00:05<00:03, 140.49w/s, dev=cpu]
language_model.model.layers.25.mlp.up_proj.weight:  59%|█████▉    | 719/1223 [00:05<00:03, 140.68w/s, dev=cpu]  
language_model.model.layers.25.mlp_moe_gen.down_proj.weight:  59%|█████▉    | 720/1223 [00:05<00:03, 140.88w/s, dev=cpu]
language_model.model.layers.25.mlp_moe_gen.gate_proj.weight:  59%|█████▉    | 721/1223 [00:05<00:03, 141.07w/s, dev=cpu]
language_model.model.layers.25.mlp_moe_gen.up_proj.weight:  59%|█████▉    | 722/1223 [00:05<00:03, 141.26w/s, dev=cpu]  
language_model.model.layers.25.post_attention_layernorm.weight:  59%|█████▉    | 723/1223 [00:05<00:03, 141.46w/s, dev=cpu]
language_model.model.layers.25.post_attention_layernorm_moe_gen.weight:  59%|█████▉    | 724/1223 [00:05<00:03, 141.65w/s, dev=cpu]
language_model.model.layers.25.self_attn.k_norm.weight:  59%|█████▉    | 725/1223 [00:05<00:03, 141.84w/s, dev=cpu]                
language_model.model.layers.25.self_attn.k_norm_moe_gen.weight:  59%|█████▉    | 726/1223 [00:05<00:03, 142.04w/s, dev=cpu]
language_model.model.layers.25.self_attn.k_proj.bias:  59%|█████▉    | 727/1223 [00:05<00:03, 142.23w/s, dev=cpu]          
language_model.model.layers.25.self_attn.k_proj.weight:  60%|█████▉    | 728/1223 [00:05<00:03, 142.42w/s, dev=cpu]
language_model.model.layers.25.self_attn.k_proj_moe_gen.bias:  60%|█████▉    | 729/1223 [00:05<00:03, 142.62w/s, dev=cpu]
language_model.model.layers.25.self_attn.k_proj_moe_gen.weight:  60%|█████▉    | 730/1223 [00:05<00:03, 142.81w/s, dev=cpu]
language_model.model.layers.25.self_attn.o_proj.weight:  60%|█████▉    | 731/1223 [00:05<00:03, 143.00w/s, dev=cpu]        
language_model.model.layers.25.self_attn.o_proj_moe_gen.weight:  60%|█████▉    | 732/1223 [00:05<00:03, 143.20w/s, dev=cpu]
language_model.model.layers.25.self_attn.q_norm.weight:  60%|█████▉    | 733/1223 [00:05<00:03, 143.39w/s, dev=cpu]        
language_model.model.layers.25.self_attn.q_norm_moe_gen.weight:  60%|██████    | 734/1223 [00:05<00:03, 143.58w/s, dev=cpu]
language_model.model.layers.25.self_attn.q_proj.bias:  60%|██████    | 735/1223 [00:05<00:03, 143.78w/s, dev=cpu]          
language_model.model.layers.25.self_attn.q_proj.weight:  60%|██████    | 736/1223 [00:05<00:03, 143.97w/s, dev=cpu]
language_model.model.layers.25.self_attn.q_proj_moe_gen.bias:  60%|██████    | 737/1223 [00:05<00:03, 144.17w/s, dev=cpu]
language_model.model.layers.25.self_attn.q_proj_moe_gen.weight:  60%|██████    | 738/1223 [00:05<00:03, 144.36w/s, dev=cpu]
language_model.model.layers.25.self_attn.v_proj.bias:  60%|██████    | 739/1223 [00:05<00:03, 144.55w/s, dev=cpu]          
language_model.model.layers.25.self_attn.v_proj.weight:  61%|██████    | 740/1223 [00:05<00:03, 144.75w/s, dev=cpu]
language_model.model.layers.25.self_attn.v_proj_moe_gen.bias:  61%|██████    | 741/1223 [00:05<00:03, 144.94w/s, dev=cpu]
language_model.model.layers.25.self_attn.v_proj_moe_gen.weight:  61%|██████    | 742/1223 [00:05<00:03, 145.13w/s, dev=cpu]
language_model.model.layers.26.input_layernorm.weight:  61%|██████    | 743/1223 [00:05<00:03, 145.32w/s, dev=cpu]         
language_model.model.layers.26.input_layernorm_moe_gen.weight:  61%|██████    | 744/1223 [00:05<00:03, 145.52w/s, dev=cpu]
language_model.model.layers.26.mlp.down_proj.weight:  61%|██████    | 745/1223 [00:05<00:03, 145.71w/s, dev=cpu]          
language_model.model.layers.26.mlp.gate_proj.weight:  61%|██████    | 746/1223 [00:05<00:03, 145.90w/s, dev=cpu]
language_model.model.layers.26.mlp.up_proj.weight:  61%|██████    | 747/1223 [00:05<00:03, 146.10w/s, dev=cpu]  
language_model.model.layers.26.mlp_moe_gen.down_proj.weight:  61%|██████    | 748/1223 [00:05<00:03, 146.29w/s, dev=cpu]
language_model.model.layers.26.mlp_moe_gen.gate_proj.weight:  61%|██████    | 749/1223 [00:05<00:03, 146.48w/s, dev=cpu]
language_model.model.layers.26.mlp_moe_gen.up_proj.weight:  61%|██████▏   | 750/1223 [00:05<00:03, 146.68w/s, dev=cpu]  
language_model.model.layers.26.post_attention_layernorm.weight:  61%|██████▏   | 751/1223 [00:05<00:03, 146.87w/s, dev=cpu]
language_model.model.layers.26.post_attention_layernorm_moe_gen.weight:  61%|██████▏   | 752/1223 [00:05<00:03, 147.06w/s, dev=cpu]
language_model.model.layers.26.self_attn.k_norm.weight:  62%|██████▏   | 753/1223 [00:05<00:03, 147.25w/s, dev=cpu]                
language_model.model.layers.26.self_attn.k_norm_moe_gen.weight:  62%|██████▏   | 754/1223 [00:05<00:03, 147.45w/s, dev=cpu]
language_model.model.layers.26.self_attn.k_proj.bias:  62%|██████▏   | 755/1223 [00:05<00:03, 147.64w/s, dev=cpu]          
language_model.model.layers.26.self_attn.k_proj.weight:  62%|██████▏   | 756/1223 [00:05<00:03, 147.84w/s, dev=cpu]
language_model.model.layers.26.self_attn.k_proj_moe_gen.bias:  62%|██████▏   | 757/1223 [00:05<00:03, 148.03w/s, dev=cpu]
language_model.model.layers.26.self_attn.k_proj_moe_gen.weight:  62%|██████▏   | 758/1223 [00:05<00:03, 148.22w/s, dev=cpu]
language_model.model.layers.26.self_attn.o_proj.weight:  62%|██████▏   | 759/1223 [00:05<00:03, 148.42w/s, dev=cpu]        
language_model.model.layers.26.self_attn.o_proj_moe_gen.weight:  62%|██████▏   | 760/1223 [00:05<00:03, 148.61w/s, dev=cpu]
language_model.model.layers.26.self_attn.q_norm.weight:  62%|██████▏   | 761/1223 [00:05<00:03, 148.80w/s, dev=cpu]        
language_model.model.layers.26.self_attn.q_norm_moe_gen.weight:  62%|██████▏   | 762/1223 [00:05<00:03, 148.99w/s, dev=cpu]
language_model.model.layers.26.self_attn.q_proj.bias:  62%|██████▏   | 763/1223 [00:05<00:03, 149.19w/s, dev=cpu]          
language_model.model.layers.26.self_attn.q_proj.weight:  62%|██████▏   | 764/1223 [00:05<00:03, 149.38w/s, dev=cpu]
language_model.model.layers.26.self_attn.q_proj_moe_gen.bias:  63%|██████▎   | 765/1223 [00:05<00:03, 149.57w/s, dev=cpu]
language_model.model.layers.26.self_attn.q_proj_moe_gen.weight:  63%|██████▎   | 766/1223 [00:05<00:03, 149.77w/s, dev=cpu]
language_model.model.layers.26.self_attn.v_proj.bias:  63%|██████▎   | 767/1223 [00:05<00:03, 149.96w/s, dev=cpu]          
language_model.model.layers.26.self_attn.v_proj.weight:  63%|██████▎   | 768/1223 [00:05<00:03, 150.15w/s, dev=cpu]
language_model.model.layers.26.self_attn.v_proj_moe_gen.bias:  63%|██████▎   | 769/1223 [00:05<00:03, 150.35w/s, dev=cpu]
language_model.model.layers.26.self_attn.v_proj_moe_gen.weight:  63%|██████▎   | 770/1223 [00:05<00:03, 150.54w/s, dev=cpu]
language_model.model.layers.27.input_layernorm.weight:  63%|██████▎   | 771/1223 [00:05<00:02, 150.73w/s, dev=cpu]         
language_model.model.layers.27.input_layernorm_moe_gen.weight:  63%|██████▎   | 772/1223 [00:05<00:02, 150.93w/s, dev=cpu]
language_model.model.layers.27.mlp.down_proj.weight:  63%|██████▎   | 773/1223 [00:05<00:02, 151.12w/s, dev=cpu]          
language_model.model.layers.27.mlp.gate_proj.weight:  63%|██████▎   | 774/1223 [00:05<00:02, 151.31w/s, dev=cpu]
language_model.model.layers.27.mlp.up_proj.weight:  63%|██████▎   | 775/1223 [00:05<00:02, 151.51w/s, dev=cpu]  
language_model.model.layers.27.mlp_moe_gen.down_proj.weight:  63%|██████▎   | 776/1223 [00:05<00:02, 151.70w/s, dev=cpu]
language_model.model.layers.27.mlp_moe_gen.gate_proj.weight:  64%|██████▎   | 777/1223 [00:05<00:02, 151.89w/s, dev=cpu]
language_model.model.layers.27.mlp_moe_gen.up_proj.weight:  64%|██████▎   | 778/1223 [00:05<00:02, 152.08w/s, dev=cpu]  
language_model.model.layers.27.post_attention_layernorm.weight:  64%|██████▎   | 779/1223 [00:05<00:02, 152.28w/s, dev=cpu]
language_model.model.layers.27.post_attention_layernorm_moe_gen.weight:  64%|██████▍   | 780/1223 [00:05<00:02, 152.47w/s, dev=cpu]
language_model.model.layers.27.self_attn.k_norm.weight:  64%|██████▍   | 781/1223 [00:05<00:02, 152.66w/s, dev=cpu]                
language_model.model.layers.27.self_attn.k_norm_moe_gen.weight:  64%|██████▍   | 782/1223 [00:05<00:02, 152.86w/s, dev=cpu]
language_model.model.layers.27.self_attn.k_proj.bias:  64%|██████▍   | 783/1223 [00:05<00:02, 153.05w/s, dev=cpu]          
language_model.model.layers.27.self_attn.k_proj.weight:  64%|██████▍   | 784/1223 [00:05<00:02, 153.24w/s, dev=cpu]
language_model.model.layers.27.self_attn.k_proj_moe_gen.bias:  64%|██████▍   | 785/1223 [00:05<00:02, 153.44w/s, dev=cpu]
language_model.model.layers.27.self_attn.k_proj_moe_gen.weight:  64%|██████▍   | 786/1223 [00:05<00:02, 153.63w/s, dev=cpu]
language_model.model.layers.27.self_attn.o_proj.weight:  64%|██████▍   | 787/1223 [00:05<00:02, 153.82w/s, dev=cpu]        
language_model.model.layers.27.self_attn.o_proj_moe_gen.weight:  64%|██████▍   | 788/1223 [00:05<00:02, 154.02w/s, dev=cpu]
language_model.model.layers.27.self_attn.q_norm.weight:  65%|██████▍   | 789/1223 [00:05<00:02, 154.21w/s, dev=cpu]        
language_model.model.layers.27.self_attn.q_norm_moe_gen.weight:  65%|██████▍   | 790/1223 [00:05<00:02, 154.40w/s, dev=cpu]
language_model.model.layers.27.self_attn.q_proj.bias:  65%|██████▍   | 791/1223 [00:05<00:02, 154.59w/s, dev=cpu]          
language_model.model.layers.27.self_attn.q_proj.weight:  65%|██████▍   | 792/1223 [00:05<00:02, 154.79w/s, dev=cpu]
language_model.model.layers.27.self_attn.q_proj_moe_gen.bias:  65%|██████▍   | 793/1223 [00:05<00:02, 154.98w/s, dev=cpu]
language_model.model.layers.27.self_attn.q_proj_moe_gen.weight:  65%|██████▍   | 794/1223 [00:05<00:02, 155.17w/s, dev=cpu]
language_model.model.layers.27.self_attn.v_proj.bias:  65%|██████▌   | 795/1223 [00:05<00:02, 155.37w/s, dev=cpu]          
language_model.model.layers.27.self_attn.v_proj.weight:  65%|██████▌   | 796/1223 [00:05<00:02, 155.56w/s, dev=cpu]
language_model.model.layers.27.self_attn.v_proj_moe_gen.bias:  65%|██████▌   | 797/1223 [00:05<00:02, 155.75w/s, dev=cpu]
language_model.model.layers.27.self_attn.v_proj_moe_gen.weight:  65%|██████▌   | 798/1223 [00:05<00:02, 155.95w/s, dev=cpu]
language_model.model.norm.weight:  65%|██████▌   | 799/1223 [00:05<00:02, 156.14w/s, dev=cpu]                              
language_model.model.norm_moe_gen.weight:  65%|██████▌   | 800/1223 [00:05<00:02, 156.33w/s, dev=cpu]
language_model.lm_head.weight:  65%|██████▌   | 801/1223 [00:05<00:02, 156.53w/s, dev=cpu]           
vit_model.vision_model.embeddings.patch_embedding.bias:  66%|██████▌   | 802/1223 [00:05<00:02, 156.72w/s, dev=cpu]
vit_model.vision_model.embeddings.patch_embedding.weight:  66%|██████▌   | 803/1223 [00:05<00:02, 156.91w/s, dev=cpu]
vit_model.vision_model.embeddings.position_embedding.weight:  66%|██████▌   | 804/1223 [00:05<00:02, 157.10w/s, dev=cpu]
vit_model.vision_model.encoder.layers.0.layer_norm1.bias:  66%|██████▌   | 805/1223 [00:05<00:02, 157.30w/s, dev=cpu]   
vit_model.vision_model.encoder.layers.0.layer_norm1.weight:  66%|██████▌   | 806/1223 [00:05<00:02, 157.49w/s, dev=cpu]
vit_model.vision_model.encoder.layers.0.layer_norm2.bias:  66%|██████▌   | 807/1223 [00:05<00:02, 157.68w/s, dev=cpu]  
vit_model.vision_model.encoder.layers.0.layer_norm2.weight:  66%|██████▌   | 808/1223 [00:05<00:02, 157.88w/s, dev=cpu]
vit_model.vision_model.encoder.layers.0.mlp.fc1.bias:  66%|██████▌   | 809/1223 [00:05<00:02, 158.07w/s, dev=cpu]      
vit_model.vision_model.encoder.layers.0.mlp.fc1.weight:  66%|██████▌   | 810/1223 [00:05<00:02, 158.26w/s, dev=cpu]
vit_model.vision_model.encoder.layers.0.mlp.fc2.bias:  66%|██████▋   | 811/1223 [00:05<00:02, 158.45w/s, dev=cpu]  
vit_model.vision_model.encoder.layers.0.mlp.fc2.weight:  66%|██████▋   | 812/1223 [00:05<00:02, 158.65w/s, dev=cpu]
vit_model.vision_model.encoder.layers.0.self_attn.k_proj.bias:  66%|██████▋   | 813/1223 [00:05<00:02, 158.84w/s, dev=cpu]
vit_model.vision_model.encoder.layers.0.self_attn.k_proj.weight:  67%|██████▋   | 814/1223 [00:05<00:02, 159.03w/s, dev=cpu]
vit_model.vision_model.encoder.layers.0.self_attn.out_proj.bias:  67%|██████▋   | 815/1223 [00:05<00:02, 159.23w/s, dev=cpu]
vit_model.vision_model.encoder.layers.0.self_attn.out_proj.weight:  67%|██████▋   | 816/1223 [00:05<00:02, 159.42w/s, dev=cpu]
vit_model.vision_model.encoder.layers.0.self_attn.q_proj.bias:  67%|██████▋   | 817/1223 [00:05<00:02, 159.61w/s, dev=cpu]    
vit_model.vision_model.encoder.layers.0.self_attn.q_proj.weight:  67%|██████▋   | 818/1223 [00:05<00:02, 159.80w/s, dev=cpu]
vit_model.vision_model.encoder.layers.0.self_attn.v_proj.bias:  67%|██████▋   | 819/1223 [00:05<00:02, 160.00w/s, dev=cpu]  
vit_model.vision_model.encoder.layers.0.self_attn.v_proj.weight:  67%|██████▋   | 820/1223 [00:05<00:02, 160.19w/s, dev=cpu]
vit_model.vision_model.encoder.layers.1.layer_norm1.bias:  67%|██████▋   | 821/1223 [00:05<00:02, 160.38w/s, dev=cpu]       
vit_model.vision_model.encoder.layers.1.layer_norm1.weight:  67%|██████▋   | 822/1223 [00:05<00:02, 160.58w/s, dev=cpu]
vit_model.vision_model.encoder.layers.1.layer_norm2.bias:  67%|██████▋   | 823/1223 [00:05<00:02, 160.77w/s, dev=cpu]  
vit_model.vision_model.encoder.layers.1.layer_norm2.weight:  67%|██████▋   | 824/1223 [00:05<00:02, 160.96w/s, dev=cpu]
vit_model.vision_model.encoder.layers.1.mlp.fc1.bias:  67%|██████▋   | 825/1223 [00:05<00:02, 161.16w/s, dev=cpu]      
vit_model.vision_model.encoder.layers.1.mlp.fc1.weight:  68%|██████▊   | 826/1223 [00:05<00:02, 161.35w/s, dev=cpu]
vit_model.vision_model.encoder.layers.1.mlp.fc2.bias:  68%|██████▊   | 827/1223 [00:05<00:02, 161.54w/s, dev=cpu]  
vit_model.vision_model.encoder.layers.1.mlp.fc2.weight:  68%|██████▊   | 828/1223 [00:05<00:02, 161.73w/s, dev=cpu]
vit_model.vision_model.encoder.layers.1.self_attn.k_proj.bias:  68%|██████▊   | 829/1223 [00:05<00:02, 161.93w/s, dev=cpu]
vit_model.vision_model.encoder.layers.1.self_attn.k_proj.weight:  68%|██████▊   | 830/1223 [00:05<00:02, 162.12w/s, dev=cpu]
vit_model.vision_model.encoder.layers.1.self_attn.out_proj.bias:  68%|██████▊   | 831/1223 [00:05<00:02, 162.31w/s, dev=cpu]
vit_model.vision_model.encoder.layers.1.self_attn.out_proj.weight:  68%|██████▊   | 832/1223 [00:05<00:02, 162.51w/s, dev=cpu]
vit_model.vision_model.encoder.layers.1.self_attn.q_proj.bias:  68%|██████▊   | 833/1223 [00:05<00:02, 162.70w/s, dev=cpu]    
vit_model.vision_model.encoder.layers.1.self_attn.q_proj.weight:  68%|██████▊   | 834/1223 [00:05<00:02, 162.89w/s, dev=cpu]
vit_model.vision_model.encoder.layers.1.self_attn.v_proj.bias:  68%|██████▊   | 835/1223 [00:05<00:02, 163.08w/s, dev=cpu]  
vit_model.vision_model.encoder.layers.1.self_attn.v_proj.weight:  68%|██████▊   | 836/1223 [00:05<00:02, 163.28w/s, dev=cpu]
vit_model.vision_model.encoder.layers.10.layer_norm1.bias:  68%|██████▊   | 837/1223 [00:05<00:02, 163.47w/s, dev=cpu]      
vit_model.vision_model.encoder.layers.10.layer_norm1.weight:  69%|██████▊   | 838/1223 [00:05<00:02, 163.66w/s, dev=cpu]
vit_model.vision_model.encoder.layers.10.layer_norm2.bias:  69%|██████▊   | 839/1223 [00:05<00:02, 163.86w/s, dev=cpu]  
vit_model.vision_model.encoder.layers.10.layer_norm2.weight:  69%|██████▊   | 840/1223 [00:05<00:02, 164.05w/s, dev=cpu]
vit_model.vision_model.encoder.layers.10.mlp.fc1.bias:  69%|██████▉   | 841/1223 [00:05<00:02, 164.24w/s, dev=cpu]      
vit_model.vision_model.encoder.layers.10.mlp.fc1.weight:  69%|██████▉   | 842/1223 [00:05<00:02, 164.44w/s, dev=cpu]
vit_model.vision_model.encoder.layers.10.mlp.fc2.bias:  69%|██████▉   | 843/1223 [00:05<00:02, 164.63w/s, dev=cpu]  
vit_model.vision_model.encoder.layers.10.mlp.fc2.weight:  69%|██████▉   | 844/1223 [00:05<00:02, 164.82w/s, dev=cpu]
vit_model.vision_model.encoder.layers.10.self_attn.k_proj.bias:  69%|██████▉   | 845/1223 [00:05<00:02, 165.01w/s, dev=cpu]
vit_model.vision_model.encoder.layers.10.self_attn.k_proj.weight:  69%|██████▉   | 846/1223 [00:05<00:02, 165.21w/s, dev=cpu]
vit_model.vision_model.encoder.layers.10.self_attn.out_proj.bias:  69%|██████▉   | 847/1223 [00:05<00:02, 165.40w/s, dev=cpu]
vit_model.vision_model.encoder.layers.10.self_attn.out_proj.weight:  69%|██████▉   | 848/1223 [00:05<00:02, 165.59w/s, dev=cpu]
vit_model.vision_model.encoder.layers.10.self_attn.q_proj.bias:  69%|██████▉   | 849/1223 [00:05<00:02, 165.78w/s, dev=cpu]    
vit_model.vision_model.encoder.layers.10.self_attn.q_proj.weight:  70%|██████▉   | 850/1223 [00:05<00:02, 165.98w/s, dev=cpu]
vit_model.vision_model.encoder.layers.10.self_attn.v_proj.bias:  70%|██████▉   | 851/1223 [00:05<00:02, 166.17w/s, dev=cpu]  
vit_model.vision_model.encoder.layers.10.self_attn.v_proj.weight:  70%|██████▉   | 852/1223 [00:05<00:02, 166.36w/s, dev=cpu]
vit_model.vision_model.encoder.layers.11.layer_norm1.bias:  70%|██████▉   | 853/1223 [00:05<00:02, 166.56w/s, dev=cpu]       
vit_model.vision_model.encoder.layers.11.layer_norm1.weight:  70%|██████▉   | 854/1223 [00:05<00:02, 166.75w/s, dev=cpu]
vit_model.vision_model.encoder.layers.11.layer_norm2.bias:  70%|██████▉   | 855/1223 [00:05<00:02, 166.94w/s, dev=cpu]  
vit_model.vision_model.encoder.layers.11.layer_norm2.weight:  70%|██████▉   | 856/1223 [00:05<00:02, 167.13w/s, dev=cpu]
vit_model.vision_model.encoder.layers.11.mlp.fc1.bias:  70%|███████   | 857/1223 [00:05<00:02, 167.33w/s, dev=cpu]      
vit_model.vision_model.encoder.layers.11.mlp.fc1.weight:  70%|███████   | 858/1223 [00:05<00:02, 167.52w/s, dev=cpu]
vit_model.vision_model.encoder.layers.11.mlp.fc2.bias:  70%|███████   | 859/1223 [00:05<00:02, 167.71w/s, dev=cpu]  
vit_model.vision_model.encoder.layers.11.mlp.fc2.weight:  70%|███████   | 860/1223 [00:05<00:02, 167.91w/s, dev=cpu]
vit_model.vision_model.encoder.layers.11.self_attn.k_proj.bias:  70%|███████   | 861/1223 [00:05<00:02, 168.10w/s, dev=cpu]
vit_model.vision_model.encoder.layers.11.self_attn.k_proj.weight:  70%|███████   | 862/1223 [00:05<00:02, 168.29w/s, dev=cpu]
vit_model.vision_model.encoder.layers.11.self_attn.out_proj.bias:  71%|███████   | 863/1223 [00:05<00:02, 168.48w/s, dev=cpu]
vit_model.vision_model.encoder.layers.11.self_attn.out_proj.weight:  71%|███████   | 864/1223 [00:05<00:02, 168.68w/s, dev=cpu]
vit_model.vision_model.encoder.layers.11.self_attn.q_proj.bias:  71%|███████   | 865/1223 [00:05<00:02, 168.87w/s, dev=cpu]    
vit_model.vision_model.encoder.layers.11.self_attn.q_proj.weight:  71%|███████   | 866/1223 [00:05<00:02, 169.06w/s, dev=cpu]
vit_model.vision_model.encoder.layers.11.self_attn.v_proj.bias:  71%|███████   | 867/1223 [00:05<00:02, 169.25w/s, dev=cpu]  
vit_model.vision_model.encoder.layers.11.self_attn.v_proj.weight:  71%|███████   | 868/1223 [00:05<00:02, 169.45w/s, dev=cpu]
vit_model.vision_model.encoder.layers.12.layer_norm1.bias:  71%|███████   | 869/1223 [00:05<00:02, 169.64w/s, dev=cpu]       
vit_model.vision_model.encoder.layers.12.layer_norm1.weight:  71%|███████   | 870/1223 [00:05<00:02, 169.83w/s, dev=cpu]
vit_model.vision_model.encoder.layers.12.layer_norm2.bias:  71%|███████   | 871/1223 [00:05<00:02, 170.03w/s, dev=cpu]  
vit_model.vision_model.encoder.layers.12.layer_norm2.weight:  71%|███████▏  | 872/1223 [00:05<00:02, 170.22w/s, dev=cpu]
vit_model.vision_model.encoder.layers.12.mlp.fc1.bias:  71%|███████▏  | 873/1223 [00:05<00:02, 170.41w/s, dev=cpu]      
vit_model.vision_model.encoder.layers.12.mlp.fc1.weight:  71%|███████▏  | 874/1223 [00:05<00:02, 170.60w/s, dev=cpu]
vit_model.vision_model.encoder.layers.12.mlp.fc2.bias:  72%|███████▏  | 875/1223 [00:05<00:02, 170.80w/s, dev=cpu]  
vit_model.vision_model.encoder.layers.12.mlp.fc2.weight:  72%|███████▏  | 876/1223 [00:05<00:02, 170.99w/s, dev=cpu]
vit_model.vision_model.encoder.layers.12.self_attn.k_proj.bias:  72%|███████▏  | 877/1223 [00:05<00:02, 171.18w/s, dev=cpu]
vit_model.vision_model.encoder.layers.12.self_attn.k_proj.weight:  72%|███████▏  | 878/1223 [00:05<00:02, 171.37w/s, dev=cpu]
vit_model.vision_model.encoder.layers.12.self_attn.out_proj.bias:  72%|███████▏  | 879/1223 [00:05<00:02, 171.57w/s, dev=cpu]
vit_model.vision_model.encoder.layers.12.self_attn.out_proj.weight:  72%|███████▏  | 880/1223 [00:05<00:01, 171.76w/s, dev=cpu]
vit_model.vision_model.encoder.layers.12.self_attn.q_proj.bias:  72%|███████▏  | 881/1223 [00:05<00:01, 171.95w/s, dev=cpu]    
vit_model.vision_model.encoder.layers.12.self_attn.q_proj.weight:  72%|███████▏  | 882/1223 [00:05<00:01, 172.14w/s, dev=cpu]
vit_model.vision_model.encoder.layers.12.self_attn.v_proj.bias:  72%|███████▏  | 883/1223 [00:05<00:01, 172.34w/s, dev=cpu]  
vit_model.vision_model.encoder.layers.12.self_attn.v_proj.weight:  72%|███████▏  | 884/1223 [00:05<00:01, 172.53w/s, dev=cpu]
vit_model.vision_model.encoder.layers.13.layer_norm1.bias:  72%|███████▏  | 885/1223 [00:05<00:01, 172.72w/s, dev=cpu]       
vit_model.vision_model.encoder.layers.13.layer_norm1.weight:  72%|███████▏  | 886/1223 [00:05<00:01, 172.91w/s, dev=cpu]
vit_model.vision_model.encoder.layers.13.layer_norm2.bias:  73%|███████▎  | 887/1223 [00:05<00:01, 173.11w/s, dev=cpu]  
vit_model.vision_model.encoder.layers.13.layer_norm2.weight:  73%|███████▎  | 888/1223 [00:05<00:01, 173.30w/s, dev=cpu]
vit_model.vision_model.encoder.layers.13.mlp.fc1.bias:  73%|███████▎  | 889/1223 [00:05<00:01, 173.49w/s, dev=cpu]      
vit_model.vision_model.encoder.layers.13.mlp.fc1.weight:  73%|███████▎  | 890/1223 [00:05<00:01, 173.69w/s, dev=cpu]
vit_model.vision_model.encoder.layers.13.mlp.fc2.bias:  73%|███████▎  | 891/1223 [00:05<00:01, 173.88w/s, dev=cpu]  
vit_model.vision_model.encoder.layers.13.mlp.fc2.weight:  73%|███████▎  | 892/1223 [00:05<00:01, 174.07w/s, dev=cpu]
vit_model.vision_model.encoder.layers.13.self_attn.k_proj.bias:  73%|███████▎  | 893/1223 [00:05<00:01, 174.26w/s, dev=cpu]
vit_model.vision_model.encoder.layers.13.self_attn.k_proj.weight:  73%|███████▎  | 894/1223 [00:05<00:01, 174.46w/s, dev=cpu]
vit_model.vision_model.encoder.layers.13.self_attn.out_proj.bias:  73%|███████▎  | 895/1223 [00:05<00:01, 174.65w/s, dev=cpu]
vit_model.vision_model.encoder.layers.13.self_attn.out_proj.weight:  73%|███████▎  | 896/1223 [00:05<00:01, 174.84w/s, dev=cpu]
vit_model.vision_model.encoder.layers.13.self_attn.q_proj.bias:  73%|███████▎  | 897/1223 [00:05<00:01, 175.03w/s, dev=cpu]    
vit_model.vision_model.encoder.layers.13.self_attn.q_proj.weight:  73%|███████▎  | 898/1223 [00:05<00:01, 175.23w/s, dev=cpu]
vit_model.vision_model.encoder.layers.13.self_attn.v_proj.bias:  74%|███████▎  | 899/1223 [00:05<00:01, 175.42w/s, dev=cpu]  
vit_model.vision_model.encoder.layers.13.self_attn.v_proj.weight:  74%|███████▎  | 900/1223 [00:05<00:01, 175.61w/s, dev=cpu]
vit_model.vision_model.encoder.layers.14.layer_norm1.bias:  74%|███████▎  | 901/1223 [00:05<00:01, 175.80w/s, dev=cpu]       
vit_model.vision_model.encoder.layers.14.layer_norm1.weight:  74%|███████▍  | 902/1223 [00:05<00:01, 176.00w/s, dev=cpu]
vit_model.vision_model.encoder.layers.14.layer_norm2.bias:  74%|███████▍  | 903/1223 [00:05<00:01, 176.19w/s, dev=cpu]  
vit_model.vision_model.encoder.layers.14.layer_norm2.weight:  74%|███████▍  | 904/1223 [00:05<00:01, 176.38w/s, dev=cpu]
vit_model.vision_model.encoder.layers.14.mlp.fc1.bias:  74%|███████▍  | 905/1223 [00:05<00:01, 176.57w/s, dev=cpu]      
vit_model.vision_model.encoder.layers.14.mlp.fc1.weight:  74%|███████▍  | 906/1223 [00:05<00:01, 176.77w/s, dev=cpu]
vit_model.vision_model.encoder.layers.14.mlp.fc2.bias:  74%|███████▍  | 907/1223 [00:05<00:01, 176.96w/s, dev=cpu]  
vit_model.vision_model.encoder.layers.14.mlp.fc2.weight:  74%|███████▍  | 908/1223 [00:05<00:01, 177.15w/s, dev=cpu]
vit_model.vision_model.encoder.layers.14.self_attn.k_proj.bias:  74%|███████▍  | 909/1223 [00:05<00:01, 177.34w/s, dev=cpu]
vit_model.vision_model.encoder.layers.14.self_attn.k_proj.weight:  74%|███████▍  | 910/1223 [00:05<00:01, 177.54w/s, dev=cpu]
vit_model.vision_model.encoder.layers.14.self_attn.out_proj.bias:  74%|███████▍  | 911/1223 [00:05<00:01, 177.73w/s, dev=cpu]
vit_model.vision_model.encoder.layers.14.self_attn.out_proj.weight:  75%|███████▍  | 912/1223 [00:05<00:01, 177.92w/s, dev=cpu]
vit_model.vision_model.encoder.layers.14.self_attn.q_proj.bias:  75%|███████▍  | 913/1223 [00:05<00:01, 178.11w/s, dev=cpu]    
vit_model.vision_model.encoder.layers.14.self_attn.q_proj.weight:  75%|███████▍  | 914/1223 [00:05<00:01, 178.31w/s, dev=cpu]
vit_model.vision_model.encoder.layers.14.self_attn.v_proj.bias:  75%|███████▍  | 915/1223 [00:05<00:01, 178.50w/s, dev=cpu]  
vit_model.vision_model.encoder.layers.14.self_attn.v_proj.weight:  75%|███████▍  | 916/1223 [00:05<00:01, 178.69w/s, dev=cpu]
vit_model.vision_model.encoder.layers.15.layer_norm1.bias:  75%|███████▍  | 917/1223 [00:05<00:01, 178.88w/s, dev=cpu]       
vit_model.vision_model.encoder.layers.15.layer_norm1.weight:  75%|███████▌  | 918/1223 [00:05<00:01, 179.08w/s, dev=cpu]
vit_model.vision_model.encoder.layers.15.layer_norm2.bias:  75%|███████▌  | 919/1223 [00:05<00:01, 179.27w/s, dev=cpu]  
vit_model.vision_model.encoder.layers.15.layer_norm2.weight:  75%|███████▌  | 920/1223 [00:05<00:01, 179.46w/s, dev=cpu]
vit_model.vision_model.encoder.layers.15.mlp.fc1.bias:  75%|███████▌  | 921/1223 [00:05<00:01, 179.65w/s, dev=cpu]      
vit_model.vision_model.encoder.layers.15.mlp.fc1.weight:  75%|███████▌  | 922/1223 [00:05<00:01, 179.85w/s, dev=cpu]
vit_model.vision_model.encoder.layers.15.mlp.fc2.bias:  75%|███████▌  | 923/1223 [00:05<00:01, 180.04w/s, dev=cpu]  
vit_model.vision_model.encoder.layers.15.mlp.fc2.weight:  76%|███████▌  | 924/1223 [00:05<00:01, 180.23w/s, dev=cpu]
vit_model.vision_model.encoder.layers.15.self_attn.k_proj.bias:  76%|███████▌  | 925/1223 [00:05<00:01, 180.42w/s, dev=cpu]
vit_model.vision_model.encoder.layers.15.self_attn.k_proj.weight:  76%|███████▌  | 926/1223 [00:05<00:01, 180.61w/s, dev=cpu]
vit_model.vision_model.encoder.layers.15.self_attn.out_proj.bias:  76%|███████▌  | 927/1223 [00:05<00:01, 180.81w/s, dev=cpu]
vit_model.vision_model.encoder.layers.15.self_attn.out_proj.weight:  76%|███████▌  | 928/1223 [00:05<00:01, 181.00w/s, dev=cpu]
vit_model.vision_model.encoder.layers.15.self_attn.q_proj.bias:  76%|███████▌  | 929/1223 [00:05<00:01, 181.19w/s, dev=cpu]    
vit_model.vision_model.encoder.layers.15.self_attn.q_proj.weight:  76%|███████▌  | 930/1223 [00:05<00:01, 181.38w/s, dev=cpu]
vit_model.vision_model.encoder.layers.15.self_attn.v_proj.bias:  76%|███████▌  | 931/1223 [00:05<00:01, 181.58w/s, dev=cpu]  
vit_model.vision_model.encoder.layers.15.self_attn.v_proj.weight:  76%|███████▌  | 932/1223 [00:05<00:01, 181.77w/s, dev=cpu]
vit_model.vision_model.encoder.layers.16.layer_norm1.bias:  76%|███████▋  | 933/1223 [00:05<00:01, 181.96w/s, dev=cpu]       
vit_model.vision_model.encoder.layers.16.layer_norm1.weight:  76%|███████▋  | 934/1223 [00:05<00:01, 182.15w/s, dev=cpu]
vit_model.vision_model.encoder.layers.16.layer_norm2.bias:  76%|███████▋  | 935/1223 [00:05<00:01, 182.35w/s, dev=cpu]  
vit_model.vision_model.encoder.layers.16.layer_norm2.weight:  77%|███████▋  | 936/1223 [00:05<00:01, 182.54w/s, dev=cpu]
vit_model.vision_model.encoder.layers.16.mlp.fc1.bias:  77%|███████▋  | 937/1223 [00:05<00:01, 182.73w/s, dev=cpu]      
vit_model.vision_model.encoder.layers.16.mlp.fc1.weight:  77%|███████▋  | 938/1223 [00:05<00:01, 182.92w/s, dev=cpu]
vit_model.vision_model.encoder.layers.16.mlp.fc2.bias:  77%|███████▋  | 939/1223 [00:05<00:01, 183.12w/s, dev=cpu]  
vit_model.vision_model.encoder.layers.16.mlp.fc2.weight:  77%|███████▋  | 940/1223 [00:05<00:01, 183.31w/s, dev=cpu]
vit_model.vision_model.encoder.layers.16.self_attn.k_proj.bias:  77%|███████▋  | 941/1223 [00:05<00:01, 183.50w/s, dev=cpu]
vit_model.vision_model.encoder.layers.16.self_attn.k_proj.weight:  77%|███████▋  | 942/1223 [00:05<00:01, 183.69w/s, dev=cpu]
vit_model.vision_model.encoder.layers.16.self_attn.out_proj.bias:  77%|███████▋  | 943/1223 [00:05<00:01, 183.88w/s, dev=cpu]
vit_model.vision_model.encoder.layers.16.self_attn.out_proj.weight:  77%|███████▋  | 944/1223 [00:05<00:01, 184.08w/s, dev=cpu]
vit_model.vision_model.encoder.layers.16.self_attn.q_proj.bias:  77%|███████▋  | 945/1223 [00:05<00:01, 184.27w/s, dev=cpu]    
vit_model.vision_model.encoder.layers.16.self_attn.q_proj.weight:  77%|███████▋  | 946/1223 [00:05<00:01, 184.46w/s, dev=cpu]
vit_model.vision_model.encoder.layers.16.self_attn.v_proj.bias:  77%|███████▋  | 947/1223 [00:05<00:01, 184.65w/s, dev=cpu]  
vit_model.vision_model.encoder.layers.16.self_attn.v_proj.weight:  78%|███████▊  | 948/1223 [00:05<00:01, 184.85w/s, dev=cpu]
vit_model.vision_model.encoder.layers.17.layer_norm1.bias:  78%|███████▊  | 949/1223 [00:05<00:01, 185.04w/s, dev=cpu]       
vit_model.vision_model.encoder.layers.17.layer_norm1.weight:  78%|███████▊  | 950/1223 [00:05<00:01, 185.23w/s, dev=cpu]
vit_model.vision_model.encoder.layers.17.layer_norm2.bias:  78%|███████▊  | 951/1223 [00:05<00:01, 185.42w/s, dev=cpu]  
vit_model.vision_model.encoder.layers.17.layer_norm2.weight:  78%|███████▊  | 952/1223 [00:05<00:01, 185.61w/s, dev=cpu]
vit_model.vision_model.encoder.layers.17.mlp.fc1.bias:  78%|███████▊  | 953/1223 [00:05<00:01, 185.81w/s, dev=cpu]      
vit_model.vision_model.encoder.layers.17.mlp.fc1.weight:  78%|███████▊  | 954/1223 [00:05<00:01, 186.00w/s, dev=cpu]
vit_model.vision_model.encoder.layers.17.mlp.fc2.bias:  78%|███████▊  | 955/1223 [00:05<00:01, 186.19w/s, dev=cpu]  
vit_model.vision_model.encoder.layers.17.mlp.fc2.weight:  78%|███████▊  | 956/1223 [00:05<00:01, 186.38w/s, dev=cpu]
vit_model.vision_model.encoder.layers.17.self_attn.k_proj.bias:  78%|███████▊  | 957/1223 [00:05<00:01, 186.58w/s, dev=cpu]
vit_model.vision_model.encoder.layers.17.self_attn.k_proj.weight:  78%|███████▊  | 958/1223 [00:05<00:01, 186.77w/s, dev=cpu]
vit_model.vision_model.encoder.layers.17.self_attn.out_proj.bias:  78%|███████▊  | 959/1223 [00:05<00:01, 186.96w/s, dev=cpu]
vit_model.vision_model.encoder.layers.17.self_attn.out_proj.weight:  78%|███████▊  | 960/1223 [00:05<00:01, 187.15w/s, dev=cpu]
vit_model.vision_model.encoder.layers.17.self_attn.q_proj.bias:  79%|███████▊  | 961/1223 [00:05<00:01, 187.34w/s, dev=cpu]    
vit_model.vision_model.encoder.layers.17.self_attn.q_proj.weight:  79%|███████▊  | 962/1223 [00:05<00:01, 187.54w/s, dev=cpu]
vit_model.vision_model.encoder.layers.17.self_attn.v_proj.bias:  79%|███████▊  | 963/1223 [00:05<00:01, 187.73w/s, dev=cpu]  
vit_model.vision_model.encoder.layers.17.self_attn.v_proj.weight:  79%|███████▉  | 964/1223 [00:05<00:01, 187.92w/s, dev=cpu]
vit_model.vision_model.encoder.layers.18.layer_norm1.bias:  79%|███████▉  | 965/1223 [00:05<00:01, 188.11w/s, dev=cpu]       
vit_model.vision_model.encoder.layers.18.layer_norm1.weight:  79%|███████▉  | 966/1223 [00:05<00:01, 188.30w/s, dev=cpu]
vit_model.vision_model.encoder.layers.18.layer_norm2.bias:  79%|███████▉  | 967/1223 [00:05<00:01, 188.50w/s, dev=cpu]  
vit_model.vision_model.encoder.layers.18.layer_norm2.weight:  79%|███████▉  | 968/1223 [00:05<00:01, 188.69w/s, dev=cpu]
vit_model.vision_model.encoder.layers.18.mlp.fc1.bias:  79%|███████▉  | 969/1223 [00:05<00:01, 188.88w/s, dev=cpu]      
vit_model.vision_model.encoder.layers.18.mlp.fc1.weight:  79%|███████▉  | 970/1223 [00:05<00:01, 189.07w/s, dev=cpu]
vit_model.vision_model.encoder.layers.18.mlp.fc2.bias:  79%|███████▉  | 971/1223 [00:05<00:01, 189.27w/s, dev=cpu]  
vit_model.vision_model.encoder.layers.18.mlp.fc2.weight:  79%|███████▉  | 972/1223 [00:05<00:01, 189.46w/s, dev=cpu]
vit_model.vision_model.encoder.layers.18.self_attn.k_proj.bias:  80%|███████▉  | 973/1223 [00:05<00:01, 189.65w/s, dev=cpu]
vit_model.vision_model.encoder.layers.18.self_attn.k_proj.weight:  80%|███████▉  | 974/1223 [00:05<00:01, 189.84w/s, dev=cpu]
vit_model.vision_model.encoder.layers.18.self_attn.out_proj.bias:  80%|███████▉  | 975/1223 [00:05<00:01, 190.03w/s, dev=cpu]
vit_model.vision_model.encoder.layers.18.self_attn.out_proj.weight:  80%|███████▉  | 976/1223 [00:05<00:01, 190.22w/s, dev=cpu]
vit_model.vision_model.encoder.layers.18.self_attn.q_proj.bias:  80%|███████▉  | 977/1223 [00:05<00:01, 190.42w/s, dev=cpu]    
vit_model.vision_model.encoder.layers.18.self_attn.q_proj.weight:  80%|███████▉  | 978/1223 [00:05<00:01, 190.61w/s, dev=cpu]
vit_model.vision_model.encoder.layers.18.self_attn.v_proj.bias:  80%|████████  | 979/1223 [00:05<00:01, 190.80w/s, dev=cpu]  
vit_model.vision_model.encoder.layers.18.self_attn.v_proj.weight:  80%|████████  | 980/1223 [00:05<00:01, 190.99w/s, dev=cpu]
vit_model.vision_model.encoder.layers.19.layer_norm1.bias:  80%|████████  | 981/1223 [00:05<00:01, 191.18w/s, dev=cpu]       
vit_model.vision_model.encoder.layers.19.layer_norm1.weight:  80%|████████  | 982/1223 [00:05<00:01, 191.38w/s, dev=cpu]
vit_model.vision_model.encoder.layers.19.layer_norm2.bias:  80%|████████  | 983/1223 [00:05<00:01, 191.57w/s, dev=cpu]  
vit_model.vision_model.encoder.layers.19.layer_norm2.weight:  80%|████████  | 984/1223 [00:05<00:01, 191.76w/s, dev=cpu]
vit_model.vision_model.encoder.layers.19.mlp.fc1.bias:  81%|████████  | 985/1223 [00:05<00:01, 191.95w/s, dev=cpu]      
vit_model.vision_model.encoder.layers.19.mlp.fc1.weight:  81%|████████  | 986/1223 [00:05<00:01, 192.14w/s, dev=cpu]
vit_model.vision_model.encoder.layers.19.mlp.fc2.bias:  81%|████████  | 987/1223 [00:05<00:01, 192.34w/s, dev=cpu]  
vit_model.vision_model.encoder.layers.19.mlp.fc2.weight:  81%|████████  | 988/1223 [00:05<00:01, 192.53w/s, dev=cpu]
vit_model.vision_model.encoder.layers.19.self_attn.k_proj.bias:  81%|████████  | 989/1223 [00:05<00:01, 192.72w/s, dev=cpu]
vit_model.vision_model.encoder.layers.19.self_attn.k_proj.weight:  81%|████████  | 990/1223 [00:05<00:01, 192.91w/s, dev=cpu]
vit_model.vision_model.encoder.layers.19.self_attn.out_proj.bias:  81%|████████  | 991/1223 [00:05<00:01, 193.11w/s, dev=cpu]
vit_model.vision_model.encoder.layers.19.self_attn.out_proj.weight:  81%|████████  | 992/1223 [00:05<00:01, 193.30w/s, dev=cpu]
vit_model.vision_model.encoder.layers.19.self_attn.q_proj.bias:  81%|████████  | 993/1223 [00:05<00:01, 193.49w/s, dev=cpu]    
vit_model.vision_model.encoder.layers.19.self_attn.q_proj.weight:  81%|████████▏ | 994/1223 [00:05<00:01, 193.68w/s, dev=cpu]
vit_model.vision_model.encoder.layers.19.self_attn.v_proj.bias:  81%|████████▏ | 995/1223 [00:05<00:01, 193.87w/s, dev=cpu]  
vit_model.vision_model.encoder.layers.19.self_attn.v_proj.weight:  81%|████████▏ | 996/1223 [00:05<00:01, 194.06w/s, dev=cpu]
vit_model.vision_model.encoder.layers.2.layer_norm1.bias:  82%|████████▏ | 997/1223 [00:05<00:01, 194.26w/s, dev=cpu]        
vit_model.vision_model.encoder.layers.2.layer_norm1.weight:  82%|████████▏ | 998/1223 [00:05<00:01, 194.45w/s, dev=cpu]
vit_model.vision_model.encoder.layers.2.layer_norm2.bias:  82%|████████▏ | 999/1223 [00:05<00:01, 194.64w/s, dev=cpu]  
vit_model.vision_model.encoder.layers.2.layer_norm2.weight:  82%|████████▏ | 1000/1223 [00:05<00:01, 194.83w/s, dev=cpu]
vit_model.vision_model.encoder.layers.2.mlp.fc1.bias:  82%|████████▏ | 1001/1223 [00:05<00:01, 195.02w/s, dev=cpu]      
vit_model.vision_model.encoder.layers.2.mlp.fc1.weight:  82%|████████▏ | 1002/1223 [00:05<00:01, 195.22w/s, dev=cpu]
vit_model.vision_model.encoder.layers.2.mlp.fc2.bias:  82%|████████▏ | 1003/1223 [00:05<00:01, 195.41w/s, dev=cpu]  
vit_model.vision_model.encoder.layers.2.mlp.fc2.weight:  82%|████████▏ | 1004/1223 [00:05<00:01, 195.60w/s, dev=cpu]
vit_model.vision_model.encoder.layers.2.self_attn.k_proj.bias:  82%|████████▏ | 1005/1223 [00:05<00:01, 195.79w/s, dev=cpu]
vit_model.vision_model.encoder.layers.2.self_attn.k_proj.weight:  82%|████████▏ | 1006/1223 [00:05<00:01, 195.98w/s, dev=cpu]
vit_model.vision_model.encoder.layers.2.self_attn.out_proj.bias:  82%|████████▏ | 1007/1223 [00:05<00:01, 196.17w/s, dev=cpu]
vit_model.vision_model.encoder.layers.2.self_attn.out_proj.weight:  82%|████████▏ | 1008/1223 [00:05<00:01, 196.37w/s, dev=cpu]
vit_model.vision_model.encoder.layers.2.self_attn.q_proj.bias:  83%|████████▎ | 1009/1223 [00:05<00:01, 196.56w/s, dev=cpu]    
vit_model.vision_model.encoder.layers.2.self_attn.q_proj.weight:  83%|████████▎ | 1010/1223 [00:05<00:01, 196.75w/s, dev=cpu]
vit_model.vision_model.encoder.layers.2.self_attn.v_proj.bias:  83%|████████▎ | 1011/1223 [00:05<00:01, 196.94w/s, dev=cpu]  
vit_model.vision_model.encoder.layers.2.self_attn.v_proj.weight:  83%|████████▎ | 1012/1223 [00:05<00:01, 197.13w/s, dev=cpu]
vit_model.vision_model.encoder.layers.20.layer_norm1.bias:  83%|████████▎ | 1013/1223 [00:05<00:01, 197.32w/s, dev=cpu]      
vit_model.vision_model.encoder.layers.20.layer_norm1.weight:  83%|████████▎ | 1014/1223 [00:05<00:01, 197.52w/s, dev=cpu]
vit_model.vision_model.encoder.layers.20.layer_norm2.bias:  83%|████████▎ | 1015/1223 [00:05<00:01, 197.71w/s, dev=cpu]  
vit_model.vision_model.encoder.layers.20.layer_norm2.weight:  83%|████████▎ | 1016/1223 [00:05<00:01, 197.90w/s, dev=cpu]
vit_model.vision_model.encoder.layers.20.mlp.fc1.bias:  83%|████████▎ | 1017/1223 [00:05<00:01, 198.09w/s, dev=cpu]      
vit_model.vision_model.encoder.layers.20.mlp.fc1.weight:  83%|████████▎ | 1018/1223 [00:05<00:01, 198.28w/s, dev=cpu]
vit_model.vision_model.encoder.layers.20.mlp.fc2.bias:  83%|████████▎ | 1019/1223 [00:05<00:01, 198.48w/s, dev=cpu]  
vit_model.vision_model.encoder.layers.20.mlp.fc2.weight:  83%|████████▎ | 1020/1223 [00:05<00:01, 198.67w/s, dev=cpu]
vit_model.vision_model.encoder.layers.20.self_attn.k_proj.bias:  83%|████████▎ | 1021/1223 [00:05<00:01, 198.86w/s, dev=cpu]
vit_model.vision_model.encoder.layers.20.self_attn.k_proj.weight:  84%|████████▎ | 1022/1223 [00:05<00:01, 199.05w/s, dev=cpu]
vit_model.vision_model.encoder.layers.20.self_attn.out_proj.bias:  84%|████████▎ | 1023/1223 [00:05<00:01, 199.24w/s, dev=cpu]
vit_model.vision_model.encoder.layers.20.self_attn.out_proj.weight:  84%|████████▎ | 1024/1223 [00:05<00:00, 199.43w/s, dev=cpu]
vit_model.vision_model.encoder.layers.20.self_attn.q_proj.bias:  84%|████████▍ | 1025/1223 [00:05<00:00, 199.63w/s, dev=cpu]    
vit_model.vision_model.encoder.layers.20.self_attn.q_proj.weight:  84%|████████▍ | 1026/1223 [00:05<00:00, 199.82w/s, dev=cpu]
vit_model.vision_model.encoder.layers.20.self_attn.v_proj.bias:  84%|████████▍ | 1027/1223 [00:05<00:00, 200.01w/s, dev=cpu]  
vit_model.vision_model.encoder.layers.20.self_attn.v_proj.weight:  84%|████████▍ | 1028/1223 [00:05<00:00, 200.20w/s, dev=cpu]
vit_model.vision_model.encoder.layers.21.layer_norm1.bias:  84%|████████▍ | 1029/1223 [00:05<00:00, 200.39w/s, dev=cpu]       
vit_model.vision_model.encoder.layers.21.layer_norm1.weight:  84%|████████▍ | 1030/1223 [00:05<00:00, 200.58w/s, dev=cpu]
vit_model.vision_model.encoder.layers.21.layer_norm2.bias:  84%|████████▍ | 1031/1223 [00:05<00:00, 200.78w/s, dev=cpu]  
vit_model.vision_model.encoder.layers.21.layer_norm2.weight:  84%|████████▍ | 1032/1223 [00:05<00:00, 200.97w/s, dev=cpu]
vit_model.vision_model.encoder.layers.21.mlp.fc1.bias:  84%|████████▍ | 1033/1223 [00:05<00:00, 201.16w/s, dev=cpu]      
vit_model.vision_model.encoder.layers.21.mlp.fc1.weight:  85%|████████▍ | 1034/1223 [00:05<00:00, 201.35w/s, dev=cpu]
vit_model.vision_model.encoder.layers.21.mlp.fc2.bias:  85%|████████▍ | 1035/1223 [00:05<00:00, 201.54w/s, dev=cpu]  
vit_model.vision_model.encoder.layers.21.mlp.fc2.weight:  85%|████████▍ | 1036/1223 [00:05<00:00, 201.74w/s, dev=cpu]
vit_model.vision_model.encoder.layers.21.self_attn.k_proj.bias:  85%|████████▍ | 1037/1223 [00:05<00:00, 201.93w/s, dev=cpu]
vit_model.vision_model.encoder.layers.21.self_attn.k_proj.weight:  85%|████████▍ | 1038/1223 [00:05<00:00, 202.12w/s, dev=cpu]
vit_model.vision_model.encoder.layers.21.self_attn.out_proj.bias:  85%|████████▍ | 1039/1223 [00:05<00:00, 202.31w/s, dev=cpu]
vit_model.vision_model.encoder.layers.21.self_attn.out_proj.weight:  85%|████████▌ | 1040/1223 [00:05<00:00, 202.50w/s, dev=cpu]
vit_model.vision_model.encoder.layers.21.self_attn.q_proj.bias:  85%|████████▌ | 1041/1223 [00:05<00:00, 202.69w/s, dev=cpu]    
vit_model.vision_model.encoder.layers.21.self_attn.q_proj.weight:  85%|████████▌ | 1042/1223 [00:05<00:00, 202.88w/s, dev=cpu]
vit_model.vision_model.encoder.layers.21.self_attn.v_proj.bias:  85%|████████▌ | 1043/1223 [00:05<00:00, 203.08w/s, dev=cpu]  
vit_model.vision_model.encoder.layers.21.self_attn.v_proj.weight:  85%|████████▌ | 1044/1223 [00:05<00:00, 203.27w/s, dev=cpu]
vit_model.vision_model.encoder.layers.22.layer_norm1.bias:  85%|████████▌ | 1045/1223 [00:05<00:00, 203.46w/s, dev=cpu]       
vit_model.vision_model.encoder.layers.22.layer_norm1.weight:  86%|████████▌ | 1046/1223 [00:05<00:00, 203.65w/s, dev=cpu]
vit_model.vision_model.encoder.layers.22.layer_norm2.bias:  86%|████████▌ | 1047/1223 [00:05<00:00, 203.84w/s, dev=cpu]  
vit_model.vision_model.encoder.layers.22.layer_norm2.weight:  86%|████████▌ | 1048/1223 [00:05<00:00, 204.03w/s, dev=cpu]
vit_model.vision_model.encoder.layers.22.mlp.fc1.bias:  86%|████████▌ | 1049/1223 [00:05<00:00, 204.23w/s, dev=cpu]      
vit_model.vision_model.encoder.layers.22.mlp.fc1.weight:  86%|████████▌ | 1050/1223 [00:05<00:00, 204.42w/s, dev=cpu]
vit_model.vision_model.encoder.layers.22.mlp.fc2.bias:  86%|████████▌ | 1051/1223 [00:05<00:00, 204.61w/s, dev=cpu]  
vit_model.vision_model.encoder.layers.22.mlp.fc2.weight:  86%|████████▌ | 1052/1223 [00:05<00:00, 204.80w/s, dev=cpu]
vit_model.vision_model.encoder.layers.22.self_attn.k_proj.bias:  86%|████████▌ | 1053/1223 [00:05<00:00, 204.99w/s, dev=cpu]
vit_model.vision_model.encoder.layers.22.self_attn.k_proj.weight:  86%|████████▌ | 1054/1223 [00:05<00:00, 205.19w/s, dev=cpu]
vit_model.vision_model.encoder.layers.22.self_attn.out_proj.bias:  86%|████████▋ | 1055/1223 [00:05<00:00, 205.38w/s, dev=cpu]
vit_model.vision_model.encoder.layers.22.self_attn.out_proj.weight:  86%|████████▋ | 1056/1223 [00:05<00:00, 205.57w/s, dev=cpu]
vit_model.vision_model.encoder.layers.22.self_attn.q_proj.bias:  86%|████████▋ | 1057/1223 [00:05<00:00, 205.76w/s, dev=cpu]    
vit_model.vision_model.encoder.layers.22.self_attn.q_proj.weight:  87%|████████▋ | 1058/1223 [00:05<00:00, 205.95w/s, dev=cpu]
vit_model.vision_model.encoder.layers.22.self_attn.v_proj.bias:  87%|████████▋ | 1059/1223 [00:05<00:00, 206.14w/s, dev=cpu]  
vit_model.vision_model.encoder.layers.22.self_attn.v_proj.weight:  87%|████████▋ | 1060/1223 [00:05<00:00, 206.34w/s, dev=cpu]
vit_model.vision_model.encoder.layers.23.layer_norm1.bias:  87%|████████▋ | 1061/1223 [00:05<00:00, 206.53w/s, dev=cpu]       
vit_model.vision_model.encoder.layers.23.layer_norm1.weight:  87%|████████▋ | 1062/1223 [00:05<00:00, 206.72w/s, dev=cpu]
vit_model.vision_model.encoder.layers.23.layer_norm2.bias:  87%|████████▋ | 1063/1223 [00:05<00:00, 206.91w/s, dev=cpu]  
vit_model.vision_model.encoder.layers.23.layer_norm2.weight:  87%|████████▋ | 1064/1223 [00:05<00:00, 207.10w/s, dev=cpu]
vit_model.vision_model.encoder.layers.23.mlp.fc1.bias:  87%|████████▋ | 1065/1223 [00:05<00:00, 207.29w/s, dev=cpu]      
vit_model.vision_model.encoder.layers.23.mlp.fc1.weight:  87%|████████▋ | 1066/1223 [00:05<00:00, 207.49w/s, dev=cpu]
vit_model.vision_model.encoder.layers.23.mlp.fc2.bias:  87%|████████▋ | 1067/1223 [00:05<00:00, 207.68w/s, dev=cpu]  
vit_model.vision_model.encoder.layers.23.mlp.fc2.weight:  87%|████████▋ | 1068/1223 [00:05<00:00, 207.87w/s, dev=cpu]
vit_model.vision_model.encoder.layers.23.self_attn.k_proj.bias:  87%|████████▋ | 1069/1223 [00:05<00:00, 208.06w/s, dev=cpu]
vit_model.vision_model.encoder.layers.23.self_attn.k_proj.weight:  87%|████████▋ | 1070/1223 [00:05<00:00, 208.25w/s, dev=cpu]
vit_model.vision_model.encoder.layers.23.self_attn.out_proj.bias:  88%|████████▊ | 1071/1223 [00:05<00:00, 208.44w/s, dev=cpu]
vit_model.vision_model.encoder.layers.23.self_attn.out_proj.weight:  88%|████████▊ | 1072/1223 [00:05<00:00, 208.63w/s, dev=cpu]
vit_model.vision_model.encoder.layers.23.self_attn.q_proj.bias:  88%|████████▊ | 1073/1223 [00:05<00:00, 208.83w/s, dev=cpu]    
vit_model.vision_model.encoder.layers.23.self_attn.q_proj.weight:  88%|████████▊ | 1074/1223 [00:05<00:00, 209.02w/s, dev=cpu]
vit_model.vision_model.encoder.layers.23.self_attn.v_proj.bias:  88%|████████▊ | 1075/1223 [00:05<00:00, 209.21w/s, dev=cpu]  
vit_model.vision_model.encoder.layers.23.self_attn.v_proj.weight:  88%|████████▊ | 1076/1223 [00:05<00:00, 209.40w/s, dev=cpu]
vit_model.vision_model.encoder.layers.24.layer_norm1.bias:  88%|████████▊ | 1077/1223 [00:05<00:00, 209.59w/s, dev=cpu]       
vit_model.vision_model.encoder.layers.24.layer_norm1.weight:  88%|████████▊ | 1078/1223 [00:05<00:00, 209.78w/s, dev=cpu]
vit_model.vision_model.encoder.layers.24.layer_norm2.bias:  88%|████████▊ | 1079/1223 [00:05<00:00, 209.98w/s, dev=cpu]  
vit_model.vision_model.encoder.layers.24.layer_norm2.weight:  88%|████████▊ | 1080/1223 [00:05<00:00, 210.17w/s, dev=cpu]
vit_model.vision_model.encoder.layers.24.mlp.fc1.bias:  88%|████████▊ | 1081/1223 [00:05<00:00, 210.36w/s, dev=cpu]      
vit_model.vision_model.encoder.layers.24.mlp.fc1.weight:  88%|████████▊ | 1082/1223 [00:05<00:00, 210.55w/s, dev=cpu]
vit_model.vision_model.encoder.layers.24.mlp.fc2.bias:  89%|████████▊ | 1083/1223 [00:05<00:00, 210.74w/s, dev=cpu]  
vit_model.vision_model.encoder.layers.24.mlp.fc2.weight:  89%|████████▊ | 1084/1223 [00:05<00:00, 210.93w/s, dev=cpu]
vit_model.vision_model.encoder.layers.24.self_attn.k_proj.bias:  89%|████████▊ | 1085/1223 [00:05<00:00, 211.12w/s, dev=cpu]
vit_model.vision_model.encoder.layers.24.self_attn.k_proj.weight:  89%|████████▉ | 1086/1223 [00:05<00:00, 211.32w/s, dev=cpu]
vit_model.vision_model.encoder.layers.24.self_attn.out_proj.bias:  89%|████████▉ | 1087/1223 [00:05<00:00, 211.51w/s, dev=cpu]
vit_model.vision_model.encoder.layers.24.self_attn.out_proj.weight:  89%|████████▉ | 1088/1223 [00:05<00:00, 211.70w/s, dev=cpu]
vit_model.vision_model.encoder.layers.24.self_attn.q_proj.bias:  89%|████████▉ | 1089/1223 [00:05<00:00, 211.89w/s, dev=cpu]    
vit_model.vision_model.encoder.layers.24.self_attn.q_proj.weight:  89%|████████▉ | 1090/1223 [00:05<00:00, 212.08w/s, dev=cpu]
vit_model.vision_model.encoder.layers.24.self_attn.v_proj.bias:  89%|████████▉ | 1091/1223 [00:05<00:00, 212.27w/s, dev=cpu]  
vit_model.vision_model.encoder.layers.24.self_attn.v_proj.weight:  89%|████████▉ | 1092/1223 [00:05<00:00, 212.46w/s, dev=cpu]
vit_model.vision_model.encoder.layers.25.layer_norm1.bias:  89%|████████▉ | 1093/1223 [00:05<00:00, 212.66w/s, dev=cpu]       
vit_model.vision_model.encoder.layers.25.layer_norm1.weight:  89%|████████▉ | 1094/1223 [00:05<00:00, 212.85w/s, dev=cpu]
vit_model.vision_model.encoder.layers.25.layer_norm2.bias:  90%|████████▉ | 1095/1223 [00:05<00:00, 213.04w/s, dev=cpu]  
vit_model.vision_model.encoder.layers.25.layer_norm2.weight:  90%|████████▉ | 1096/1223 [00:05<00:00, 213.23w/s, dev=cpu]
vit_model.vision_model.encoder.layers.25.mlp.fc1.bias:  90%|████████▉ | 1097/1223 [00:05<00:00, 213.42w/s, dev=cpu]      
vit_model.vision_model.encoder.layers.25.mlp.fc1.weight:  90%|████████▉ | 1098/1223 [00:05<00:00, 213.61w/s, dev=cpu]
vit_model.vision_model.encoder.layers.25.mlp.fc2.bias:  90%|████████▉ | 1099/1223 [00:05<00:00, 213.80w/s, dev=cpu]  
vit_model.vision_model.encoder.layers.25.mlp.fc2.weight:  90%|████████▉ | 1100/1223 [00:05<00:00, 214.00w/s, dev=cpu]
vit_model.vision_model.encoder.layers.25.self_attn.k_proj.bias:  90%|█████████ | 1101/1223 [00:05<00:00, 214.19w/s, dev=cpu]
vit_model.vision_model.encoder.layers.25.self_attn.k_proj.weight:  90%|█████████ | 1102/1223 [00:05<00:00, 214.38w/s, dev=cpu]
vit_model.vision_model.encoder.layers.25.self_attn.out_proj.bias:  90%|█████████ | 1103/1223 [00:05<00:00, 214.57w/s, dev=cpu]
vit_model.vision_model.encoder.layers.25.self_attn.out_proj.weight:  90%|█████████ | 1104/1223 [00:05<00:00, 214.76w/s, dev=cpu]
vit_model.vision_model.encoder.layers.25.self_attn.q_proj.bias:  90%|█████████ | 1105/1223 [00:05<00:00, 214.95w/s, dev=cpu]    
vit_model.vision_model.encoder.layers.25.self_attn.q_proj.weight:  90%|█████████ | 1106/1223 [00:05<00:00, 215.14w/s, dev=cpu]
vit_model.vision_model.encoder.layers.25.self_attn.v_proj.bias:  91%|█████████ | 1107/1223 [00:05<00:00, 215.33w/s, dev=cpu]  
vit_model.vision_model.encoder.layers.25.self_attn.v_proj.weight:  91%|█████████ | 1108/1223 [00:05<00:00, 215.53w/s, dev=cpu]
vit_model.vision_model.encoder.layers.3.layer_norm1.bias:  91%|█████████ | 1109/1223 [00:05<00:00, 215.72w/s, dev=cpu]        
vit_model.vision_model.encoder.layers.3.layer_norm1.weight:  91%|█████████ | 1110/1223 [00:05<00:00, 215.91w/s, dev=cpu]
vit_model.vision_model.encoder.layers.3.layer_norm2.bias:  91%|█████████ | 1111/1223 [00:05<00:00, 216.10w/s, dev=cpu]  
vit_model.vision_model.encoder.layers.3.layer_norm2.weight:  91%|█████████ | 1112/1223 [00:05<00:00, 216.29w/s, dev=cpu]
vit_model.vision_model.encoder.layers.3.mlp.fc1.bias:  91%|█████████ | 1113/1223 [00:05<00:00, 216.48w/s, dev=cpu]      
vit_model.vision_model.encoder.layers.3.mlp.fc1.weight:  91%|█████████ | 1114/1223 [00:05<00:00, 216.67w/s, dev=cpu]
vit_model.vision_model.encoder.layers.3.mlp.fc2.bias:  91%|█████████ | 1115/1223 [00:05<00:00, 216.87w/s, dev=cpu]  
vit_model.vision_model.encoder.layers.3.mlp.fc2.weight:  91%|█████████▏| 1116/1223 [00:05<00:00, 217.06w/s, dev=cpu]
vit_model.vision_model.encoder.layers.3.self_attn.k_proj.bias:  91%|█████████▏| 1117/1223 [00:05<00:00, 217.25w/s, dev=cpu]
vit_model.vision_model.encoder.layers.3.self_attn.k_proj.weight:  91%|█████████▏| 1118/1223 [00:05<00:00, 217.44w/s, dev=cpu]
vit_model.vision_model.encoder.layers.3.self_attn.out_proj.bias:  91%|█████████▏| 1119/1223 [00:05<00:00, 217.63w/s, dev=cpu]
vit_model.vision_model.encoder.layers.3.self_attn.out_proj.weight:  92%|█████████▏| 1120/1223 [00:05<00:00, 217.82w/s, dev=cpu]
vit_model.vision_model.encoder.layers.3.self_attn.q_proj.bias:  92%|█████████▏| 1121/1223 [00:05<00:00, 218.01w/s, dev=cpu]    
vit_model.vision_model.encoder.layers.3.self_attn.q_proj.weight:  92%|█████████▏| 1122/1223 [00:05<00:00, 218.20w/s, dev=cpu]
vit_model.vision_model.encoder.layers.3.self_attn.v_proj.bias:  92%|█████████▏| 1123/1223 [00:05<00:00, 218.40w/s, dev=cpu]  
vit_model.vision_model.encoder.layers.3.self_attn.v_proj.weight:  92%|█████████▏| 1124/1223 [00:05<00:00, 218.59w/s, dev=cpu]
vit_model.vision_model.encoder.layers.4.layer_norm1.bias:  92%|█████████▏| 1125/1223 [00:05<00:00, 218.78w/s, dev=cpu]       
vit_model.vision_model.encoder.layers.4.layer_norm1.weight:  92%|█████████▏| 1126/1223 [00:05<00:00, 218.97w/s, dev=cpu]
vit_model.vision_model.encoder.layers.4.layer_norm2.bias:  92%|█████████▏| 1127/1223 [00:05<00:00, 219.16w/s, dev=cpu]  
vit_model.vision_model.encoder.layers.4.layer_norm2.weight:  92%|█████████▏| 1128/1223 [00:05<00:00, 219.35w/s, dev=cpu]
vit_model.vision_model.encoder.layers.4.mlp.fc1.bias:  92%|█████████▏| 1129/1223 [00:05<00:00, 219.54w/s, dev=cpu]      
vit_model.vision_model.encoder.layers.4.mlp.fc1.weight:  92%|█████████▏| 1130/1223 [00:05<00:00, 219.73w/s, dev=cpu]
vit_model.vision_model.encoder.layers.4.mlp.fc2.bias:  92%|█████████▏| 1131/1223 [00:05<00:00, 219.93w/s, dev=cpu]  
vit_model.vision_model.encoder.layers.4.mlp.fc2.weight:  93%|█████████▎| 1132/1223 [00:05<00:00, 220.12w/s, dev=cpu]
vit_model.vision_model.encoder.layers.4.self_attn.k_proj.bias:  93%|█████████▎| 1133/1223 [00:05<00:00, 220.31w/s, dev=cpu]
vit_model.vision_model.encoder.layers.4.self_attn.k_proj.weight:  93%|█████████▎| 1134/1223 [00:05<00:00, 220.50w/s, dev=cpu]
vit_model.vision_model.encoder.layers.4.self_attn.out_proj.bias:  93%|█████████▎| 1135/1223 [00:05<00:00, 220.69w/s, dev=cpu]
vit_model.vision_model.encoder.layers.4.self_attn.out_proj.weight:  93%|█████████▎| 1136/1223 [00:05<00:00, 220.88w/s, dev=cpu]
vit_model.vision_model.encoder.layers.4.self_attn.q_proj.bias:  93%|█████████▎| 1137/1223 [00:05<00:00, 221.07w/s, dev=cpu]    
vit_model.vision_model.encoder.layers.4.self_attn.q_proj.weight:  93%|█████████▎| 1138/1223 [00:05<00:00, 221.26w/s, dev=cpu]
vit_model.vision_model.encoder.layers.4.self_attn.v_proj.bias:  93%|█████████▎| 1139/1223 [00:05<00:00, 221.45w/s, dev=cpu]  
vit_model.vision_model.encoder.layers.4.self_attn.v_proj.weight:  93%|█████████▎| 1140/1223 [00:05<00:00, 221.65w/s, dev=cpu]
vit_model.vision_model.encoder.layers.5.layer_norm1.bias:  93%|█████████▎| 1141/1223 [00:05<00:00, 221.84w/s, dev=cpu]       
vit_model.vision_model.encoder.layers.5.layer_norm1.weight:  93%|█████████▎| 1142/1223 [00:05<00:00, 222.03w/s, dev=cpu]
vit_model.vision_model.encoder.layers.5.layer_norm2.bias:  93%|█████████▎| 1143/1223 [00:05<00:00, 222.22w/s, dev=cpu]  
vit_model.vision_model.encoder.layers.5.layer_norm2.weight:  94%|█████████▎| 1144/1223 [00:05<00:00, 222.41w/s, dev=cpu]
vit_model.vision_model.encoder.layers.5.mlp.fc1.bias:  94%|█████████▎| 1145/1223 [00:05<00:00, 222.60w/s, dev=cpu]      
vit_model.vision_model.encoder.layers.5.mlp.fc1.weight:  94%|█████████▎| 1146/1223 [00:05<00:00, 222.79w/s, dev=cpu]
vit_model.vision_model.encoder.layers.5.mlp.fc2.bias:  94%|█████████▍| 1147/1223 [00:05<00:00, 222.98w/s, dev=cpu]  
vit_model.vision_model.encoder.layers.5.mlp.fc2.weight:  94%|█████████▍| 1148/1223 [00:05<00:00, 223.18w/s, dev=cpu]
vit_model.vision_model.encoder.layers.5.self_attn.k_proj.bias:  94%|█████████▍| 1149/1223 [00:05<00:00, 223.37w/s, dev=cpu]
vit_model.vision_model.encoder.layers.5.self_attn.k_proj.weight:  94%|█████████▍| 1150/1223 [00:05<00:00, 223.56w/s, dev=cpu]
vit_model.vision_model.encoder.layers.5.self_attn.out_proj.bias:  94%|█████████▍| 1151/1223 [00:05<00:00, 223.75w/s, dev=cpu]
vit_model.vision_model.encoder.layers.5.self_attn.out_proj.weight:  94%|█████████▍| 1152/1223 [00:05<00:00, 223.94w/s, dev=cpu]
vit_model.vision_model.encoder.layers.5.self_attn.q_proj.bias:  94%|█████████▍| 1153/1223 [00:05<00:00, 224.13w/s, dev=cpu]    
vit_model.vision_model.encoder.layers.5.self_attn.q_proj.weight:  94%|█████████▍| 1154/1223 [00:05<00:00, 224.32w/s, dev=cpu]
vit_model.vision_model.encoder.layers.5.self_attn.v_proj.bias:  94%|█████████▍| 1155/1223 [00:05<00:00, 224.51w/s, dev=cpu]  
vit_model.vision_model.encoder.layers.5.self_attn.v_proj.weight:  95%|█████████▍| 1156/1223 [00:05<00:00, 224.70w/s, dev=cpu]
vit_model.vision_model.encoder.layers.6.layer_norm1.bias:  95%|█████████▍| 1157/1223 [00:05<00:00, 224.89w/s, dev=cpu]       
vit_model.vision_model.encoder.layers.6.layer_norm1.weight:  95%|█████████▍| 1158/1223 [00:05<00:00, 225.09w/s, dev=cpu]
vit_model.vision_model.encoder.layers.6.layer_norm2.bias:  95%|█████████▍| 1159/1223 [00:05<00:00, 225.28w/s, dev=cpu]  
vit_model.vision_model.encoder.layers.6.layer_norm2.weight:  95%|█████████▍| 1160/1223 [00:05<00:00, 225.47w/s, dev=cpu]
vit_model.vision_model.encoder.layers.6.mlp.fc1.bias:  95%|█████████▍| 1161/1223 [00:05<00:00, 225.66w/s, dev=cpu]      
vit_model.vision_model.encoder.layers.6.mlp.fc1.weight:  95%|█████████▌| 1162/1223 [00:05<00:00, 225.85w/s, dev=cpu]
vit_model.vision_model.encoder.layers.6.mlp.fc2.bias:  95%|█████████▌| 1163/1223 [00:05<00:00, 226.04w/s, dev=cpu]  
vit_model.vision_model.encoder.layers.6.mlp.fc2.weight:  95%|█████████▌| 1164/1223 [00:05<00:00, 226.23w/s, dev=cpu]
vit_model.vision_model.encoder.layers.6.self_attn.k_proj.bias:  95%|█████████▌| 1165/1223 [00:05<00:00, 226.42w/s, dev=cpu]
vit_model.vision_model.encoder.layers.6.self_attn.k_proj.weight:  95%|█████████▌| 1166/1223 [00:05<00:00, 226.61w/s, dev=cpu]
vit_model.vision_model.encoder.layers.6.self_attn.out_proj.bias:  95%|█████████▌| 1167/1223 [00:05<00:00, 226.81w/s, dev=cpu]
vit_model.vision_model.encoder.layers.6.self_attn.out_proj.weight:  96%|█████████▌| 1168/1223 [00:05<00:00, 227.00w/s, dev=cpu]
vit_model.vision_model.encoder.layers.6.self_attn.q_proj.bias:  96%|█████████▌| 1169/1223 [00:05<00:00, 227.19w/s, dev=cpu]    
vit_model.vision_model.encoder.layers.6.self_attn.q_proj.weight:  96%|█████████▌| 1170/1223 [00:05<00:00, 227.38w/s, dev=cpu]
vit_model.vision_model.encoder.layers.6.self_attn.v_proj.bias:  96%|█████████▌| 1171/1223 [00:05<00:00, 227.57w/s, dev=cpu]  
vit_model.vision_model.encoder.layers.6.self_attn.v_proj.weight:  96%|█████████▌| 1172/1223 [00:05<00:00, 227.76w/s, dev=cpu]
vit_model.vision_model.encoder.layers.7.layer_norm1.bias:  96%|█████████▌| 1173/1223 [00:05<00:00, 227.95w/s, dev=cpu]       
vit_model.vision_model.encoder.layers.7.layer_norm1.weight:  96%|█████████▌| 1174/1223 [00:05<00:00, 228.14w/s, dev=cpu]
vit_model.vision_model.encoder.layers.7.layer_norm2.bias:  96%|█████████▌| 1175/1223 [00:05<00:00, 228.33w/s, dev=cpu]  
vit_model.vision_model.encoder.layers.7.layer_norm2.weight:  96%|█████████▌| 1176/1223 [00:05<00:00, 228.52w/s, dev=cpu]
vit_model.vision_model.encoder.layers.7.mlp.fc1.bias:  96%|█████████▌| 1177/1223 [00:05<00:00, 228.72w/s, dev=cpu]      
vit_model.vision_model.encoder.layers.7.mlp.fc1.weight:  96%|█████████▋| 1178/1223 [00:05<00:00, 228.91w/s, dev=cpu]
vit_model.vision_model.encoder.layers.7.mlp.fc2.bias:  96%|█████████▋| 1179/1223 [00:05<00:00, 229.10w/s, dev=cpu]  
vit_model.vision_model.encoder.layers.7.mlp.fc2.weight:  96%|█████████▋| 1180/1223 [00:05<00:00, 229.29w/s, dev=cpu]
vit_model.vision_model.encoder.layers.7.self_attn.k_proj.bias:  97%|█████████▋| 1181/1223 [00:05<00:00, 229.48w/s, dev=cpu]
vit_model.vision_model.encoder.layers.7.self_attn.k_proj.weight:  97%|█████████▋| 1182/1223 [00:05<00:00, 229.67w/s, dev=cpu]
vit_model.vision_model.encoder.layers.7.self_attn.out_proj.bias:  97%|█████████▋| 1183/1223 [00:05<00:00, 229.86w/s, dev=cpu]
vit_model.vision_model.encoder.layers.7.self_attn.out_proj.weight:  97%|█████████▋| 1184/1223 [00:05<00:00, 230.05w/s, dev=cpu]
vit_model.vision_model.encoder.layers.7.self_attn.q_proj.bias:  97%|█████████▋| 1185/1223 [00:05<00:00, 230.24w/s, dev=cpu]    
vit_model.vision_model.encoder.layers.7.self_attn.q_proj.weight:  97%|█████████▋| 1186/1223 [00:05<00:00, 230.43w/s, dev=cpu]
vit_model.vision_model.encoder.layers.7.self_attn.v_proj.bias:  97%|█████████▋| 1187/1223 [00:05<00:00, 230.63w/s, dev=cpu]  
vit_model.vision_model.encoder.layers.7.self_attn.v_proj.weight:  97%|█████████▋| 1188/1223 [00:05<00:00, 230.82w/s, dev=cpu]
vit_model.vision_model.encoder.layers.8.layer_norm1.bias:  97%|█████████▋| 1189/1223 [00:05<00:00, 231.01w/s, dev=cpu]       
vit_model.vision_model.encoder.layers.8.layer_norm1.weight:  97%|█████████▋| 1190/1223 [00:05<00:00, 231.20w/s, dev=cpu]
vit_model.vision_model.encoder.layers.8.layer_norm2.bias:  97%|█████████▋| 1191/1223 [00:05<00:00, 231.39w/s, dev=cpu]  
vit_model.vision_model.encoder.layers.8.layer_norm2.weight:  97%|█████████▋| 1192/1223 [00:05<00:00, 231.58w/s, dev=cpu]
vit_model.vision_model.encoder.layers.8.mlp.fc1.bias:  98%|█████████▊| 1193/1223 [00:05<00:00, 231.77w/s, dev=cpu]      
vit_model.vision_model.encoder.layers.8.mlp.fc1.weight:  98%|█████████▊| 1194/1223 [00:05<00:00, 231.96w/s, dev=cpu]
vit_model.vision_model.encoder.layers.8.mlp.fc2.bias:  98%|█████████▊| 1195/1223 [00:05<00:00, 232.15w/s, dev=cpu]  
vit_model.vision_model.encoder.layers.8.mlp.fc2.weight:  98%|█████████▊| 1196/1223 [00:05<00:00, 232.34w/s, dev=cpu]
vit_model.vision_model.encoder.layers.8.self_attn.k_proj.bias:  98%|█████████▊| 1197/1223 [00:05<00:00, 232.54w/s, dev=cpu]
vit_model.vision_model.encoder.layers.8.self_attn.k_proj.weight:  98%|█████████▊| 1198/1223 [00:05<00:00, 232.73w/s, dev=cpu]
vit_model.vision_model.encoder.layers.8.self_attn.out_proj.bias:  98%|█████████▊| 1199/1223 [00:05<00:00, 232.92w/s, dev=cpu]
vit_model.vision_model.encoder.layers.8.self_attn.out_proj.weight:  98%|█████████▊| 1200/1223 [00:05<00:00, 233.11w/s, dev=cpu]
vit_model.vision_model.encoder.layers.8.self_attn.q_proj.bias:  98%|█████████▊| 1201/1223 [00:05<00:00, 233.30w/s, dev=cpu]    
vit_model.vision_model.encoder.layers.8.self_attn.q_proj.weight:  98%|█████████▊| 1202/1223 [00:05<00:00, 233.49w/s, dev=cpu]
vit_model.vision_model.encoder.layers.8.self_attn.v_proj.bias:  98%|█████████▊| 1203/1223 [00:05<00:00, 233.68w/s, dev=cpu]  
vit_model.vision_model.encoder.layers.8.self_attn.v_proj.weight:  98%|█████████▊| 1204/1223 [00:05<00:00, 233.87w/s, dev=cpu]
vit_model.vision_model.encoder.layers.9.layer_norm1.bias:  99%|█████████▊| 1205/1223 [00:05<00:00, 234.06w/s, dev=cpu]       
vit_model.vision_model.encoder.layers.9.layer_norm1.weight:  99%|█████████▊| 1206/1223 [00:05<00:00, 234.25w/s, dev=cpu]
vit_model.vision_model.encoder.layers.9.layer_norm2.bias:  99%|█████████▊| 1207/1223 [00:05<00:00, 234.44w/s, dev=cpu]  
vit_model.vision_model.encoder.layers.9.layer_norm2.weight:  99%|█████████▉| 1208/1223 [00:05<00:00, 234.63w/s, dev=cpu]
vit_model.vision_model.encoder.layers.9.mlp.fc1.bias:  99%|█████████▉| 1209/1223 [00:05<00:00, 234.82w/s, dev=cpu]      
vit_model.vision_model.encoder.layers.9.mlp.fc1.weight:  99%|█████████▉| 1210/1223 [00:05<00:00, 235.01w/s, dev=cpu]
vit_model.vision_model.encoder.layers.9.mlp.fc2.bias:  99%|█████████▉| 1211/1223 [00:05<00:00, 235.20w/s, dev=cpu]  
vit_model.vision_model.encoder.layers.9.mlp.fc2.weight:  99%|█████████▉| 1212/1223 [00:05<00:00, 235.40w/s, dev=cpu]
vit_model.vision_model.encoder.layers.9.self_attn.k_proj.bias:  99%|█████████▉| 1213/1223 [00:05<00:00, 235.59w/s, dev=cpu]
vit_model.vision_model.encoder.layers.9.self_attn.k_proj.weight:  99%|█████████▉| 1214/1223 [00:05<00:00, 235.78w/s, dev=cpu]
vit_model.vision_model.encoder.layers.9.self_attn.out_proj.bias:  99%|█████████▉| 1215/1223 [00:05<00:00, 235.97w/s, dev=cpu]
vit_model.vision_model.encoder.layers.9.self_attn.out_proj.weight:  99%|█████████▉| 1216/1223 [00:05<00:00, 236.16w/s, dev=cpu]
vit_model.vision_model.encoder.layers.9.self_attn.q_proj.bias: 100%|█████████▉| 1217/1223 [00:05<00:00, 236.35w/s, dev=cpu]    
vit_model.vision_model.encoder.layers.9.self_attn.q_proj.weight: 100%|█████████▉| 1218/1223 [00:05<00:00, 236.54w/s, dev=cpu]
vit_model.vision_model.encoder.layers.9.self_attn.v_proj.bias: 100%|█████████▉| 1219/1223 [00:05<00:00, 236.73w/s, dev=cpu]  
vit_model.vision_model.encoder.layers.9.self_attn.v_proj.weight: 100%|█████████▉| 1220/1223 [00:05<00:00, 236.92w/s, dev=cpu]
vit_model.vision_model.post_layernorm.bias: 100%|█████████▉| 1221/1223 [00:05<00:00, 237.11w/s, dev=cpu]                     
vit_model.vision_model.post_layernorm.weight: 100%|█████████▉| 1222/1223 [00:05<00:00, 237.30w/s, dev=cpu]
                                                                                                          
Some parameters are on the meta device because they were offloaded to the cpu.

  0%|          | 0/9 [00:00<?, ?it/s]
 11%|█         | 1/9 [00:05<00:40,  5.02s/it]
 22%|██▏       | 2/9 [00:09<00:33,  4.80s/it]
 33%|███▎      | 3/9 [00:14<00:28,  4.79s/it]
 44%|████▍     | 4/9 [00:19<00:23,  4.71s/it]
 56%|█████▌    | 5/9 [00:23<00:18,  4.67s/it]
 67%|██████▋   | 6/9 [00:28<00:13,  4.66s/it]
 78%|███████▊  | 7/9 [00:32<00:09,  4.68s/it]
 89%|████████▉ | 8/9 [00:37<00:04,  4.67s/it]
100%|██████████| 9/9 [00:39<00:00,  3.70s/it]
100%|██████████| 9/9 [00:39<00:00,  4.36s/it]

task=t2i
prompt=a detailed cyberpunk street at night with neon lights and rain
input_image=
output=/root/autodl-tmp/BAGEL/repro_records/task12_20260601_211039/outputs/steps_10.png
model_path=models/BAGEL-7B-MoT
mode=2
seed=42
think=False
num_timesteps=10
cfg_text_scale=4.0
cfg_img_scale=2.0
cfg_interval=[0.4, 1.0]
timestep_shift=3.0
gpu_memory_before=cuda:0 torch_allocated=0.00GiB torch_reserved=0.00GiB torch_peak=0.00GiB; cuda:1 torch_allocated=0.00GiB torch_reserved=0.00GiB torch_peak=0.00GiB; nvidia_smi=0, 4, 24564 | 1, 672, 24564
model_load_seconds=24.23
gpu_memory_after_load=cuda:0 torch_allocated=3.29GiB torch_reserved=3.51GiB torch_peak=11.27GiB; cuda:1 torch_allocated=2.69GiB torch_reserved=2.94GiB torch_peak=12.36GiB; nvidia_smi=0, 4052, 24564 | 1, 4140, 24564
inference_seconds=51.81
total_seconds=76.73
gpu_memory_after_inference=cuda:0 torch_allocated=3.30GiB torch_reserved=3.85GiB torch_peak=11.27GiB; cuda:1 torch_allocated=2.69GiB torch_reserved=2.94GiB torch_peak=12.36GiB; nvidia_smi=0, 4412, 24564 | 1, 4156, 24564
status=success

wall_seconds=84
after_gpu:
Mon Jun  1 21:15:43 2026       
+-----------------------------------------------------------------------------------------+
| NVIDIA-SMI 595.58.03              Driver Version: 595.58.03      CUDA Version: 13.2     |
+-----------------------------------------+------------------------+----------------------+
| GPU  Name                 Persistence-M | Bus-Id          Disp.A | Volatile Uncorr. ECC |
| Fan  Temp   Perf          Pwr:Usage/Cap |           Memory-Usage | GPU-Util  Compute M. |
|                                         |                        |               MIG M. |
|=========================================+========================+======================|
|   0  NVIDIA GeForce RTX 4090        On  |   00000000:16:00.0 Off |                  Off |
| 30%   36C    P0             58W /  450W |       1MiB /  24564MiB |     45%      Default |
|                                         |                        |                  N/A |
+-----------------------------------------+------------------------+----------------------+
|   1  NVIDIA GeForce RTX 4090        On  |   00000000:5A:00.0 Off |                  Off |
| 30%   34C    P0             64W /  450W |     672MiB /  24564MiB |      2%      Default |
|                                         |                        |                  N/A |
+-----------------------------------------+------------------------+----------------------+

+-----------------------------------------------------------------------------------------+
| Processes:                                                                              |
|  GPU   GI   CI              PID   Type   Process name                        GPU Memory |
|        ID   ID                                                               Usage      |
|=========================================================================================|
|  No running processes found                                                             |
+-----------------------------------------------------------------------------------------+

===== num_timesteps=30 =====
output=/root/autodl-tmp/BAGEL/repro_records/task12_20260601_211039/outputs/steps_30.png
before_gpu:
Mon Jun  1 21:15:43 2026       
+-----------------------------------------------------------------------------------------+
| NVIDIA-SMI 595.58.03              Driver Version: 595.58.03      CUDA Version: 13.2     |
+-----------------------------------------+------------------------+----------------------+
| GPU  Name                 Persistence-M | Bus-Id          Disp.A | Volatile Uncorr. ECC |
| Fan  Temp   Perf          Pwr:Usage/Cap |           Memory-Usage | GPU-Util  Compute M. |
|                                         |                        |               MIG M. |
|=========================================+========================+======================|
|   0  NVIDIA GeForce RTX 4090        On  |   00000000:16:00.0 Off |                  Off |
| 30%   36C    P0             59W /  450W |       1MiB /  24564MiB |      0%      Default |
|                                         |                        |                  N/A |
+-----------------------------------------+------------------------+----------------------+
|   1  NVIDIA GeForce RTX 4090        On  |   00000000:5A:00.0 Off |                  Off |
| 30%   34C    P0             64W /  450W |     672MiB /  24564MiB |      0%      Default |
|                                         |                        |                  N/A |
+-----------------------------------------+------------------------+----------------------+

+-----------------------------------------------------------------------------------------+
| Processes:                                                                              |
|  GPU   GI   CI              PID   Type   Process name                        GPU Memory |
|        ID   ID                                                               Usage      |
|=========================================================================================|
|  No running processes found                                                             |
+-----------------------------------------------------------------------------------------+
command=/root/miniconda3/bin/conda run -n bagel python scripts/run_bagel_minimal.py --task t2i --prompt a detailed cyberpunk street at night with neon lights and rain --output /root/autodl-tmp/BAGEL/repro_records/task12_20260601_211039/outputs/steps_30.png --mode 2 --seed 42 --think false --num_timesteps 30 --cfg_text_scale 4.0 --model_path models/BAGEL-7B-MoT
The safetensors archive passed at models/BAGEL-7B-MoT/ema.safetensors does not contain metadata. Make sure to save your model with the `save_pretrained` method. Defaulting to 'pt' metadata.

  0%|          | 0/1223 [00:00<?, ?w/s]
language_model.model.embed_tokens.weight:   0%|          | 0/1223 [00:00<?, ?w/s, dev=0]
language_model.model.embed_tokens.weight:   0%|          | 1/1223 [00:00<06:43,  3.03w/s, dev=0]
language_model.model.layers.0.input_layernorm.weight:   0%|          | 1/1223 [00:00<06:44,  3.02w/s, dev=0]
language_model.model.layers.0.input_layernorm_moe_gen.weight:   0%|          | 2/1223 [00:00<03:22,  6.04w/s, dev=0]
language_model.model.layers.0.mlp.down_proj.weight:   0%|          | 3/1223 [00:00<02:14,  9.05w/s, dev=0]          
language_model.model.layers.0.mlp.gate_proj.weight:   0%|          | 4/1223 [00:00<01:48, 11.22w/s, dev=0]
language_model.model.layers.0.mlp.up_proj.weight:   0%|          | 5/1223 [00:00<01:32, 13.10w/s, dev=0]  
language_model.model.layers.0.mlp_moe_gen.down_proj.weight:   0%|          | 6/1223 [00:00<01:22, 14.75w/s, dev=0]
language_model.model.layers.0.mlp_moe_gen.down_proj.weight:   1%|          | 7/1223 [00:00<01:15, 16.21w/s, dev=0]
language_model.model.layers.0.mlp_moe_gen.gate_proj.weight:   1%|          | 7/1223 [00:00<01:15, 16.21w/s, dev=0]
language_model.model.layers.0.mlp_moe_gen.up_proj.weight:   1%|          | 8/1223 [00:00<01:09, 17.50w/s, dev=0]  
language_model.model.layers.0.post_attention_layernorm.weight:   1%|          | 9/1223 [00:00<01:05, 18.67w/s, dev=0]
language_model.model.layers.0.post_attention_layernorm_moe_gen.weight:   1%|          | 10/1223 [00:00<00:58, 20.73w/s, dev=0]
language_model.model.layers.0.self_attn.k_norm.weight:   1%|          | 11/1223 [00:00<00:53, 22.80w/s, dev=0]                
language_model.model.layers.0.self_attn.k_norm_moe_gen.weight:   1%|          | 12/1223 [00:00<00:48, 24.87w/s, dev=0]
language_model.model.layers.0.self_attn.k_proj.bias:   1%|          | 13/1223 [00:00<00:44, 26.93w/s, dev=0]          
language_model.model.layers.0.self_attn.k_proj.weight:   1%|          | 14/1223 [00:00<00:41, 29.00w/s, dev=0]
language_model.model.layers.0.self_attn.k_proj_moe_gen.bias:   1%|          | 15/1223 [00:00<00:38, 31.00w/s, dev=0]
language_model.model.layers.0.self_attn.k_proj_moe_gen.weight:   1%|▏         | 16/1223 [00:00<00:36, 33.06w/s, dev=0]
language_model.model.layers.0.self_attn.o_proj.weight:   1%|▏         | 17/1223 [00:00<00:34, 35.06w/s, dev=0]        
language_model.model.layers.0.self_attn.o_proj_moe_gen.weight:   1%|▏         | 18/1223 [00:00<00:32, 36.74w/s, dev=0]
language_model.model.layers.0.self_attn.q_norm.weight:   2%|▏         | 19/1223 [00:00<00:31, 38.39w/s, dev=0]        
language_model.model.layers.0.self_attn.q_norm_moe_gen.weight:   2%|▏         | 20/1223 [00:00<00:29, 40.39w/s, dev=0]
language_model.model.layers.0.self_attn.q_proj.bias:   2%|▏         | 21/1223 [00:00<00:28, 42.40w/s, dev=0]          
language_model.model.layers.0.self_attn.q_proj.weight:   2%|▏         | 22/1223 [00:00<00:27, 44.41w/s, dev=0]
language_model.model.layers.0.self_attn.q_proj_moe_gen.bias:   2%|▏         | 23/1223 [00:00<00:26, 45.96w/s, dev=0]
language_model.model.layers.0.self_attn.q_proj_moe_gen.weight:   2%|▏         | 24/1223 [00:00<00:25, 47.94w/s, dev=0]
language_model.model.layers.0.self_attn.v_proj.bias:   2%|▏         | 25/1223 [00:00<00:24, 49.44w/s, dev=0]          
language_model.model.layers.0.self_attn.v_proj.weight:   2%|▏         | 26/1223 [00:00<00:23, 51.40w/s, dev=0]
language_model.model.layers.0.self_attn.v_proj_moe_gen.bias:   2%|▏         | 27/1223 [00:00<00:22, 53.29w/s, dev=0]
language_model.model.layers.0.self_attn.v_proj_moe_gen.weight:   2%|▏         | 28/1223 [00:00<00:21, 55.25w/s, dev=0]
language_model.model.layers.1.input_layernorm.weight:   2%|▏         | 29/1223 [00:00<00:20, 57.13w/s, dev=0]         
language_model.model.layers.1.input_layernorm_moe_gen.weight:   2%|▏         | 30/1223 [00:00<00:20, 59.08w/s, dev=0]
language_model.model.layers.1.mlp.down_proj.weight:   3%|▎         | 31/1223 [00:00<00:19, 61.04w/s, dev=0]          
language_model.model.layers.1.mlp.down_proj.weight:   3%|▎         | 32/1223 [00:00<00:19, 60.05w/s, dev=0]
language_model.model.layers.1.mlp.gate_proj.weight:   3%|▎         | 32/1223 [00:00<00:19, 60.03w/s, dev=0]
language_model.model.layers.1.mlp.up_proj.weight:   3%|▎         | 33/1223 [00:00<00:20, 59.13w/s, dev=0]  
language_model.model.layers.1.mlp_moe_gen.down_proj.weight:   3%|▎         | 34/1223 [00:00<00:20, 58.29w/s, dev=0]
language_model.model.layers.1.mlp_moe_gen.gate_proj.weight:   3%|▎         | 35/1223 [00:00<00:20, 57.53w/s, dev=0]
language_model.model.layers.1.mlp_moe_gen.up_proj.weight:   3%|▎         | 36/1223 [00:00<00:20, 56.84w/s, dev=0]  
language_model.model.layers.1.post_attention_layernorm.weight:   3%|▎         | 37/1223 [00:00<00:21, 56.19w/s, dev=0]
language_model.model.layers.1.post_attention_layernorm_moe_gen.weight:   3%|▎         | 38/1223 [00:00<00:20, 57.69w/s, dev=0]
language_model.model.layers.1.self_attn.k_norm.weight:   3%|▎         | 39/1223 [00:00<00:19, 59.20w/s, dev=0]                
language_model.model.layers.1.self_attn.k_norm_moe_gen.weight:   3%|▎         | 40/1223 [00:00<00:19, 60.71w/s, dev=0]
language_model.model.layers.1.self_attn.k_proj.bias:   3%|▎         | 41/1223 [00:00<00:18, 62.22w/s, dev=0]          
language_model.model.layers.1.self_attn.k_proj.weight:   3%|▎         | 42/1223 [00:00<00:18, 63.73w/s, dev=0]
language_model.model.layers.1.self_attn.k_proj_moe_gen.bias:   4%|▎         | 43/1223 [00:00<00:18, 65.16w/s, dev=0]
language_model.model.layers.1.self_attn.k_proj_moe_gen.weight:   4%|▎         | 44/1223 [00:00<00:17, 66.66w/s, dev=0]
language_model.model.layers.1.self_attn.o_proj.weight:   4%|▎         | 45/1223 [00:00<00:17, 68.07w/s, dev=0]        
language_model.model.layers.1.self_attn.o_proj_moe_gen.weight:   4%|▍         | 46/1223 [00:00<00:17, 69.05w/s, dev=0]
language_model.model.layers.1.self_attn.q_norm.weight:   4%|▍         | 47/1223 [00:00<00:16, 70.02w/s, dev=0]        
language_model.model.layers.1.self_attn.q_norm_moe_gen.weight:   4%|▍         | 48/1223 [00:00<00:16, 71.49w/s, dev=0]
language_model.model.layers.1.self_attn.q_proj.bias:   4%|▍         | 49/1223 [00:00<00:16, 72.97w/s, dev=0]          
language_model.model.layers.1.self_attn.q_proj.weight:   4%|▍         | 50/1223 [00:00<00:15, 74.45w/s, dev=0]
language_model.model.layers.1.self_attn.q_proj_moe_gen.bias:   4%|▍         | 51/1223 [00:00<00:15, 75.36w/s, dev=0]
language_model.model.layers.1.self_attn.q_proj_moe_gen.weight:   4%|▍         | 52/1223 [00:00<00:15, 76.81w/s, dev=0]
language_model.model.layers.1.self_attn.v_proj.bias:   4%|▍         | 53/1223 [00:00<00:15, 77.72w/s, dev=0]          
language_model.model.layers.1.self_attn.v_proj.weight:   4%|▍         | 54/1223 [00:00<00:14, 79.17w/s, dev=0]
language_model.model.layers.1.self_attn.v_proj_moe_gen.bias:   4%|▍         | 55/1223 [00:00<00:14, 80.54w/s, dev=0]
language_model.model.layers.1.self_attn.v_proj_moe_gen.weight:   5%|▍         | 56/1223 [00:00<00:14, 81.98w/s, dev=0]
language_model.model.layers.1.self_attn.v_proj_moe_gen.weight:   5%|▍         | 57/1223 [00:00<00:13, 83.35w/s, dev=0]
language_model.model.layers.2.input_layernorm.weight:   5%|▍         | 57/1223 [00:00<00:13, 83.34w/s, dev=0]         
language_model.model.layers.2.input_layernorm_moe_gen.weight:   5%|▍         | 58/1223 [00:00<00:13, 84.78w/s, dev=0]
language_model.model.layers.2.mlp.down_proj.weight:   5%|▍         | 59/1223 [00:00<00:13, 86.23w/s, dev=0]          
language_model.model.layers.2.mlp.gate_proj.weight:   5%|▍         | 60/1223 [00:00<00:13, 84.59w/s, dev=0]
language_model.model.layers.2.mlp.up_proj.weight:   5%|▍         | 61/1223 [00:00<00:13, 83.07w/s, dev=0]  
language_model.model.layers.2.mlp_moe_gen.down_proj.weight:   5%|▌         | 62/1223 [00:00<00:14, 81.62w/s, dev=0]
language_model.model.layers.2.mlp_moe_gen.gate_proj.weight:   5%|▌         | 63/1223 [00:00<00:14, 79.96w/s, dev=0]
language_model.model.layers.2.mlp_moe_gen.up_proj.weight:   5%|▌         | 64/1223 [00:00<00:14, 78.72w/s, dev=0]  
language_model.model.layers.2.post_attention_layernorm.weight:   5%|▌         | 65/1223 [00:00<00:14, 77.54w/s, dev=0]
language_model.model.layers.2.post_attention_layernorm_moe_gen.weight:   5%|▌         | 66/1223 [00:00<00:14, 78.71w/s, dev=0]
language_model.model.layers.2.self_attn.k_norm.weight:   5%|▌         | 67/1223 [00:00<00:14, 79.90w/s, dev=0]                
language_model.model.layers.2.self_attn.k_norm_moe_gen.weight:   6%|▌         | 68/1223 [00:00<00:14, 81.08w/s, dev=0]
language_model.model.layers.2.self_attn.k_proj.bias:   6%|▌         | 69/1223 [00:00<00:14, 82.26w/s, dev=0]          
language_model.model.layers.2.self_attn.k_proj.weight:   6%|▌         | 70/1223 [00:00<00:13, 83.44w/s, dev=0]
language_model.model.layers.2.self_attn.k_proj_moe_gen.bias:   6%|▌         | 71/1223 [00:00<00:13, 84.55w/s, dev=0]
language_model.model.layers.2.self_attn.k_proj_moe_gen.weight:   6%|▌         | 72/1223 [00:00<00:13, 85.72w/s, dev=0]
language_model.model.layers.2.self_attn.o_proj.weight:   6%|▌         | 73/1223 [00:00<00:13, 86.83w/s, dev=0]        
language_model.model.layers.2.self_attn.o_proj_moe_gen.weight:   6%|▌         | 74/1223 [00:00<00:13, 87.49w/s, dev=0]
language_model.model.layers.2.self_attn.q_norm.weight:   6%|▌         | 75/1223 [00:00<00:13, 88.15w/s, dev=0]        
language_model.model.layers.2.self_attn.q_norm_moe_gen.weight:   6%|▌         | 76/1223 [00:00<00:12, 89.31w/s, dev=0]
language_model.model.layers.2.self_attn.q_proj.bias:   6%|▋         | 77/1223 [00:00<00:12, 90.47w/s, dev=0]          
language_model.model.layers.2.self_attn.q_proj.weight:   6%|▋         | 78/1223 [00:00<00:12, 91.63w/s, dev=0]
language_model.model.layers.2.self_attn.q_proj_moe_gen.bias:   6%|▋         | 79/1223 [00:00<00:12, 92.27w/s, dev=0]
language_model.model.layers.2.self_attn.q_proj_moe_gen.weight:   7%|▋         | 80/1223 [00:00<00:12, 93.42w/s, dev=0]
language_model.model.layers.2.self_attn.v_proj.bias:   7%|▋         | 81/1223 [00:00<00:12, 94.03w/s, dev=0]          
language_model.model.layers.2.self_attn.v_proj.bias:   7%|▋         | 82/1223 [00:00<00:11, 95.18w/s, dev=0]
language_model.model.layers.2.self_attn.v_proj.weight:   7%|▋         | 82/1223 [00:00<00:11, 95.17w/s, dev=0]
language_model.model.layers.2.self_attn.v_proj_moe_gen.bias:   7%|▋         | 83/1223 [00:00<00:11, 96.22w/s, dev=0]
language_model.model.layers.2.self_attn.v_proj_moe_gen.weight:   7%|▋         | 84/1223 [00:00<00:11, 97.36w/s, dev=0]
language_model.model.layers.3.input_layernorm.weight:   7%|▋         | 85/1223 [00:00<00:11, 98.42w/s, dev=0]         
language_model.model.layers.3.input_layernorm_moe_gen.weight:   7%|▋         | 86/1223 [00:00<00:11, 99.56w/s, dev=0]
language_model.model.layers.3.mlp.down_proj.weight:   7%|▋         | 87/1223 [00:00<00:11, 100.71w/s, dev=0]         
language_model.model.layers.3.mlp.gate_proj.weight:   7%|▋         | 88/1223 [00:00<00:11, 98.99w/s, dev=0] 
language_model.model.layers.3.mlp.up_proj.weight:   7%|▋         | 89/1223 [00:00<00:11, 97.38w/s, dev=0]  
language_model.model.layers.3.mlp_moe_gen.down_proj.weight:   7%|▋         | 90/1223 [00:00<00:11, 95.79w/s, dev=0]
language_model.model.layers.3.mlp_moe_gen.gate_proj.weight:   7%|▋         | 91/1223 [00:00<00:12, 94.25w/s, dev=0]
language_model.model.layers.3.mlp_moe_gen.up_proj.weight:   8%|▊         | 92/1223 [00:00<00:12, 92.79w/s, dev=0]  
language_model.model.layers.3.post_attention_layernorm.weight:   8%|▊         | 93/1223 [00:01<00:12, 91.13w/s, dev=0]
language_model.model.layers.3.post_attention_layernorm_moe_gen.weight:   8%|▊         | 94/1223 [00:01<00:12, 92.09w/s, dev=0]
language_model.model.layers.3.self_attn.k_norm.weight:   8%|▊         | 95/1223 [00:01<00:12, 93.06w/s, dev=0]                
language_model.model.layers.3.self_attn.k_norm_moe_gen.weight:   8%|▊         | 96/1223 [00:01<00:11, 94.03w/s, dev=0]
language_model.model.layers.3.self_attn.k_proj.bias:   8%|▊         | 97/1223 [00:01<00:11, 95.00w/s, dev=0]          
language_model.model.layers.3.self_attn.k_proj.weight:   8%|▊         | 98/1223 [00:01<00:11, 95.97w/s, dev=0]
language_model.model.layers.3.self_attn.k_proj_moe_gen.bias:   8%|▊         | 99/1223 [00:01<00:11, 96.87w/s, dev=0]
language_model.model.layers.3.self_attn.k_proj_moe_gen.weight:   8%|▊         | 100/1223 [00:01<00:11, 97.83w/s, dev=0]
language_model.model.layers.3.self_attn.o_proj.weight:   8%|▊         | 101/1223 [00:01<00:11, 98.73w/s, dev=0]        
language_model.model.layers.3.self_attn.o_proj_moe_gen.weight:   8%|▊         | 102/1223 [00:01<00:11, 97.08w/s, dev=0]
language_model.model.layers.3.self_attn.q_norm.weight:   8%|▊         | 103/1223 [00:01<00:11, 97.35w/s, dev=0]        
language_model.model.layers.3.self_attn.q_norm_moe_gen.weight:   9%|▊         | 104/1223 [00:01<00:11, 98.28w/s, dev=0]
language_model.model.layers.3.self_attn.q_proj.bias:   9%|▊         | 105/1223 [00:01<00:11, 99.21w/s, dev=0]          
language_model.model.layers.3.self_attn.q_proj.weight:   9%|▊         | 106/1223 [00:01<00:11, 100.14w/s, dev=0]
language_model.model.layers.3.self_attn.q_proj.weight:   9%|▊         | 107/1223 [00:01<00:11, 100.53w/s, dev=0]
language_model.model.layers.3.self_attn.q_proj_moe_gen.bias:   9%|▊         | 107/1223 [00:01<00:11, 100.52w/s, dev=0]
language_model.model.layers.3.self_attn.q_proj_moe_gen.weight:   9%|▉         | 108/1223 [00:01<00:10, 101.44w/s, dev=0]
language_model.model.layers.3.self_attn.v_proj.bias:   9%|▉         | 109/1223 [00:01<00:10, 101.84w/s, dev=0]          
language_model.model.layers.3.self_attn.v_proj.weight:   9%|▉         | 110/1223 [00:01<00:10, 102.76w/s, dev=0]
language_model.model.layers.3.self_attn.v_proj_moe_gen.bias:   9%|▉         | 111/1223 [00:01<00:10, 103.61w/s, dev=0]
language_model.model.layers.3.self_attn.v_proj_moe_gen.weight:   9%|▉         | 112/1223 [00:01<00:10, 104.53w/s, dev=0]
language_model.model.layers.4.input_layernorm.weight:   9%|▉         | 113/1223 [00:01<00:10, 105.37w/s, dev=0]         
language_model.model.layers.4.input_layernorm_moe_gen.weight:   9%|▉         | 114/1223 [00:01<00:10, 106.28w/s, dev=0]
language_model.model.layers.4.mlp.down_proj.weight:   9%|▉         | 115/1223 [00:01<00:10, 107.20w/s, dev=0]          
language_model.model.layers.4.mlp.gate_proj.weight:   9%|▉         | 116/1223 [00:01<00:10, 105.66w/s, dev=0]
language_model.model.layers.4.mlp.up_proj.weight:  10%|▉         | 117/1223 [00:01<00:10, 104.18w/s, dev=0]  
language_model.model.layers.4.mlp_moe_gen.down_proj.weight:  10%|▉         | 118/1223 [00:01<00:10, 102.74w/s, dev=0]
language_model.model.layers.4.mlp_moe_gen.gate_proj.weight:  10%|▉         | 119/1223 [00:01<00:10, 101.39w/s, dev=0]
language_model.model.layers.4.mlp_moe_gen.up_proj.weight:  10%|▉         | 120/1223 [00:01<00:11, 100.10w/s, dev=0]  
language_model.model.layers.4.post_attention_layernorm.weight:  10%|▉         | 121/1223 [00:01<00:11, 98.87w/s, dev=0]
language_model.model.layers.4.post_attention_layernorm_moe_gen.weight:  10%|▉         | 122/1223 [00:01<00:11, 99.67w/s, dev=0]
language_model.model.layers.4.self_attn.k_norm.weight:  10%|█         | 123/1223 [00:01<00:10, 100.47w/s, dev=0]               
language_model.model.layers.4.self_attn.k_norm_moe_gen.weight:  10%|█         | 124/1223 [00:01<00:10, 101.28w/s, dev=0]
language_model.model.layers.4.self_attn.k_proj.bias:  10%|█         | 125/1223 [00:01<00:10, 102.09w/s, dev=0]          
language_model.model.layers.4.self_attn.k_proj.weight:  10%|█         | 126/1223 [00:01<00:10, 102.90w/s, dev=0]
language_model.model.layers.4.self_attn.k_proj_moe_gen.bias:  10%|█         | 127/1223 [00:01<00:10, 103.65w/s, dev=0]
language_model.model.layers.4.self_attn.k_proj_moe_gen.weight:  10%|█         | 128/1223 [00:01<00:10, 104.45w/s, dev=0]
language_model.model.layers.4.self_attn.o_proj.weight:  11%|█         | 129/1223 [00:01<00:10, 105.19w/s, dev=0]        
language_model.model.layers.4.self_attn.o_proj_moe_gen.weight:  11%|█         | 130/1223 [00:01<00:10, 105.57w/s, dev=0]
language_model.model.layers.4.self_attn.q_norm.weight:  11%|█         | 131/1223 [00:01<00:10, 105.95w/s, dev=0]        
language_model.model.layers.4.self_attn.q_norm.weight:  11%|█         | 132/1223 [00:01<00:10, 106.74w/s, dev=0]
language_model.model.layers.4.self_attn.q_norm_moe_gen.weight:  11%|█         | 132/1223 [00:01<00:10, 106.74w/s, dev=0]
language_model.model.layers.4.self_attn.q_proj.bias:  11%|█         | 133/1223 [00:01<00:10, 107.54w/s, dev=0]          
language_model.model.layers.4.self_attn.q_proj.weight:  11%|█         | 134/1223 [00:01<00:10, 108.34w/s, dev=0]
language_model.model.layers.4.self_attn.q_proj_moe_gen.bias:  11%|█         | 135/1223 [00:01<00:10, 108.70w/s, dev=0]
language_model.model.layers.4.self_attn.q_proj_moe_gen.weight:  11%|█         | 136/1223 [00:01<00:09, 109.49w/s, dev=0]
language_model.model.layers.4.self_attn.v_proj.bias:  11%|█         | 137/1223 [00:01<00:09, 109.85w/s, dev=0]          
language_model.model.layers.4.self_attn.v_proj.weight:  11%|█▏        | 138/1223 [00:01<00:09, 110.64w/s, dev=0]
language_model.model.layers.4.self_attn.v_proj_moe_gen.bias:  11%|█▏        | 139/1223 [00:01<00:09, 111.37w/s, dev=0]
language_model.model.layers.4.self_attn.v_proj_moe_gen.weight:  11%|█▏        | 140/1223 [00:01<00:09, 112.15w/s, dev=0]
language_model.model.layers.5.input_layernorm.weight:  12%|█▏        | 141/1223 [00:01<00:09, 112.88w/s, dev=0]         
language_model.model.layers.5.input_layernorm_moe_gen.weight:  12%|█▏        | 142/1223 [00:01<00:09, 113.66w/s, dev=0]
language_model.model.layers.5.mlp.down_proj.weight:  12%|█▏        | 143/1223 [00:01<00:09, 114.46w/s, dev=0]          
language_model.model.layers.5.mlp.gate_proj.weight:  12%|█▏        | 144/1223 [00:01<00:09, 112.98w/s, dev=0]
language_model.model.layers.5.mlp.up_proj.weight:  12%|█▏        | 145/1223 [00:01<00:09, 111.54w/s, dev=0]  
language_model.model.layers.5.mlp_moe_gen.down_proj.weight:  12%|█▏        | 146/1223 [00:01<00:09, 110.17w/s, dev=0]
language_model.model.layers.5.mlp_moe_gen.gate_proj.weight:  12%|█▏        | 147/1223 [00:01<00:09, 108.86w/s, dev=0]
language_model.model.layers.5.mlp_moe_gen.up_proj.weight:  12%|█▏        | 148/1223 [00:01<00:09, 107.59w/s, dev=0]  
language_model.model.layers.5.post_attention_layernorm.weight:  12%|█▏        | 149/1223 [00:01<00:10, 106.37w/s, dev=0]
language_model.model.layers.5.post_attention_layernorm_moe_gen.weight:  12%|█▏        | 150/1223 [00:01<00:10, 107.07w/s, dev=0]
language_model.model.layers.5.self_attn.k_norm.weight:  12%|█▏        | 151/1223 [00:01<00:09, 107.78w/s, dev=0]                
language_model.model.layers.5.self_attn.k_norm_moe_gen.weight:  12%|█▏        | 152/1223 [00:01<00:09, 108.48w/s, dev=0]
language_model.model.layers.5.self_attn.k_proj.bias:  13%|█▎        | 153/1223 [00:01<00:09, 109.19w/s, dev=0]          
language_model.model.layers.5.self_attn.k_proj.weight:  13%|█▎        | 154/1223 [00:01<00:09, 109.90w/s, dev=0]
language_model.model.layers.5.self_attn.k_proj_moe_gen.bias:  13%|█▎        | 155/1223 [00:01<00:09, 110.53w/s, dev=0]
language_model.model.layers.5.self_attn.k_proj_moe_gen.weight:  13%|█▎        | 156/1223 [00:01<00:09, 111.23w/s, dev=0]
language_model.model.layers.5.self_attn.k_proj_moe_gen.weight:  13%|█▎        | 157/1223 [00:01<00:09, 111.88w/s, dev=0]
language_model.model.layers.5.self_attn.o_proj.weight:  13%|█▎        | 157/1223 [00:01<00:09, 111.87w/s, dev=0]        
language_model.model.layers.5.self_attn.o_proj_moe_gen.weight:  13%|█▎        | 158/1223 [00:01<00:09, 112.18w/s, dev=0]
language_model.model.layers.5.self_attn.q_norm.weight:  13%|█▎        | 159/1223 [00:01<00:09, 112.49w/s, dev=0]        
language_model.model.layers.5.self_attn.q_norm_moe_gen.weight:  13%|█▎        | 160/1223 [00:01<00:09, 113.18w/s, dev=0]
language_model.model.layers.5.self_attn.q_proj.bias:  13%|█▎        | 161/1223 [00:01<00:09, 113.88w/s, dev=0]          
language_model.model.layers.5.self_attn.q_proj.weight:  13%|█▎        | 162/1223 [00:01<00:09, 114.58w/s, dev=0]
language_model.model.layers.5.self_attn.q_proj_moe_gen.bias:  13%|█▎        | 163/1223 [00:01<00:09, 114.88w/s, dev=0]
language_model.model.layers.5.self_attn.q_proj_moe_gen.weight:  13%|█▎        | 164/1223 [00:01<00:09, 115.57w/s, dev=0]
language_model.model.layers.5.self_attn.v_proj.bias:  13%|█▎        | 165/1223 [00:01<00:09, 115.87w/s, dev=0]          
language_model.model.layers.5.self_attn.v_proj.weight:  14%|█▎        | 166/1223 [00:01<00:09, 116.55w/s, dev=0]
language_model.model.layers.5.self_attn.v_proj_moe_gen.bias:  14%|█▎        | 167/1223 [00:01<00:09, 117.19w/s, dev=0]
language_model.model.layers.5.self_attn.v_proj_moe_gen.weight:  14%|█▎        | 168/1223 [00:01<00:08, 117.88w/s, dev=0]
language_model.model.layers.6.input_layernorm.weight:  14%|█▍        | 169/1223 [00:01<00:08, 118.51w/s, dev=0]         
language_model.model.layers.6.input_layernorm_moe_gen.weight:  14%|█▍        | 170/1223 [00:01<00:08, 119.20w/s, dev=0]
language_model.model.layers.6.mlp.down_proj.weight:  14%|█▍        | 171/1223 [00:01<00:08, 119.89w/s, dev=0]          
language_model.model.layers.6.mlp.gate_proj.weight:  14%|█▍        | 172/1223 [00:01<00:08, 118.51w/s, dev=0]
language_model.model.layers.6.mlp.up_proj.weight:  14%|█▍        | 173/1223 [00:01<00:08, 117.15w/s, dev=0]  
language_model.model.layers.6.mlp_moe_gen.down_proj.weight:  14%|█▍        | 174/1223 [00:01<00:09, 115.80w/s, dev=0]
language_model.model.layers.6.mlp_moe_gen.gate_proj.weight:  14%|█▍        | 175/1223 [00:01<00:09, 114.53w/s, dev=0]
language_model.model.layers.6.mlp_moe_gen.up_proj.weight:  14%|█▍        | 176/1223 [00:01<00:09, 113.28w/s, dev=0]  
language_model.model.layers.6.post_attention_layernorm.weight:  14%|█▍        | 177/1223 [00:01<00:09, 112.10w/s, dev=0]
language_model.model.layers.6.post_attention_layernorm_moe_gen.weight:  15%|█▍        | 178/1223 [00:01<00:09, 112.72w/s, dev=0]
language_model.model.layers.6.self_attn.k_norm.weight:  15%|█▍        | 179/1223 [00:01<00:09, 113.35w/s, dev=0]                
language_model.model.layers.6.self_attn.k_norm_moe_gen.weight:  15%|█▍        | 180/1223 [00:01<00:09, 113.97w/s, dev=0]
language_model.model.layers.6.self_attn.k_proj.bias:  15%|█▍        | 181/1223 [00:01<00:09, 114.60w/s, dev=0]          
language_model.model.layers.6.self_attn.k_proj.bias:  15%|█▍        | 182/1223 [00:01<00:09, 115.22w/s, dev=0]
language_model.model.layers.6.self_attn.k_proj.weight:  15%|█▍        | 182/1223 [00:01<00:09, 115.22w/s, dev=0]
language_model.model.layers.6.self_attn.k_proj_moe_gen.bias:  15%|█▍        | 183/1223 [00:01<00:08, 115.79w/s, dev=0]
language_model.model.layers.6.self_attn.k_proj_moe_gen.weight:  15%|█▌        | 184/1223 [00:01<00:08, 116.41w/s, dev=0]
language_model.model.layers.6.self_attn.o_proj.weight:  15%|█▌        | 185/1223 [00:01<00:08, 116.96w/s, dev=0]        
language_model.model.layers.6.self_attn.o_proj_moe_gen.weight:  15%|█▌        | 186/1223 [00:01<00:08, 117.22w/s, dev=0]
language_model.model.layers.6.self_attn.q_norm.weight:  15%|█▌        | 187/1223 [00:01<00:08, 117.48w/s, dev=0]        
language_model.model.layers.6.self_attn.q_norm_moe_gen.weight:  15%|█▌        | 188/1223 [00:01<00:08, 118.09w/s, dev=0]
language_model.model.layers.6.self_attn.q_proj.bias:  15%|█▌        | 189/1223 [00:01<00:08, 118.71w/s, dev=0]          
language_model.model.layers.6.self_attn.q_proj.weight:  16%|█▌        | 190/1223 [00:01<00:08, 119.33w/s, dev=0]
language_model.model.layers.6.self_attn.q_proj_moe_gen.bias:  16%|█▌        | 191/1223 [00:01<00:08, 119.58w/s, dev=0]
language_model.model.layers.6.self_attn.q_proj_moe_gen.weight:  16%|█▌        | 192/1223 [00:01<00:08, 120.19w/s, dev=0]
language_model.model.layers.6.self_attn.v_proj.bias:  16%|█▌        | 193/1223 [00:01<00:08, 120.44w/s, dev=0]          
language_model.model.layers.6.self_attn.v_proj.weight:  16%|█▌        | 194/1223 [00:01<00:08, 121.05w/s, dev=0]
language_model.model.layers.6.self_attn.v_proj_moe_gen.bias:  16%|█▌        | 195/1223 [00:01<00:08, 121.61w/s, dev=0]
language_model.model.layers.6.self_attn.v_proj_moe_gen.weight:  16%|█▌        | 196/1223 [00:01<00:08, 122.23w/s, dev=0]
language_model.model.layers.7.input_layernorm.weight:  16%|█▌        | 197/1223 [00:01<00:08, 122.79w/s, dev=0]         
language_model.model.layers.7.input_layernorm_moe_gen.weight:  16%|█▌        | 198/1223 [00:01<00:08, 123.40w/s, dev=0]
language_model.model.layers.7.mlp.down_proj.weight:  16%|█▋        | 199/1223 [00:01<00:08, 124.01w/s, dev=0]          
language_model.model.layers.7.mlp.gate_proj.weight:  16%|█▋        | 200/1223 [00:01<00:08, 122.73w/s, dev=0]
language_model.model.layers.7.mlp.up_proj.weight:  16%|█▋        | 201/1223 [00:01<00:08, 121.48w/s, dev=0]  
language_model.model.layers.7.mlp_moe_gen.down_proj.weight:  17%|█▋        | 202/1223 [00:01<00:08, 120.26w/s, dev=0]
language_model.model.layers.7.mlp_moe_gen.gate_proj.weight:  17%|█▋        | 203/1223 [00:01<00:08, 119.08w/s, dev=0]
language_model.model.layers.7.mlp_moe_gen.up_proj.weight:  17%|█▋        | 204/1223 [00:01<00:08, 117.93w/s, dev=0]  
language_model.model.layers.7.post_attention_layernorm.weight:  17%|█▋        | 205/1223 [00:01<00:08, 116.81w/s, dev=0]
language_model.model.layers.7.post_attention_layernorm_moe_gen.weight:  17%|█▋        | 206/1223 [00:01<00:08, 117.37w/s, dev=0]
language_model.model.layers.7.post_attention_layernorm_moe_gen.weight:  17%|█▋        | 207/1223 [00:01<00:08, 117.93w/s, dev=0]
language_model.model.layers.7.self_attn.k_norm.weight:  17%|█▋        | 207/1223 [00:01<00:08, 117.93w/s, dev=0]                
language_model.model.layers.7.self_attn.k_norm_moe_gen.weight:  17%|█▋        | 208/1223 [00:01<00:08, 118.49w/s, dev=0]
language_model.model.layers.7.self_attn.k_proj.bias:  17%|█▋        | 209/1223 [00:01<00:08, 119.05w/s, dev=0]          
language_model.model.layers.7.self_attn.k_proj.weight:  17%|█▋        | 210/1223 [00:01<00:08, 119.61w/s, dev=0]
language_model.model.layers.7.self_attn.k_proj_moe_gen.bias:  17%|█▋        | 211/1223 [00:01<00:08, 120.13w/s, dev=0]
language_model.model.layers.7.self_attn.k_proj_moe_gen.weight:  17%|█▋        | 212/1223 [00:01<00:08, 120.69w/s, dev=0]
language_model.model.layers.7.self_attn.o_proj.weight:  17%|█▋        | 213/1223 [00:01<00:08, 121.20w/s, dev=0]        
language_model.model.layers.7.self_attn.o_proj_moe_gen.weight:  17%|█▋        | 214/1223 [00:01<00:08, 121.42w/s, dev=0]
language_model.model.layers.7.self_attn.q_norm.weight:  18%|█▊        | 215/1223 [00:01<00:08, 121.64w/s, dev=0]        
language_model.model.layers.7.self_attn.q_norm_moe_gen.weight:  18%|█▊        | 216/1223 [00:01<00:08, 122.19w/s, dev=0]
language_model.model.layers.7.self_attn.q_proj.bias:  18%|█▊        | 217/1223 [00:01<00:08, 122.75w/s, dev=0]          
language_model.model.layers.7.self_attn.q_proj.weight:  18%|█▊        | 218/1223 [00:01<00:08, 123.31w/s, dev=0]
language_model.model.layers.7.self_attn.q_proj_moe_gen.bias:  18%|█▊        | 219/1223 [00:01<00:08, 123.52w/s, dev=0]
language_model.model.layers.7.self_attn.q_proj_moe_gen.weight:  18%|█▊        | 220/1223 [00:01<00:08, 124.07w/s, dev=0]
language_model.model.layers.7.self_attn.v_proj.bias:  18%|█▊        | 221/1223 [00:01<00:08, 124.29w/s, dev=0]          
language_model.model.layers.7.self_attn.v_proj.weight:  18%|█▊        | 222/1223 [00:01<00:08, 124.84w/s, dev=0]
language_model.model.layers.7.self_attn.v_proj_moe_gen.bias:  18%|█▊        | 223/1223 [00:01<00:07, 125.32w/s, dev=0]
language_model.model.layers.7.self_attn.v_proj_moe_gen.weight:  18%|█▊        | 224/1223 [00:01<00:07, 125.87w/s, dev=0]
language_model.model.layers.8.input_layernorm.weight:  18%|█▊        | 225/1223 [00:01<00:07, 126.37w/s, dev=0]         
language_model.model.layers.8.input_layernorm_moe_gen.weight:  18%|█▊        | 226/1223 [00:01<00:07, 126.92w/s, dev=0]
language_model.model.layers.8.mlp.down_proj.weight:  19%|█▊        | 227/1223 [00:01<00:07, 127.48w/s, dev=0]          
language_model.model.layers.8.mlp.gate_proj.weight:  19%|█▊        | 228/1223 [00:01<00:07, 126.27w/s, dev=0]
language_model.model.layers.8.mlp.up_proj.weight:  19%|█▊        | 229/1223 [00:01<00:07, 125.09w/s, dev=0]  
language_model.model.layers.8.mlp_moe_gen.down_proj.weight:  19%|█▉        | 230/1223 [00:01<00:08, 123.95w/s, dev=0]
language_model.model.layers.8.mlp_moe_gen.gate_proj.weight:  19%|█▉        | 231/1223 [00:01<00:08, 122.83w/s, dev=0]
language_model.model.layers.8.mlp_moe_gen.gate_proj.weight:  19%|█▉        | 232/1223 [00:01<00:08, 121.74w/s, dev=0]
language_model.model.layers.8.mlp_moe_gen.up_proj.weight:  19%|█▉        | 232/1223 [00:01<00:08, 121.73w/s, dev=0]  
language_model.model.layers.8.post_attention_layernorm.weight:  19%|█▉        | 233/1223 [00:01<00:08, 120.68w/s, dev=0]
language_model.model.layers.8.post_attention_layernorm_moe_gen.weight:  19%|█▉        | 234/1223 [00:01<00:08, 121.18w/s, dev=0]
language_model.model.layers.8.self_attn.k_norm.weight:  19%|█▉        | 235/1223 [00:01<00:08, 121.69w/s, dev=0]                
language_model.model.layers.8.self_attn.k_norm_moe_gen.weight:  19%|█▉        | 236/1223 [00:01<00:08, 122.20w/s, dev=0]
language_model.model.layers.8.self_attn.k_proj.bias:  19%|█▉        | 237/1223 [00:01<00:08, 122.71w/s, dev=0]          
language_model.model.layers.8.self_attn.k_proj.weight:  19%|█▉        | 238/1223 [00:01<00:07, 123.22w/s, dev=0]
language_model.model.layers.8.self_attn.k_proj_moe_gen.bias:  20%|█▉        | 239/1223 [00:01<00:07, 123.69w/s, dev=0]
language_model.model.layers.8.self_attn.k_proj_moe_gen.weight:  20%|█▉        | 240/1223 [00:01<00:07, 124.20w/s, dev=0]
language_model.model.layers.8.self_attn.o_proj.weight:  20%|█▉        | 241/1223 [00:01<00:07, 124.66w/s, dev=0]        
language_model.model.layers.8.self_attn.o_proj_moe_gen.weight:  20%|█▉        | 242/1223 [00:01<00:07, 124.85w/s, dev=0]
language_model.model.layers.8.self_attn.q_norm.weight:  20%|█▉        | 243/1223 [00:01<00:07, 125.04w/s, dev=0]        
language_model.model.layers.8.self_attn.q_norm_moe_gen.weight:  20%|█▉        | 244/1223 [00:01<00:07, 125.55w/s, dev=0]
language_model.model.layers.8.self_attn.q_proj.bias:  20%|██        | 245/1223 [00:01<00:07, 126.05w/s, dev=0]          
language_model.model.layers.8.self_attn.q_proj.weight:  20%|██        | 246/1223 [00:01<00:07, 126.56w/s, dev=0]
language_model.model.layers.8.self_attn.q_proj_moe_gen.bias:  20%|██        | 247/1223 [00:01<00:07, 126.75w/s, dev=0]
language_model.model.layers.8.self_attn.q_proj_moe_gen.weight:  20%|██        | 248/1223 [00:01<00:07, 127.25w/s, dev=0]
language_model.model.layers.8.self_attn.v_proj.bias:  20%|██        | 249/1223 [00:01<00:07, 127.44w/s, dev=0]          
language_model.model.layers.8.self_attn.v_proj.weight:  20%|██        | 250/1223 [00:01<00:07, 127.94w/s, dev=0]
language_model.model.layers.8.self_attn.v_proj_moe_gen.bias:  21%|██        | 251/1223 [00:01<00:07, 128.39w/s, dev=0]
language_model.model.layers.8.self_attn.v_proj_moe_gen.weight:  21%|██        | 252/1223 [00:01<00:07, 128.90w/s, dev=0]
time_embedder.mlp.0.bias:  21%|██        | 253/1223 [00:01<00:07, 129.34w/s, dev=0]                                     
time_embedder.mlp.0.weight:  21%|██        | 254/1223 [00:01<00:07, 129.84w/s, dev=0]
time_embedder.mlp.2.bias:  21%|██        | 255/1223 [00:01<00:07, 130.32w/s, dev=0]  
time_embedder.mlp.2.weight:  21%|██        | 256/1223 [00:01<00:07, 130.82w/s, dev=0]
vae2llm.bias:  21%|██        | 257/1223 [00:01<00:07, 131.00w/s, dev=0]              
vae2llm.weight:  21%|██        | 258/1223 [00:01<00:07, 131.50w/s, dev=0]
llm2vae.bias:  21%|██        | 259/1223 [00:01<00:07, 131.99w/s, dev=0]  
llm2vae.weight:  21%|██▏       | 260/1223 [00:01<00:07, 132.50w/s, dev=0]
latent_pos_embed.pos_embed:  21%|██▏       | 261/1223 [00:01<00:07, 132.99w/s, dev=0]
connector.fc1.bias:  21%|██▏       | 262/1223 [00:01<00:07, 133.12w/s, dev=0]        
connector.fc1.weight:  22%|██▏       | 263/1223 [00:01<00:07, 133.61w/s, dev=0]
connector.fc2.bias:  22%|██▏       | 264/1223 [00:01<00:07, 133.97w/s, dev=0]  
connector.fc2.weight:  22%|██▏       | 265/1223 [00:01<00:07, 134.47w/s, dev=0]
vit_pos_embed.pos_embed:  22%|██▏       | 266/1223 [00:01<00:07, 134.53w/s, dev=0]
language_model.model.layers.9.input_layernorm.weight:  22%|██▏       | 267/1223 [00:02<00:08, 108.64w/s, dev=1]
language_model.model.layers.9.input_layernorm.weight:  22%|██▏       | 268/1223 [00:02<00:09, 103.62w/s, dev=1]
language_model.model.layers.9.input_layernorm_moe_gen.weight:  22%|██▏       | 268/1223 [00:02<00:09, 103.62w/s, dev=1]
language_model.model.layers.9.mlp.down_proj.weight:  22%|██▏       | 269/1223 [00:02<00:09, 103.99w/s, dev=1]          
language_model.model.layers.9.mlp.gate_proj.weight:  22%|██▏       | 270/1223 [00:02<00:09, 103.37w/s, dev=1]
language_model.model.layers.9.mlp.up_proj.weight:  22%|██▏       | 271/1223 [00:02<00:09, 102.66w/s, dev=1]  
language_model.model.layers.9.mlp_moe_gen.down_proj.weight:  22%|██▏       | 272/1223 [00:02<00:09, 102.02w/s, dev=1]
language_model.model.layers.9.mlp_moe_gen.gate_proj.weight:  22%|██▏       | 273/1223 [00:02<00:09, 101.42w/s, dev=1]
language_model.model.layers.9.mlp_moe_gen.up_proj.weight:  22%|██▏       | 274/1223 [00:02<00:09, 100.85w/s, dev=1]  
language_model.model.layers.9.post_attention_layernorm.weight:  22%|██▏       | 275/1223 [00:02<00:09, 100.28w/s, dev=1]
language_model.model.layers.9.post_attention_layernorm_moe_gen.weight:  23%|██▎       | 276/1223 [00:02<00:09, 100.64w/s, dev=1]
language_model.model.layers.9.self_attn.k_norm.weight:  23%|██▎       | 277/1223 [00:02<00:09, 100.99w/s, dev=1]                
language_model.model.layers.9.self_attn.k_norm_moe_gen.weight:  23%|██▎       | 278/1223 [00:02<00:09, 101.35w/s, dev=1]
language_model.model.layers.9.self_attn.k_proj.bias:  23%|██▎       | 279/1223 [00:02<00:09, 101.71w/s, dev=1]          
language_model.model.layers.9.self_attn.k_proj.weight:  23%|██▎       | 280/1223 [00:02<00:09, 102.07w/s, dev=1]
language_model.model.layers.9.self_attn.k_proj_moe_gen.bias:  23%|██▎       | 281/1223 [00:02<00:09, 102.39w/s, dev=1]
language_model.model.layers.9.self_attn.k_proj_moe_gen.weight:  23%|██▎       | 282/1223 [00:02<00:09, 102.75w/s, dev=1]
language_model.model.layers.9.self_attn.o_proj.weight:  23%|██▎       | 283/1223 [00:02<00:09, 103.08w/s, dev=1]        
language_model.model.layers.9.self_attn.o_proj_moe_gen.weight:  23%|██▎       | 284/1223 [00:02<00:09, 103.25w/s, dev=1]
language_model.model.layers.9.self_attn.q_norm.weight:  23%|██▎       | 285/1223 [00:02<00:09, 103.42w/s, dev=1]        
language_model.model.layers.9.self_attn.q_norm_moe_gen.weight:  23%|██▎       | 286/1223 [00:02<00:09, 103.78w/s, dev=1]
language_model.model.layers.9.self_attn.q_proj.bias:  23%|██▎       | 287/1223 [00:02<00:08, 104.13w/s, dev=1]          
language_model.model.layers.9.self_attn.q_proj.weight:  24%|██▎       | 288/1223 [00:02<00:08, 104.49w/s, dev=1]
language_model.model.layers.9.self_attn.q_proj_moe_gen.bias:  24%|██▎       | 289/1223 [00:02<00:08, 104.66w/s, dev=1]
language_model.model.layers.9.self_attn.q_proj_moe_gen.weight:  24%|██▎       | 290/1223 [00:02<00:08, 105.02w/s, dev=1]
language_model.model.layers.9.self_attn.v_proj.bias:  24%|██▍       | 291/1223 [00:02<00:08, 105.19w/s, dev=1]          
language_model.model.layers.9.self_attn.v_proj.weight:  24%|██▍       | 292/1223 [00:02<00:08, 105.54w/s, dev=1]
language_model.model.layers.9.self_attn.v_proj_moe_gen.bias:  24%|██▍       | 293/1223 [00:02<00:08, 105.87w/s, dev=1]
language_model.model.layers.9.self_attn.v_proj_moe_gen.weight:  24%|██▍       | 294/1223 [00:02<00:08, 106.23w/s, dev=1]
language_model.model.layers.10.input_layernorm.weight:  24%|██▍       | 295/1223 [00:02<00:08, 106.55w/s, dev=1]        
language_model.model.layers.10.input_layernorm_moe_gen.weight:  24%|██▍       | 296/1223 [00:02<00:08, 106.91w/s, dev=1]
language_model.model.layers.10.mlp.down_proj.weight:  24%|██▍       | 297/1223 [00:02<00:08, 107.27w/s, dev=1]          
language_model.model.layers.10.mlp.gate_proj.weight:  24%|██▍       | 298/1223 [00:02<00:08, 106.65w/s, dev=1]
language_model.model.layers.10.mlp.up_proj.weight:  24%|██▍       | 299/1223 [00:02<00:08, 106.04w/s, dev=1]  
language_model.model.layers.10.mlp_moe_gen.down_proj.weight:  25%|██▍       | 300/1223 [00:02<00:08, 105.45w/s, dev=1]
language_model.model.layers.10.mlp_moe_gen.gate_proj.weight:  25%|██▍       | 301/1223 [00:02<00:08, 104.87w/s, dev=1]
language_model.model.layers.10.mlp_moe_gen.up_proj.weight:  25%|██▍       | 302/1223 [00:02<00:08, 104.26w/s, dev=1]  
language_model.model.layers.10.post_attention_layernorm.weight:  25%|██▍       | 303/1223 [00:02<00:08, 103.64w/s, dev=1]
language_model.model.layers.10.post_attention_layernorm.weight:  25%|██▍       | 304/1223 [00:02<00:08, 103.97w/s, dev=1]
language_model.model.layers.10.post_attention_layernorm_moe_gen.weight:  25%|██▍       | 304/1223 [00:02<00:08, 103.97w/s, dev=1]
language_model.model.layers.10.self_attn.k_norm.weight:  25%|██▍       | 305/1223 [00:02<00:08, 104.30w/s, dev=1]                
language_model.model.layers.10.self_attn.k_norm_moe_gen.weight:  25%|██▌       | 306/1223 [00:02<00:08, 104.64w/s, dev=1]
language_model.model.layers.10.self_attn.k_proj.bias:  25%|██▌       | 307/1223 [00:02<00:08, 104.98w/s, dev=1]          
language_model.model.layers.10.self_attn.k_proj.weight:  25%|██▌       | 308/1223 [00:02<00:08, 105.32w/s, dev=1]
language_model.model.layers.10.self_attn.k_proj_moe_gen.bias:  25%|██▌       | 309/1223 [00:02<00:08, 105.63w/s, dev=1]
language_model.model.layers.10.self_attn.k_proj_moe_gen.weight:  25%|██▌       | 310/1223 [00:02<00:08, 105.97w/s, dev=1]
language_model.model.layers.10.self_attn.o_proj.weight:  25%|██▌       | 311/1223 [00:02<00:08, 106.27w/s, dev=1]        
language_model.model.layers.10.self_attn.o_proj_moe_gen.weight:  26%|██▌       | 312/1223 [00:02<00:08, 106.42w/s, dev=1]
language_model.model.layers.10.self_attn.q_norm.weight:  26%|██▌       | 313/1223 [00:02<00:08, 106.58w/s, dev=1]        
language_model.model.layers.10.self_attn.q_norm_moe_gen.weight:  26%|██▌       | 314/1223 [00:02<00:08, 106.91w/s, dev=1]
language_model.model.layers.10.self_attn.q_proj.bias:  26%|██▌       | 315/1223 [00:02<00:08, 107.25w/s, dev=1]          
language_model.model.layers.10.self_attn.q_proj.weight:  26%|██▌       | 316/1223 [00:02<00:08, 107.59w/s, dev=1]
language_model.model.layers.10.self_attn.q_proj_moe_gen.bias:  26%|██▌       | 317/1223 [00:02<00:08, 107.73w/s, dev=1]
language_model.model.layers.10.self_attn.q_proj_moe_gen.weight:  26%|██▌       | 318/1223 [00:02<00:08, 108.07w/s, dev=1]
language_model.model.layers.10.self_attn.v_proj.bias:  26%|██▌       | 319/1223 [00:02<00:08, 108.22w/s, dev=1]          
language_model.model.layers.10.self_attn.v_proj.weight:  26%|██▌       | 320/1223 [00:02<00:08, 108.55w/s, dev=1]
language_model.model.layers.10.self_attn.v_proj_moe_gen.bias:  26%|██▌       | 321/1223 [00:02<00:08, 108.86w/s, dev=1]
language_model.model.layers.10.self_attn.v_proj_moe_gen.weight:  26%|██▋       | 322/1223 [00:02<00:08, 109.19w/s, dev=1]
language_model.model.layers.11.input_layernorm.weight:  26%|██▋       | 323/1223 [00:02<00:08, 109.50w/s, dev=1]         
language_model.model.layers.11.input_layernorm_moe_gen.weight:  26%|██▋       | 324/1223 [00:02<00:08, 109.84w/s, dev=1]
language_model.model.layers.11.mlp.down_proj.weight:  27%|██▋       | 325/1223 [00:02<00:08, 110.17w/s, dev=1]          
language_model.model.layers.11.mlp.gate_proj.weight:  27%|██▋       | 326/1223 [00:02<00:08, 109.57w/s, dev=1]
language_model.model.layers.11.mlp.up_proj.weight:  27%|██▋       | 327/1223 [00:03<00:08, 108.98w/s, dev=1]  
language_model.model.layers.11.mlp_moe_gen.down_proj.weight:  27%|██▋       | 328/1223 [00:03<00:08, 108.40w/s, dev=1]
language_model.model.layers.11.mlp_moe_gen.gate_proj.weight:  27%|██▋       | 329/1223 [00:03<00:08, 107.84w/s, dev=1]
language_model.model.layers.11.mlp_moe_gen.up_proj.weight:  27%|██▋       | 330/1223 [00:03<00:08, 107.28w/s, dev=1]  
language_model.model.layers.11.post_attention_layernorm.weight:  27%|██▋       | 331/1223 [00:03<00:08, 106.71w/s, dev=1]
language_model.model.layers.11.post_attention_layernorm_moe_gen.weight:  27%|██▋       | 332/1223 [00:03<00:08, 107.03w/s, dev=1]
language_model.model.layers.11.self_attn.k_norm.weight:  27%|██▋       | 333/1223 [00:03<00:08, 107.34w/s, dev=1]                
language_model.model.layers.11.self_attn.k_norm_moe_gen.weight:  27%|██▋       | 334/1223 [00:03<00:08, 107.66w/s, dev=1]
language_model.model.layers.11.self_attn.k_proj.bias:  27%|██▋       | 335/1223 [00:03<00:08, 107.98w/s, dev=1]          
language_model.model.layers.11.self_attn.k_proj.weight:  27%|██▋       | 336/1223 [00:03<00:08, 108.30w/s, dev=1]
language_model.model.layers.11.self_attn.k_proj_moe_gen.bias:  28%|██▊       | 337/1223 [00:03<00:08, 108.59w/s, dev=1]
language_model.model.layers.11.self_attn.k_proj_moe_gen.weight:  28%|██▊       | 338/1223 [00:03<00:08, 108.91w/s, dev=1]
language_model.model.layers.11.self_attn.o_proj.weight:  28%|██▊       | 339/1223 [00:03<00:08, 109.20w/s, dev=1]        
language_model.model.layers.11.self_attn.o_proj.weight:  28%|██▊       | 340/1223 [00:03<00:08, 109.35w/s, dev=1]
language_model.model.layers.11.self_attn.o_proj_moe_gen.weight:  28%|██▊       | 340/1223 [00:03<00:08, 109.34w/s, dev=1]
language_model.model.layers.11.self_attn.q_norm.weight:  28%|██▊       | 341/1223 [00:03<00:08, 109.49w/s, dev=1]        
language_model.model.layers.11.self_attn.q_norm_moe_gen.weight:  28%|██▊       | 342/1223 [00:03<00:08, 109.80w/s, dev=1]
language_model.model.layers.11.self_attn.q_proj.bias:  28%|██▊       | 343/1223 [00:03<00:07, 110.12w/s, dev=1]          
language_model.model.layers.11.self_attn.q_proj.weight:  28%|██▊       | 344/1223 [00:03<00:07, 110.43w/s, dev=1]
language_model.model.layers.11.self_attn.q_proj_moe_gen.bias:  28%|██▊       | 345/1223 [00:03<00:07, 110.58w/s, dev=1]
language_model.model.layers.11.self_attn.q_proj_moe_gen.weight:  28%|██▊       | 346/1223 [00:03<00:07, 110.89w/s, dev=1]
language_model.model.layers.11.self_attn.v_proj.bias:  28%|██▊       | 347/1223 [00:03<00:07, 111.03w/s, dev=1]          
language_model.model.layers.11.self_attn.v_proj.weight:  28%|██▊       | 348/1223 [00:03<00:07, 111.35w/s, dev=1]
language_model.model.layers.11.self_attn.v_proj_moe_gen.bias:  29%|██▊       | 349/1223 [00:03<00:07, 111.63w/s, dev=1]
language_model.model.layers.11.self_attn.v_proj_moe_gen.weight:  29%|██▊       | 350/1223 [00:03<00:07, 111.94w/s, dev=1]
language_model.model.layers.12.input_layernorm.weight:  29%|██▊       | 351/1223 [00:03<00:07, 112.23w/s, dev=1]         
language_model.model.layers.12.input_layernorm_moe_gen.weight:  29%|██▉       | 352/1223 [00:03<00:07, 112.55w/s, dev=1]
language_model.model.layers.12.mlp.down_proj.weight:  29%|██▉       | 353/1223 [00:03<00:07, 112.86w/s, dev=1]          
language_model.model.layers.12.mlp.gate_proj.weight:  29%|██▉       | 354/1223 [00:03<00:07, 112.22w/s, dev=1]
language_model.model.layers.12.mlp.up_proj.weight:  29%|██▉       | 355/1223 [00:03<00:07, 111.62w/s, dev=1]  
language_model.model.layers.12.mlp_moe_gen.down_proj.weight:  29%|██▉       | 356/1223 [00:03<00:07, 111.02w/s, dev=1]
language_model.model.layers.12.mlp_moe_gen.gate_proj.weight:  29%|██▉       | 357/1223 [00:03<00:07, 110.44w/s, dev=1]
language_model.model.layers.12.mlp_moe_gen.up_proj.weight:  29%|██▉       | 358/1223 [00:03<00:07, 109.86w/s, dev=1]  
language_model.model.layers.12.post_attention_layernorm.weight:  29%|██▉       | 359/1223 [00:03<00:07, 109.32w/s, dev=1]
language_model.model.layers.12.post_attention_layernorm_moe_gen.weight:  29%|██▉       | 360/1223 [00:03<00:07, 109.62w/s, dev=1]
language_model.model.layers.12.self_attn.k_norm.weight:  30%|██▉       | 361/1223 [00:03<00:07, 109.92w/s, dev=1]                
language_model.model.layers.12.self_attn.k_norm_moe_gen.weight:  30%|██▉       | 362/1223 [00:03<00:07, 110.22w/s, dev=1]
language_model.model.layers.12.self_attn.k_proj.bias:  30%|██▉       | 363/1223 [00:03<00:07, 110.52w/s, dev=1]          
language_model.model.layers.12.self_attn.k_proj.weight:  30%|██▉       | 364/1223 [00:03<00:07, 110.82w/s, dev=1]
language_model.model.layers.12.self_attn.k_proj_moe_gen.bias:  30%|██▉       | 365/1223 [00:03<00:07, 111.10w/s, dev=1]
language_model.model.layers.12.self_attn.k_proj_moe_gen.weight:  30%|██▉       | 366/1223 [00:03<00:07, 111.40w/s, dev=1]
language_model.model.layers.12.self_attn.o_proj.weight:  30%|███       | 367/1223 [00:03<00:07, 111.67w/s, dev=1]        
language_model.model.layers.12.self_attn.o_proj_moe_gen.weight:  30%|███       | 368/1223 [00:03<00:07, 111.80w/s, dev=1]
language_model.model.layers.12.self_attn.q_norm.weight:  30%|███       | 369/1223 [00:03<00:07, 111.93w/s, dev=1]        
language_model.model.layers.12.self_attn.q_norm_moe_gen.weight:  30%|███       | 370/1223 [00:03<00:07, 112.23w/s, dev=1]
language_model.model.layers.12.self_attn.q_proj.bias:  30%|███       | 371/1223 [00:03<00:07, 112.53w/s, dev=1]          
language_model.model.layers.12.self_attn.q_proj.weight:  30%|███       | 372/1223 [00:03<00:07, 112.83w/s, dev=1]
language_model.model.layers.12.self_attn.q_proj_moe_gen.bias:  30%|███       | 373/1223 [00:03<00:07, 112.96w/s, dev=1]
language_model.model.layers.12.self_attn.q_proj_moe_gen.weight:  31%|███       | 374/1223 [00:03<00:07, 113.26w/s, dev=1]
language_model.model.layers.12.self_attn.v_proj.bias:  31%|███       | 375/1223 [00:03<00:07, 113.39w/s, dev=1]          
language_model.model.layers.12.self_attn.v_proj.bias:  31%|███       | 376/1223 [00:03<00:07, 113.68w/s, dev=1]
language_model.model.layers.12.self_attn.v_proj.weight:  31%|███       | 376/1223 [00:03<00:07, 113.68w/s, dev=1]
language_model.model.layers.12.self_attn.v_proj_moe_gen.bias:  31%|███       | 377/1223 [00:03<00:07, 113.95w/s, dev=1]
language_model.model.layers.12.self_attn.v_proj_moe_gen.weight:  31%|███       | 378/1223 [00:03<00:07, 114.25w/s, dev=1]
language_model.model.layers.13.input_layernorm.weight:  31%|███       | 379/1223 [00:03<00:07, 114.52w/s, dev=1]         
language_model.model.layers.13.input_layernorm_moe_gen.weight:  31%|███       | 380/1223 [00:03<00:07, 114.81w/s, dev=1]
language_model.model.layers.13.mlp.down_proj.weight:  31%|███       | 381/1223 [00:03<00:07, 115.11w/s, dev=1]          
language_model.model.layers.13.mlp.gate_proj.weight:  31%|███       | 382/1223 [00:03<00:07, 114.54w/s, dev=1]
language_model.model.layers.13.mlp.up_proj.weight:  31%|███▏      | 383/1223 [00:03<00:07, 113.96w/s, dev=1]  
language_model.model.layers.13.mlp_moe_gen.down_proj.weight:  31%|███▏      | 384/1223 [00:03<00:07, 113.39w/s, dev=1]
language_model.model.layers.13.mlp_moe_gen.gate_proj.weight:  31%|███▏      | 385/1223 [00:03<00:07, 112.83w/s, dev=1]
language_model.model.layers.13.mlp_moe_gen.up_proj.weight:  32%|███▏      | 386/1223 [00:03<00:07, 112.29w/s, dev=1]  
language_model.model.layers.13.post_attention_layernorm.weight:  32%|███▏      | 387/1223 [00:03<00:07, 111.77w/s, dev=1]
language_model.model.layers.13.post_attention_layernorm_moe_gen.weight:  32%|███▏      | 388/1223 [00:03<00:07, 112.05w/s, dev=1]
language_model.model.layers.13.self_attn.k_norm.weight:  32%|███▏      | 389/1223 [00:03<00:07, 112.33w/s, dev=1]                
language_model.model.layers.13.self_attn.k_norm_moe_gen.weight:  32%|███▏      | 390/1223 [00:03<00:07, 112.62w/s, dev=1]
language_model.model.layers.13.self_attn.k_proj.bias:  32%|███▏      | 391/1223 [00:03<00:07, 112.90w/s, dev=1]          
language_model.model.layers.13.self_attn.k_proj.weight:  32%|███▏      | 392/1223 [00:03<00:07, 113.19w/s, dev=1]
language_model.model.layers.13.self_attn.k_proj_moe_gen.bias:  32%|███▏      | 393/1223 [00:03<00:07, 113.45w/s, dev=1]
language_model.model.layers.13.self_attn.k_proj_moe_gen.weight:  32%|███▏      | 394/1223 [00:03<00:07, 113.73w/s, dev=1]
language_model.model.layers.13.self_attn.o_proj.weight:  32%|███▏      | 395/1223 [00:03<00:07, 113.99w/s, dev=1]        
language_model.model.layers.13.self_attn.o_proj_moe_gen.weight:  32%|███▏      | 396/1223 [00:03<00:07, 114.11w/s, dev=1]
language_model.model.layers.13.self_attn.q_norm.weight:  32%|███▏      | 397/1223 [00:03<00:07, 114.23w/s, dev=1]        
language_model.model.layers.13.self_attn.q_norm_moe_gen.weight:  33%|███▎      | 398/1223 [00:03<00:07, 114.51w/s, dev=1]
language_model.model.layers.13.self_attn.q_proj.bias:  33%|███▎      | 399/1223 [00:03<00:07, 114.79w/s, dev=1]          
language_model.model.layers.13.self_attn.q_proj.weight:  33%|███▎      | 400/1223 [00:03<00:07, 115.03w/s, dev=1]
language_model.model.layers.13.self_attn.q_proj_moe_gen.bias:  33%|███▎      | 401/1223 [00:03<00:07, 115.15w/s, dev=1]
language_model.model.layers.13.self_attn.q_proj_moe_gen.weight:  33%|███▎      | 402/1223 [00:03<00:07, 115.43w/s, dev=1]
language_model.model.layers.13.self_attn.v_proj.bias:  33%|███▎      | 403/1223 [00:03<00:07, 115.55w/s, dev=1]          
language_model.model.layers.13.self_attn.v_proj.weight:  33%|███▎      | 404/1223 [00:03<00:07, 115.83w/s, dev=1]
language_model.model.layers.13.self_attn.v_proj_moe_gen.bias:  33%|███▎      | 405/1223 [00:03<00:07, 116.08w/s, dev=1]
language_model.model.layers.13.self_attn.v_proj_moe_gen.weight:  33%|███▎      | 406/1223 [00:03<00:07, 116.37w/s, dev=1]
language_model.model.layers.14.input_layernorm.weight:  33%|███▎      | 407/1223 [00:03<00:06, 116.62w/s, dev=1]         
language_model.model.layers.14.input_layernorm_moe_gen.weight:  33%|███▎      | 408/1223 [00:03<00:06, 116.91w/s, dev=1]
language_model.model.layers.14.mlp.down_proj.weight:  33%|███▎      | 409/1223 [00:03<00:06, 117.19w/s, dev=1]          
language_model.model.layers.14.mlp.gate_proj.weight:  34%|███▎      | 410/1223 [00:03<00:06, 116.63w/s, dev=1]
language_model.model.layers.14.mlp.up_proj.weight:  34%|███▎      | 411/1223 [00:03<00:06, 116.09w/s, dev=1]  
language_model.model.layers.14.mlp.up_proj.weight:  34%|███▎      | 412/1223 [00:03<00:07, 115.55w/s, dev=1]
language_model.model.layers.14.mlp_moe_gen.down_proj.weight:  34%|███▎      | 412/1223 [00:03<00:07, 115.55w/s, dev=1]
language_model.model.layers.14.mlp_moe_gen.gate_proj.weight:  34%|███▍      | 413/1223 [00:03<00:07, 115.01w/s, dev=1]
language_model.model.layers.14.mlp_moe_gen.up_proj.weight:  34%|███▍      | 414/1223 [00:03<00:07, 114.49w/s, dev=1]  
language_model.model.layers.14.post_attention_layernorm.weight:  34%|███▍      | 415/1223 [00:03<00:07, 113.97w/s, dev=1]
language_model.model.layers.14.post_attention_layernorm_moe_gen.weight:  34%|███▍      | 416/1223 [00:03<00:07, 114.24w/s, dev=1]
language_model.model.layers.14.self_attn.k_norm.weight:  34%|███▍      | 417/1223 [00:03<00:07, 114.51w/s, dev=1]                
language_model.model.layers.14.self_attn.k_norm_moe_gen.weight:  34%|███▍      | 418/1223 [00:03<00:07, 114.78w/s, dev=1]
language_model.model.layers.14.self_attn.k_proj.bias:  34%|███▍      | 419/1223 [00:03<00:06, 115.05w/s, dev=1]          
language_model.model.layers.14.self_attn.k_proj.weight:  34%|███▍      | 420/1223 [00:03<00:06, 115.33w/s, dev=1]
language_model.model.layers.14.self_attn.k_proj_moe_gen.bias:  34%|███▍      | 421/1223 [00:03<00:06, 115.57w/s, dev=1]
language_model.model.layers.14.self_attn.k_proj_moe_gen.weight:  35%|███▍      | 422/1223 [00:03<00:06, 115.84w/s, dev=1]
language_model.model.layers.14.self_attn.o_proj.weight:  35%|███▍      | 423/1223 [00:03<00:06, 116.08w/s, dev=1]        
language_model.model.layers.14.self_attn.o_proj_moe_gen.weight:  35%|███▍      | 424/1223 [00:03<00:06, 116.20w/s, dev=1]
language_model.model.layers.14.self_attn.q_norm.weight:  35%|███▍      | 425/1223 [00:03<00:06, 116.31w/s, dev=1]        
language_model.model.layers.14.self_attn.q_norm_moe_gen.weight:  35%|███▍      | 426/1223 [00:03<00:06, 116.58w/s, dev=1]
language_model.model.layers.14.self_attn.q_proj.bias:  35%|███▍      | 427/1223 [00:03<00:06, 116.84w/s, dev=1]          
language_model.model.layers.14.self_attn.q_proj.weight:  35%|███▍      | 428/1223 [00:03<00:06, 117.11w/s, dev=1]
language_model.model.layers.14.self_attn.q_proj_moe_gen.bias:  35%|███▌      | 429/1223 [00:03<00:06, 117.23w/s, dev=1]
language_model.model.layers.14.self_attn.q_proj_moe_gen.weight:  35%|███▌      | 430/1223 [00:03<00:06, 117.49w/s, dev=1]
language_model.model.layers.14.self_attn.v_proj.bias:  35%|███▌      | 431/1223 [00:03<00:06, 117.61w/s, dev=1]          
language_model.model.layers.14.self_attn.v_proj.weight:  35%|███▌      | 432/1223 [00:03<00:06, 117.87w/s, dev=1]
language_model.model.layers.14.self_attn.v_proj_moe_gen.bias:  35%|███▌      | 433/1223 [00:03<00:06, 118.12w/s, dev=1]
language_model.model.layers.14.self_attn.v_proj_moe_gen.weight:  35%|███▌      | 434/1223 [00:03<00:06, 118.39w/s, dev=1]
language_model.model.layers.15.input_layernorm.weight:  36%|███▌      | 435/1223 [00:03<00:06, 118.63w/s, dev=1]         
language_model.model.layers.15.input_layernorm_moe_gen.weight:  36%|███▌      | 436/1223 [00:03<00:06, 118.90w/s, dev=1]
language_model.model.layers.15.mlp.down_proj.weight:  36%|███▌      | 437/1223 [00:03<00:06, 119.17w/s, dev=1]          
language_model.model.layers.15.mlp.gate_proj.weight:  36%|███▌      | 438/1223 [00:03<00:06, 118.63w/s, dev=1]
language_model.model.layers.15.mlp.up_proj.weight:  36%|███▌      | 439/1223 [00:03<00:06, 118.10w/s, dev=1]  
language_model.model.layers.15.mlp_moe_gen.down_proj.weight:  36%|███▌      | 440/1223 [00:03<00:06, 117.57w/s, dev=1]
language_model.model.layers.15.mlp_moe_gen.gate_proj.weight:  36%|███▌      | 441/1223 [00:03<00:06, 117.05w/s, dev=1]
language_model.model.layers.15.mlp_moe_gen.up_proj.weight:  36%|███▌      | 442/1223 [00:03<00:06, 116.55w/s, dev=1]  
language_model.model.layers.15.post_attention_layernorm.weight:  36%|███▌      | 443/1223 [00:03<00:06, 116.03w/s, dev=1]
language_model.model.layers.15.post_attention_layernorm_moe_gen.weight:  36%|███▋      | 444/1223 [00:03<00:06, 116.29w/s, dev=1]
language_model.model.layers.15.self_attn.k_norm.weight:  36%|███▋      | 445/1223 [00:03<00:06, 116.54w/s, dev=1]                
language_model.model.layers.15.self_attn.k_norm_moe_gen.weight:  36%|███▋      | 446/1223 [00:03<00:06, 116.80w/s, dev=1]
language_model.model.layers.15.self_attn.k_proj.bias:  37%|███▋      | 447/1223 [00:03<00:06, 117.06w/s, dev=1]          
language_model.model.layers.15.self_attn.k_proj.bias:  37%|███▋      | 448/1223 [00:03<00:06, 117.32w/s, dev=1]
language_model.model.layers.15.self_attn.k_proj.weight:  37%|███▋      | 448/1223 [00:03<00:06, 117.32w/s, dev=1]
language_model.model.layers.15.self_attn.k_proj_moe_gen.bias:  37%|███▋      | 449/1223 [00:03<00:06, 117.55w/s, dev=1]
language_model.model.layers.15.self_attn.k_proj_moe_gen.weight:  37%|███▋      | 450/1223 [00:03<00:06, 117.81w/s, dev=1]
language_model.model.layers.15.self_attn.o_proj.weight:  37%|███▋      | 451/1223 [00:03<00:06, 118.04w/s, dev=1]        
language_model.model.layers.15.self_attn.o_proj_moe_gen.weight:  37%|███▋      | 452/1223 [00:03<00:06, 118.14w/s, dev=1]
language_model.model.layers.15.self_attn.q_norm.weight:  37%|███▋      | 453/1223 [00:03<00:06, 118.25w/s, dev=1]        
language_model.model.layers.15.self_attn.q_norm_moe_gen.weight:  37%|███▋      | 454/1223 [00:03<00:06, 118.50w/s, dev=1]
language_model.model.layers.15.self_attn.q_proj.bias:  37%|███▋      | 455/1223 [00:03<00:06, 118.76w/s, dev=1]          
language_model.model.layers.15.self_attn.q_proj.weight:  37%|███▋      | 456/1223 [00:03<00:06, 119.02w/s, dev=1]
language_model.model.layers.15.self_attn.q_proj_moe_gen.bias:  37%|███▋      | 457/1223 [00:03<00:06, 119.12w/s, dev=1]
language_model.model.layers.15.self_attn.q_proj_moe_gen.weight:  37%|███▋      | 458/1223 [00:03<00:06, 119.38w/s, dev=1]
language_model.model.layers.15.self_attn.v_proj.bias:  38%|███▊      | 459/1223 [00:03<00:06, 119.48w/s, dev=1]          
language_model.model.layers.15.self_attn.v_proj.weight:  38%|███▊      | 460/1223 [00:03<00:06, 119.73w/s, dev=1]
language_model.model.layers.15.self_attn.v_proj_moe_gen.bias:  38%|███▊      | 461/1223 [00:03<00:06, 119.97w/s, dev=1]
language_model.model.layers.15.self_attn.v_proj_moe_gen.weight:  38%|███▊      | 462/1223 [00:03<00:06, 120.22w/s, dev=1]
language_model.model.layers.16.input_layernorm.weight:  38%|███▊      | 463/1223 [00:03<00:06, 120.46w/s, dev=1]         
language_model.model.layers.16.input_layernorm_moe_gen.weight:  38%|███▊      | 464/1223 [00:03<00:06, 120.71w/s, dev=1]
language_model.model.layers.16.mlp.down_proj.weight:  38%|███▊      | 465/1223 [00:03<00:06, 120.97w/s, dev=1]          
language_model.model.layers.16.mlp.gate_proj.weight:  38%|███▊      | 466/1223 [00:03<00:06, 120.45w/s, dev=1]
language_model.model.layers.16.mlp.up_proj.weight:  38%|███▊      | 467/1223 [00:03<00:06, 119.93w/s, dev=1]  
language_model.model.layers.16.mlp_moe_gen.down_proj.weight:  38%|███▊      | 468/1223 [00:03<00:06, 119.41w/s, dev=1]
language_model.model.layers.16.mlp_moe_gen.gate_proj.weight:  38%|███▊      | 469/1223 [00:03<00:06, 118.90w/s, dev=1]
language_model.model.layers.16.mlp_moe_gen.up_proj.weight:  38%|███▊      | 470/1223 [00:03<00:06, 118.40w/s, dev=1]  
language_model.model.layers.16.post_attention_layernorm.weight:  39%|███▊      | 471/1223 [00:03<00:06, 117.91w/s, dev=1]
language_model.model.layers.16.post_attention_layernorm_moe_gen.weight:  39%|███▊      | 472/1223 [00:03<00:06, 118.15w/s, dev=1]
language_model.model.layers.16.self_attn.k_norm.weight:  39%|███▊      | 473/1223 [00:03<00:06, 118.40w/s, dev=1]                
language_model.model.layers.16.self_attn.k_norm_moe_gen.weight:  39%|███▉      | 474/1223 [00:03<00:06, 118.65w/s, dev=1]
language_model.model.layers.16.self_attn.k_proj.bias:  39%|███▉      | 475/1223 [00:03<00:06, 118.89w/s, dev=1]          
language_model.model.layers.16.self_attn.k_proj.weight:  39%|███▉      | 476/1223 [00:03<00:06, 119.14w/s, dev=1]
language_model.model.layers.16.self_attn.k_proj_moe_gen.bias:  39%|███▉      | 477/1223 [00:03<00:06, 119.37w/s, dev=1]
language_model.model.layers.16.self_attn.k_proj_moe_gen.weight:  39%|███▉      | 478/1223 [00:03<00:06, 119.61w/s, dev=1]
language_model.model.layers.16.self_attn.o_proj.weight:  39%|███▉      | 479/1223 [00:03<00:06, 119.84w/s, dev=1]        
language_model.model.layers.16.self_attn.o_proj_moe_gen.weight:  39%|███▉      | 480/1223 [00:04<00:06, 119.94w/s, dev=1]
language_model.model.layers.16.self_attn.q_norm.weight:  39%|███▉      | 481/1223 [00:04<00:06, 120.03w/s, dev=1]        
language_model.model.layers.16.self_attn.q_norm_moe_gen.weight:  39%|███▉      | 482/1223 [00:04<00:06, 120.28w/s, dev=1]
language_model.model.layers.16.self_attn.q_proj.bias:  39%|███▉      | 483/1223 [00:04<00:06, 120.52w/s, dev=1]          
language_model.model.layers.16.self_attn.q_proj.bias:  40%|███▉      | 484/1223 [00:04<00:06, 120.77w/s, dev=1]
language_model.model.layers.16.self_attn.q_proj.weight:  40%|███▉      | 484/1223 [00:04<00:06, 120.77w/s, dev=1]
language_model.model.layers.16.self_attn.q_proj_moe_gen.bias:  40%|███▉      | 485/1223 [00:04<00:06, 120.86w/s, dev=1]
language_model.model.layers.16.self_attn.q_proj_moe_gen.weight:  40%|███▉      | 486/1223 [00:04<00:06, 121.11w/s, dev=1]
language_model.model.layers.16.self_attn.v_proj.bias:  40%|███▉      | 487/1223 [00:04<00:06, 121.20w/s, dev=1]          
language_model.model.layers.16.self_attn.v_proj.weight:  40%|███▉      | 488/1223 [00:04<00:06, 121.45w/s, dev=1]
language_model.model.layers.16.self_attn.v_proj_moe_gen.bias:  40%|███▉      | 489/1223 [00:04<00:06, 121.67w/s, dev=1]
language_model.model.layers.16.self_attn.v_proj_moe_gen.weight:  40%|████      | 490/1223 [00:04<00:06, 121.91w/s, dev=1]
language_model.model.layers.17.input_layernorm.weight:  40%|████      | 491/1223 [00:04<00:05, 122.13w/s, dev=1]         
language_model.model.layers.17.input_layernorm_moe_gen.weight:  40%|████      | 492/1223 [00:04<00:05, 122.38w/s, dev=1]
language_model.model.layers.17.mlp.down_proj.weight:  40%|████      | 493/1223 [00:04<00:05, 122.62w/s, dev=1]          
language_model.model.layers.17.mlp.gate_proj.weight:  40%|████      | 494/1223 [00:04<00:05, 122.11w/s, dev=1]
language_model.model.layers.17.mlp.up_proj.weight:  40%|████      | 495/1223 [00:04<00:05, 121.60w/s, dev=1]  
language_model.model.layers.17.mlp_moe_gen.down_proj.weight:  41%|████      | 496/1223 [00:04<00:06, 121.10w/s, dev=1]
language_model.model.layers.17.mlp_moe_gen.gate_proj.weight:  41%|████      | 497/1223 [00:04<00:06, 120.60w/s, dev=1]
language_model.model.layers.17.mlp_moe_gen.up_proj.weight:  41%|████      | 498/1223 [00:04<00:06, 120.11w/s, dev=1]  
language_model.model.layers.17.post_attention_layernorm.weight:  41%|████      | 499/1223 [00:04<00:06, 119.63w/s, dev=1]
language_model.model.layers.17.post_attention_layernorm_moe_gen.weight:  41%|████      | 500/1223 [00:04<00:06, 119.86w/s, dev=1]
language_model.model.layers.17.self_attn.k_norm.weight:  41%|████      | 501/1223 [00:04<00:06, 120.10w/s, dev=1]                
language_model.model.layers.17.self_attn.k_norm_moe_gen.weight:  41%|████      | 502/1223 [00:04<00:05, 120.33w/s, dev=1]
language_model.model.layers.17.self_attn.k_proj.bias:  41%|████      | 503/1223 [00:04<00:05, 120.57w/s, dev=1]          
language_model.model.layers.17.self_attn.k_proj.weight:  41%|████      | 504/1223 [00:04<00:05, 120.80w/s, dev=1]
language_model.model.layers.17.self_attn.k_proj_moe_gen.bias:  41%|████▏     | 505/1223 [00:04<00:05, 121.02w/s, dev=1]
language_model.model.layers.17.self_attn.k_proj_moe_gen.weight:  41%|████▏     | 506/1223 [00:04<00:05, 121.26w/s, dev=1]
language_model.model.layers.17.self_attn.o_proj.weight:  41%|████▏     | 507/1223 [00:04<00:05, 121.47w/s, dev=1]        
language_model.model.layers.17.self_attn.o_proj_moe_gen.weight:  42%|████▏     | 508/1223 [00:04<00:05, 121.56w/s, dev=1]
language_model.model.layers.17.self_attn.q_norm.weight:  42%|████▏     | 509/1223 [00:04<00:05, 121.65w/s, dev=1]        
language_model.model.layers.17.self_attn.q_norm_moe_gen.weight:  42%|████▏     | 510/1223 [00:04<00:05, 121.88w/s, dev=1]
language_model.model.layers.17.self_attn.q_proj.bias:  42%|████▏     | 511/1223 [00:04<00:05, 122.12w/s, dev=1]          
language_model.model.layers.17.self_attn.q_proj.weight:  42%|████▏     | 512/1223 [00:04<00:05, 122.36w/s, dev=1]
language_model.model.layers.17.self_attn.q_proj_moe_gen.bias:  42%|████▏     | 513/1223 [00:04<00:05, 122.45w/s, dev=1]
language_model.model.layers.17.self_attn.q_proj_moe_gen.weight:  42%|████▏     | 514/1223 [00:04<00:05, 122.68w/s, dev=1]
language_model.model.layers.17.self_attn.v_proj.bias:  42%|████▏     | 515/1223 [00:04<00:05, 122.77w/s, dev=1]          
language_model.model.layers.17.self_attn.v_proj.weight:  42%|████▏     | 516/1223 [00:04<00:05, 123.00w/s, dev=1]
language_model.model.layers.17.self_attn.v_proj_moe_gen.bias:  42%|████▏     | 517/1223 [00:04<00:05, 123.22w/s, dev=1]
language_model.model.layers.17.self_attn.v_proj_moe_gen.weight:  42%|████▏     | 518/1223 [00:04<00:05, 123.45w/s, dev=1]
language_model.model.layers.18.input_layernorm.weight:  42%|████▏     | 519/1223 [00:04<00:05, 123.66w/s, dev=1]         
language_model.model.layers.18.input_layernorm.weight:  43%|████▎     | 520/1223 [00:04<00:05, 123.89w/s, dev=1]
language_model.model.layers.18.input_layernorm_moe_gen.weight:  43%|████▎     | 520/1223 [00:04<00:05, 123.89w/s, dev=1]
language_model.model.layers.18.mlp.down_proj.weight:  43%|████▎     | 521/1223 [00:04<00:05, 124.13w/s, dev=1]          
language_model.model.layers.18.mlp.gate_proj.weight:  43%|████▎     | 522/1223 [00:04<00:05, 123.63w/s, dev=1]
language_model.model.layers.18.mlp.up_proj.weight:  43%|████▎     | 523/1223 [00:04<00:05, 123.13w/s, dev=1]  
language_model.model.layers.18.mlp_moe_gen.down_proj.weight:  43%|████▎     | 524/1223 [00:04<00:05, 122.64w/s, dev=1]
language_model.model.layers.18.mlp_moe_gen.gate_proj.weight:  43%|████▎     | 525/1223 [00:04<00:05, 122.16w/s, dev=1]
language_model.model.layers.18.mlp_moe_gen.up_proj.weight:  43%|████▎     | 526/1223 [00:04<00:05, 121.68w/s, dev=1]  
language_model.model.layers.18.post_attention_layernorm.weight:  43%|████▎     | 527/1223 [00:04<00:05, 121.20w/s, dev=1]
language_model.model.layers.18.post_attention_layernorm_moe_gen.weight:  43%|████▎     | 528/1223 [00:04<00:05, 121.43w/s, dev=1]
language_model.model.layers.18.self_attn.k_norm.weight:  43%|████▎     | 529/1223 [00:04<00:05, 121.65w/s, dev=1]                
language_model.model.layers.18.self_attn.k_norm_moe_gen.weight:  43%|████▎     | 530/1223 [00:04<00:05, 121.88w/s, dev=1]
language_model.model.layers.18.self_attn.k_proj.bias:  43%|████▎     | 531/1223 [00:04<00:05, 122.11w/s, dev=1]          
language_model.model.layers.18.self_attn.k_proj.weight:  43%|████▎     | 532/1223 [00:04<00:05, 122.33w/s, dev=1]
language_model.model.layers.18.self_attn.k_proj_moe_gen.bias:  44%|████▎     | 533/1223 [00:04<00:05, 122.54w/s, dev=1]
language_model.model.layers.18.self_attn.k_proj_moe_gen.weight:  44%|████▎     | 534/1223 [00:04<00:05, 122.77w/s, dev=1]
language_model.model.layers.18.self_attn.o_proj.weight:  44%|████▎     | 535/1223 [00:04<00:05, 122.97w/s, dev=1]        
language_model.model.layers.18.self_attn.o_proj_moe_gen.weight:  44%|████▍     | 536/1223 [00:04<00:05, 123.06w/s, dev=1]
language_model.model.layers.18.self_attn.q_norm.weight:  44%|████▍     | 537/1223 [00:04<00:05, 123.14w/s, dev=1]        
language_model.model.layers.18.self_attn.q_norm_moe_gen.weight:  44%|████▍     | 538/1223 [00:04<00:05, 123.36w/s, dev=1]
language_model.model.layers.18.self_attn.q_proj.bias:  44%|████▍     | 539/1223 [00:04<00:05, 123.59w/s, dev=1]          
language_model.model.layers.18.self_attn.q_proj.weight:  44%|████▍     | 540/1223 [00:04<00:05, 123.81w/s, dev=1]
language_model.model.layers.18.self_attn.q_proj_moe_gen.bias:  44%|████▍     | 541/1223 [00:04<00:05, 123.89w/s, dev=1]
language_model.model.layers.18.self_attn.q_proj_moe_gen.weight:  44%|████▍     | 542/1223 [00:04<00:05, 124.12w/s, dev=1]
language_model.model.layers.18.self_attn.v_proj.bias:  44%|████▍     | 543/1223 [00:04<00:05, 124.15w/s, dev=1]          
language_model.model.layers.18.self_attn.v_proj.weight:  44%|████▍     | 544/1223 [00:04<00:05, 124.37w/s, dev=1]
language_model.model.layers.18.self_attn.v_proj_moe_gen.bias:  45%|████▍     | 545/1223 [00:04<00:05, 124.58w/s, dev=1]
language_model.model.layers.18.self_attn.v_proj_moe_gen.weight:  45%|████▍     | 546/1223 [00:04<00:05, 124.80w/s, dev=1]
language_model.model.layers.19.input_layernorm.weight:  45%|████▍     | 547/1223 [00:04<00:05, 125.00w/s, dev=1]         
language_model.model.layers.19.input_layernorm_moe_gen.weight:  45%|████▍     | 548/1223 [00:04<00:05, 125.23w/s, dev=1]
language_model.model.layers.19.mlp.down_proj.weight:  45%|████▍     | 549/1223 [00:04<00:05, 125.45w/s, dev=1]          
language_model.model.layers.19.mlp.gate_proj.weight:  45%|████▍     | 550/1223 [00:04<00:05, 124.93w/s, dev=1]
language_model.model.layers.19.mlp.up_proj.weight:  45%|████▌     | 551/1223 [00:04<00:05, 124.44w/s, dev=1]  
language_model.model.layers.19.mlp_moe_gen.down_proj.weight:  45%|████▌     | 552/1223 [00:04<00:05, 123.96w/s, dev=1]
language_model.model.layers.19.mlp_moe_gen.gate_proj.weight:  45%|████▌     | 553/1223 [00:04<00:05, 123.48w/s, dev=1]
language_model.model.layers.19.mlp_moe_gen.up_proj.weight:  45%|████▌     | 554/1223 [00:04<00:05, 122.88w/s, dev=1]  
language_model.model.layers.19.post_attention_layernorm.weight:  45%|████▌     | 555/1223 [00:04<00:05, 122.41w/s, dev=1]
language_model.model.layers.19.post_attention_layernorm.weight:  45%|████▌     | 556/1223 [00:04<00:05, 122.63w/s, dev=1]
language_model.model.layers.19.post_attention_layernorm_moe_gen.weight:  45%|████▌     | 556/1223 [00:04<00:05, 122.63w/s, dev=1]
language_model.model.layers.19.self_attn.k_norm.weight:  46%|████▌     | 557/1223 [00:04<00:05, 122.84w/s, dev=1]                
language_model.model.layers.19.self_attn.k_norm_moe_gen.weight:  46%|████▌     | 558/1223 [00:04<00:05, 123.06w/s, dev=1]
language_model.model.layers.19.self_attn.k_proj.bias:  46%|████▌     | 559/1223 [00:04<00:05, 123.28w/s, dev=1]          
language_model.model.layers.19.self_attn.k_proj.weight:  46%|████▌     | 560/1223 [00:04<00:05, 123.49w/s, dev=1]
language_model.model.layers.19.self_attn.k_proj_moe_gen.bias:  46%|████▌     | 561/1223 [00:04<00:05, 123.69w/s, dev=1]
language_model.model.layers.19.self_attn.k_proj_moe_gen.weight:  46%|████▌     | 562/1223 [00:04<00:05, 123.90w/s, dev=1]
language_model.model.layers.19.self_attn.o_proj.weight:  46%|████▌     | 563/1223 [00:04<00:05, 124.10w/s, dev=1]        
language_model.model.layers.19.self_attn.o_proj_moe_gen.weight:  46%|████▌     | 564/1223 [00:04<00:05, 124.18w/s, dev=1]
language_model.model.layers.19.self_attn.q_norm.weight:  46%|████▌     | 565/1223 [00:04<00:05, 124.26w/s, dev=1]        
language_model.model.layers.19.self_attn.q_norm_moe_gen.weight:  46%|████▋     | 566/1223 [00:04<00:05, 124.47w/s, dev=1]
language_model.model.layers.19.self_attn.q_proj.bias:  46%|████▋     | 567/1223 [00:04<00:05, 124.69w/s, dev=1]          
language_model.model.layers.19.self_attn.q_proj.weight:  46%|████▋     | 568/1223 [00:04<00:05, 124.91w/s, dev=1]
language_model.model.layers.19.self_attn.q_proj_moe_gen.bias:  47%|████▋     | 569/1223 [00:04<00:05, 124.99w/s, dev=1]
language_model.model.layers.19.self_attn.q_proj_moe_gen.weight:  47%|████▋     | 570/1223 [00:04<00:05, 125.20w/s, dev=1]
language_model.model.layers.19.self_attn.v_proj.bias:  47%|████▋     | 571/1223 [00:04<00:05, 125.28w/s, dev=1]          
language_model.model.layers.19.self_attn.v_proj.weight:  47%|████▋     | 572/1223 [00:04<00:05, 125.50w/s, dev=1]
language_model.model.layers.19.self_attn.v_proj_moe_gen.bias:  47%|████▋     | 573/1223 [00:04<00:05, 125.69w/s, dev=1]
language_model.model.layers.19.self_attn.v_proj_moe_gen.weight:  47%|████▋     | 574/1223 [00:04<00:05, 125.91w/s, dev=1]
language_model.model.layers.20.input_layernorm.weight:  47%|████▋     | 575/1223 [00:05<00:05, 113.59w/s, dev=cpu]       
language_model.model.layers.20.input_layernorm_moe_gen.weight:  47%|████▋     | 576/1223 [00:05<00:05, 113.78w/s, dev=cpu]
language_model.model.layers.20.mlp.down_proj.weight:  47%|████▋     | 577/1223 [00:05<00:05, 113.98w/s, dev=cpu]          
language_model.model.layers.20.mlp.gate_proj.weight:  47%|████▋     | 578/1223 [00:05<00:05, 114.17w/s, dev=cpu]
language_model.model.layers.20.mlp.up_proj.weight:  47%|████▋     | 579/1223 [00:05<00:05, 114.37w/s, dev=cpu]  
language_model.model.layers.20.mlp_moe_gen.down_proj.weight:  47%|████▋     | 580/1223 [00:05<00:05, 114.56w/s, dev=cpu]
language_model.model.layers.20.mlp_moe_gen.gate_proj.weight:  48%|████▊     | 581/1223 [00:05<00:05, 114.76w/s, dev=cpu]
language_model.model.layers.20.mlp_moe_gen.up_proj.weight:  48%|████▊     | 582/1223 [00:05<00:05, 114.95w/s, dev=cpu]  
language_model.model.layers.20.post_attention_layernorm.weight:  48%|████▊     | 583/1223 [00:05<00:05, 115.15w/s, dev=cpu]
language_model.model.layers.20.post_attention_layernorm_moe_gen.weight:  48%|████▊     | 584/1223 [00:05<00:05, 115.34w/s, dev=cpu]
language_model.model.layers.20.self_attn.k_norm.weight:  48%|████▊     | 585/1223 [00:05<00:05, 115.54w/s, dev=cpu]                
language_model.model.layers.20.self_attn.k_norm_moe_gen.weight:  48%|████▊     | 586/1223 [00:05<00:05, 115.73w/s, dev=cpu]
language_model.model.layers.20.self_attn.k_proj.bias:  48%|████▊     | 587/1223 [00:05<00:05, 115.93w/s, dev=cpu]          
language_model.model.layers.20.self_attn.k_proj.weight:  48%|████▊     | 588/1223 [00:05<00:05, 116.12w/s, dev=cpu]
language_model.model.layers.20.self_attn.k_proj_moe_gen.bias:  48%|████▊     | 589/1223 [00:05<00:05, 116.32w/s, dev=cpu]
language_model.model.layers.20.self_attn.k_proj_moe_gen.weight:  48%|████▊     | 590/1223 [00:05<00:05, 116.52w/s, dev=cpu]
language_model.model.layers.20.self_attn.o_proj.weight:  48%|████▊     | 591/1223 [00:05<00:05, 116.71w/s, dev=cpu]        
language_model.model.layers.20.self_attn.o_proj.weight:  48%|████▊     | 592/1223 [00:05<00:05, 116.91w/s, dev=cpu]
language_model.model.layers.20.self_attn.o_proj_moe_gen.weight:  48%|████▊     | 592/1223 [00:05<00:05, 116.90w/s, dev=cpu]
language_model.model.layers.20.self_attn.q_norm.weight:  48%|████▊     | 593/1223 [00:05<00:05, 117.10w/s, dev=cpu]        
language_model.model.layers.20.self_attn.q_norm_moe_gen.weight:  49%|████▊     | 594/1223 [00:05<00:05, 117.29w/s, dev=cpu]
language_model.model.layers.20.self_attn.q_proj.bias:  49%|████▊     | 595/1223 [00:05<00:05, 117.49w/s, dev=cpu]          
language_model.model.layers.20.self_attn.q_proj.weight:  49%|████▊     | 596/1223 [00:05<00:05, 117.68w/s, dev=cpu]
language_model.model.layers.20.self_attn.q_proj_moe_gen.bias:  49%|████▉     | 597/1223 [00:05<00:05, 117.88w/s, dev=cpu]
language_model.model.layers.20.self_attn.q_proj_moe_gen.weight:  49%|████▉     | 598/1223 [00:05<00:05, 118.08w/s, dev=cpu]
language_model.model.layers.20.self_attn.v_proj.bias:  49%|████▉     | 599/1223 [00:05<00:05, 118.27w/s, dev=cpu]          
language_model.model.layers.20.self_attn.v_proj.weight:  49%|████▉     | 600/1223 [00:05<00:05, 118.47w/s, dev=cpu]
language_model.model.layers.20.self_attn.v_proj_moe_gen.bias:  49%|████▉     | 601/1223 [00:05<00:05, 118.66w/s, dev=cpu]
language_model.model.layers.20.self_attn.v_proj_moe_gen.weight:  49%|████▉     | 602/1223 [00:05<00:05, 118.86w/s, dev=cpu]
language_model.model.layers.21.input_layernorm.weight:  49%|████▉     | 603/1223 [00:05<00:05, 119.05w/s, dev=cpu]         
language_model.model.layers.21.input_layernorm_moe_gen.weight:  49%|████▉     | 604/1223 [00:05<00:05, 119.25w/s, dev=cpu]
language_model.model.layers.21.mlp.down_proj.weight:  49%|████▉     | 605/1223 [00:05<00:05, 119.44w/s, dev=cpu]          
language_model.model.layers.21.mlp.gate_proj.weight:  50%|████▉     | 606/1223 [00:05<00:05, 119.64w/s, dev=cpu]
language_model.model.layers.21.mlp.up_proj.weight:  50%|████▉     | 607/1223 [00:05<00:05, 119.83w/s, dev=cpu]  
language_model.model.layers.21.mlp_moe_gen.down_proj.weight:  50%|████▉     | 608/1223 [00:05<00:05, 120.03w/s, dev=cpu]
language_model.model.layers.21.mlp_moe_gen.gate_proj.weight:  50%|████▉     | 609/1223 [00:05<00:05, 120.22w/s, dev=cpu]
language_model.model.layers.21.mlp_moe_gen.up_proj.weight:  50%|████▉     | 610/1223 [00:05<00:05, 120.42w/s, dev=cpu]  
language_model.model.layers.21.post_attention_layernorm.weight:  50%|████▉     | 611/1223 [00:05<00:05, 120.61w/s, dev=cpu]
language_model.model.layers.21.post_attention_layernorm_moe_gen.weight:  50%|█████     | 612/1223 [00:05<00:05, 120.81w/s, dev=cpu]
language_model.model.layers.21.self_attn.k_norm.weight:  50%|█████     | 613/1223 [00:05<00:05, 121.00w/s, dev=cpu]                
language_model.model.layers.21.self_attn.k_norm_moe_gen.weight:  50%|█████     | 614/1223 [00:05<00:05, 121.20w/s, dev=cpu]
language_model.model.layers.21.self_attn.k_proj.bias:  50%|█████     | 615/1223 [00:05<00:05, 121.39w/s, dev=cpu]          
language_model.model.layers.21.self_attn.k_proj.weight:  50%|█████     | 616/1223 [00:05<00:04, 121.59w/s, dev=cpu]
language_model.model.layers.21.self_attn.k_proj_moe_gen.bias:  50%|█████     | 617/1223 [00:05<00:04, 121.78w/s, dev=cpu]
language_model.model.layers.21.self_attn.k_proj_moe_gen.weight:  51%|█████     | 618/1223 [00:05<00:04, 121.98w/s, dev=cpu]
language_model.model.layers.21.self_attn.o_proj.weight:  51%|█████     | 619/1223 [00:05<00:04, 122.18w/s, dev=cpu]        
language_model.model.layers.21.self_attn.o_proj_moe_gen.weight:  51%|█████     | 620/1223 [00:05<00:04, 122.37w/s, dev=cpu]
language_model.model.layers.21.self_attn.q_norm.weight:  51%|█████     | 621/1223 [00:05<00:04, 122.57w/s, dev=cpu]        
language_model.model.layers.21.self_attn.q_norm_moe_gen.weight:  51%|█████     | 622/1223 [00:05<00:04, 122.76w/s, dev=cpu]
language_model.model.layers.21.self_attn.q_proj.bias:  51%|█████     | 623/1223 [00:05<00:04, 122.96w/s, dev=cpu]          
language_model.model.layers.21.self_attn.q_proj.weight:  51%|█████     | 624/1223 [00:05<00:04, 123.15w/s, dev=cpu]
language_model.model.layers.21.self_attn.q_proj_moe_gen.bias:  51%|█████     | 625/1223 [00:05<00:04, 123.35w/s, dev=cpu]
language_model.model.layers.21.self_attn.q_proj_moe_gen.weight:  51%|█████     | 626/1223 [00:05<00:04, 123.54w/s, dev=cpu]
language_model.model.layers.21.self_attn.v_proj.bias:  51%|█████▏    | 627/1223 [00:05<00:04, 123.74w/s, dev=cpu]          
language_model.model.layers.21.self_attn.v_proj.weight:  51%|█████▏    | 628/1223 [00:05<00:04, 123.93w/s, dev=cpu]
language_model.model.layers.21.self_attn.v_proj_moe_gen.bias:  51%|█████▏    | 629/1223 [00:05<00:04, 124.13w/s, dev=cpu]
language_model.model.layers.21.self_attn.v_proj_moe_gen.weight:  52%|█████▏    | 630/1223 [00:05<00:04, 124.32w/s, dev=cpu]
language_model.model.layers.22.input_layernorm.weight:  52%|█████▏    | 631/1223 [00:05<00:04, 124.52w/s, dev=cpu]         
language_model.model.layers.22.input_layernorm_moe_gen.weight:  52%|█████▏    | 632/1223 [00:05<00:04, 124.71w/s, dev=cpu]
language_model.model.layers.22.mlp.down_proj.weight:  52%|█████▏    | 633/1223 [00:05<00:04, 124.91w/s, dev=cpu]          
language_model.model.layers.22.mlp.gate_proj.weight:  52%|█████▏    | 634/1223 [00:05<00:04, 125.10w/s, dev=cpu]
language_model.model.layers.22.mlp.up_proj.weight:  52%|█████▏    | 635/1223 [00:05<00:04, 125.30w/s, dev=cpu]  
language_model.model.layers.22.mlp_moe_gen.down_proj.weight:  52%|█████▏    | 636/1223 [00:05<00:04, 125.49w/s, dev=cpu]
language_model.model.layers.22.mlp_moe_gen.gate_proj.weight:  52%|█████▏    | 637/1223 [00:05<00:04, 125.69w/s, dev=cpu]
language_model.model.layers.22.mlp_moe_gen.up_proj.weight:  52%|█████▏    | 638/1223 [00:05<00:04, 125.88w/s, dev=cpu]  
language_model.model.layers.22.post_attention_layernorm.weight:  52%|█████▏    | 639/1223 [00:05<00:04, 126.08w/s, dev=cpu]
language_model.model.layers.22.post_attention_layernorm_moe_gen.weight:  52%|█████▏    | 640/1223 [00:05<00:04, 126.27w/s, dev=cpu]
language_model.model.layers.22.self_attn.k_norm.weight:  52%|█████▏    | 641/1223 [00:05<00:04, 126.47w/s, dev=cpu]                
language_model.model.layers.22.self_attn.k_norm_moe_gen.weight:  52%|█████▏    | 642/1223 [00:05<00:04, 126.66w/s, dev=cpu]
language_model.model.layers.22.self_attn.k_proj.bias:  53%|█████▎    | 643/1223 [00:05<00:04, 126.86w/s, dev=cpu]          
language_model.model.layers.22.self_attn.k_proj.weight:  53%|█████▎    | 644/1223 [00:05<00:04, 127.05w/s, dev=cpu]
language_model.model.layers.22.self_attn.k_proj_moe_gen.bias:  53%|█████▎    | 645/1223 [00:05<00:04, 127.25w/s, dev=cpu]
language_model.model.layers.22.self_attn.k_proj_moe_gen.weight:  53%|█████▎    | 646/1223 [00:05<00:04, 127.44w/s, dev=cpu]
language_model.model.layers.22.self_attn.o_proj.weight:  53%|█████▎    | 647/1223 [00:05<00:04, 127.64w/s, dev=cpu]        
language_model.model.layers.22.self_attn.o_proj_moe_gen.weight:  53%|█████▎    | 648/1223 [00:05<00:04, 127.83w/s, dev=cpu]
language_model.model.layers.22.self_attn.q_norm.weight:  53%|█████▎    | 649/1223 [00:05<00:04, 128.03w/s, dev=cpu]        
language_model.model.layers.22.self_attn.q_norm_moe_gen.weight:  53%|█████▎    | 650/1223 [00:05<00:04, 128.22w/s, dev=cpu]
language_model.model.layers.22.self_attn.q_proj.bias:  53%|█████▎    | 651/1223 [00:05<00:04, 128.42w/s, dev=cpu]          
language_model.model.layers.22.self_attn.q_proj.weight:  53%|█████▎    | 652/1223 [00:05<00:04, 128.61w/s, dev=cpu]
language_model.model.layers.22.self_attn.q_proj_moe_gen.bias:  53%|█████▎    | 653/1223 [00:05<00:04, 128.81w/s, dev=cpu]
language_model.model.layers.22.self_attn.q_proj_moe_gen.weight:  53%|█████▎    | 654/1223 [00:05<00:04, 129.00w/s, dev=cpu]
language_model.model.layers.22.self_attn.v_proj.bias:  54%|█████▎    | 655/1223 [00:05<00:04, 129.20w/s, dev=cpu]          
language_model.model.layers.22.self_attn.v_proj.weight:  54%|█████▎    | 656/1223 [00:05<00:04, 129.39w/s, dev=cpu]
language_model.model.layers.22.self_attn.v_proj_moe_gen.bias:  54%|█████▎    | 657/1223 [00:05<00:04, 129.59w/s, dev=cpu]
language_model.model.layers.22.self_attn.v_proj_moe_gen.weight:  54%|█████▍    | 658/1223 [00:05<00:04, 129.78w/s, dev=cpu]
language_model.model.layers.23.input_layernorm.weight:  54%|█████▍    | 659/1223 [00:05<00:04, 129.98w/s, dev=cpu]         
language_model.model.layers.23.input_layernorm_moe_gen.weight:  54%|█████▍    | 660/1223 [00:05<00:04, 130.17w/s, dev=cpu]
language_model.model.layers.23.mlp.down_proj.weight:  54%|█████▍    | 661/1223 [00:05<00:04, 130.37w/s, dev=cpu]          
language_model.model.layers.23.mlp.gate_proj.weight:  54%|█████▍    | 662/1223 [00:05<00:04, 130.56w/s, dev=cpu]
language_model.model.layers.23.mlp.up_proj.weight:  54%|█████▍    | 663/1223 [00:05<00:04, 130.76w/s, dev=cpu]  
language_model.model.layers.23.mlp_moe_gen.down_proj.weight:  54%|█████▍    | 664/1223 [00:05<00:04, 130.95w/s, dev=cpu]
language_model.model.layers.23.mlp_moe_gen.gate_proj.weight:  54%|█████▍    | 665/1223 [00:05<00:04, 131.15w/s, dev=cpu]
language_model.model.layers.23.mlp_moe_gen.up_proj.weight:  54%|█████▍    | 666/1223 [00:05<00:04, 131.34w/s, dev=cpu]  
language_model.model.layers.23.post_attention_layernorm.weight:  55%|█████▍    | 667/1223 [00:05<00:04, 131.53w/s, dev=cpu]
language_model.model.layers.23.post_attention_layernorm_moe_gen.weight:  55%|█████▍    | 668/1223 [00:05<00:04, 131.73w/s, dev=cpu]
language_model.model.layers.23.self_attn.k_norm.weight:  55%|█████▍    | 669/1223 [00:05<00:04, 131.92w/s, dev=cpu]                
language_model.model.layers.23.self_attn.k_norm_moe_gen.weight:  55%|█████▍    | 670/1223 [00:05<00:04, 132.12w/s, dev=cpu]
language_model.model.layers.23.self_attn.k_proj.bias:  55%|█████▍    | 671/1223 [00:05<00:04, 132.31w/s, dev=cpu]          
language_model.model.layers.23.self_attn.k_proj.weight:  55%|█████▍    | 672/1223 [00:05<00:04, 132.51w/s, dev=cpu]
language_model.model.layers.23.self_attn.k_proj_moe_gen.bias:  55%|█████▌    | 673/1223 [00:05<00:04, 132.70w/s, dev=cpu]
language_model.model.layers.23.self_attn.k_proj_moe_gen.weight:  55%|█████▌    | 674/1223 [00:05<00:04, 132.90w/s, dev=cpu]
language_model.model.layers.23.self_attn.o_proj.weight:  55%|█████▌    | 675/1223 [00:05<00:04, 133.09w/s, dev=cpu]        
language_model.model.layers.23.self_attn.o_proj_moe_gen.weight:  55%|█████▌    | 676/1223 [00:05<00:04, 133.29w/s, dev=cpu]
language_model.model.layers.23.self_attn.q_norm.weight:  55%|█████▌    | 677/1223 [00:05<00:04, 133.48w/s, dev=cpu]        
language_model.model.layers.23.self_attn.q_norm_moe_gen.weight:  55%|█████▌    | 678/1223 [00:05<00:04, 133.68w/s, dev=cpu]
language_model.model.layers.23.self_attn.q_proj.bias:  56%|█████▌    | 679/1223 [00:05<00:04, 133.87w/s, dev=cpu]          
language_model.model.layers.23.self_attn.q_proj.weight:  56%|█████▌    | 680/1223 [00:05<00:04, 134.07w/s, dev=cpu]
language_model.model.layers.23.self_attn.q_proj_moe_gen.bias:  56%|█████▌    | 681/1223 [00:05<00:04, 134.26w/s, dev=cpu]
language_model.model.layers.23.self_attn.q_proj_moe_gen.weight:  56%|█████▌    | 682/1223 [00:05<00:04, 134.46w/s, dev=cpu]
language_model.model.layers.23.self_attn.v_proj.bias:  56%|█████▌    | 683/1223 [00:05<00:04, 134.65w/s, dev=cpu]          
language_model.model.layers.23.self_attn.v_proj.weight:  56%|█████▌    | 684/1223 [00:05<00:03, 134.85w/s, dev=cpu]
language_model.model.layers.23.self_attn.v_proj_moe_gen.bias:  56%|█████▌    | 685/1223 [00:05<00:03, 135.04w/s, dev=cpu]
language_model.model.layers.23.self_attn.v_proj_moe_gen.weight:  56%|█████▌    | 686/1223 [00:05<00:03, 135.24w/s, dev=cpu]
language_model.model.layers.24.input_layernorm.weight:  56%|█████▌    | 687/1223 [00:05<00:03, 135.43w/s, dev=cpu]         
language_model.model.layers.24.input_layernorm_moe_gen.weight:  56%|█████▋    | 688/1223 [00:05<00:03, 135.63w/s, dev=cpu]
language_model.model.layers.24.mlp.down_proj.weight:  56%|█████▋    | 689/1223 [00:05<00:03, 135.82w/s, dev=cpu]          
language_model.model.layers.24.mlp.gate_proj.weight:  56%|█████▋    | 690/1223 [00:05<00:03, 136.02w/s, dev=cpu]
language_model.model.layers.24.mlp.up_proj.weight:  57%|█████▋    | 691/1223 [00:05<00:03, 136.21w/s, dev=cpu]  
language_model.model.layers.24.mlp_moe_gen.down_proj.weight:  57%|█████▋    | 692/1223 [00:05<00:03, 136.40w/s, dev=cpu]
language_model.model.layers.24.mlp_moe_gen.gate_proj.weight:  57%|█████▋    | 693/1223 [00:05<00:03, 136.60w/s, dev=cpu]
language_model.model.layers.24.mlp_moe_gen.up_proj.weight:  57%|█████▋    | 694/1223 [00:05<00:03, 136.79w/s, dev=cpu]  
language_model.model.layers.24.post_attention_layernorm.weight:  57%|█████▋    | 695/1223 [00:05<00:03, 136.99w/s, dev=cpu]
language_model.model.layers.24.post_attention_layernorm_moe_gen.weight:  57%|█████▋    | 696/1223 [00:05<00:03, 137.18w/s, dev=cpu]
language_model.model.layers.24.self_attn.k_norm.weight:  57%|█████▋    | 697/1223 [00:05<00:03, 137.38w/s, dev=cpu]                
language_model.model.layers.24.self_attn.k_norm_moe_gen.weight:  57%|█████▋    | 698/1223 [00:05<00:03, 137.57w/s, dev=cpu]
language_model.model.layers.24.self_attn.k_proj.bias:  57%|█████▋    | 699/1223 [00:05<00:03, 137.77w/s, dev=cpu]          
language_model.model.layers.24.self_attn.k_proj.weight:  57%|█████▋    | 700/1223 [00:05<00:03, 137.96w/s, dev=cpu]
language_model.model.layers.24.self_attn.k_proj_moe_gen.bias:  57%|█████▋    | 701/1223 [00:05<00:03, 138.15w/s, dev=cpu]
language_model.model.layers.24.self_attn.k_proj_moe_gen.weight:  57%|█████▋    | 702/1223 [00:05<00:03, 138.35w/s, dev=cpu]
language_model.model.layers.24.self_attn.o_proj.weight:  57%|█████▋    | 703/1223 [00:05<00:03, 138.54w/s, dev=cpu]        
language_model.model.layers.24.self_attn.o_proj_moe_gen.weight:  58%|█████▊    | 704/1223 [00:05<00:03, 138.74w/s, dev=cpu]
language_model.model.layers.24.self_attn.q_norm.weight:  58%|█████▊    | 705/1223 [00:05<00:03, 138.93w/s, dev=cpu]        
language_model.model.layers.24.self_attn.q_norm_moe_gen.weight:  58%|█████▊    | 706/1223 [00:05<00:03, 139.13w/s, dev=cpu]
language_model.model.layers.24.self_attn.q_proj.bias:  58%|█████▊    | 707/1223 [00:05<00:03, 139.32w/s, dev=cpu]          
language_model.model.layers.24.self_attn.q_proj.weight:  58%|█████▊    | 708/1223 [00:05<00:03, 139.52w/s, dev=cpu]
language_model.model.layers.24.self_attn.q_proj_moe_gen.bias:  58%|█████▊    | 709/1223 [00:05<00:03, 139.71w/s, dev=cpu]
language_model.model.layers.24.self_attn.q_proj_moe_gen.weight:  58%|█████▊    | 710/1223 [00:05<00:03, 139.91w/s, dev=cpu]
language_model.model.layers.24.self_attn.v_proj.bias:  58%|█████▊    | 711/1223 [00:05<00:03, 140.10w/s, dev=cpu]          
language_model.model.layers.24.self_attn.v_proj.weight:  58%|█████▊    | 712/1223 [00:05<00:03, 140.30w/s, dev=cpu]
language_model.model.layers.24.self_attn.v_proj_moe_gen.bias:  58%|█████▊    | 713/1223 [00:05<00:03, 140.49w/s, dev=cpu]
language_model.model.layers.24.self_attn.v_proj_moe_gen.weight:  58%|█████▊    | 714/1223 [00:05<00:03, 140.68w/s, dev=cpu]
language_model.model.layers.25.input_layernorm.weight:  58%|█████▊    | 715/1223 [00:05<00:03, 140.88w/s, dev=cpu]         
language_model.model.layers.25.input_layernorm_moe_gen.weight:  59%|█████▊    | 716/1223 [00:05<00:03, 141.07w/s, dev=cpu]
language_model.model.layers.25.mlp.down_proj.weight:  59%|█████▊    | 717/1223 [00:05<00:03, 141.27w/s, dev=cpu]          
language_model.model.layers.25.mlp.gate_proj.weight:  59%|█████▊    | 718/1223 [00:05<00:03, 141.46w/s, dev=cpu]
language_model.model.layers.25.mlp.up_proj.weight:  59%|█████▉    | 719/1223 [00:05<00:03, 141.66w/s, dev=cpu]  
language_model.model.layers.25.mlp_moe_gen.down_proj.weight:  59%|█████▉    | 720/1223 [00:05<00:03, 141.85w/s, dev=cpu]
language_model.model.layers.25.mlp_moe_gen.gate_proj.weight:  59%|█████▉    | 721/1223 [00:05<00:03, 142.04w/s, dev=cpu]
language_model.model.layers.25.mlp_moe_gen.up_proj.weight:  59%|█████▉    | 722/1223 [00:05<00:03, 142.24w/s, dev=cpu]  
language_model.model.layers.25.post_attention_layernorm.weight:  59%|█████▉    | 723/1223 [00:05<00:03, 142.43w/s, dev=cpu]
language_model.model.layers.25.post_attention_layernorm_moe_gen.weight:  59%|█████▉    | 724/1223 [00:05<00:03, 142.63w/s, dev=cpu]
language_model.model.layers.25.self_attn.k_norm.weight:  59%|█████▉    | 725/1223 [00:05<00:03, 142.82w/s, dev=cpu]                
language_model.model.layers.25.self_attn.k_norm_moe_gen.weight:  59%|█████▉    | 726/1223 [00:05<00:03, 143.02w/s, dev=cpu]
language_model.model.layers.25.self_attn.k_proj.bias:  59%|█████▉    | 727/1223 [00:05<00:03, 143.21w/s, dev=cpu]          
language_model.model.layers.25.self_attn.k_proj.weight:  60%|█████▉    | 728/1223 [00:05<00:03, 143.41w/s, dev=cpu]
language_model.model.layers.25.self_attn.k_proj_moe_gen.bias:  60%|█████▉    | 729/1223 [00:05<00:03, 143.60w/s, dev=cpu]
language_model.model.layers.25.self_attn.k_proj_moe_gen.weight:  60%|█████▉    | 730/1223 [00:05<00:03, 143.79w/s, dev=cpu]
language_model.model.layers.25.self_attn.o_proj.weight:  60%|█████▉    | 731/1223 [00:05<00:03, 143.99w/s, dev=cpu]        
language_model.model.layers.25.self_attn.o_proj_moe_gen.weight:  60%|█████▉    | 732/1223 [00:05<00:03, 144.18w/s, dev=cpu]
language_model.model.layers.25.self_attn.q_norm.weight:  60%|█████▉    | 733/1223 [00:05<00:03, 144.38w/s, dev=cpu]        
language_model.model.layers.25.self_attn.q_norm_moe_gen.weight:  60%|██████    | 734/1223 [00:05<00:03, 144.57w/s, dev=cpu]
language_model.model.layers.25.self_attn.q_proj.bias:  60%|██████    | 735/1223 [00:05<00:03, 144.77w/s, dev=cpu]          
language_model.model.layers.25.self_attn.q_proj.weight:  60%|██████    | 736/1223 [00:05<00:03, 144.96w/s, dev=cpu]
language_model.model.layers.25.self_attn.q_proj_moe_gen.bias:  60%|██████    | 737/1223 [00:05<00:03, 145.16w/s, dev=cpu]
language_model.model.layers.25.self_attn.q_proj_moe_gen.weight:  60%|██████    | 738/1223 [00:05<00:03, 145.35w/s, dev=cpu]
language_model.model.layers.25.self_attn.v_proj.bias:  60%|██████    | 739/1223 [00:05<00:03, 145.54w/s, dev=cpu]          
language_model.model.layers.25.self_attn.v_proj.weight:  61%|██████    | 740/1223 [00:05<00:03, 145.74w/s, dev=cpu]
language_model.model.layers.25.self_attn.v_proj_moe_gen.bias:  61%|██████    | 741/1223 [00:05<00:03, 145.93w/s, dev=cpu]
language_model.model.layers.25.self_attn.v_proj_moe_gen.weight:  61%|██████    | 742/1223 [00:05<00:03, 146.13w/s, dev=cpu]
language_model.model.layers.26.input_layernorm.weight:  61%|██████    | 743/1223 [00:05<00:03, 146.32w/s, dev=cpu]         
language_model.model.layers.26.input_layernorm_moe_gen.weight:  61%|██████    | 744/1223 [00:05<00:03, 146.51w/s, dev=cpu]
language_model.model.layers.26.mlp.down_proj.weight:  61%|██████    | 745/1223 [00:05<00:03, 146.71w/s, dev=cpu]          
language_model.model.layers.26.mlp.gate_proj.weight:  61%|██████    | 746/1223 [00:05<00:03, 146.90w/s, dev=cpu]
language_model.model.layers.26.mlp.up_proj.weight:  61%|██████    | 747/1223 [00:05<00:03, 147.10w/s, dev=cpu]  
language_model.model.layers.26.mlp_moe_gen.down_proj.weight:  61%|██████    | 748/1223 [00:05<00:03, 147.29w/s, dev=cpu]
language_model.model.layers.26.mlp_moe_gen.gate_proj.weight:  61%|██████    | 749/1223 [00:05<00:03, 147.49w/s, dev=cpu]
language_model.model.layers.26.mlp_moe_gen.up_proj.weight:  61%|██████▏   | 750/1223 [00:05<00:03, 147.68w/s, dev=cpu]  
language_model.model.layers.26.post_attention_layernorm.weight:  61%|██████▏   | 751/1223 [00:05<00:03, 147.87w/s, dev=cpu]
language_model.model.layers.26.post_attention_layernorm_moe_gen.weight:  61%|██████▏   | 752/1223 [00:05<00:03, 148.06w/s, dev=cpu]
language_model.model.layers.26.self_attn.k_norm.weight:  62%|██████▏   | 753/1223 [00:05<00:03, 148.26w/s, dev=cpu]                
language_model.model.layers.26.self_attn.k_norm_moe_gen.weight:  62%|██████▏   | 754/1223 [00:05<00:03, 148.45w/s, dev=cpu]
language_model.model.layers.26.self_attn.k_proj.bias:  62%|██████▏   | 755/1223 [00:05<00:03, 148.65w/s, dev=cpu]          
language_model.model.layers.26.self_attn.k_proj.weight:  62%|██████▏   | 756/1223 [00:05<00:03, 148.84w/s, dev=cpu]
language_model.model.layers.26.self_attn.k_proj_moe_gen.bias:  62%|██████▏   | 757/1223 [00:05<00:03, 149.04w/s, dev=cpu]
language_model.model.layers.26.self_attn.k_proj_moe_gen.weight:  62%|██████▏   | 758/1223 [00:05<00:03, 149.23w/s, dev=cpu]
language_model.model.layers.26.self_attn.o_proj.weight:  62%|██████▏   | 759/1223 [00:05<00:03, 149.42w/s, dev=cpu]        
language_model.model.layers.26.self_attn.o_proj_moe_gen.weight:  62%|██████▏   | 760/1223 [00:05<00:03, 149.62w/s, dev=cpu]
language_model.model.layers.26.self_attn.q_norm.weight:  62%|██████▏   | 761/1223 [00:05<00:03, 149.81w/s, dev=cpu]        
language_model.model.layers.26.self_attn.q_norm_moe_gen.weight:  62%|██████▏   | 762/1223 [00:05<00:03, 150.01w/s, dev=cpu]
language_model.model.layers.26.self_attn.q_proj.bias:  62%|██████▏   | 763/1223 [00:05<00:03, 150.20w/s, dev=cpu]          
language_model.model.layers.26.self_attn.q_proj.weight:  62%|██████▏   | 764/1223 [00:05<00:03, 150.40w/s, dev=cpu]
language_model.model.layers.26.self_attn.q_proj_moe_gen.bias:  63%|██████▎   | 765/1223 [00:05<00:03, 150.59w/s, dev=cpu]
language_model.model.layers.26.self_attn.q_proj_moe_gen.weight:  63%|██████▎   | 766/1223 [00:05<00:03, 150.79w/s, dev=cpu]
language_model.model.layers.26.self_attn.v_proj.bias:  63%|██████▎   | 767/1223 [00:05<00:03, 150.98w/s, dev=cpu]          
language_model.model.layers.26.self_attn.v_proj.weight:  63%|██████▎   | 768/1223 [00:05<00:03, 151.17w/s, dev=cpu]
language_model.model.layers.26.self_attn.v_proj_moe_gen.bias:  63%|██████▎   | 769/1223 [00:05<00:02, 151.37w/s, dev=cpu]
language_model.model.layers.26.self_attn.v_proj_moe_gen.weight:  63%|██████▎   | 770/1223 [00:05<00:02, 151.56w/s, dev=cpu]
language_model.model.layers.27.input_layernorm.weight:  63%|██████▎   | 771/1223 [00:05<00:02, 151.76w/s, dev=cpu]         
language_model.model.layers.27.input_layernorm_moe_gen.weight:  63%|██████▎   | 772/1223 [00:05<00:02, 151.95w/s, dev=cpu]
language_model.model.layers.27.mlp.down_proj.weight:  63%|██████▎   | 773/1223 [00:05<00:02, 152.15w/s, dev=cpu]          
language_model.model.layers.27.mlp.gate_proj.weight:  63%|██████▎   | 774/1223 [00:05<00:02, 152.34w/s, dev=cpu]
language_model.model.layers.27.mlp.up_proj.weight:  63%|██████▎   | 775/1223 [00:05<00:02, 152.53w/s, dev=cpu]  
language_model.model.layers.27.mlp_moe_gen.down_proj.weight:  63%|██████▎   | 776/1223 [00:05<00:02, 152.73w/s, dev=cpu]
language_model.model.layers.27.mlp_moe_gen.gate_proj.weight:  64%|██████▎   | 777/1223 [00:05<00:02, 152.92w/s, dev=cpu]
language_model.model.layers.27.mlp_moe_gen.up_proj.weight:  64%|██████▎   | 778/1223 [00:05<00:02, 153.12w/s, dev=cpu]  
language_model.model.layers.27.post_attention_layernorm.weight:  64%|██████▎   | 779/1223 [00:05<00:02, 153.31w/s, dev=cpu]
language_model.model.layers.27.post_attention_layernorm_moe_gen.weight:  64%|██████▍   | 780/1223 [00:05<00:02, 153.50w/s, dev=cpu]
language_model.model.layers.27.self_attn.k_norm.weight:  64%|██████▍   | 781/1223 [00:05<00:02, 153.70w/s, dev=cpu]                
language_model.model.layers.27.self_attn.k_norm_moe_gen.weight:  64%|██████▍   | 782/1223 [00:05<00:02, 153.89w/s, dev=cpu]
language_model.model.layers.27.self_attn.k_proj.bias:  64%|██████▍   | 783/1223 [00:05<00:02, 154.09w/s, dev=cpu]          
language_model.model.layers.27.self_attn.k_proj.weight:  64%|██████▍   | 784/1223 [00:05<00:02, 154.28w/s, dev=cpu]
language_model.model.layers.27.self_attn.k_proj_moe_gen.bias:  64%|██████▍   | 785/1223 [00:05<00:02, 154.48w/s, dev=cpu]
language_model.model.layers.27.self_attn.k_proj_moe_gen.weight:  64%|██████▍   | 786/1223 [00:05<00:02, 154.67w/s, dev=cpu]
language_model.model.layers.27.self_attn.o_proj.weight:  64%|██████▍   | 787/1223 [00:05<00:02, 154.86w/s, dev=cpu]        
language_model.model.layers.27.self_attn.o_proj_moe_gen.weight:  64%|██████▍   | 788/1223 [00:05<00:02, 155.06w/s, dev=cpu]
language_model.model.layers.27.self_attn.q_norm.weight:  65%|██████▍   | 789/1223 [00:05<00:02, 155.25w/s, dev=cpu]        
language_model.model.layers.27.self_attn.q_norm_moe_gen.weight:  65%|██████▍   | 790/1223 [00:05<00:02, 155.45w/s, dev=cpu]
language_model.model.layers.27.self_attn.q_proj.bias:  65%|██████▍   | 791/1223 [00:05<00:02, 155.64w/s, dev=cpu]          
language_model.model.layers.27.self_attn.q_proj.weight:  65%|██████▍   | 792/1223 [00:05<00:02, 155.84w/s, dev=cpu]
language_model.model.layers.27.self_attn.q_proj_moe_gen.bias:  65%|██████▍   | 793/1223 [00:05<00:02, 156.03w/s, dev=cpu]
language_model.model.layers.27.self_attn.q_proj_moe_gen.weight:  65%|██████▍   | 794/1223 [00:05<00:02, 156.23w/s, dev=cpu]
language_model.model.layers.27.self_attn.v_proj.bias:  65%|██████▌   | 795/1223 [00:05<00:02, 156.42w/s, dev=cpu]          
language_model.model.layers.27.self_attn.v_proj.weight:  65%|██████▌   | 796/1223 [00:05<00:02, 156.61w/s, dev=cpu]
language_model.model.layers.27.self_attn.v_proj_moe_gen.bias:  65%|██████▌   | 797/1223 [00:05<00:02, 156.81w/s, dev=cpu]
language_model.model.layers.27.self_attn.v_proj_moe_gen.weight:  65%|██████▌   | 798/1223 [00:05<00:02, 157.00w/s, dev=cpu]
language_model.model.norm.weight:  65%|██████▌   | 799/1223 [00:05<00:02, 157.20w/s, dev=cpu]                              
language_model.model.norm_moe_gen.weight:  65%|██████▌   | 800/1223 [00:05<00:02, 157.39w/s, dev=cpu]
language_model.lm_head.weight:  65%|██████▌   | 801/1223 [00:05<00:02, 157.58w/s, dev=cpu]           
vit_model.vision_model.embeddings.patch_embedding.bias:  66%|██████▌   | 802/1223 [00:05<00:02, 157.78w/s, dev=cpu]
vit_model.vision_model.embeddings.patch_embedding.weight:  66%|██████▌   | 803/1223 [00:05<00:02, 157.97w/s, dev=cpu]
vit_model.vision_model.embeddings.position_embedding.weight:  66%|██████▌   | 804/1223 [00:05<00:02, 158.17w/s, dev=cpu]
vit_model.vision_model.encoder.layers.0.layer_norm1.bias:  66%|██████▌   | 805/1223 [00:05<00:02, 158.36w/s, dev=cpu]   
vit_model.vision_model.encoder.layers.0.layer_norm1.weight:  66%|██████▌   | 806/1223 [00:05<00:02, 158.55w/s, dev=cpu]
vit_model.vision_model.encoder.layers.0.layer_norm2.bias:  66%|██████▌   | 807/1223 [00:05<00:02, 158.75w/s, dev=cpu]  
vit_model.vision_model.encoder.layers.0.layer_norm2.weight:  66%|██████▌   | 808/1223 [00:05<00:02, 158.94w/s, dev=cpu]
vit_model.vision_model.encoder.layers.0.mlp.fc1.bias:  66%|██████▌   | 809/1223 [00:05<00:02, 159.14w/s, dev=cpu]      
vit_model.vision_model.encoder.layers.0.mlp.fc1.weight:  66%|██████▌   | 810/1223 [00:05<00:02, 159.33w/s, dev=cpu]
vit_model.vision_model.encoder.layers.0.mlp.fc2.bias:  66%|██████▋   | 811/1223 [00:05<00:02, 159.53w/s, dev=cpu]  
vit_model.vision_model.encoder.layers.0.mlp.fc2.weight:  66%|██████▋   | 812/1223 [00:05<00:02, 159.72w/s, dev=cpu]
vit_model.vision_model.encoder.layers.0.self_attn.k_proj.bias:  66%|██████▋   | 813/1223 [00:05<00:02, 159.91w/s, dev=cpu]
vit_model.vision_model.encoder.layers.0.self_attn.k_proj.weight:  67%|██████▋   | 814/1223 [00:05<00:02, 160.11w/s, dev=cpu]
vit_model.vision_model.encoder.layers.0.self_attn.out_proj.bias:  67%|██████▋   | 815/1223 [00:05<00:02, 160.30w/s, dev=cpu]
vit_model.vision_model.encoder.layers.0.self_attn.out_proj.weight:  67%|██████▋   | 816/1223 [00:05<00:02, 160.50w/s, dev=cpu]
vit_model.vision_model.encoder.layers.0.self_attn.q_proj.bias:  67%|██████▋   | 817/1223 [00:05<00:02, 160.69w/s, dev=cpu]    
vit_model.vision_model.encoder.layers.0.self_attn.q_proj.weight:  67%|██████▋   | 818/1223 [00:05<00:02, 160.89w/s, dev=cpu]
vit_model.vision_model.encoder.layers.0.self_attn.v_proj.bias:  67%|██████▋   | 819/1223 [00:05<00:02, 161.08w/s, dev=cpu]  
vit_model.vision_model.encoder.layers.0.self_attn.v_proj.weight:  67%|██████▋   | 820/1223 [00:05<00:02, 161.27w/s, dev=cpu]
vit_model.vision_model.encoder.layers.1.layer_norm1.bias:  67%|██████▋   | 821/1223 [00:05<00:02, 161.47w/s, dev=cpu]       
vit_model.vision_model.encoder.layers.1.layer_norm1.weight:  67%|██████▋   | 822/1223 [00:05<00:02, 161.66w/s, dev=cpu]
vit_model.vision_model.encoder.layers.1.layer_norm2.bias:  67%|██████▋   | 823/1223 [00:05<00:02, 161.86w/s, dev=cpu]  
vit_model.vision_model.encoder.layers.1.layer_norm2.weight:  67%|██████▋   | 824/1223 [00:05<00:02, 162.05w/s, dev=cpu]
vit_model.vision_model.encoder.layers.1.mlp.fc1.bias:  67%|██████▋   | 825/1223 [00:05<00:02, 162.24w/s, dev=cpu]      
vit_model.vision_model.encoder.layers.1.mlp.fc1.weight:  68%|██████▊   | 826/1223 [00:05<00:02, 162.44w/s, dev=cpu]
vit_model.vision_model.encoder.layers.1.mlp.fc2.bias:  68%|██████▊   | 827/1223 [00:05<00:02, 162.63w/s, dev=cpu]  
vit_model.vision_model.encoder.layers.1.mlp.fc2.weight:  68%|██████▊   | 828/1223 [00:05<00:02, 162.83w/s, dev=cpu]
vit_model.vision_model.encoder.layers.1.self_attn.k_proj.bias:  68%|██████▊   | 829/1223 [00:05<00:02, 163.02w/s, dev=cpu]
vit_model.vision_model.encoder.layers.1.self_attn.k_proj.weight:  68%|██████▊   | 830/1223 [00:05<00:02, 163.22w/s, dev=cpu]
vit_model.vision_model.encoder.layers.1.self_attn.out_proj.bias:  68%|██████▊   | 831/1223 [00:05<00:02, 163.41w/s, dev=cpu]
vit_model.vision_model.encoder.layers.1.self_attn.out_proj.weight:  68%|██████▊   | 832/1223 [00:05<00:02, 163.60w/s, dev=cpu]
vit_model.vision_model.encoder.layers.1.self_attn.q_proj.bias:  68%|██████▊   | 833/1223 [00:05<00:02, 163.80w/s, dev=cpu]    
vit_model.vision_model.encoder.layers.1.self_attn.q_proj.weight:  68%|██████▊   | 834/1223 [00:05<00:02, 163.99w/s, dev=cpu]
vit_model.vision_model.encoder.layers.1.self_attn.v_proj.bias:  68%|██████▊   | 835/1223 [00:05<00:02, 164.19w/s, dev=cpu]  
vit_model.vision_model.encoder.layers.1.self_attn.v_proj.weight:  68%|██████▊   | 836/1223 [00:05<00:02, 164.38w/s, dev=cpu]
vit_model.vision_model.encoder.layers.10.layer_norm1.bias:  68%|██████▊   | 837/1223 [00:05<00:02, 164.57w/s, dev=cpu]      
vit_model.vision_model.encoder.layers.10.layer_norm1.weight:  69%|██████▊   | 838/1223 [00:05<00:02, 164.77w/s, dev=cpu]
vit_model.vision_model.encoder.layers.10.layer_norm2.bias:  69%|██████▊   | 839/1223 [00:05<00:02, 164.96w/s, dev=cpu]  
vit_model.vision_model.encoder.layers.10.layer_norm2.weight:  69%|██████▊   | 840/1223 [00:05<00:02, 165.16w/s, dev=cpu]
vit_model.vision_model.encoder.layers.10.mlp.fc1.bias:  69%|██████▉   | 841/1223 [00:05<00:02, 165.35w/s, dev=cpu]      
vit_model.vision_model.encoder.layers.10.mlp.fc1.weight:  69%|██████▉   | 842/1223 [00:05<00:02, 165.54w/s, dev=cpu]
vit_model.vision_model.encoder.layers.10.mlp.fc2.bias:  69%|██████▉   | 843/1223 [00:05<00:02, 165.74w/s, dev=cpu]  
vit_model.vision_model.encoder.layers.10.mlp.fc2.weight:  69%|██████▉   | 844/1223 [00:05<00:02, 165.93w/s, dev=cpu]
vit_model.vision_model.encoder.layers.10.self_attn.k_proj.bias:  69%|██████▉   | 845/1223 [00:05<00:02, 166.13w/s, dev=cpu]
vit_model.vision_model.encoder.layers.10.self_attn.k_proj.weight:  69%|██████▉   | 846/1223 [00:05<00:02, 166.32w/s, dev=cpu]
vit_model.vision_model.encoder.layers.10.self_attn.out_proj.bias:  69%|██████▉   | 847/1223 [00:05<00:02, 166.51w/s, dev=cpu]
vit_model.vision_model.encoder.layers.10.self_attn.out_proj.weight:  69%|██████▉   | 848/1223 [00:05<00:02, 166.71w/s, dev=cpu]
vit_model.vision_model.encoder.layers.10.self_attn.q_proj.bias:  69%|██████▉   | 849/1223 [00:05<00:02, 166.90w/s, dev=cpu]    
vit_model.vision_model.encoder.layers.10.self_attn.q_proj.weight:  70%|██████▉   | 850/1223 [00:05<00:02, 167.10w/s, dev=cpu]
vit_model.vision_model.encoder.layers.10.self_attn.v_proj.bias:  70%|██████▉   | 851/1223 [00:05<00:02, 167.29w/s, dev=cpu]  
vit_model.vision_model.encoder.layers.10.self_attn.v_proj.weight:  70%|██████▉   | 852/1223 [00:05<00:02, 167.48w/s, dev=cpu]
vit_model.vision_model.encoder.layers.11.layer_norm1.bias:  70%|██████▉   | 853/1223 [00:05<00:02, 167.68w/s, dev=cpu]       
vit_model.vision_model.encoder.layers.11.layer_norm1.weight:  70%|██████▉   | 854/1223 [00:05<00:02, 167.87w/s, dev=cpu]
vit_model.vision_model.encoder.layers.11.layer_norm2.bias:  70%|██████▉   | 855/1223 [00:05<00:02, 168.07w/s, dev=cpu]  
vit_model.vision_model.encoder.layers.11.layer_norm2.weight:  70%|██████▉   | 856/1223 [00:05<00:02, 168.26w/s, dev=cpu]
vit_model.vision_model.encoder.layers.11.mlp.fc1.bias:  70%|███████   | 857/1223 [00:05<00:02, 168.45w/s, dev=cpu]      
vit_model.vision_model.encoder.layers.11.mlp.fc1.weight:  70%|███████   | 858/1223 [00:05<00:02, 168.65w/s, dev=cpu]
vit_model.vision_model.encoder.layers.11.mlp.fc2.bias:  70%|███████   | 859/1223 [00:05<00:02, 168.84w/s, dev=cpu]  
vit_model.vision_model.encoder.layers.11.mlp.fc2.weight:  70%|███████   | 860/1223 [00:05<00:02, 169.04w/s, dev=cpu]
vit_model.vision_model.encoder.layers.11.self_attn.k_proj.bias:  70%|███████   | 861/1223 [00:05<00:02, 169.23w/s, dev=cpu]
vit_model.vision_model.encoder.layers.11.self_attn.k_proj.weight:  70%|███████   | 862/1223 [00:05<00:02, 169.42w/s, dev=cpu]
vit_model.vision_model.encoder.layers.11.self_attn.out_proj.bias:  71%|███████   | 863/1223 [00:05<00:02, 169.62w/s, dev=cpu]
vit_model.vision_model.encoder.layers.11.self_attn.out_proj.weight:  71%|███████   | 864/1223 [00:05<00:02, 169.81w/s, dev=cpu]
vit_model.vision_model.encoder.layers.11.self_attn.q_proj.bias:  71%|███████   | 865/1223 [00:05<00:02, 170.01w/s, dev=cpu]    
vit_model.vision_model.encoder.layers.11.self_attn.q_proj.weight:  71%|███████   | 866/1223 [00:05<00:02, 170.20w/s, dev=cpu]
vit_model.vision_model.encoder.layers.11.self_attn.v_proj.bias:  71%|███████   | 867/1223 [00:05<00:02, 170.39w/s, dev=cpu]  
vit_model.vision_model.encoder.layers.11.self_attn.v_proj.weight:  71%|███████   | 868/1223 [00:05<00:02, 170.59w/s, dev=cpu]
vit_model.vision_model.encoder.layers.12.layer_norm1.bias:  71%|███████   | 869/1223 [00:05<00:02, 170.78w/s, dev=cpu]       
vit_model.vision_model.encoder.layers.12.layer_norm1.weight:  71%|███████   | 870/1223 [00:05<00:02, 170.97w/s, dev=cpu]
vit_model.vision_model.encoder.layers.12.layer_norm2.bias:  71%|███████   | 871/1223 [00:05<00:02, 171.17w/s, dev=cpu]  
vit_model.vision_model.encoder.layers.12.layer_norm2.weight:  71%|███████▏  | 872/1223 [00:05<00:02, 171.36w/s, dev=cpu]
vit_model.vision_model.encoder.layers.12.mlp.fc1.bias:  71%|███████▏  | 873/1223 [00:05<00:02, 171.56w/s, dev=cpu]      
vit_model.vision_model.encoder.layers.12.mlp.fc1.weight:  71%|███████▏  | 874/1223 [00:05<00:02, 171.75w/s, dev=cpu]
vit_model.vision_model.encoder.layers.12.mlp.fc2.bias:  72%|███████▏  | 875/1223 [00:05<00:02, 171.94w/s, dev=cpu]  
vit_model.vision_model.encoder.layers.12.mlp.fc2.weight:  72%|███████▏  | 876/1223 [00:05<00:02, 172.14w/s, dev=cpu]
vit_model.vision_model.encoder.layers.12.self_attn.k_proj.bias:  72%|███████▏  | 877/1223 [00:05<00:02, 172.33w/s, dev=cpu]
vit_model.vision_model.encoder.layers.12.self_attn.k_proj.weight:  72%|███████▏  | 878/1223 [00:05<00:01, 172.53w/s, dev=cpu]
vit_model.vision_model.encoder.layers.12.self_attn.out_proj.bias:  72%|███████▏  | 879/1223 [00:05<00:01, 172.72w/s, dev=cpu]
vit_model.vision_model.encoder.layers.12.self_attn.out_proj.weight:  72%|███████▏  | 880/1223 [00:05<00:01, 172.91w/s, dev=cpu]
vit_model.vision_model.encoder.layers.12.self_attn.q_proj.bias:  72%|███████▏  | 881/1223 [00:05<00:01, 173.11w/s, dev=cpu]    
vit_model.vision_model.encoder.layers.12.self_attn.q_proj.weight:  72%|███████▏  | 882/1223 [00:05<00:01, 173.30w/s, dev=cpu]
vit_model.vision_model.encoder.layers.12.self_attn.v_proj.bias:  72%|███████▏  | 883/1223 [00:05<00:01, 173.49w/s, dev=cpu]  
vit_model.vision_model.encoder.layers.12.self_attn.v_proj.weight:  72%|███████▏  | 884/1223 [00:05<00:01, 173.69w/s, dev=cpu]
vit_model.vision_model.encoder.layers.13.layer_norm1.bias:  72%|███████▏  | 885/1223 [00:05<00:01, 173.88w/s, dev=cpu]       
vit_model.vision_model.encoder.layers.13.layer_norm1.weight:  72%|███████▏  | 886/1223 [00:05<00:01, 174.08w/s, dev=cpu]
vit_model.vision_model.encoder.layers.13.layer_norm2.bias:  73%|███████▎  | 887/1223 [00:05<00:01, 174.27w/s, dev=cpu]  
vit_model.vision_model.encoder.layers.13.layer_norm2.weight:  73%|███████▎  | 888/1223 [00:05<00:01, 174.46w/s, dev=cpu]
vit_model.vision_model.encoder.layers.13.mlp.fc1.bias:  73%|███████▎  | 889/1223 [00:05<00:01, 174.66w/s, dev=cpu]      
vit_model.vision_model.encoder.layers.13.mlp.fc1.weight:  73%|███████▎  | 890/1223 [00:05<00:01, 174.85w/s, dev=cpu]
vit_model.vision_model.encoder.layers.13.mlp.fc2.bias:  73%|███████▎  | 891/1223 [00:05<00:01, 175.05w/s, dev=cpu]  
vit_model.vision_model.encoder.layers.13.mlp.fc2.weight:  73%|███████▎  | 892/1223 [00:05<00:01, 175.24w/s, dev=cpu]
vit_model.vision_model.encoder.layers.13.self_attn.k_proj.bias:  73%|███████▎  | 893/1223 [00:05<00:01, 175.43w/s, dev=cpu]
vit_model.vision_model.encoder.layers.13.self_attn.k_proj.weight:  73%|███████▎  | 894/1223 [00:05<00:01, 175.63w/s, dev=cpu]
vit_model.vision_model.encoder.layers.13.self_attn.out_proj.bias:  73%|███████▎  | 895/1223 [00:05<00:01, 175.82w/s, dev=cpu]
vit_model.vision_model.encoder.layers.13.self_attn.out_proj.weight:  73%|███████▎  | 896/1223 [00:05<00:01, 176.01w/s, dev=cpu]
vit_model.vision_model.encoder.layers.13.self_attn.q_proj.bias:  73%|███████▎  | 897/1223 [00:05<00:01, 176.21w/s, dev=cpu]    
vit_model.vision_model.encoder.layers.13.self_attn.q_proj.weight:  73%|███████▎  | 898/1223 [00:05<00:01, 176.40w/s, dev=cpu]
vit_model.vision_model.encoder.layers.13.self_attn.v_proj.bias:  74%|███████▎  | 899/1223 [00:05<00:01, 176.59w/s, dev=cpu]  
vit_model.vision_model.encoder.layers.13.self_attn.v_proj.weight:  74%|███████▎  | 900/1223 [00:05<00:01, 176.79w/s, dev=cpu]
vit_model.vision_model.encoder.layers.14.layer_norm1.bias:  74%|███████▎  | 901/1223 [00:05<00:01, 176.98w/s, dev=cpu]       
vit_model.vision_model.encoder.layers.14.layer_norm1.weight:  74%|███████▍  | 902/1223 [00:05<00:01, 177.17w/s, dev=cpu]
vit_model.vision_model.encoder.layers.14.layer_norm2.bias:  74%|███████▍  | 903/1223 [00:05<00:01, 177.37w/s, dev=cpu]  
vit_model.vision_model.encoder.layers.14.layer_norm2.weight:  74%|███████▍  | 904/1223 [00:05<00:01, 177.56w/s, dev=cpu]
vit_model.vision_model.encoder.layers.14.mlp.fc1.bias:  74%|███████▍  | 905/1223 [00:05<00:01, 177.76w/s, dev=cpu]      
vit_model.vision_model.encoder.layers.14.mlp.fc1.weight:  74%|███████▍  | 906/1223 [00:05<00:01, 177.95w/s, dev=cpu]
vit_model.vision_model.encoder.layers.14.mlp.fc2.bias:  74%|███████▍  | 907/1223 [00:05<00:01, 178.14w/s, dev=cpu]  
vit_model.vision_model.encoder.layers.14.mlp.fc2.weight:  74%|███████▍  | 908/1223 [00:05<00:01, 178.34w/s, dev=cpu]
vit_model.vision_model.encoder.layers.14.self_attn.k_proj.bias:  74%|███████▍  | 909/1223 [00:05<00:01, 178.53w/s, dev=cpu]
vit_model.vision_model.encoder.layers.14.self_attn.k_proj.weight:  74%|███████▍  | 910/1223 [00:05<00:01, 178.72w/s, dev=cpu]
vit_model.vision_model.encoder.layers.14.self_attn.out_proj.bias:  74%|███████▍  | 911/1223 [00:05<00:01, 178.92w/s, dev=cpu]
vit_model.vision_model.encoder.layers.14.self_attn.out_proj.weight:  75%|███████▍  | 912/1223 [00:05<00:01, 179.11w/s, dev=cpu]
vit_model.vision_model.encoder.layers.14.self_attn.q_proj.bias:  75%|███████▍  | 913/1223 [00:05<00:01, 179.31w/s, dev=cpu]    
vit_model.vision_model.encoder.layers.14.self_attn.q_proj.weight:  75%|███████▍  | 914/1223 [00:05<00:01, 179.50w/s, dev=cpu]
vit_model.vision_model.encoder.layers.14.self_attn.v_proj.bias:  75%|███████▍  | 915/1223 [00:05<00:01, 179.69w/s, dev=cpu]  
vit_model.vision_model.encoder.layers.14.self_attn.v_proj.weight:  75%|███████▍  | 916/1223 [00:05<00:01, 179.89w/s, dev=cpu]
vit_model.vision_model.encoder.layers.15.layer_norm1.bias:  75%|███████▍  | 917/1223 [00:05<00:01, 180.08w/s, dev=cpu]       
vit_model.vision_model.encoder.layers.15.layer_norm1.weight:  75%|███████▌  | 918/1223 [00:05<00:01, 180.27w/s, dev=cpu]
vit_model.vision_model.encoder.layers.15.layer_norm2.bias:  75%|███████▌  | 919/1223 [00:05<00:01, 180.47w/s, dev=cpu]  
vit_model.vision_model.encoder.layers.15.layer_norm2.weight:  75%|███████▌  | 920/1223 [00:05<00:01, 180.66w/s, dev=cpu]
vit_model.vision_model.encoder.layers.15.mlp.fc1.bias:  75%|███████▌  | 921/1223 [00:05<00:01, 180.86w/s, dev=cpu]      
vit_model.vision_model.encoder.layers.15.mlp.fc1.weight:  75%|███████▌  | 922/1223 [00:05<00:01, 181.05w/s, dev=cpu]
vit_model.vision_model.encoder.layers.15.mlp.fc2.bias:  75%|███████▌  | 923/1223 [00:05<00:01, 181.24w/s, dev=cpu]  
vit_model.vision_model.encoder.layers.15.mlp.fc2.weight:  76%|███████▌  | 924/1223 [00:05<00:01, 181.44w/s, dev=cpu]
vit_model.vision_model.encoder.layers.15.self_attn.k_proj.bias:  76%|███████▌  | 925/1223 [00:05<00:01, 181.63w/s, dev=cpu]
vit_model.vision_model.encoder.layers.15.self_attn.k_proj.weight:  76%|███████▌  | 926/1223 [00:05<00:01, 181.82w/s, dev=cpu]
vit_model.vision_model.encoder.layers.15.self_attn.out_proj.bias:  76%|███████▌  | 927/1223 [00:05<00:01, 182.02w/s, dev=cpu]
vit_model.vision_model.encoder.layers.15.self_attn.out_proj.weight:  76%|███████▌  | 928/1223 [00:05<00:01, 182.21w/s, dev=cpu]
vit_model.vision_model.encoder.layers.15.self_attn.q_proj.bias:  76%|███████▌  | 929/1223 [00:05<00:01, 182.40w/s, dev=cpu]    
vit_model.vision_model.encoder.layers.15.self_attn.q_proj.weight:  76%|███████▌  | 930/1223 [00:05<00:01, 182.60w/s, dev=cpu]
vit_model.vision_model.encoder.layers.15.self_attn.v_proj.bias:  76%|███████▌  | 931/1223 [00:05<00:01, 182.79w/s, dev=cpu]  
vit_model.vision_model.encoder.layers.15.self_attn.v_proj.weight:  76%|███████▌  | 932/1223 [00:05<00:01, 182.98w/s, dev=cpu]
vit_model.vision_model.encoder.layers.16.layer_norm1.bias:  76%|███████▋  | 933/1223 [00:05<00:01, 183.18w/s, dev=cpu]       
vit_model.vision_model.encoder.layers.16.layer_norm1.weight:  76%|███████▋  | 934/1223 [00:05<00:01, 183.37w/s, dev=cpu]
vit_model.vision_model.encoder.layers.16.layer_norm2.bias:  76%|███████▋  | 935/1223 [00:05<00:01, 183.57w/s, dev=cpu]  
vit_model.vision_model.encoder.layers.16.layer_norm2.weight:  77%|███████▋  | 936/1223 [00:05<00:01, 183.76w/s, dev=cpu]
vit_model.vision_model.encoder.layers.16.mlp.fc1.bias:  77%|███████▋  | 937/1223 [00:05<00:01, 183.95w/s, dev=cpu]      
vit_model.vision_model.encoder.layers.16.mlp.fc1.weight:  77%|███████▋  | 938/1223 [00:05<00:01, 184.15w/s, dev=cpu]
vit_model.vision_model.encoder.layers.16.mlp.fc2.bias:  77%|███████▋  | 939/1223 [00:05<00:01, 184.34w/s, dev=cpu]  
vit_model.vision_model.encoder.layers.16.mlp.fc2.weight:  77%|███████▋  | 940/1223 [00:05<00:01, 184.53w/s, dev=cpu]
vit_model.vision_model.encoder.layers.16.self_attn.k_proj.bias:  77%|███████▋  | 941/1223 [00:05<00:01, 184.73w/s, dev=cpu]
vit_model.vision_model.encoder.layers.16.self_attn.k_proj.weight:  77%|███████▋  | 942/1223 [00:05<00:01, 184.92w/s, dev=cpu]
vit_model.vision_model.encoder.layers.16.self_attn.out_proj.bias:  77%|███████▋  | 943/1223 [00:05<00:01, 185.11w/s, dev=cpu]
vit_model.vision_model.encoder.layers.16.self_attn.out_proj.weight:  77%|███████▋  | 944/1223 [00:05<00:01, 185.31w/s, dev=cpu]
vit_model.vision_model.encoder.layers.16.self_attn.q_proj.bias:  77%|███████▋  | 945/1223 [00:05<00:01, 185.50w/s, dev=cpu]    
vit_model.vision_model.encoder.layers.16.self_attn.q_proj.weight:  77%|███████▋  | 946/1223 [00:05<00:01, 185.69w/s, dev=cpu]
vit_model.vision_model.encoder.layers.16.self_attn.v_proj.bias:  77%|███████▋  | 947/1223 [00:05<00:01, 185.89w/s, dev=cpu]  
vit_model.vision_model.encoder.layers.16.self_attn.v_proj.weight:  78%|███████▊  | 948/1223 [00:05<00:01, 186.08w/s, dev=cpu]
vit_model.vision_model.encoder.layers.17.layer_norm1.bias:  78%|███████▊  | 949/1223 [00:05<00:01, 186.28w/s, dev=cpu]       
vit_model.vision_model.encoder.layers.17.layer_norm1.weight:  78%|███████▊  | 950/1223 [00:05<00:01, 186.47w/s, dev=cpu]
vit_model.vision_model.encoder.layers.17.layer_norm2.bias:  78%|███████▊  | 951/1223 [00:05<00:01, 186.66w/s, dev=cpu]  
vit_model.vision_model.encoder.layers.17.layer_norm2.weight:  78%|███████▊  | 952/1223 [00:05<00:01, 186.86w/s, dev=cpu]
vit_model.vision_model.encoder.layers.17.mlp.fc1.bias:  78%|███████▊  | 953/1223 [00:05<00:01, 187.05w/s, dev=cpu]      
vit_model.vision_model.encoder.layers.17.mlp.fc1.weight:  78%|███████▊  | 954/1223 [00:05<00:01, 187.24w/s, dev=cpu]
vit_model.vision_model.encoder.layers.17.mlp.fc2.bias:  78%|███████▊  | 955/1223 [00:05<00:01, 187.44w/s, dev=cpu]  
vit_model.vision_model.encoder.layers.17.mlp.fc2.weight:  78%|███████▊  | 956/1223 [00:05<00:01, 187.63w/s, dev=cpu]
vit_model.vision_model.encoder.layers.17.self_attn.k_proj.bias:  78%|███████▊  | 957/1223 [00:05<00:01, 187.82w/s, dev=cpu]
vit_model.vision_model.encoder.layers.17.self_attn.k_proj.weight:  78%|███████▊  | 958/1223 [00:05<00:01, 188.02w/s, dev=cpu]
vit_model.vision_model.encoder.layers.17.self_attn.out_proj.bias:  78%|███████▊  | 959/1223 [00:05<00:01, 188.21w/s, dev=cpu]
vit_model.vision_model.encoder.layers.17.self_attn.out_proj.weight:  78%|███████▊  | 960/1223 [00:05<00:01, 188.40w/s, dev=cpu]
vit_model.vision_model.encoder.layers.17.self_attn.q_proj.bias:  79%|███████▊  | 961/1223 [00:05<00:01, 188.60w/s, dev=cpu]    
vit_model.vision_model.encoder.layers.17.self_attn.q_proj.weight:  79%|███████▊  | 962/1223 [00:05<00:01, 188.79w/s, dev=cpu]
vit_model.vision_model.encoder.layers.17.self_attn.v_proj.bias:  79%|███████▊  | 963/1223 [00:05<00:01, 188.98w/s, dev=cpu]  
vit_model.vision_model.encoder.layers.17.self_attn.v_proj.weight:  79%|███████▉  | 964/1223 [00:05<00:01, 189.18w/s, dev=cpu]
vit_model.vision_model.encoder.layers.18.layer_norm1.bias:  79%|███████▉  | 965/1223 [00:05<00:01, 189.37w/s, dev=cpu]       
vit_model.vision_model.encoder.layers.18.layer_norm1.weight:  79%|███████▉  | 966/1223 [00:05<00:01, 189.56w/s, dev=cpu]
vit_model.vision_model.encoder.layers.18.layer_norm2.bias:  79%|███████▉  | 967/1223 [00:05<00:01, 189.76w/s, dev=cpu]  
vit_model.vision_model.encoder.layers.18.layer_norm2.weight:  79%|███████▉  | 968/1223 [00:05<00:01, 189.95w/s, dev=cpu]
vit_model.vision_model.encoder.layers.18.mlp.fc1.bias:  79%|███████▉  | 969/1223 [00:05<00:01, 190.14w/s, dev=cpu]      
vit_model.vision_model.encoder.layers.18.mlp.fc1.weight:  79%|███████▉  | 970/1223 [00:05<00:01, 190.34w/s, dev=cpu]
vit_model.vision_model.encoder.layers.18.mlp.fc2.bias:  79%|███████▉  | 971/1223 [00:05<00:01, 190.53w/s, dev=cpu]  
vit_model.vision_model.encoder.layers.18.mlp.fc2.weight:  79%|███████▉  | 972/1223 [00:05<00:01, 190.72w/s, dev=cpu]
vit_model.vision_model.encoder.layers.18.self_attn.k_proj.bias:  80%|███████▉  | 973/1223 [00:05<00:01, 190.92w/s, dev=cpu]
vit_model.vision_model.encoder.layers.18.self_attn.k_proj.weight:  80%|███████▉  | 974/1223 [00:05<00:01, 191.11w/s, dev=cpu]
vit_model.vision_model.encoder.layers.18.self_attn.out_proj.bias:  80%|███████▉  | 975/1223 [00:05<00:01, 191.30w/s, dev=cpu]
vit_model.vision_model.encoder.layers.18.self_attn.out_proj.weight:  80%|███████▉  | 976/1223 [00:05<00:01, 191.49w/s, dev=cpu]
vit_model.vision_model.encoder.layers.18.self_attn.q_proj.bias:  80%|███████▉  | 977/1223 [00:05<00:01, 191.69w/s, dev=cpu]    
vit_model.vision_model.encoder.layers.18.self_attn.q_proj.weight:  80%|███████▉  | 978/1223 [00:05<00:01, 191.88w/s, dev=cpu]
vit_model.vision_model.encoder.layers.18.self_attn.v_proj.bias:  80%|████████  | 979/1223 [00:05<00:01, 192.07w/s, dev=cpu]  
vit_model.vision_model.encoder.layers.18.self_attn.v_proj.weight:  80%|████████  | 980/1223 [00:05<00:01, 192.27w/s, dev=cpu]
vit_model.vision_model.encoder.layers.19.layer_norm1.bias:  80%|████████  | 981/1223 [00:05<00:01, 192.46w/s, dev=cpu]       
vit_model.vision_model.encoder.layers.19.layer_norm1.weight:  80%|████████  | 982/1223 [00:05<00:01, 192.65w/s, dev=cpu]
vit_model.vision_model.encoder.layers.19.layer_norm2.bias:  80%|████████  | 983/1223 [00:05<00:01, 192.85w/s, dev=cpu]  
vit_model.vision_model.encoder.layers.19.layer_norm2.weight:  80%|████████  | 984/1223 [00:05<00:01, 193.04w/s, dev=cpu]
vit_model.vision_model.encoder.layers.19.mlp.fc1.bias:  81%|████████  | 985/1223 [00:05<00:01, 193.24w/s, dev=cpu]      
vit_model.vision_model.encoder.layers.19.mlp.fc1.weight:  81%|████████  | 986/1223 [00:05<00:01, 193.43w/s, dev=cpu]
vit_model.vision_model.encoder.layers.19.mlp.fc2.bias:  81%|████████  | 987/1223 [00:05<00:01, 193.62w/s, dev=cpu]  
vit_model.vision_model.encoder.layers.19.mlp.fc2.weight:  81%|████████  | 988/1223 [00:05<00:01, 193.82w/s, dev=cpu]
vit_model.vision_model.encoder.layers.19.self_attn.k_proj.bias:  81%|████████  | 989/1223 [00:05<00:01, 194.01w/s, dev=cpu]
vit_model.vision_model.encoder.layers.19.self_attn.k_proj.weight:  81%|████████  | 990/1223 [00:05<00:01, 194.20w/s, dev=cpu]
vit_model.vision_model.encoder.layers.19.self_attn.out_proj.bias:  81%|████████  | 991/1223 [00:05<00:01, 194.40w/s, dev=cpu]
vit_model.vision_model.encoder.layers.19.self_attn.out_proj.weight:  81%|████████  | 992/1223 [00:05<00:01, 194.59w/s, dev=cpu]
vit_model.vision_model.encoder.layers.19.self_attn.q_proj.bias:  81%|████████  | 993/1223 [00:05<00:01, 194.78w/s, dev=cpu]    
vit_model.vision_model.encoder.layers.19.self_attn.q_proj.weight:  81%|████████▏ | 994/1223 [00:05<00:01, 194.97w/s, dev=cpu]
vit_model.vision_model.encoder.layers.19.self_attn.v_proj.bias:  81%|████████▏ | 995/1223 [00:05<00:01, 195.17w/s, dev=cpu]  
vit_model.vision_model.encoder.layers.19.self_attn.v_proj.weight:  81%|████████▏ | 996/1223 [00:05<00:01, 195.36w/s, dev=cpu]
vit_model.vision_model.encoder.layers.2.layer_norm1.bias:  82%|████████▏ | 997/1223 [00:05<00:01, 195.55w/s, dev=cpu]        
vit_model.vision_model.encoder.layers.2.layer_norm1.weight:  82%|████████▏ | 998/1223 [00:05<00:01, 195.75w/s, dev=cpu]
vit_model.vision_model.encoder.layers.2.layer_norm2.bias:  82%|████████▏ | 999/1223 [00:05<00:01, 195.94w/s, dev=cpu]  
vit_model.vision_model.encoder.layers.2.layer_norm2.weight:  82%|████████▏ | 1000/1223 [00:05<00:01, 196.13w/s, dev=cpu]
vit_model.vision_model.encoder.layers.2.mlp.fc1.bias:  82%|████████▏ | 1001/1223 [00:05<00:01, 196.33w/s, dev=cpu]      
vit_model.vision_model.encoder.layers.2.mlp.fc1.weight:  82%|████████▏ | 1002/1223 [00:05<00:01, 196.52w/s, dev=cpu]
vit_model.vision_model.encoder.layers.2.mlp.fc2.bias:  82%|████████▏ | 1003/1223 [00:05<00:01, 196.71w/s, dev=cpu]  
vit_model.vision_model.encoder.layers.2.mlp.fc2.weight:  82%|████████▏ | 1004/1223 [00:05<00:01, 196.90w/s, dev=cpu]
vit_model.vision_model.encoder.layers.2.self_attn.k_proj.bias:  82%|████████▏ | 1005/1223 [00:05<00:01, 197.10w/s, dev=cpu]
vit_model.vision_model.encoder.layers.2.self_attn.k_proj.weight:  82%|████████▏ | 1006/1223 [00:05<00:01, 197.29w/s, dev=cpu]
vit_model.vision_model.encoder.layers.2.self_attn.out_proj.bias:  82%|████████▏ | 1007/1223 [00:05<00:01, 197.48w/s, dev=cpu]
vit_model.vision_model.encoder.layers.2.self_attn.out_proj.weight:  82%|████████▏ | 1008/1223 [00:05<00:01, 197.68w/s, dev=cpu]
vit_model.vision_model.encoder.layers.2.self_attn.q_proj.bias:  83%|████████▎ | 1009/1223 [00:05<00:01, 197.87w/s, dev=cpu]    
vit_model.vision_model.encoder.layers.2.self_attn.q_proj.weight:  83%|████████▎ | 1010/1223 [00:05<00:01, 198.06w/s, dev=cpu]
vit_model.vision_model.encoder.layers.2.self_attn.v_proj.bias:  83%|████████▎ | 1011/1223 [00:05<00:01, 198.26w/s, dev=cpu]  
vit_model.vision_model.encoder.layers.2.self_attn.v_proj.weight:  83%|████████▎ | 1012/1223 [00:05<00:01, 198.45w/s, dev=cpu]
vit_model.vision_model.encoder.layers.20.layer_norm1.bias:  83%|████████▎ | 1013/1223 [00:05<00:01, 198.64w/s, dev=cpu]      
vit_model.vision_model.encoder.layers.20.layer_norm1.weight:  83%|████████▎ | 1014/1223 [00:05<00:01, 198.83w/s, dev=cpu]
vit_model.vision_model.encoder.layers.20.layer_norm2.bias:  83%|████████▎ | 1015/1223 [00:05<00:01, 199.03w/s, dev=cpu]  
vit_model.vision_model.encoder.layers.20.layer_norm2.weight:  83%|████████▎ | 1016/1223 [00:05<00:01, 199.22w/s, dev=cpu]
vit_model.vision_model.encoder.layers.20.mlp.fc1.bias:  83%|████████▎ | 1017/1223 [00:05<00:01, 199.41w/s, dev=cpu]      
vit_model.vision_model.encoder.layers.20.mlp.fc1.weight:  83%|████████▎ | 1018/1223 [00:05<00:01, 199.61w/s, dev=cpu]
vit_model.vision_model.encoder.layers.20.mlp.fc2.bias:  83%|████████▎ | 1019/1223 [00:05<00:01, 199.80w/s, dev=cpu]  
vit_model.vision_model.encoder.layers.20.mlp.fc2.weight:  83%|████████▎ | 1020/1223 [00:05<00:01, 199.99w/s, dev=cpu]
vit_model.vision_model.encoder.layers.20.self_attn.k_proj.bias:  83%|████████▎ | 1021/1223 [00:05<00:01, 200.19w/s, dev=cpu]
vit_model.vision_model.encoder.layers.20.self_attn.k_proj.weight:  84%|████████▎ | 1022/1223 [00:05<00:01, 200.38w/s, dev=cpu]
vit_model.vision_model.encoder.layers.20.self_attn.out_proj.bias:  84%|████████▎ | 1023/1223 [00:05<00:00, 200.57w/s, dev=cpu]
vit_model.vision_model.encoder.layers.20.self_attn.out_proj.weight:  84%|████████▎ | 1024/1223 [00:05<00:00, 200.76w/s, dev=cpu]
vit_model.vision_model.encoder.layers.20.self_attn.q_proj.bias:  84%|████████▍ | 1025/1223 [00:05<00:00, 200.96w/s, dev=cpu]    
vit_model.vision_model.encoder.layers.20.self_attn.q_proj.weight:  84%|████████▍ | 1026/1223 [00:05<00:00, 201.15w/s, dev=cpu]
vit_model.vision_model.encoder.layers.20.self_attn.v_proj.bias:  84%|████████▍ | 1027/1223 [00:05<00:00, 201.34w/s, dev=cpu]  
vit_model.vision_model.encoder.layers.20.self_attn.v_proj.weight:  84%|████████▍ | 1028/1223 [00:05<00:00, 201.54w/s, dev=cpu]
vit_model.vision_model.encoder.layers.21.layer_norm1.bias:  84%|████████▍ | 1029/1223 [00:05<00:00, 201.73w/s, dev=cpu]       
vit_model.vision_model.encoder.layers.21.layer_norm1.weight:  84%|████████▍ | 1030/1223 [00:05<00:00, 201.92w/s, dev=cpu]
vit_model.vision_model.encoder.layers.21.layer_norm2.bias:  84%|████████▍ | 1031/1223 [00:05<00:00, 202.11w/s, dev=cpu]  
vit_model.vision_model.encoder.layers.21.layer_norm2.weight:  84%|████████▍ | 1032/1223 [00:05<00:00, 202.31w/s, dev=cpu]
vit_model.vision_model.encoder.layers.21.mlp.fc1.bias:  84%|████████▍ | 1033/1223 [00:05<00:00, 202.50w/s, dev=cpu]      
vit_model.vision_model.encoder.layers.21.mlp.fc1.weight:  85%|████████▍ | 1034/1223 [00:05<00:00, 202.69w/s, dev=cpu]
vit_model.vision_model.encoder.layers.21.mlp.fc2.bias:  85%|████████▍ | 1035/1223 [00:05<00:00, 202.89w/s, dev=cpu]  
vit_model.vision_model.encoder.layers.21.mlp.fc2.weight:  85%|████████▍ | 1036/1223 [00:05<00:00, 203.08w/s, dev=cpu]
vit_model.vision_model.encoder.layers.21.self_attn.k_proj.bias:  85%|████████▍ | 1037/1223 [00:05<00:00, 203.27w/s, dev=cpu]
vit_model.vision_model.encoder.layers.21.self_attn.k_proj.weight:  85%|████████▍ | 1038/1223 [00:05<00:00, 203.46w/s, dev=cpu]
vit_model.vision_model.encoder.layers.21.self_attn.out_proj.bias:  85%|████████▍ | 1039/1223 [00:05<00:00, 203.66w/s, dev=cpu]
vit_model.vision_model.encoder.layers.21.self_attn.out_proj.weight:  85%|████████▌ | 1040/1223 [00:05<00:00, 203.85w/s, dev=cpu]
vit_model.vision_model.encoder.layers.21.self_attn.q_proj.bias:  85%|████████▌ | 1041/1223 [00:05<00:00, 204.04w/s, dev=cpu]    
vit_model.vision_model.encoder.layers.21.self_attn.q_proj.weight:  85%|████████▌ | 1042/1223 [00:05<00:00, 204.24w/s, dev=cpu]
vit_model.vision_model.encoder.layers.21.self_attn.v_proj.bias:  85%|████████▌ | 1043/1223 [00:05<00:00, 204.43w/s, dev=cpu]  
vit_model.vision_model.encoder.layers.21.self_attn.v_proj.weight:  85%|████████▌ | 1044/1223 [00:05<00:00, 204.62w/s, dev=cpu]
vit_model.vision_model.encoder.layers.22.layer_norm1.bias:  85%|████████▌ | 1045/1223 [00:05<00:00, 204.81w/s, dev=cpu]       
vit_model.vision_model.encoder.layers.22.layer_norm1.weight:  86%|████████▌ | 1046/1223 [00:05<00:00, 205.01w/s, dev=cpu]
vit_model.vision_model.encoder.layers.22.layer_norm2.bias:  86%|████████▌ | 1047/1223 [00:05<00:00, 205.20w/s, dev=cpu]  
vit_model.vision_model.encoder.layers.22.layer_norm2.weight:  86%|████████▌ | 1048/1223 [00:05<00:00, 205.39w/s, dev=cpu]
vit_model.vision_model.encoder.layers.22.mlp.fc1.bias:  86%|████████▌ | 1049/1223 [00:05<00:00, 205.59w/s, dev=cpu]      
vit_model.vision_model.encoder.layers.22.mlp.fc1.weight:  86%|████████▌ | 1050/1223 [00:05<00:00, 205.78w/s, dev=cpu]
vit_model.vision_model.encoder.layers.22.mlp.fc2.bias:  86%|████████▌ | 1051/1223 [00:05<00:00, 205.97w/s, dev=cpu]  
vit_model.vision_model.encoder.layers.22.mlp.fc2.weight:  86%|████████▌ | 1052/1223 [00:05<00:00, 206.16w/s, dev=cpu]
vit_model.vision_model.encoder.layers.22.self_attn.k_proj.bias:  86%|████████▌ | 1053/1223 [00:05<00:00, 206.36w/s, dev=cpu]
vit_model.vision_model.encoder.layers.22.self_attn.k_proj.weight:  86%|████████▌ | 1054/1223 [00:05<00:00, 206.55w/s, dev=cpu]
vit_model.vision_model.encoder.layers.22.self_attn.out_proj.bias:  86%|████████▋ | 1055/1223 [00:05<00:00, 206.74w/s, dev=cpu]
vit_model.vision_model.encoder.layers.22.self_attn.out_proj.weight:  86%|████████▋ | 1056/1223 [00:05<00:00, 206.94w/s, dev=cpu]
vit_model.vision_model.encoder.layers.22.self_attn.q_proj.bias:  86%|████████▋ | 1057/1223 [00:05<00:00, 207.13w/s, dev=cpu]    
vit_model.vision_model.encoder.layers.22.self_attn.q_proj.weight:  87%|████████▋ | 1058/1223 [00:05<00:00, 207.32w/s, dev=cpu]
vit_model.vision_model.encoder.layers.22.self_attn.v_proj.bias:  87%|████████▋ | 1059/1223 [00:05<00:00, 207.51w/s, dev=cpu]  
vit_model.vision_model.encoder.layers.22.self_attn.v_proj.weight:  87%|████████▋ | 1060/1223 [00:05<00:00, 207.71w/s, dev=cpu]
vit_model.vision_model.encoder.layers.23.layer_norm1.bias:  87%|████████▋ | 1061/1223 [00:05<00:00, 207.90w/s, dev=cpu]       
vit_model.vision_model.encoder.layers.23.layer_norm1.weight:  87%|████████▋ | 1062/1223 [00:05<00:00, 208.09w/s, dev=cpu]
vit_model.vision_model.encoder.layers.23.layer_norm2.bias:  87%|████████▋ | 1063/1223 [00:05<00:00, 208.29w/s, dev=cpu]  
vit_model.vision_model.encoder.layers.23.layer_norm2.weight:  87%|████████▋ | 1064/1223 [00:05<00:00, 208.48w/s, dev=cpu]
vit_model.vision_model.encoder.layers.23.mlp.fc1.bias:  87%|████████▋ | 1065/1223 [00:05<00:00, 208.67w/s, dev=cpu]      
vit_model.vision_model.encoder.layers.23.mlp.fc1.weight:  87%|████████▋ | 1066/1223 [00:05<00:00, 208.86w/s, dev=cpu]
vit_model.vision_model.encoder.layers.23.mlp.fc2.bias:  87%|████████▋ | 1067/1223 [00:05<00:00, 209.06w/s, dev=cpu]  
vit_model.vision_model.encoder.layers.23.mlp.fc2.weight:  87%|████████▋ | 1068/1223 [00:05<00:00, 209.25w/s, dev=cpu]
vit_model.vision_model.encoder.layers.23.self_attn.k_proj.bias:  87%|████████▋ | 1069/1223 [00:05<00:00, 209.44w/s, dev=cpu]
vit_model.vision_model.encoder.layers.23.self_attn.k_proj.weight:  87%|████████▋ | 1070/1223 [00:05<00:00, 209.63w/s, dev=cpu]
vit_model.vision_model.encoder.layers.23.self_attn.out_proj.bias:  88%|████████▊ | 1071/1223 [00:05<00:00, 209.83w/s, dev=cpu]
vit_model.vision_model.encoder.layers.23.self_attn.out_proj.weight:  88%|████████▊ | 1072/1223 [00:05<00:00, 210.02w/s, dev=cpu]
vit_model.vision_model.encoder.layers.23.self_attn.q_proj.bias:  88%|████████▊ | 1073/1223 [00:05<00:00, 210.21w/s, dev=cpu]    
vit_model.vision_model.encoder.layers.23.self_attn.q_proj.weight:  88%|████████▊ | 1074/1223 [00:05<00:00, 210.41w/s, dev=cpu]
vit_model.vision_model.encoder.layers.23.self_attn.v_proj.bias:  88%|████████▊ | 1075/1223 [00:05<00:00, 210.60w/s, dev=cpu]  
vit_model.vision_model.encoder.layers.23.self_attn.v_proj.weight:  88%|████████▊ | 1076/1223 [00:05<00:00, 210.79w/s, dev=cpu]
vit_model.vision_model.encoder.layers.24.layer_norm1.bias:  88%|████████▊ | 1077/1223 [00:05<00:00, 210.98w/s, dev=cpu]       
vit_model.vision_model.encoder.layers.24.layer_norm1.weight:  88%|████████▊ | 1078/1223 [00:05<00:00, 211.18w/s, dev=cpu]
vit_model.vision_model.encoder.layers.24.layer_norm2.bias:  88%|████████▊ | 1079/1223 [00:05<00:00, 211.37w/s, dev=cpu]  
vit_model.vision_model.encoder.layers.24.layer_norm2.weight:  88%|████████▊ | 1080/1223 [00:05<00:00, 211.56w/s, dev=cpu]
vit_model.vision_model.encoder.layers.24.mlp.fc1.bias:  88%|████████▊ | 1081/1223 [00:05<00:00, 211.75w/s, dev=cpu]      
vit_model.vision_model.encoder.layers.24.mlp.fc1.weight:  88%|████████▊ | 1082/1223 [00:05<00:00, 211.95w/s, dev=cpu]
vit_model.vision_model.encoder.layers.24.mlp.fc2.bias:  89%|████████▊ | 1083/1223 [00:05<00:00, 212.14w/s, dev=cpu]  
vit_model.vision_model.encoder.layers.24.mlp.fc2.weight:  89%|████████▊ | 1084/1223 [00:05<00:00, 212.33w/s, dev=cpu]
vit_model.vision_model.encoder.layers.24.self_attn.k_proj.bias:  89%|████████▊ | 1085/1223 [00:05<00:00, 212.53w/s, dev=cpu]
vit_model.vision_model.encoder.layers.24.self_attn.k_proj.weight:  89%|████████▉ | 1086/1223 [00:05<00:00, 212.72w/s, dev=cpu]
vit_model.vision_model.encoder.layers.24.self_attn.out_proj.bias:  89%|████████▉ | 1087/1223 [00:05<00:00, 212.91w/s, dev=cpu]
vit_model.vision_model.encoder.layers.24.self_attn.out_proj.weight:  89%|████████▉ | 1088/1223 [00:05<00:00, 213.10w/s, dev=cpu]
vit_model.vision_model.encoder.layers.24.self_attn.q_proj.bias:  89%|████████▉ | 1089/1223 [00:05<00:00, 213.30w/s, dev=cpu]    
vit_model.vision_model.encoder.layers.24.self_attn.q_proj.weight:  89%|████████▉ | 1090/1223 [00:05<00:00, 213.49w/s, dev=cpu]
vit_model.vision_model.encoder.layers.24.self_attn.v_proj.bias:  89%|████████▉ | 1091/1223 [00:05<00:00, 213.68w/s, dev=cpu]  
vit_model.vision_model.encoder.layers.24.self_attn.v_proj.weight:  89%|████████▉ | 1092/1223 [00:05<00:00, 213.87w/s, dev=cpu]
vit_model.vision_model.encoder.layers.25.layer_norm1.bias:  89%|████████▉ | 1093/1223 [00:05<00:00, 214.07w/s, dev=cpu]       
vit_model.vision_model.encoder.layers.25.layer_norm1.weight:  89%|████████▉ | 1094/1223 [00:05<00:00, 214.26w/s, dev=cpu]
vit_model.vision_model.encoder.layers.25.layer_norm2.bias:  90%|████████▉ | 1095/1223 [00:05<00:00, 214.45w/s, dev=cpu]  
vit_model.vision_model.encoder.layers.25.layer_norm2.weight:  90%|████████▉ | 1096/1223 [00:05<00:00, 214.64w/s, dev=cpu]
vit_model.vision_model.encoder.layers.25.mlp.fc1.bias:  90%|████████▉ | 1097/1223 [00:05<00:00, 214.84w/s, dev=cpu]      
vit_model.vision_model.encoder.layers.25.mlp.fc1.weight:  90%|████████▉ | 1098/1223 [00:05<00:00, 215.03w/s, dev=cpu]
vit_model.vision_model.encoder.layers.25.mlp.fc2.bias:  90%|████████▉ | 1099/1223 [00:05<00:00, 215.22w/s, dev=cpu]  
vit_model.vision_model.encoder.layers.25.mlp.fc2.weight:  90%|████████▉ | 1100/1223 [00:05<00:00, 215.42w/s, dev=cpu]
vit_model.vision_model.encoder.layers.25.self_attn.k_proj.bias:  90%|█████████ | 1101/1223 [00:05<00:00, 215.61w/s, dev=cpu]
vit_model.vision_model.encoder.layers.25.self_attn.k_proj.weight:  90%|█████████ | 1102/1223 [00:05<00:00, 215.80w/s, dev=cpu]
vit_model.vision_model.encoder.layers.25.self_attn.out_proj.bias:  90%|█████████ | 1103/1223 [00:05<00:00, 215.99w/s, dev=cpu]
vit_model.vision_model.encoder.layers.25.self_attn.out_proj.weight:  90%|█████████ | 1104/1223 [00:05<00:00, 216.19w/s, dev=cpu]
vit_model.vision_model.encoder.layers.25.self_attn.q_proj.bias:  90%|█████████ | 1105/1223 [00:05<00:00, 216.38w/s, dev=cpu]    
vit_model.vision_model.encoder.layers.25.self_attn.q_proj.weight:  90%|█████████ | 1106/1223 [00:05<00:00, 216.57w/s, dev=cpu]
vit_model.vision_model.encoder.layers.25.self_attn.v_proj.bias:  91%|█████████ | 1107/1223 [00:05<00:00, 216.76w/s, dev=cpu]  
vit_model.vision_model.encoder.layers.25.self_attn.v_proj.weight:  91%|█████████ | 1108/1223 [00:05<00:00, 216.96w/s, dev=cpu]
vit_model.vision_model.encoder.layers.3.layer_norm1.bias:  91%|█████████ | 1109/1223 [00:05<00:00, 217.15w/s, dev=cpu]        
vit_model.vision_model.encoder.layers.3.layer_norm1.weight:  91%|█████████ | 1110/1223 [00:05<00:00, 217.34w/s, dev=cpu]
vit_model.vision_model.encoder.layers.3.layer_norm2.bias:  91%|█████████ | 1111/1223 [00:05<00:00, 217.53w/s, dev=cpu]  
vit_model.vision_model.encoder.layers.3.layer_norm2.weight:  91%|█████████ | 1112/1223 [00:05<00:00, 217.73w/s, dev=cpu]
vit_model.vision_model.encoder.layers.3.mlp.fc1.bias:  91%|█████████ | 1113/1223 [00:05<00:00, 217.92w/s, dev=cpu]      
vit_model.vision_model.encoder.layers.3.mlp.fc1.weight:  91%|█████████ | 1114/1223 [00:05<00:00, 218.11w/s, dev=cpu]
vit_model.vision_model.encoder.layers.3.mlp.fc2.bias:  91%|█████████ | 1115/1223 [00:05<00:00, 218.30w/s, dev=cpu]  
vit_model.vision_model.encoder.layers.3.mlp.fc2.weight:  91%|█████████▏| 1116/1223 [00:05<00:00, 218.50w/s, dev=cpu]
vit_model.vision_model.encoder.layers.3.self_attn.k_proj.bias:  91%|█████████▏| 1117/1223 [00:05<00:00, 218.69w/s, dev=cpu]
vit_model.vision_model.encoder.layers.3.self_attn.k_proj.weight:  91%|█████████▏| 1118/1223 [00:05<00:00, 218.88w/s, dev=cpu]
vit_model.vision_model.encoder.layers.3.self_attn.out_proj.bias:  91%|█████████▏| 1119/1223 [00:05<00:00, 219.07w/s, dev=cpu]
vit_model.vision_model.encoder.layers.3.self_attn.out_proj.weight:  92%|█████████▏| 1120/1223 [00:05<00:00, 219.27w/s, dev=cpu]
vit_model.vision_model.encoder.layers.3.self_attn.q_proj.bias:  92%|█████████▏| 1121/1223 [00:05<00:00, 219.46w/s, dev=cpu]    
vit_model.vision_model.encoder.layers.3.self_attn.q_proj.weight:  92%|█████████▏| 1122/1223 [00:05<00:00, 219.65w/s, dev=cpu]
vit_model.vision_model.encoder.layers.3.self_attn.v_proj.bias:  92%|█████████▏| 1123/1223 [00:05<00:00, 219.84w/s, dev=cpu]  
vit_model.vision_model.encoder.layers.3.self_attn.v_proj.weight:  92%|█████████▏| 1124/1223 [00:05<00:00, 220.04w/s, dev=cpu]
vit_model.vision_model.encoder.layers.4.layer_norm1.bias:  92%|█████████▏| 1125/1223 [00:05<00:00, 220.23w/s, dev=cpu]       
vit_model.vision_model.encoder.layers.4.layer_norm1.weight:  92%|█████████▏| 1126/1223 [00:05<00:00, 220.42w/s, dev=cpu]
vit_model.vision_model.encoder.layers.4.layer_norm2.bias:  92%|█████████▏| 1127/1223 [00:05<00:00, 220.61w/s, dev=cpu]  
vit_model.vision_model.encoder.layers.4.layer_norm2.weight:  92%|█████████▏| 1128/1223 [00:05<00:00, 220.81w/s, dev=cpu]
vit_model.vision_model.encoder.layers.4.mlp.fc1.bias:  92%|█████████▏| 1129/1223 [00:05<00:00, 221.00w/s, dev=cpu]      
vit_model.vision_model.encoder.layers.4.mlp.fc1.weight:  92%|█████████▏| 1130/1223 [00:05<00:00, 221.19w/s, dev=cpu]
vit_model.vision_model.encoder.layers.4.mlp.fc2.bias:  92%|█████████▏| 1131/1223 [00:05<00:00, 221.38w/s, dev=cpu]  
vit_model.vision_model.encoder.layers.4.mlp.fc2.weight:  93%|█████████▎| 1132/1223 [00:05<00:00, 221.58w/s, dev=cpu]
vit_model.vision_model.encoder.layers.4.self_attn.k_proj.bias:  93%|█████████▎| 1133/1223 [00:05<00:00, 221.77w/s, dev=cpu]
vit_model.vision_model.encoder.layers.4.self_attn.k_proj.weight:  93%|█████████▎| 1134/1223 [00:05<00:00, 221.96w/s, dev=cpu]
vit_model.vision_model.encoder.layers.4.self_attn.out_proj.bias:  93%|█████████▎| 1135/1223 [00:05<00:00, 222.15w/s, dev=cpu]
vit_model.vision_model.encoder.layers.4.self_attn.out_proj.weight:  93%|█████████▎| 1136/1223 [00:05<00:00, 222.35w/s, dev=cpu]
vit_model.vision_model.encoder.layers.4.self_attn.q_proj.bias:  93%|█████████▎| 1137/1223 [00:05<00:00, 222.54w/s, dev=cpu]    
vit_model.vision_model.encoder.layers.4.self_attn.q_proj.weight:  93%|█████████▎| 1138/1223 [00:05<00:00, 222.73w/s, dev=cpu]
vit_model.vision_model.encoder.layers.4.self_attn.v_proj.bias:  93%|█████████▎| 1139/1223 [00:05<00:00, 222.92w/s, dev=cpu]  
vit_model.vision_model.encoder.layers.4.self_attn.v_proj.weight:  93%|█████████▎| 1140/1223 [00:05<00:00, 223.11w/s, dev=cpu]
vit_model.vision_model.encoder.layers.5.layer_norm1.bias:  93%|█████████▎| 1141/1223 [00:05<00:00, 223.31w/s, dev=cpu]       
vit_model.vision_model.encoder.layers.5.layer_norm1.weight:  93%|█████████▎| 1142/1223 [00:05<00:00, 223.50w/s, dev=cpu]
vit_model.vision_model.encoder.layers.5.layer_norm2.bias:  93%|█████████▎| 1143/1223 [00:05<00:00, 223.69w/s, dev=cpu]  
vit_model.vision_model.encoder.layers.5.layer_norm2.weight:  94%|█████████▎| 1144/1223 [00:05<00:00, 223.88w/s, dev=cpu]
vit_model.vision_model.encoder.layers.5.mlp.fc1.bias:  94%|█████████▎| 1145/1223 [00:05<00:00, 224.08w/s, dev=cpu]      
vit_model.vision_model.encoder.layers.5.mlp.fc1.weight:  94%|█████████▎| 1146/1223 [00:05<00:00, 224.27w/s, dev=cpu]
vit_model.vision_model.encoder.layers.5.mlp.fc2.bias:  94%|█████████▍| 1147/1223 [00:05<00:00, 224.46w/s, dev=cpu]  
vit_model.vision_model.encoder.layers.5.mlp.fc2.weight:  94%|█████████▍| 1148/1223 [00:05<00:00, 224.65w/s, dev=cpu]
vit_model.vision_model.encoder.layers.5.self_attn.k_proj.bias:  94%|█████████▍| 1149/1223 [00:05<00:00, 224.85w/s, dev=cpu]
vit_model.vision_model.encoder.layers.5.self_attn.k_proj.weight:  94%|█████████▍| 1150/1223 [00:05<00:00, 225.04w/s, dev=cpu]
vit_model.vision_model.encoder.layers.5.self_attn.out_proj.bias:  94%|█████████▍| 1151/1223 [00:05<00:00, 225.23w/s, dev=cpu]
vit_model.vision_model.encoder.layers.5.self_attn.out_proj.weight:  94%|█████████▍| 1152/1223 [00:05<00:00, 225.42w/s, dev=cpu]
vit_model.vision_model.encoder.layers.5.self_attn.q_proj.bias:  94%|█████████▍| 1153/1223 [00:05<00:00, 225.62w/s, dev=cpu]    
vit_model.vision_model.encoder.layers.5.self_attn.q_proj.weight:  94%|█████████▍| 1154/1223 [00:05<00:00, 225.81w/s, dev=cpu]
vit_model.vision_model.encoder.layers.5.self_attn.v_proj.bias:  94%|█████████▍| 1155/1223 [00:05<00:00, 226.00w/s, dev=cpu]  
vit_model.vision_model.encoder.layers.5.self_attn.v_proj.weight:  95%|█████████▍| 1156/1223 [00:05<00:00, 226.19w/s, dev=cpu]
vit_model.vision_model.encoder.layers.6.layer_norm1.bias:  95%|█████████▍| 1157/1223 [00:05<00:00, 226.38w/s, dev=cpu]       
vit_model.vision_model.encoder.layers.6.layer_norm1.weight:  95%|█████████▍| 1158/1223 [00:05<00:00, 226.58w/s, dev=cpu]
vit_model.vision_model.encoder.layers.6.layer_norm2.bias:  95%|█████████▍| 1159/1223 [00:05<00:00, 226.77w/s, dev=cpu]  
vit_model.vision_model.encoder.layers.6.layer_norm2.weight:  95%|█████████▍| 1160/1223 [00:05<00:00, 226.96w/s, dev=cpu]
vit_model.vision_model.encoder.layers.6.mlp.fc1.bias:  95%|█████████▍| 1161/1223 [00:05<00:00, 227.15w/s, dev=cpu]      
vit_model.vision_model.encoder.layers.6.mlp.fc1.weight:  95%|█████████▌| 1162/1223 [00:05<00:00, 227.35w/s, dev=cpu]
vit_model.vision_model.encoder.layers.6.mlp.fc2.bias:  95%|█████████▌| 1163/1223 [00:05<00:00, 227.54w/s, dev=cpu]  
vit_model.vision_model.encoder.layers.6.mlp.fc2.weight:  95%|█████████▌| 1164/1223 [00:05<00:00, 227.73w/s, dev=cpu]
vit_model.vision_model.encoder.layers.6.self_attn.k_proj.bias:  95%|█████████▌| 1165/1223 [00:05<00:00, 227.92w/s, dev=cpu]
vit_model.vision_model.encoder.layers.6.self_attn.k_proj.weight:  95%|█████████▌| 1166/1223 [00:05<00:00, 228.11w/s, dev=cpu]
vit_model.vision_model.encoder.layers.6.self_attn.out_proj.bias:  95%|█████████▌| 1167/1223 [00:05<00:00, 228.31w/s, dev=cpu]
vit_model.vision_model.encoder.layers.6.self_attn.out_proj.weight:  96%|█████████▌| 1168/1223 [00:05<00:00, 228.50w/s, dev=cpu]
vit_model.vision_model.encoder.layers.6.self_attn.q_proj.bias:  96%|█████████▌| 1169/1223 [00:05<00:00, 228.69w/s, dev=cpu]    
vit_model.vision_model.encoder.layers.6.self_attn.q_proj.weight:  96%|█████████▌| 1170/1223 [00:05<00:00, 228.88w/s, dev=cpu]
vit_model.vision_model.encoder.layers.6.self_attn.v_proj.bias:  96%|█████████▌| 1171/1223 [00:05<00:00, 229.08w/s, dev=cpu]  
vit_model.vision_model.encoder.layers.6.self_attn.v_proj.weight:  96%|█████████▌| 1172/1223 [00:05<00:00, 229.27w/s, dev=cpu]
vit_model.vision_model.encoder.layers.7.layer_norm1.bias:  96%|█████████▌| 1173/1223 [00:05<00:00, 229.46w/s, dev=cpu]       
vit_model.vision_model.encoder.layers.7.layer_norm1.weight:  96%|█████████▌| 1174/1223 [00:05<00:00, 229.65w/s, dev=cpu]
vit_model.vision_model.encoder.layers.7.layer_norm2.bias:  96%|█████████▌| 1175/1223 [00:05<00:00, 229.84w/s, dev=cpu]  
vit_model.vision_model.encoder.layers.7.layer_norm2.weight:  96%|█████████▌| 1176/1223 [00:05<00:00, 230.04w/s, dev=cpu]
vit_model.vision_model.encoder.layers.7.mlp.fc1.bias:  96%|█████████▌| 1177/1223 [00:05<00:00, 230.23w/s, dev=cpu]      
vit_model.vision_model.encoder.layers.7.mlp.fc1.weight:  96%|█████████▋| 1178/1223 [00:05<00:00, 230.42w/s, dev=cpu]
vit_model.vision_model.encoder.layers.7.mlp.fc2.bias:  96%|█████████▋| 1179/1223 [00:05<00:00, 230.61w/s, dev=cpu]  
vit_model.vision_model.encoder.layers.7.mlp.fc2.weight:  96%|█████████▋| 1180/1223 [00:05<00:00, 230.81w/s, dev=cpu]
vit_model.vision_model.encoder.layers.7.self_attn.k_proj.bias:  97%|█████████▋| 1181/1223 [00:05<00:00, 231.00w/s, dev=cpu]
vit_model.vision_model.encoder.layers.7.self_attn.k_proj.weight:  97%|█████████▋| 1182/1223 [00:05<00:00, 231.19w/s, dev=cpu]
vit_model.vision_model.encoder.layers.7.self_attn.out_proj.bias:  97%|█████████▋| 1183/1223 [00:05<00:00, 231.38w/s, dev=cpu]
vit_model.vision_model.encoder.layers.7.self_attn.out_proj.weight:  97%|█████████▋| 1184/1223 [00:05<00:00, 231.57w/s, dev=cpu]
vit_model.vision_model.encoder.layers.7.self_attn.q_proj.bias:  97%|█████████▋| 1185/1223 [00:05<00:00, 231.77w/s, dev=cpu]    
vit_model.vision_model.encoder.layers.7.self_attn.q_proj.weight:  97%|█████████▋| 1186/1223 [00:05<00:00, 231.96w/s, dev=cpu]
vit_model.vision_model.encoder.layers.7.self_attn.v_proj.bias:  97%|█████████▋| 1187/1223 [00:05<00:00, 232.15w/s, dev=cpu]  
vit_model.vision_model.encoder.layers.7.self_attn.v_proj.weight:  97%|█████████▋| 1188/1223 [00:05<00:00, 232.34w/s, dev=cpu]
vit_model.vision_model.encoder.layers.8.layer_norm1.bias:  97%|█████████▋| 1189/1223 [00:05<00:00, 232.54w/s, dev=cpu]       
vit_model.vision_model.encoder.layers.8.layer_norm1.weight:  97%|█████████▋| 1190/1223 [00:05<00:00, 232.73w/s, dev=cpu]
vit_model.vision_model.encoder.layers.8.layer_norm2.bias:  97%|█████████▋| 1191/1223 [00:05<00:00, 232.92w/s, dev=cpu]  
vit_model.vision_model.encoder.layers.8.layer_norm2.weight:  97%|█████████▋| 1192/1223 [00:05<00:00, 233.11w/s, dev=cpu]
vit_model.vision_model.encoder.layers.8.mlp.fc1.bias:  98%|█████████▊| 1193/1223 [00:05<00:00, 233.30w/s, dev=cpu]      
vit_model.vision_model.encoder.layers.8.mlp.fc1.weight:  98%|█████████▊| 1194/1223 [00:05<00:00, 233.50w/s, dev=cpu]
vit_model.vision_model.encoder.layers.8.mlp.fc2.bias:  98%|█████████▊| 1195/1223 [00:05<00:00, 233.69w/s, dev=cpu]  
vit_model.vision_model.encoder.layers.8.mlp.fc2.weight:  98%|█████████▊| 1196/1223 [00:05<00:00, 233.88w/s, dev=cpu]
vit_model.vision_model.encoder.layers.8.self_attn.k_proj.bias:  98%|█████████▊| 1197/1223 [00:05<00:00, 234.07w/s, dev=cpu]
vit_model.vision_model.encoder.layers.8.self_attn.k_proj.weight:  98%|█████████▊| 1198/1223 [00:05<00:00, 234.27w/s, dev=cpu]
vit_model.vision_model.encoder.layers.8.self_attn.out_proj.bias:  98%|█████████▊| 1199/1223 [00:05<00:00, 234.46w/s, dev=cpu]
vit_model.vision_model.encoder.layers.8.self_attn.out_proj.weight:  98%|█████████▊| 1200/1223 [00:05<00:00, 234.65w/s, dev=cpu]
vit_model.vision_model.encoder.layers.8.self_attn.q_proj.bias:  98%|█████████▊| 1201/1223 [00:05<00:00, 234.84w/s, dev=cpu]    
vit_model.vision_model.encoder.layers.8.self_attn.q_proj.weight:  98%|█████████▊| 1202/1223 [00:05<00:00, 235.03w/s, dev=cpu]
vit_model.vision_model.encoder.layers.8.self_attn.v_proj.bias:  98%|█████████▊| 1203/1223 [00:05<00:00, 235.22w/s, dev=cpu]  
vit_model.vision_model.encoder.layers.8.self_attn.v_proj.weight:  98%|█████████▊| 1204/1223 [00:05<00:00, 235.42w/s, dev=cpu]
vit_model.vision_model.encoder.layers.9.layer_norm1.bias:  99%|█████████▊| 1205/1223 [00:05<00:00, 235.61w/s, dev=cpu]       
vit_model.vision_model.encoder.layers.9.layer_norm1.weight:  99%|█████████▊| 1206/1223 [00:05<00:00, 235.80w/s, dev=cpu]
vit_model.vision_model.encoder.layers.9.layer_norm2.bias:  99%|█████████▊| 1207/1223 [00:05<00:00, 235.99w/s, dev=cpu]  
vit_model.vision_model.encoder.layers.9.layer_norm2.weight:  99%|█████████▉| 1208/1223 [00:05<00:00, 236.18w/s, dev=cpu]
vit_model.vision_model.encoder.layers.9.mlp.fc1.bias:  99%|█████████▉| 1209/1223 [00:05<00:00, 236.38w/s, dev=cpu]      
vit_model.vision_model.encoder.layers.9.mlp.fc1.weight:  99%|█████████▉| 1210/1223 [00:05<00:00, 236.57w/s, dev=cpu]
vit_model.vision_model.encoder.layers.9.mlp.fc2.bias:  99%|█████████▉| 1211/1223 [00:05<00:00, 236.76w/s, dev=cpu]  
vit_model.vision_model.encoder.layers.9.mlp.fc2.weight:  99%|█████████▉| 1212/1223 [00:05<00:00, 236.95w/s, dev=cpu]
vit_model.vision_model.encoder.layers.9.self_attn.k_proj.bias:  99%|█████████▉| 1213/1223 [00:05<00:00, 237.14w/s, dev=cpu]
vit_model.vision_model.encoder.layers.9.self_attn.k_proj.weight:  99%|█████████▉| 1214/1223 [00:05<00:00, 237.33w/s, dev=cpu]
vit_model.vision_model.encoder.layers.9.self_attn.out_proj.bias:  99%|█████████▉| 1215/1223 [00:05<00:00, 237.53w/s, dev=cpu]
vit_model.vision_model.encoder.layers.9.self_attn.out_proj.weight:  99%|█████████▉| 1216/1223 [00:05<00:00, 237.72w/s, dev=cpu]
vit_model.vision_model.encoder.layers.9.self_attn.q_proj.bias: 100%|█████████▉| 1217/1223 [00:05<00:00, 237.91w/s, dev=cpu]    
vit_model.vision_model.encoder.layers.9.self_attn.q_proj.weight: 100%|█████████▉| 1218/1223 [00:05<00:00, 238.10w/s, dev=cpu]
vit_model.vision_model.encoder.layers.9.self_attn.v_proj.bias: 100%|█████████▉| 1219/1223 [00:05<00:00, 238.29w/s, dev=cpu]  
vit_model.vision_model.encoder.layers.9.self_attn.v_proj.weight: 100%|█████████▉| 1220/1223 [00:05<00:00, 238.49w/s, dev=cpu]
vit_model.vision_model.post_layernorm.bias: 100%|█████████▉| 1221/1223 [00:05<00:00, 238.68w/s, dev=cpu]                     
vit_model.vision_model.post_layernorm.weight: 100%|█████████▉| 1222/1223 [00:05<00:00, 238.87w/s, dev=cpu]
                                                                                                          
Some parameters are on the meta device because they were offloaded to the cpu.

  0%|          | 0/29 [00:00<?, ?it/s]
  3%|▎         | 1/29 [00:05<02:22,  5.10s/it]
  7%|▋         | 2/29 [00:09<02:10,  4.85s/it]
 10%|█         | 3/29 [00:14<02:04,  4.77s/it]
 14%|█▍        | 4/29 [00:19<01:58,  4.74s/it]
 17%|█▋        | 5/29 [00:23<01:53,  4.72s/it]
 21%|██        | 6/29 [00:28<01:48,  4.72s/it]
 24%|██▍       | 7/29 [00:33<01:43,  4.71s/it]
 28%|██▊       | 8/29 [00:37<01:38,  4.69s/it]
 31%|███       | 9/29 [00:42<01:33,  4.65s/it]
 34%|███▍      | 10/29 [00:47<01:27,  4.62s/it]
 38%|███▊      | 11/29 [00:51<01:23,  4.61s/it]
 41%|████▏     | 12/29 [00:56<01:18,  4.64s/it]
 45%|████▍     | 13/29 [01:00<01:13,  4.62s/it]
 48%|████▊     | 14/29 [01:05<01:09,  4.60s/it]
 52%|█████▏    | 15/29 [01:10<01:04,  4.60s/it]
 55%|█████▌    | 16/29 [01:14<00:59,  4.61s/it]
 59%|█████▊    | 17/29 [01:19<00:55,  4.59s/it]
 62%|██████▏   | 18/29 [01:23<00:50,  4.59s/it]
 66%|██████▌   | 19/29 [01:28<00:45,  4.60s/it]
 69%|██████▉   | 20/29 [01:33<00:41,  4.61s/it]
 72%|███████▏  | 21/29 [01:37<00:36,  4.60s/it]
 76%|███████▌  | 22/29 [01:42<00:32,  4.59s/it]
 79%|███████▉  | 23/29 [01:46<00:27,  4.59s/it]
 83%|████████▎ | 24/29 [01:51<00:22,  4.60s/it]
 86%|████████▌ | 25/29 [01:52<00:14,  3.68s/it]
 90%|████████▉ | 26/29 [01:54<00:09,  3.04s/it]
 93%|█████████▎| 27/29 [01:56<00:05,  2.59s/it]
 97%|█████████▋| 28/29 [01:57<00:02,  2.28s/it]
100%|██████████| 29/29 [01:59<00:00,  2.05s/it]
100%|██████████| 29/29 [01:59<00:00,  4.11s/it]

task=t2i
prompt=a detailed cyberpunk street at night with neon lights and rain
input_image=
output=/root/autodl-tmp/BAGEL/repro_records/task12_20260601_211039/outputs/steps_30.png
model_path=models/BAGEL-7B-MoT
mode=2
seed=42
think=False
num_timesteps=30
cfg_text_scale=4.0
cfg_img_scale=2.0
cfg_interval=[0.4, 1.0]
timestep_shift=3.0
gpu_memory_before=cuda:0 torch_allocated=0.00GiB torch_reserved=0.00GiB torch_peak=0.00GiB; cuda:1 torch_allocated=0.00GiB torch_reserved=0.00GiB torch_peak=0.00GiB; nvidia_smi=0, 4, 24564 | 1, 672, 24564
model_load_seconds=24.19
gpu_memory_after_load=cuda:0 torch_allocated=3.29GiB torch_reserved=3.51GiB torch_peak=11.27GiB; cuda:1 torch_allocated=2.69GiB torch_reserved=2.94GiB torch_peak=12.36GiB; nvidia_smi=0, 4052, 24564 | 1, 4140, 24564
inference_seconds=131.50
total_seconds=156.29
gpu_memory_after_inference=cuda:0 torch_allocated=3.30GiB torch_reserved=3.85GiB torch_peak=11.27GiB; cuda:1 torch_allocated=2.69GiB torch_reserved=2.94GiB torch_peak=12.36GiB; nvidia_smi=0, 4412, 24564 | 1, 4156, 24564
status=success

wall_seconds=163
after_gpu:
Mon Jun  1 21:18:27 2026       
+-----------------------------------------------------------------------------------------+
| NVIDIA-SMI 595.58.03              Driver Version: 595.58.03      CUDA Version: 13.2     |
+-----------------------------------------+------------------------+----------------------+
| GPU  Name                 Persistence-M | Bus-Id          Disp.A | Volatile Uncorr. ECC |
| Fan  Temp   Perf          Pwr:Usage/Cap |           Memory-Usage | GPU-Util  Compute M. |
|                                         |                        |               MIG M. |
|=========================================+========================+======================|
|   0  NVIDIA GeForce RTX 4090        On  |   00000000:16:00.0 Off |                  Off |
| 30%   40C    P0             60W /  450W |       1MiB /  24564MiB |      6%      Default |
|                                         |                        |                  N/A |
+-----------------------------------------+------------------------+----------------------+
|   1  NVIDIA GeForce RTX 4090        On  |   00000000:5A:00.0 Off |                  Off |
| 30%   37C    P0             65W /  450W |     672MiB /  24564MiB |      0%      Default |
|                                         |                        |                  N/A |
+-----------------------------------------+------------------------+----------------------+

+-----------------------------------------------------------------------------------------+
| Processes:                                                                              |
|  GPU   GI   CI              PID   Type   Process name                        GPU Memory |
|        ID   ID                                                               Usage      |
|=========================================================================================|
|  No running processes found                                                             |
+-----------------------------------------------------------------------------------------+

===== num_timesteps=50 =====
output=/root/autodl-tmp/BAGEL/repro_records/task12_20260601_211039/outputs/steps_50.png
before_gpu:
Mon Jun  1 21:18:28 2026       
+-----------------------------------------------------------------------------------------+
| NVIDIA-SMI 595.58.03              Driver Version: 595.58.03      CUDA Version: 13.2     |
+-----------------------------------------+------------------------+----------------------+
| GPU  Name                 Persistence-M | Bus-Id          Disp.A | Volatile Uncorr. ECC |
| Fan  Temp   Perf          Pwr:Usage/Cap |           Memory-Usage | GPU-Util  Compute M. |
|                                         |                        |               MIG M. |
|=========================================+========================+======================|
|   0  NVIDIA GeForce RTX 4090        On  |   00000000:16:00.0 Off |                  Off |
| 30%   40C    P0             61W /  450W |       1MiB /  24564MiB |      0%      Default |
|                                         |                        |                  N/A |
+-----------------------------------------+------------------------+----------------------+
|   1  NVIDIA GeForce RTX 4090        On  |   00000000:5A:00.0 Off |                  Off |
| 30%   37C    P0             65W /  450W |     672MiB /  24564MiB |      0%      Default |
|                                         |                        |                  N/A |
+-----------------------------------------+------------------------+----------------------+

+-----------------------------------------------------------------------------------------+
| Processes:                                                                              |
|  GPU   GI   CI              PID   Type   Process name                        GPU Memory |
|        ID   ID                                                               Usage      |
|=========================================================================================|
|  No running processes found                                                             |
+-----------------------------------------------------------------------------------------+
command=/root/miniconda3/bin/conda run -n bagel python scripts/run_bagel_minimal.py --task t2i --prompt a detailed cyberpunk street at night with neon lights and rain --output /root/autodl-tmp/BAGEL/repro_records/task12_20260601_211039/outputs/steps_50.png --mode 2 --seed 42 --think false --num_timesteps 50 --cfg_text_scale 4.0 --model_path models/BAGEL-7B-MoT
The safetensors archive passed at models/BAGEL-7B-MoT/ema.safetensors does not contain metadata. Make sure to save your model with the `save_pretrained` method. Defaulting to 'pt' metadata.

  0%|          | 0/1223 [00:00<?, ?w/s]
language_model.model.embed_tokens.weight:   0%|          | 0/1223 [00:00<?, ?w/s, dev=0]
language_model.model.embed_tokens.weight:   0%|          | 1/1223 [00:00<07:14,  2.81w/s, dev=0]
language_model.model.layers.0.input_layernorm.weight:   0%|          | 1/1223 [00:00<07:14,  2.81w/s, dev=0]
language_model.model.layers.0.input_layernorm_moe_gen.weight:   0%|          | 2/1223 [00:00<03:37,  5.61w/s, dev=0]
language_model.model.layers.0.mlp.down_proj.weight:   0%|          | 3/1223 [00:00<02:24,  8.42w/s, dev=0]          
language_model.model.layers.0.mlp.gate_proj.weight:   0%|          | 4/1223 [00:00<01:58, 10.29w/s, dev=0]
language_model.model.layers.0.mlp.up_proj.weight:   0%|          | 5/1223 [00:00<01:40, 12.07w/s, dev=0]  
language_model.model.layers.0.mlp_moe_gen.down_proj.weight:   0%|          | 6/1223 [00:00<01:29, 13.63w/s, dev=0]
language_model.model.layers.0.mlp_moe_gen.down_proj.weight:   1%|          | 7/1223 [00:00<01:21, 14.99w/s, dev=0]
language_model.model.layers.0.mlp_moe_gen.gate_proj.weight:   1%|          | 7/1223 [00:00<01:21, 14.99w/s, dev=0]
language_model.model.layers.0.mlp_moe_gen.up_proj.weight:   1%|          | 8/1223 [00:00<01:14, 16.21w/s, dev=0]  
language_model.model.layers.0.post_attention_layernorm.weight:   1%|          | 9/1223 [00:00<01:10, 17.33w/s, dev=0]
language_model.model.layers.0.post_attention_layernorm_moe_gen.weight:   1%|          | 10/1223 [00:00<01:03, 19.25w/s, dev=0]
language_model.model.layers.0.self_attn.k_norm.weight:   1%|          | 11/1223 [00:00<00:57, 21.17w/s, dev=0]                
language_model.model.layers.0.self_attn.k_norm_moe_gen.weight:   1%|          | 12/1223 [00:00<00:52, 23.09w/s, dev=0]
language_model.model.layers.0.self_attn.k_proj.bias:   1%|          | 13/1223 [00:00<00:48, 25.01w/s, dev=0]          
language_model.model.layers.0.self_attn.k_proj.weight:   1%|          | 14/1223 [00:00<00:44, 26.92w/s, dev=0]
language_model.model.layers.0.self_attn.k_proj_moe_gen.bias:   1%|          | 15/1223 [00:00<00:41, 28.79w/s, dev=0]
language_model.model.layers.0.self_attn.k_proj_moe_gen.weight:   1%|▏         | 16/1223 [00:00<00:39, 30.70w/s, dev=0]
language_model.model.layers.0.self_attn.o_proj.weight:   1%|▏         | 17/1223 [00:00<00:37, 32.56w/s, dev=0]        
language_model.model.layers.0.self_attn.o_proj_moe_gen.weight:   1%|▏         | 18/1223 [00:00<00:35, 34.14w/s, dev=0]
language_model.model.layers.0.self_attn.q_norm.weight:   2%|▏         | 19/1223 [00:00<00:33, 35.68w/s, dev=0]        
language_model.model.layers.0.self_attn.q_norm_moe_gen.weight:   2%|▏         | 20/1223 [00:00<00:32, 37.55w/s, dev=0]
language_model.model.layers.0.self_attn.q_proj.bias:   2%|▏         | 21/1223 [00:00<00:30, 39.42w/s, dev=0]          
language_model.model.layers.0.self_attn.q_proj.weight:   2%|▏         | 22/1223 [00:00<00:29, 41.29w/s, dev=0]
language_model.model.layers.0.self_attn.q_proj_moe_gen.bias:   2%|▏         | 23/1223 [00:00<00:28, 42.75w/s, dev=0]
language_model.model.layers.0.self_attn.q_proj_moe_gen.weight:   2%|▏         | 24/1223 [00:00<00:26, 44.60w/s, dev=0]
language_model.model.layers.0.self_attn.v_proj.bias:   2%|▏         | 25/1223 [00:00<00:26, 46.02w/s, dev=0]          
language_model.model.layers.0.self_attn.v_proj.weight:   2%|▏         | 26/1223 [00:00<00:25, 47.84w/s, dev=0]
language_model.model.layers.0.self_attn.v_proj_moe_gen.bias:   2%|▏         | 27/1223 [00:00<00:24, 49.60w/s, dev=0]
language_model.model.layers.0.self_attn.v_proj_moe_gen.weight:   2%|▏         | 28/1223 [00:00<00:23, 51.43w/s, dev=0]
language_model.model.layers.1.input_layernorm.weight:   2%|▏         | 29/1223 [00:00<00:22, 53.18w/s, dev=0]         
language_model.model.layers.1.input_layernorm_moe_gen.weight:   2%|▏         | 30/1223 [00:00<00:21, 55.00w/s, dev=0]
language_model.model.layers.1.mlp.down_proj.weight:   3%|▎         | 31/1223 [00:00<00:20, 56.82w/s, dev=0]          
language_model.model.layers.1.mlp.down_proj.weight:   3%|▎         | 32/1223 [00:00<00:21, 56.01w/s, dev=0]
language_model.model.layers.1.mlp.gate_proj.weight:   3%|▎         | 32/1223 [00:00<00:21, 56.00w/s, dev=0]
language_model.model.layers.1.mlp.up_proj.weight:   3%|▎         | 33/1223 [00:00<00:21, 54.78w/s, dev=0]  
language_model.model.layers.1.mlp_moe_gen.down_proj.weight:   3%|▎         | 34/1223 [00:00<00:21, 54.13w/s, dev=0]
language_model.model.layers.1.mlp_moe_gen.gate_proj.weight:   3%|▎         | 35/1223 [00:00<00:22, 53.53w/s, dev=0]
language_model.model.layers.1.mlp_moe_gen.up_proj.weight:   3%|▎         | 36/1223 [00:00<00:22, 52.97w/s, dev=0]  
language_model.model.layers.1.post_attention_layernorm.weight:   3%|▎         | 37/1223 [00:00<00:22, 52.46w/s, dev=0]
language_model.model.layers.1.post_attention_layernorm_moe_gen.weight:   3%|▎         | 38/1223 [00:00<00:22, 53.86w/s, dev=0]
language_model.model.layers.1.self_attn.k_norm.weight:   3%|▎         | 39/1223 [00:00<00:21, 55.27w/s, dev=0]                
language_model.model.layers.1.self_attn.k_norm_moe_gen.weight:   3%|▎         | 40/1223 [00:00<00:20, 56.67w/s, dev=0]
language_model.model.layers.1.self_attn.k_proj.bias:   3%|▎         | 41/1223 [00:00<00:20, 58.08w/s, dev=0]          
language_model.model.layers.1.self_attn.k_proj.weight:   3%|▎         | 42/1223 [00:00<00:19, 59.49w/s, dev=0]
language_model.model.layers.1.self_attn.k_proj_moe_gen.bias:   4%|▎         | 43/1223 [00:00<00:19, 60.84w/s, dev=0]
language_model.model.layers.1.self_attn.k_proj_moe_gen.weight:   4%|▎         | 44/1223 [00:00<00:18, 62.24w/s, dev=0]
language_model.model.layers.1.self_attn.o_proj.weight:   4%|▎         | 45/1223 [00:00<00:18, 63.56w/s, dev=0]        
language_model.model.layers.1.self_attn.o_proj_moe_gen.weight:   4%|▍         | 46/1223 [00:00<00:18, 64.50w/s, dev=0]
language_model.model.layers.1.self_attn.q_norm.weight:   4%|▍         | 47/1223 [00:00<00:17, 65.43w/s, dev=0]        
language_model.model.layers.1.self_attn.q_norm_moe_gen.weight:   4%|▍         | 48/1223 [00:00<00:17, 66.80w/s, dev=0]
language_model.model.layers.1.self_attn.q_proj.bias:   4%|▍         | 49/1223 [00:00<00:17, 68.19w/s, dev=0]          
language_model.model.layers.1.self_attn.q_proj.weight:   4%|▍         | 50/1223 [00:00<00:16, 69.57w/s, dev=0]
language_model.model.layers.1.self_attn.q_proj_moe_gen.bias:   4%|▍         | 51/1223 [00:00<00:16, 70.46w/s, dev=0]
language_model.model.layers.1.self_attn.q_proj_moe_gen.weight:   4%|▍         | 52/1223 [00:00<00:16, 71.82w/s, dev=0]
language_model.model.layers.1.self_attn.v_proj.bias:   4%|▍         | 53/1223 [00:00<00:16, 72.69w/s, dev=0]          
language_model.model.layers.1.self_attn.v_proj.weight:   4%|▍         | 54/1223 [00:00<00:15, 74.04w/s, dev=0]
language_model.model.layers.1.self_attn.v_proj_moe_gen.bias:   4%|▍         | 55/1223 [00:00<00:15, 75.33w/s, dev=0]
language_model.model.layers.1.self_attn.v_proj_moe_gen.weight:   5%|▍         | 56/1223 [00:00<00:15, 76.68w/s, dev=0]
language_model.model.layers.1.self_attn.v_proj_moe_gen.weight:   5%|▍         | 57/1223 [00:00<00:14, 77.96w/s, dev=0]
language_model.model.layers.2.input_layernorm.weight:   5%|▍         | 57/1223 [00:00<00:14, 77.95w/s, dev=0]         
language_model.model.layers.2.input_layernorm_moe_gen.weight:   5%|▍         | 58/1223 [00:00<00:14, 79.30w/s, dev=0]
language_model.model.layers.2.mlp.down_proj.weight:   5%|▍         | 59/1223 [00:00<00:14, 80.66w/s, dev=0]          
language_model.model.layers.2.mlp.gate_proj.weight:   5%|▍         | 60/1223 [00:00<00:14, 78.61w/s, dev=0]
language_model.model.layers.2.mlp.up_proj.weight:   5%|▍         | 61/1223 [00:00<00:15, 77.32w/s, dev=0]  
language_model.model.layers.2.mlp_moe_gen.down_proj.weight:   5%|▌         | 62/1223 [00:00<00:15, 76.11w/s, dev=0]
language_model.model.layers.2.mlp_moe_gen.gate_proj.weight:   5%|▌         | 63/1223 [00:00<00:15, 74.97w/s, dev=0]
language_model.model.layers.2.mlp_moe_gen.up_proj.weight:   5%|▌         | 64/1223 [00:00<00:15, 73.89w/s, dev=0]  
language_model.model.layers.2.post_attention_layernorm.weight:   5%|▌         | 65/1223 [00:00<00:15, 72.88w/s, dev=0]
language_model.model.layers.2.post_attention_layernorm_moe_gen.weight:   5%|▌         | 66/1223 [00:00<00:15, 73.99w/s, dev=0]
language_model.model.layers.2.self_attn.k_norm.weight:   5%|▌         | 67/1223 [00:00<00:15, 75.09w/s, dev=0]                
language_model.model.layers.2.self_attn.k_norm_moe_gen.weight:   6%|▌         | 68/1223 [00:00<00:15, 76.20w/s, dev=0]
language_model.model.layers.2.self_attn.k_proj.bias:   6%|▌         | 69/1223 [00:00<00:14, 77.32w/s, dev=0]          
language_model.model.layers.2.self_attn.k_proj.weight:   6%|▌         | 70/1223 [00:00<00:14, 78.43w/s, dev=0]
language_model.model.layers.2.self_attn.k_proj_moe_gen.bias:   6%|▌         | 71/1223 [00:00<00:14, 79.47w/s, dev=0]
language_model.model.layers.2.self_attn.k_proj_moe_gen.weight:   6%|▌         | 72/1223 [00:00<00:14, 80.58w/s, dev=0]
language_model.model.layers.2.self_attn.o_proj.weight:   6%|▌         | 73/1223 [00:00<00:14, 81.62w/s, dev=0]        
language_model.model.layers.2.self_attn.o_proj_moe_gen.weight:   6%|▌         | 74/1223 [00:00<00:13, 82.27w/s, dev=0]
language_model.model.layers.2.self_attn.q_norm.weight:   6%|▌         | 75/1223 [00:00<00:13, 82.90w/s, dev=0]        
language_model.model.layers.2.self_attn.q_norm_moe_gen.weight:   6%|▌         | 76/1223 [00:00<00:13, 83.99w/s, dev=0]
language_model.model.layers.2.self_attn.q_proj.bias:   6%|▋         | 77/1223 [00:00<00:13, 85.08w/s, dev=0]          
language_model.model.layers.2.self_attn.q_proj.weight:   6%|▋         | 78/1223 [00:00<00:13, 86.18w/s, dev=0]
language_model.model.layers.2.self_attn.q_proj_moe_gen.bias:   6%|▋         | 79/1223 [00:00<00:13, 86.80w/s, dev=0]
language_model.model.layers.2.self_attn.q_proj_moe_gen.weight:   7%|▋         | 80/1223 [00:00<00:13, 87.88w/s, dev=0]
language_model.model.layers.2.self_attn.v_proj.bias:   7%|▋         | 81/1223 [00:00<00:12, 88.48w/s, dev=0]          
language_model.model.layers.2.self_attn.v_proj.bias:   7%|▋         | 82/1223 [00:00<00:12, 89.56w/s, dev=0]
language_model.model.layers.2.self_attn.v_proj.weight:   7%|▋         | 82/1223 [00:00<00:12, 89.55w/s, dev=0]
language_model.model.layers.2.self_attn.v_proj_moe_gen.bias:   7%|▋         | 83/1223 [00:00<00:12, 90.54w/s, dev=0]
language_model.model.layers.2.self_attn.v_proj_moe_gen.weight:   7%|▋         | 84/1223 [00:00<00:12, 91.61w/s, dev=0]
language_model.model.layers.3.input_layernorm.weight:   7%|▋         | 85/1223 [00:00<00:12, 92.62w/s, dev=0]         
language_model.model.layers.3.input_layernorm_moe_gen.weight:   7%|▋         | 86/1223 [00:00<00:12, 93.69w/s, dev=0]
language_model.model.layers.3.mlp.down_proj.weight:   7%|▋         | 87/1223 [00:00<00:11, 94.77w/s, dev=0]          
language_model.model.layers.3.mlp.gate_proj.weight:   7%|▋         | 88/1223 [00:00<00:12, 93.26w/s, dev=0]
language_model.model.layers.3.mlp.up_proj.weight:   7%|▋         | 89/1223 [00:00<00:12, 91.42w/s, dev=0]  
language_model.model.layers.3.mlp_moe_gen.down_proj.weight:   7%|▋         | 90/1223 [00:00<00:12, 90.06w/s, dev=0]
language_model.model.layers.3.mlp_moe_gen.gate_proj.weight:   7%|▋         | 91/1223 [00:01<00:12, 88.77w/s, dev=0]
language_model.model.layers.3.mlp_moe_gen.up_proj.weight:   8%|▊         | 92/1223 [00:01<00:12, 87.54w/s, dev=0]  
language_model.model.layers.3.post_attention_layernorm.weight:   8%|▊         | 93/1223 [00:01<00:13, 86.37w/s, dev=0]
language_model.model.layers.3.post_attention_layernorm_moe_gen.weight:   8%|▊         | 94/1223 [00:01<00:12, 87.29w/s, dev=0]
language_model.model.layers.3.self_attn.k_norm.weight:   8%|▊         | 95/1223 [00:01<00:12, 88.20w/s, dev=0]                
language_model.model.layers.3.self_attn.k_norm_moe_gen.weight:   8%|▊         | 96/1223 [00:01<00:12, 89.12w/s, dev=0]
language_model.model.layers.3.self_attn.k_proj.bias:   8%|▊         | 97/1223 [00:01<00:12, 90.04w/s, dev=0]          
language_model.model.layers.3.self_attn.k_proj.weight:   8%|▊         | 98/1223 [00:01<00:12, 90.96w/s, dev=0]
language_model.model.layers.3.self_attn.k_proj_moe_gen.bias:   8%|▊         | 99/1223 [00:01<00:12, 91.82w/s, dev=0]
language_model.model.layers.3.self_attn.k_proj_moe_gen.weight:   8%|▊         | 100/1223 [00:01<00:12, 92.73w/s, dev=0]
language_model.model.layers.3.self_attn.o_proj.weight:   8%|▊         | 101/1223 [00:01<00:11, 93.59w/s, dev=0]        
language_model.model.layers.3.self_attn.o_proj_moe_gen.weight:   8%|▊         | 102/1223 [00:01<00:11, 94.07w/s, dev=0]
language_model.model.layers.3.self_attn.q_norm.weight:   8%|▊         | 103/1223 [00:01<00:11, 94.54w/s, dev=0]        
language_model.model.layers.3.self_attn.q_norm_moe_gen.weight:   9%|▊         | 104/1223 [00:01<00:11, 95.44w/s, dev=0]
language_model.model.layers.3.self_attn.q_proj.bias:   9%|▊         | 105/1223 [00:01<00:11, 96.35w/s, dev=0]          
language_model.model.layers.3.self_attn.q_proj.weight:   9%|▊         | 106/1223 [00:01<00:11, 97.26w/s, dev=0]
language_model.model.layers.3.self_attn.q_proj.weight:   9%|▊         | 107/1223 [00:01<00:11, 97.72w/s, dev=0]
language_model.model.layers.3.self_attn.q_proj_moe_gen.bias:   9%|▊         | 107/1223 [00:01<00:11, 97.71w/s, dev=0]
language_model.model.layers.3.self_attn.q_proj_moe_gen.weight:   9%|▉         | 108/1223 [00:01<00:11, 98.61w/s, dev=0]
language_model.model.layers.3.self_attn.v_proj.bias:   9%|▉         | 109/1223 [00:01<00:11, 99.06w/s, dev=0]          
language_model.model.layers.3.self_attn.v_proj.weight:   9%|▉         | 110/1223 [00:01<00:11, 99.96w/s, dev=0]
language_model.model.layers.3.self_attn.v_proj_moe_gen.bias:   9%|▉         | 111/1223 [00:01<00:11, 100.78w/s, dev=0]
language_model.model.layers.3.self_attn.v_proj_moe_gen.weight:   9%|▉         | 112/1223 [00:01<00:10, 101.68w/s, dev=0]
language_model.model.layers.4.input_layernorm.weight:   9%|▉         | 113/1223 [00:01<00:10, 102.49w/s, dev=0]         
language_model.model.layers.4.input_layernorm_moe_gen.weight:   9%|▉         | 114/1223 [00:01<00:10, 103.38w/s, dev=0]
language_model.model.layers.4.mlp.down_proj.weight:   9%|▉         | 115/1223 [00:01<00:10, 104.28w/s, dev=0]          
language_model.model.layers.4.mlp.gate_proj.weight:   9%|▉         | 116/1223 [00:01<00:10, 102.70w/s, dev=0]
language_model.model.layers.4.mlp.up_proj.weight:  10%|▉         | 117/1223 [00:01<00:10, 101.00w/s, dev=0]  
language_model.model.layers.4.mlp_moe_gen.down_proj.weight:  10%|▉         | 118/1223 [00:01<00:11, 99.62w/s, dev=0]
language_model.model.layers.4.mlp_moe_gen.gate_proj.weight:  10%|▉         | 119/1223 [00:01<00:11, 98.33w/s, dev=0]
language_model.model.layers.4.mlp_moe_gen.up_proj.weight:  10%|▉         | 120/1223 [00:01<00:11, 97.08w/s, dev=0]  
language_model.model.layers.4.post_attention_layernorm.weight:  10%|▉         | 121/1223 [00:01<00:11, 95.88w/s, dev=0]
language_model.model.layers.4.post_attention_layernorm_moe_gen.weight:  10%|▉         | 122/1223 [00:01<00:11, 96.66w/s, dev=0]
language_model.model.layers.4.self_attn.k_norm.weight:  10%|█         | 123/1223 [00:01<00:11, 97.44w/s, dev=0]                
language_model.model.layers.4.self_attn.k_norm_moe_gen.weight:  10%|█         | 124/1223 [00:01<00:11, 98.22w/s, dev=0]
language_model.model.layers.4.self_attn.k_proj.bias:  10%|█         | 125/1223 [00:01<00:11, 99.01w/s, dev=0]          
language_model.model.layers.4.self_attn.k_proj.weight:  10%|█         | 126/1223 [00:01<00:10, 99.79w/s, dev=0]
language_model.model.layers.4.self_attn.k_proj_moe_gen.bias:  10%|█         | 127/1223 [00:01<00:10, 100.51w/s, dev=0]
language_model.model.layers.4.self_attn.k_proj_moe_gen.weight:  10%|█         | 128/1223 [00:01<00:10, 101.29w/s, dev=0]
language_model.model.layers.4.self_attn.o_proj.weight:  11%|█         | 129/1223 [00:01<00:10, 102.01w/s, dev=0]        
language_model.model.layers.4.self_attn.o_proj_moe_gen.weight:  11%|█         | 130/1223 [00:01<00:10, 102.38w/s, dev=0]
language_model.model.layers.4.self_attn.q_norm.weight:  11%|█         | 131/1223 [00:01<00:10, 102.75w/s, dev=0]        
language_model.model.layers.4.self_attn.q_norm.weight:  11%|█         | 132/1223 [00:01<00:10, 103.52w/s, dev=0]
language_model.model.layers.4.self_attn.q_norm_moe_gen.weight:  11%|█         | 132/1223 [00:01<00:10, 103.51w/s, dev=0]
language_model.model.layers.4.self_attn.q_proj.bias:  11%|█         | 133/1223 [00:01<00:10, 104.29w/s, dev=0]          
language_model.model.layers.4.self_attn.q_proj.weight:  11%|█         | 134/1223 [00:01<00:10, 105.06w/s, dev=0]
language_model.model.layers.4.self_attn.q_proj_moe_gen.bias:  11%|█         | 135/1223 [00:01<00:10, 105.43w/s, dev=0]
language_model.model.layers.4.self_attn.q_proj_moe_gen.weight:  11%|█         | 136/1223 [00:01<00:10, 106.19w/s, dev=0]
language_model.model.layers.4.self_attn.v_proj.bias:  11%|█         | 137/1223 [00:01<00:10, 106.55w/s, dev=0]          
language_model.model.layers.4.self_attn.v_proj.weight:  11%|█▏        | 138/1223 [00:01<00:10, 107.31w/s, dev=0]
language_model.model.layers.4.self_attn.v_proj_moe_gen.bias:  11%|█▏        | 139/1223 [00:01<00:10, 108.02w/s, dev=0]
language_model.model.layers.4.self_attn.v_proj_moe_gen.weight:  11%|█▏        | 140/1223 [00:01<00:09, 108.78w/s, dev=0]
language_model.model.layers.5.input_layernorm.weight:  12%|█▏        | 141/1223 [00:01<00:09, 109.49w/s, dev=0]         
language_model.model.layers.5.input_layernorm_moe_gen.weight:  12%|█▏        | 142/1223 [00:01<00:09, 110.25w/s, dev=0]
language_model.model.layers.5.mlp.down_proj.weight:  12%|█▏        | 143/1223 [00:01<00:09, 111.02w/s, dev=0]          
language_model.model.layers.5.mlp.gate_proj.weight:  12%|█▏        | 144/1223 [00:01<00:09, 109.07w/s, dev=0]
language_model.model.layers.5.mlp.up_proj.weight:  12%|█▏        | 145/1223 [00:01<00:10, 107.63w/s, dev=0]  
language_model.model.layers.5.mlp_moe_gen.down_proj.weight:  12%|█▏        | 146/1223 [00:01<00:10, 106.33w/s, dev=0]
language_model.model.layers.5.mlp_moe_gen.gate_proj.weight:  12%|█▏        | 147/1223 [00:01<00:10, 105.10w/s, dev=0]
language_model.model.layers.5.mlp_moe_gen.up_proj.weight:  12%|█▏        | 148/1223 [00:01<00:10, 103.91w/s, dev=0]  
language_model.model.layers.5.post_attention_layernorm.weight:  12%|█▏        | 149/1223 [00:01<00:10, 102.76w/s, dev=0]
language_model.model.layers.5.post_attention_layernorm_moe_gen.weight:  12%|█▏        | 150/1223 [00:01<00:10, 103.44w/s, dev=0]
language_model.model.layers.5.self_attn.k_norm.weight:  12%|█▏        | 151/1223 [00:01<00:10, 104.12w/s, dev=0]                
language_model.model.layers.5.self_attn.k_norm_moe_gen.weight:  12%|█▏        | 152/1223 [00:01<00:10, 104.80w/s, dev=0]
language_model.model.layers.5.self_attn.k_proj.bias:  13%|█▎        | 153/1223 [00:01<00:10, 105.48w/s, dev=0]          
language_model.model.layers.5.self_attn.k_proj.weight:  13%|█▎        | 154/1223 [00:01<00:10, 106.17w/s, dev=0]
language_model.model.layers.5.self_attn.k_proj_moe_gen.bias:  13%|█▎        | 155/1223 [00:01<00:10, 106.78w/s, dev=0]
language_model.model.layers.5.self_attn.k_proj_moe_gen.weight:  13%|█▎        | 156/1223 [00:01<00:09, 107.46w/s, dev=0]
language_model.model.layers.5.self_attn.k_proj_moe_gen.weight:  13%|█▎        | 157/1223 [00:01<00:09, 108.08w/s, dev=0]
language_model.model.layers.5.self_attn.o_proj.weight:  13%|█▎        | 157/1223 [00:01<00:09, 108.07w/s, dev=0]        
language_model.model.layers.5.self_attn.o_proj_moe_gen.weight:  13%|█▎        | 158/1223 [00:01<00:09, 108.38w/s, dev=0]
language_model.model.layers.5.self_attn.q_norm.weight:  13%|█▎        | 159/1223 [00:01<00:09, 108.68w/s, dev=0]        
language_model.model.layers.5.self_attn.q_norm_moe_gen.weight:  13%|█▎        | 160/1223 [00:01<00:09, 109.35w/s, dev=0]
language_model.model.layers.5.self_attn.q_proj.bias:  13%|█▎        | 161/1223 [00:01<00:09, 110.03w/s, dev=0]          
language_model.model.layers.5.self_attn.q_proj.weight:  13%|█▎        | 162/1223 [00:01<00:09, 110.70w/s, dev=0]
language_model.model.layers.5.self_attn.q_proj_moe_gen.bias:  13%|█▎        | 163/1223 [00:01<00:09, 110.99w/s, dev=0]
language_model.model.layers.5.self_attn.q_proj_moe_gen.weight:  13%|█▎        | 164/1223 [00:01<00:09, 111.66w/s, dev=0]
language_model.model.layers.5.self_attn.v_proj.bias:  13%|█▎        | 165/1223 [00:01<00:09, 111.95w/s, dev=0]          
language_model.model.layers.5.self_attn.v_proj.weight:  14%|█▎        | 166/1223 [00:01<00:09, 112.61w/s, dev=0]
language_model.model.layers.5.self_attn.v_proj_moe_gen.bias:  14%|█▎        | 167/1223 [00:01<00:09, 113.22w/s, dev=0]
language_model.model.layers.5.self_attn.v_proj_moe_gen.weight:  14%|█▎        | 168/1223 [00:01<00:09, 113.89w/s, dev=0]
language_model.model.layers.6.input_layernorm.weight:  14%|█▍        | 169/1223 [00:01<00:09, 114.50w/s, dev=0]         
language_model.model.layers.6.input_layernorm_moe_gen.weight:  14%|█▍        | 170/1223 [00:01<00:09, 115.17w/s, dev=0]
language_model.model.layers.6.mlp.down_proj.weight:  14%|█▍        | 171/1223 [00:01<00:09, 115.84w/s, dev=0]          
language_model.model.layers.6.mlp.gate_proj.weight:  14%|█▍        | 172/1223 [00:01<00:09, 114.07w/s, dev=0]
language_model.model.layers.6.mlp.up_proj.weight:  14%|█▍        | 173/1223 [00:01<00:09, 112.79w/s, dev=0]  
language_model.model.layers.6.mlp_moe_gen.down_proj.weight:  14%|█▍        | 174/1223 [00:01<00:09, 111.58w/s, dev=0]
language_model.model.layers.6.mlp_moe_gen.gate_proj.weight:  14%|█▍        | 175/1223 [00:01<00:09, 110.40w/s, dev=0]
language_model.model.layers.6.mlp_moe_gen.up_proj.weight:  14%|█▍        | 176/1223 [00:01<00:09, 109.25w/s, dev=0]  
language_model.model.layers.6.post_attention_layernorm.weight:  14%|█▍        | 177/1223 [00:01<00:09, 107.81w/s, dev=0]
language_model.model.layers.6.post_attention_layernorm_moe_gen.weight:  15%|█▍        | 178/1223 [00:01<00:09, 108.40w/s, dev=0]
language_model.model.layers.6.self_attn.k_norm.weight:  15%|█▍        | 179/1223 [00:01<00:09, 109.00w/s, dev=0]                
language_model.model.layers.6.self_attn.k_norm_moe_gen.weight:  15%|█▍        | 180/1223 [00:01<00:09, 109.60w/s, dev=0]
language_model.model.layers.6.self_attn.k_proj.bias:  15%|█▍        | 181/1223 [00:01<00:09, 110.20w/s, dev=0]          
language_model.model.layers.6.self_attn.k_proj.bias:  15%|█▍        | 182/1223 [00:01<00:09, 110.81w/s, dev=0]
language_model.model.layers.6.self_attn.k_proj.weight:  15%|█▍        | 182/1223 [00:01<00:09, 110.80w/s, dev=0]
language_model.model.layers.6.self_attn.k_proj_moe_gen.bias:  15%|█▍        | 183/1223 [00:01<00:09, 111.35w/s, dev=0]
language_model.model.layers.6.self_attn.k_proj_moe_gen.weight:  15%|█▌        | 184/1223 [00:01<00:09, 111.95w/s, dev=0]
language_model.model.layers.6.self_attn.o_proj.weight:  15%|█▌        | 185/1223 [00:01<00:09, 112.49w/s, dev=0]        
language_model.model.layers.6.self_attn.o_proj_moe_gen.weight:  15%|█▌        | 186/1223 [00:01<00:09, 112.74w/s, dev=0]
language_model.model.layers.6.self_attn.q_norm.weight:  15%|█▌        | 187/1223 [00:01<00:09, 112.99w/s, dev=0]        
language_model.model.layers.6.self_attn.q_norm_moe_gen.weight:  15%|█▌        | 188/1223 [00:01<00:09, 113.58w/s, dev=0]
language_model.model.layers.6.self_attn.q_proj.bias:  15%|█▌        | 189/1223 [00:01<00:09, 114.18w/s, dev=0]          
language_model.model.layers.6.self_attn.q_proj.weight:  16%|█▌        | 190/1223 [00:01<00:09, 114.78w/s, dev=0]
language_model.model.layers.6.self_attn.q_proj_moe_gen.bias:  16%|█▌        | 191/1223 [00:01<00:08, 115.03w/s, dev=0]
language_model.model.layers.6.self_attn.q_proj_moe_gen.weight:  16%|█▌        | 192/1223 [00:01<00:08, 115.62w/s, dev=0]
language_model.model.layers.6.self_attn.v_proj.bias:  16%|█▌        | 193/1223 [00:01<00:08, 115.86w/s, dev=0]          
language_model.model.layers.6.self_attn.v_proj.weight:  16%|█▌        | 194/1223 [00:01<00:08, 116.45w/s, dev=0]
language_model.model.layers.6.self_attn.v_proj_moe_gen.bias:  16%|█▌        | 195/1223 [00:01<00:08, 116.99w/s, dev=0]
language_model.model.layers.6.self_attn.v_proj_moe_gen.weight:  16%|█▌        | 196/1223 [00:01<00:08, 117.58w/s, dev=0]
language_model.model.layers.7.input_layernorm.weight:  16%|█▌        | 197/1223 [00:01<00:08, 118.12w/s, dev=0]         
language_model.model.layers.7.input_layernorm_moe_gen.weight:  16%|█▌        | 198/1223 [00:01<00:08, 118.70w/s, dev=0]
language_model.model.layers.7.mlp.down_proj.weight:  16%|█▋        | 199/1223 [00:01<00:08, 119.30w/s, dev=0]          
language_model.model.layers.7.mlp.gate_proj.weight:  16%|█▋        | 200/1223 [00:01<00:08, 118.08w/s, dev=0]
language_model.model.layers.7.mlp.up_proj.weight:  16%|█▋        | 201/1223 [00:01<00:08, 116.50w/s, dev=0]  
language_model.model.layers.7.mlp_moe_gen.down_proj.weight:  17%|█▋        | 202/1223 [00:01<00:08, 115.33w/s, dev=0]
language_model.model.layers.7.mlp_moe_gen.gate_proj.weight:  17%|█▋        | 203/1223 [00:01<00:08, 114.18w/s, dev=0]
language_model.model.layers.7.mlp_moe_gen.up_proj.weight:  17%|█▋        | 204/1223 [00:01<00:09, 113.10w/s, dev=0]  
language_model.model.layers.7.post_attention_layernorm.weight:  17%|█▋        | 205/1223 [00:01<00:09, 111.98w/s, dev=0]
language_model.model.layers.7.post_attention_layernorm_moe_gen.weight:  17%|█▋        | 206/1223 [00:01<00:09, 112.50w/s, dev=0]
language_model.model.layers.7.post_attention_layernorm_moe_gen.weight:  17%|█▋        | 207/1223 [00:01<00:08, 113.03w/s, dev=0]
language_model.model.layers.7.self_attn.k_norm.weight:  17%|█▋        | 207/1223 [00:01<00:08, 113.03w/s, dev=0]                
language_model.model.layers.7.self_attn.k_norm_moe_gen.weight:  17%|█▋        | 208/1223 [00:01<00:08, 113.56w/s, dev=0]
language_model.model.layers.7.self_attn.k_proj.bias:  17%|█▋        | 209/1223 [00:01<00:08, 114.10w/s, dev=0]          
language_model.model.layers.7.self_attn.k_proj.weight:  17%|█▋        | 210/1223 [00:01<00:08, 114.64w/s, dev=0]
language_model.model.layers.7.self_attn.k_proj_moe_gen.bias:  17%|█▋        | 211/1223 [00:01<00:08, 115.10w/s, dev=0]
language_model.model.layers.7.self_attn.k_proj_moe_gen.weight:  17%|█▋        | 212/1223 [00:01<00:08, 115.61w/s, dev=0]
language_model.model.layers.7.self_attn.o_proj.weight:  17%|█▋        | 213/1223 [00:01<00:08, 116.00w/s, dev=0]        
language_model.model.layers.7.self_attn.o_proj_moe_gen.weight:  17%|█▋        | 214/1223 [00:01<00:08, 116.02w/s, dev=0]
language_model.model.layers.7.self_attn.q_norm.weight:  18%|█▊        | 215/1223 [00:01<00:08, 116.22w/s, dev=0]        
language_model.model.layers.7.self_attn.q_norm_moe_gen.weight:  18%|█▊        | 216/1223 [00:01<00:08, 116.75w/s, dev=0]
language_model.model.layers.7.self_attn.q_proj.bias:  18%|█▊        | 217/1223 [00:01<00:08, 117.28w/s, dev=0]          
language_model.model.layers.7.self_attn.q_proj.weight:  18%|█▊        | 218/1223 [00:01<00:08, 117.82w/s, dev=0]
language_model.model.layers.7.self_attn.q_proj_moe_gen.bias:  18%|█▊        | 219/1223 [00:01<00:08, 118.03w/s, dev=0]
language_model.model.layers.7.self_attn.q_proj_moe_gen.weight:  18%|█▊        | 220/1223 [00:01<00:08, 118.56w/s, dev=0]
language_model.model.layers.7.self_attn.v_proj.bias:  18%|█▊        | 221/1223 [00:01<00:08, 118.77w/s, dev=0]          
language_model.model.layers.7.self_attn.v_proj.weight:  18%|█▊        | 222/1223 [00:01<00:08, 119.30w/s, dev=0]
language_model.model.layers.7.self_attn.v_proj_moe_gen.bias:  18%|█▊        | 223/1223 [00:01<00:08, 119.77w/s, dev=0]
language_model.model.layers.7.self_attn.v_proj_moe_gen.weight:  18%|█▊        | 224/1223 [00:01<00:08, 120.30w/s, dev=0]
language_model.model.layers.8.input_layernorm.weight:  18%|█▊        | 225/1223 [00:01<00:08, 120.78w/s, dev=0]         
language_model.model.layers.8.input_layernorm_moe_gen.weight:  18%|█▊        | 226/1223 [00:01<00:08, 121.31w/s, dev=0]
language_model.model.layers.8.mlp.down_proj.weight:  19%|█▊        | 227/1223 [00:01<00:08, 121.84w/s, dev=0]          
language_model.model.layers.8.mlp.gate_proj.weight:  19%|█▊        | 228/1223 [00:01<00:08, 120.71w/s, dev=0]
language_model.model.layers.8.mlp.up_proj.weight:  19%|█▊        | 229/1223 [00:01<00:08, 119.62w/s, dev=0]  
language_model.model.layers.8.mlp_moe_gen.down_proj.weight:  19%|█▉        | 230/1223 [00:01<00:08, 118.54w/s, dev=0]
language_model.model.layers.8.mlp_moe_gen.gate_proj.weight:  19%|█▉        | 231/1223 [00:01<00:08, 117.49w/s, dev=0]
language_model.model.layers.8.mlp_moe_gen.gate_proj.weight:  19%|█▉        | 232/1223 [00:01<00:08, 116.48w/s, dev=0]
language_model.model.layers.8.mlp_moe_gen.up_proj.weight:  19%|█▉        | 232/1223 [00:01<00:08, 116.48w/s, dev=0]  
language_model.model.layers.8.post_attention_layernorm.weight:  19%|█▉        | 233/1223 [00:02<00:08, 115.08w/s, dev=0]
language_model.model.layers.8.post_attention_layernorm_moe_gen.weight:  19%|█▉        | 234/1223 [00:02<00:08, 115.56w/s, dev=0]
language_model.model.layers.8.self_attn.k_norm.weight:  19%|█▉        | 235/1223 [00:02<00:08, 116.05w/s, dev=0]                
language_model.model.layers.8.self_attn.k_norm_moe_gen.weight:  19%|█▉        | 236/1223 [00:02<00:08, 116.54w/s, dev=0]
language_model.model.layers.8.self_attn.k_proj.bias:  19%|█▉        | 237/1223 [00:02<00:08, 117.02w/s, dev=0]          
language_model.model.layers.8.self_attn.k_proj.weight:  19%|█▉        | 238/1223 [00:02<00:08, 117.51w/s, dev=0]
language_model.model.layers.8.self_attn.k_proj_moe_gen.bias:  20%|█▉        | 239/1223 [00:02<00:08, 117.96w/s, dev=0]
language_model.model.layers.8.self_attn.k_proj_moe_gen.weight:  20%|█▉        | 240/1223 [00:02<00:08, 118.44w/s, dev=0]
language_model.model.layers.8.self_attn.o_proj.weight:  20%|█▉        | 241/1223 [00:02<00:08, 118.89w/s, dev=0]        
language_model.model.layers.8.self_attn.o_proj_moe_gen.weight:  20%|█▉        | 242/1223 [00:02<00:08, 119.08w/s, dev=0]
language_model.model.layers.8.self_attn.q_norm.weight:  20%|█▉        | 243/1223 [00:02<00:08, 119.26w/s, dev=0]        
language_model.model.layers.8.self_attn.q_norm_moe_gen.weight:  20%|█▉        | 244/1223 [00:02<00:08, 119.74w/s, dev=0]
language_model.model.layers.8.self_attn.q_proj.bias:  20%|██        | 245/1223 [00:02<00:08, 120.22w/s, dev=0]          
language_model.model.layers.8.self_attn.q_proj.weight:  20%|██        | 246/1223 [00:02<00:08, 120.71w/s, dev=0]
language_model.model.layers.8.self_attn.q_proj_moe_gen.bias:  20%|██        | 247/1223 [00:02<00:08, 120.90w/s, dev=0]
language_model.model.layers.8.self_attn.q_proj_moe_gen.weight:  20%|██        | 248/1223 [00:02<00:08, 121.37w/s, dev=0]
language_model.model.layers.8.self_attn.v_proj.bias:  20%|██        | 249/1223 [00:02<00:08, 121.56w/s, dev=0]          
language_model.model.layers.8.self_attn.v_proj.weight:  20%|██        | 250/1223 [00:02<00:07, 122.03w/s, dev=0]
language_model.model.layers.8.self_attn.v_proj_moe_gen.bias:  21%|██        | 251/1223 [00:02<00:07, 122.47w/s, dev=0]
language_model.model.layers.8.self_attn.v_proj_moe_gen.weight:  21%|██        | 252/1223 [00:02<00:07, 122.95w/s, dev=0]
time_embedder.mlp.0.bias:  21%|██        | 253/1223 [00:02<00:07, 123.38w/s, dev=0]                                     
time_embedder.mlp.0.weight:  21%|██        | 254/1223 [00:02<00:07, 123.85w/s, dev=0]
time_embedder.mlp.2.bias:  21%|██        | 255/1223 [00:02<00:07, 124.31w/s, dev=0]  
time_embedder.mlp.2.weight:  21%|██        | 256/1223 [00:02<00:07, 124.79w/s, dev=0]
vae2llm.bias:  21%|██        | 257/1223 [00:02<00:07, 124.97w/s, dev=0]              
vae2llm.weight:  21%|██        | 258/1223 [00:02<00:07, 125.44w/s, dev=0]
llm2vae.bias:  21%|██        | 259/1223 [00:02<00:07, 125.91w/s, dev=0]  
llm2vae.weight:  21%|██▏       | 260/1223 [00:02<00:07, 126.39w/s, dev=0]
latent_pos_embed.pos_embed:  21%|██▏       | 261/1223 [00:02<00:07, 126.87w/s, dev=0]
connector.fc1.bias:  21%|██▏       | 262/1223 [00:02<00:07, 127.00w/s, dev=0]        
connector.fc1.weight:  22%|██▏       | 263/1223 [00:02<00:07, 127.47w/s, dev=0]
connector.fc2.bias:  22%|██▏       | 264/1223 [00:02<00:07, 127.81w/s, dev=0]  
connector.fc2.weight:  22%|██▏       | 265/1223 [00:02<00:07, 128.29w/s, dev=0]
vit_pos_embed.pos_embed:  22%|██▏       | 266/1223 [00:02<00:07, 128.36w/s, dev=0]
language_model.model.layers.9.input_layernorm.weight:  22%|██▏       | 267/1223 [00:02<00:09, 104.34w/s, dev=1]
language_model.model.layers.9.input_layernorm.weight:  22%|██▏       | 268/1223 [00:02<00:09, 99.47w/s, dev=1] 
language_model.model.layers.9.input_layernorm_moe_gen.weight:  22%|██▏       | 268/1223 [00:02<00:09, 99.47w/s, dev=1]
language_model.model.layers.9.mlp.down_proj.weight:  22%|██▏       | 269/1223 [00:02<00:09, 99.83w/s, dev=1]          
language_model.model.layers.9.mlp.gate_proj.weight:  22%|██▏       | 270/1223 [00:02<00:09, 99.25w/s, dev=1]
language_model.model.layers.9.mlp.up_proj.weight:  22%|██▏       | 271/1223 [00:02<00:09, 98.52w/s, dev=1]  
language_model.model.layers.9.mlp_moe_gen.down_proj.weight:  22%|██▏       | 272/1223 [00:02<00:09, 97.96w/s, dev=1]
language_model.model.layers.9.mlp_moe_gen.gate_proj.weight:  22%|██▏       | 273/1223 [00:02<00:09, 97.42w/s, dev=1]
language_model.model.layers.9.mlp_moe_gen.up_proj.weight:  22%|██▏       | 274/1223 [00:02<00:09, 96.89w/s, dev=1]  
language_model.model.layers.9.post_attention_layernorm.weight:  22%|██▏       | 275/1223 [00:02<00:09, 96.36w/s, dev=1]
language_model.model.layers.9.post_attention_layernorm_moe_gen.weight:  23%|██▎       | 276/1223 [00:02<00:09, 96.70w/s, dev=1]
language_model.model.layers.9.self_attn.k_norm.weight:  23%|██▎       | 277/1223 [00:02<00:09, 97.05w/s, dev=1]                
language_model.model.layers.9.self_attn.k_norm_moe_gen.weight:  23%|██▎       | 278/1223 [00:02<00:09, 97.40w/s, dev=1]
language_model.model.layers.9.self_attn.k_proj.bias:  23%|██▎       | 279/1223 [00:02<00:09, 97.74w/s, dev=1]          
language_model.model.layers.9.self_attn.k_proj.weight:  23%|██▎       | 280/1223 [00:02<00:09, 98.09w/s, dev=1]
language_model.model.layers.9.self_attn.k_proj_moe_gen.bias:  23%|██▎       | 281/1223 [00:02<00:09, 98.40w/s, dev=1]
language_model.model.layers.9.self_attn.k_proj_moe_gen.weight:  23%|██▎       | 282/1223 [00:02<00:09, 98.75w/s, dev=1]
language_model.model.layers.9.self_attn.o_proj.weight:  23%|██▎       | 283/1223 [00:02<00:09, 99.07w/s, dev=1]        
language_model.model.layers.9.self_attn.o_proj_moe_gen.weight:  23%|██▎       | 284/1223 [00:02<00:09, 99.24w/s, dev=1]
language_model.model.layers.9.self_attn.q_norm.weight:  23%|██▎       | 285/1223 [00:02<00:09, 99.41w/s, dev=1]        
language_model.model.layers.9.self_attn.q_norm_moe_gen.weight:  23%|██▎       | 286/1223 [00:02<00:09, 99.75w/s, dev=1]
language_model.model.layers.9.self_attn.q_proj.bias:  23%|██▎       | 287/1223 [00:02<00:09, 100.09w/s, dev=1]         
language_model.model.layers.9.self_attn.q_proj.weight:  24%|██▎       | 288/1223 [00:02<00:09, 100.44w/s, dev=1]
language_model.model.layers.9.self_attn.q_proj_moe_gen.bias:  24%|██▎       | 289/1223 [00:02<00:09, 100.61w/s, dev=1]
language_model.model.layers.9.self_attn.q_proj_moe_gen.weight:  24%|██▎       | 290/1223 [00:02<00:09, 100.95w/s, dev=1]
language_model.model.layers.9.self_attn.v_proj.bias:  24%|██▍       | 291/1223 [00:02<00:09, 101.12w/s, dev=1]          
language_model.model.layers.9.self_attn.v_proj.weight:  24%|██▍       | 292/1223 [00:02<00:09, 101.46w/s, dev=1]
language_model.model.layers.9.self_attn.v_proj_moe_gen.bias:  24%|██▍       | 293/1223 [00:02<00:09, 101.77w/s, dev=1]
language_model.model.layers.9.self_attn.v_proj_moe_gen.weight:  24%|██▍       | 294/1223 [00:02<00:09, 102.12w/s, dev=1]
language_model.model.layers.10.input_layernorm.weight:  24%|██▍       | 295/1223 [00:02<00:09, 102.43w/s, dev=1]        
language_model.model.layers.10.input_layernorm_moe_gen.weight:  24%|██▍       | 296/1223 [00:02<00:09, 102.77w/s, dev=1]
language_model.model.layers.10.mlp.down_proj.weight:  24%|██▍       | 297/1223 [00:02<00:08, 103.12w/s, dev=1]          
language_model.model.layers.10.mlp.gate_proj.weight:  24%|██▍       | 298/1223 [00:02<00:09, 102.55w/s, dev=1]
language_model.model.layers.10.mlp.up_proj.weight:  24%|██▍       | 299/1223 [00:02<00:09, 102.00w/s, dev=1]  
language_model.model.layers.10.mlp_moe_gen.down_proj.weight:  25%|██▍       | 300/1223 [00:02<00:09, 101.25w/s, dev=1]
language_model.model.layers.10.mlp_moe_gen.gate_proj.weight:  25%|██▍       | 301/1223 [00:02<00:09, 100.71w/s, dev=1]
language_model.model.layers.10.mlp_moe_gen.up_proj.weight:  25%|██▍       | 302/1223 [00:03<00:09, 100.18w/s, dev=1]  
language_model.model.layers.10.post_attention_layernorm.weight:  25%|██▍       | 303/1223 [00:03<00:09, 99.66w/s, dev=1]
language_model.model.layers.10.post_attention_layernorm.weight:  25%|██▍       | 304/1223 [00:03<00:09, 99.98w/s, dev=1]
language_model.model.layers.10.post_attention_layernorm_moe_gen.weight:  25%|██▍       | 304/1223 [00:03<00:09, 99.98w/s, dev=1]
language_model.model.layers.10.self_attn.k_norm.weight:  25%|██▍       | 305/1223 [00:03<00:09, 100.30w/s, dev=1]               
language_model.model.layers.10.self_attn.k_norm_moe_gen.weight:  25%|██▌       | 306/1223 [00:03<00:09, 100.63w/s, dev=1]
language_model.model.layers.10.self_attn.k_proj.bias:  25%|██▌       | 307/1223 [00:03<00:09, 100.95w/s, dev=1]          
language_model.model.layers.10.self_attn.k_proj.weight:  25%|██▌       | 308/1223 [00:03<00:09, 101.28w/s, dev=1]
language_model.model.layers.10.self_attn.k_proj_moe_gen.bias:  25%|██▌       | 309/1223 [00:03<00:08, 101.58w/s, dev=1]
language_model.model.layers.10.self_attn.k_proj_moe_gen.weight:  25%|██▌       | 310/1223 [00:03<00:08, 101.90w/s, dev=1]
language_model.model.layers.10.self_attn.o_proj.weight:  25%|██▌       | 311/1223 [00:03<00:08, 102.20w/s, dev=1]        
language_model.model.layers.10.self_attn.o_proj_moe_gen.weight:  26%|██▌       | 312/1223 [00:03<00:08, 102.35w/s, dev=1]
language_model.model.layers.10.self_attn.q_norm.weight:  26%|██▌       | 313/1223 [00:03<00:08, 102.51w/s, dev=1]        
language_model.model.layers.10.self_attn.q_norm_moe_gen.weight:  26%|██▌       | 314/1223 [00:03<00:08, 102.83w/s, dev=1]
language_model.model.layers.10.self_attn.q_proj.bias:  26%|██▌       | 315/1223 [00:03<00:08, 103.15w/s, dev=1]          
language_model.model.layers.10.self_attn.q_proj.weight:  26%|██▌       | 316/1223 [00:03<00:08, 103.47w/s, dev=1]
language_model.model.layers.10.self_attn.q_proj_moe_gen.bias:  26%|██▌       | 317/1223 [00:03<00:08, 103.63w/s, dev=1]
language_model.model.layers.10.self_attn.q_proj_moe_gen.weight:  26%|██▌       | 318/1223 [00:03<00:08, 103.95w/s, dev=1]
language_model.model.layers.10.self_attn.v_proj.bias:  26%|██▌       | 319/1223 [00:03<00:08, 104.10w/s, dev=1]          
language_model.model.layers.10.self_attn.v_proj.weight:  26%|██▌       | 320/1223 [00:03<00:08, 104.42w/s, dev=1]
language_model.model.layers.10.self_attn.v_proj_moe_gen.bias:  26%|██▌       | 321/1223 [00:03<00:08, 104.72w/s, dev=1]
language_model.model.layers.10.self_attn.v_proj_moe_gen.weight:  26%|██▋       | 322/1223 [00:03<00:08, 105.04w/s, dev=1]
language_model.model.layers.11.input_layernorm.weight:  26%|██▋       | 323/1223 [00:03<00:08, 105.34w/s, dev=1]         
language_model.model.layers.11.input_layernorm_moe_gen.weight:  26%|██▋       | 324/1223 [00:03<00:08, 105.66w/s, dev=1]
language_model.model.layers.11.mlp.down_proj.weight:  27%|██▋       | 325/1223 [00:03<00:08, 105.98w/s, dev=1]          
language_model.model.layers.11.mlp.gate_proj.weight:  27%|██▋       | 326/1223 [00:03<00:08, 105.43w/s, dev=1]
language_model.model.layers.11.mlp.up_proj.weight:  27%|██▋       | 327/1223 [00:03<00:08, 104.88w/s, dev=1]  
language_model.model.layers.11.mlp_moe_gen.down_proj.weight:  27%|██▋       | 328/1223 [00:03<00:08, 104.15w/s, dev=1]
language_model.model.layers.11.mlp_moe_gen.gate_proj.weight:  27%|██▋       | 329/1223 [00:03<00:08, 103.62w/s, dev=1]
language_model.model.layers.11.mlp_moe_gen.up_proj.weight:  27%|██▋       | 330/1223 [00:03<00:08, 103.07w/s, dev=1]  
language_model.model.layers.11.post_attention_layernorm.weight:  27%|██▋       | 331/1223 [00:03<00:08, 102.53w/s, dev=1]
language_model.model.layers.11.post_attention_layernorm_moe_gen.weight:  27%|██▋       | 332/1223 [00:03<00:08, 102.83w/s, dev=1]
language_model.model.layers.11.self_attn.k_norm.weight:  27%|██▋       | 333/1223 [00:03<00:08, 103.14w/s, dev=1]                
language_model.model.layers.11.self_attn.k_norm_moe_gen.weight:  27%|██▋       | 334/1223 [00:03<00:08, 103.44w/s, dev=1]
language_model.model.layers.11.self_attn.k_proj.bias:  27%|██▋       | 335/1223 [00:03<00:08, 103.75w/s, dev=1]          
language_model.model.layers.11.self_attn.k_proj.weight:  27%|██▋       | 336/1223 [00:03<00:08, 104.06w/s, dev=1]
language_model.model.layers.11.self_attn.k_proj_moe_gen.bias:  28%|██▊       | 337/1223 [00:03<00:08, 104.34w/s, dev=1]
language_model.model.layers.11.self_attn.k_proj_moe_gen.weight:  28%|██▊       | 338/1223 [00:03<00:08, 104.64w/s, dev=1]
language_model.model.layers.11.self_attn.o_proj.weight:  28%|██▊       | 339/1223 [00:03<00:08, 104.92w/s, dev=1]        
language_model.model.layers.11.self_attn.o_proj.weight:  28%|██▊       | 340/1223 [00:03<00:08, 105.06w/s, dev=1]
language_model.model.layers.11.self_attn.o_proj_moe_gen.weight:  28%|██▊       | 340/1223 [00:03<00:08, 105.06w/s, dev=1]
language_model.model.layers.11.self_attn.q_norm.weight:  28%|██▊       | 341/1223 [00:03<00:08, 105.20w/s, dev=1]        
language_model.model.layers.11.self_attn.q_norm_moe_gen.weight:  28%|██▊       | 342/1223 [00:03<00:08, 105.50w/s, dev=1]
language_model.model.layers.11.self_attn.q_proj.bias:  28%|██▊       | 343/1223 [00:03<00:08, 105.80w/s, dev=1]          
language_model.model.layers.11.self_attn.q_proj.weight:  28%|██▊       | 344/1223 [00:03<00:08, 106.11w/s, dev=1]
language_model.model.layers.11.self_attn.q_proj_moe_gen.bias:  28%|██▊       | 345/1223 [00:03<00:08, 106.24w/s, dev=1]
language_model.model.layers.11.self_attn.q_proj_moe_gen.weight:  28%|██▊       | 346/1223 [00:03<00:08, 106.54w/s, dev=1]
language_model.model.layers.11.self_attn.v_proj.bias:  28%|██▊       | 347/1223 [00:03<00:08, 106.67w/s, dev=1]          
language_model.model.layers.11.self_attn.v_proj.weight:  28%|██▊       | 348/1223 [00:03<00:08, 106.97w/s, dev=1]
language_model.model.layers.11.self_attn.v_proj_moe_gen.bias:  29%|██▊       | 349/1223 [00:03<00:08, 107.25w/s, dev=1]
language_model.model.layers.11.self_attn.v_proj_moe_gen.weight:  29%|██▊       | 350/1223 [00:03<00:08, 107.55w/s, dev=1]
language_model.model.layers.12.input_layernorm.weight:  29%|██▊       | 351/1223 [00:03<00:08, 107.83w/s, dev=1]         
language_model.model.layers.12.input_layernorm_moe_gen.weight:  29%|██▉       | 352/1223 [00:03<00:08, 108.13w/s, dev=1]
language_model.model.layers.12.mlp.down_proj.weight:  29%|██▉       | 353/1223 [00:03<00:08, 108.43w/s, dev=1]          
language_model.model.layers.12.mlp.gate_proj.weight:  29%|██▉       | 354/1223 [00:03<00:08, 107.86w/s, dev=1]
language_model.model.layers.12.mlp.up_proj.weight:  29%|██▉       | 355/1223 [00:03<00:08, 107.31w/s, dev=1]  
language_model.model.layers.12.mlp_moe_gen.down_proj.weight:  29%|██▉       | 356/1223 [00:03<00:08, 106.51w/s, dev=1]
language_model.model.layers.12.mlp_moe_gen.gate_proj.weight:  29%|██▉       | 357/1223 [00:03<00:08, 105.94w/s, dev=1]
language_model.model.layers.12.mlp_moe_gen.up_proj.weight:  29%|██▉       | 358/1223 [00:03<00:08, 105.42w/s, dev=1]  
language_model.model.layers.12.post_attention_layernorm.weight:  29%|██▉       | 359/1223 [00:03<00:08, 104.89w/s, dev=1]
language_model.model.layers.12.post_attention_layernorm_moe_gen.weight:  29%|██▉       | 360/1223 [00:03<00:08, 105.18w/s, dev=1]
language_model.model.layers.12.self_attn.k_norm.weight:  30%|██▉       | 361/1223 [00:03<00:08, 105.46w/s, dev=1]                
language_model.model.layers.12.self_attn.k_norm_moe_gen.weight:  30%|██▉       | 362/1223 [00:03<00:08, 105.75w/s, dev=1]
language_model.model.layers.12.self_attn.k_proj.bias:  30%|██▉       | 363/1223 [00:03<00:08, 106.04w/s, dev=1]          
language_model.model.layers.12.self_attn.k_proj.weight:  30%|██▉       | 364/1223 [00:03<00:08, 106.33w/s, dev=1]
language_model.model.layers.12.self_attn.k_proj_moe_gen.bias:  30%|██▉       | 365/1223 [00:03<00:08, 106.60w/s, dev=1]
language_model.model.layers.12.self_attn.k_proj_moe_gen.weight:  30%|██▉       | 366/1223 [00:03<00:08, 106.88w/s, dev=1]
language_model.model.layers.12.self_attn.o_proj.weight:  30%|███       | 367/1223 [00:03<00:07, 107.15w/s, dev=1]        
language_model.model.layers.12.self_attn.o_proj_moe_gen.weight:  30%|███       | 368/1223 [00:03<00:07, 107.27w/s, dev=1]
language_model.model.layers.12.self_attn.q_norm.weight:  30%|███       | 369/1223 [00:03<00:07, 107.39w/s, dev=1]        
language_model.model.layers.12.self_attn.q_norm_moe_gen.weight:  30%|███       | 370/1223 [00:03<00:07, 107.68w/s, dev=1]
language_model.model.layers.12.self_attn.q_proj.bias:  30%|███       | 371/1223 [00:03<00:07, 107.97w/s, dev=1]          
language_model.model.layers.12.self_attn.q_proj.weight:  30%|███       | 372/1223 [00:03<00:07, 108.25w/s, dev=1]
language_model.model.layers.12.self_attn.q_proj_moe_gen.bias:  30%|███       | 373/1223 [00:03<00:07, 108.38w/s, dev=1]
language_model.model.layers.12.self_attn.q_proj_moe_gen.weight:  31%|███       | 374/1223 [00:03<00:07, 108.66w/s, dev=1]
language_model.model.layers.12.self_attn.v_proj.bias:  31%|███       | 375/1223 [00:03<00:07, 108.79w/s, dev=1]          
language_model.model.layers.12.self_attn.v_proj.bias:  31%|███       | 376/1223 [00:03<00:07, 109.07w/s, dev=1]
language_model.model.layers.12.self_attn.v_proj.weight:  31%|███       | 376/1223 [00:03<00:07, 109.07w/s, dev=1]
language_model.model.layers.12.self_attn.v_proj_moe_gen.bias:  31%|███       | 377/1223 [00:03<00:07, 109.33w/s, dev=1]
language_model.model.layers.12.self_attn.v_proj_moe_gen.weight:  31%|███       | 378/1223 [00:03<00:07, 109.61w/s, dev=1]
language_model.model.layers.13.input_layernorm.weight:  31%|███       | 379/1223 [00:03<00:07, 109.87w/s, dev=1]         
language_model.model.layers.13.input_layernorm_moe_gen.weight:  31%|███       | 380/1223 [00:03<00:07, 110.15w/s, dev=1]
language_model.model.layers.13.mlp.down_proj.weight:  31%|███       | 381/1223 [00:03<00:07, 110.44w/s, dev=1]          
language_model.model.layers.13.mlp.gate_proj.weight:  31%|███       | 382/1223 [00:03<00:07, 109.88w/s, dev=1]
language_model.model.layers.13.mlp.up_proj.weight:  31%|███▏      | 383/1223 [00:03<00:07, 109.14w/s, dev=1]  
language_model.model.layers.13.mlp_moe_gen.down_proj.weight:  31%|███▏      | 384/1223 [00:03<00:07, 108.62w/s, dev=1]
language_model.model.layers.13.mlp_moe_gen.gate_proj.weight:  31%|███▏      | 385/1223 [00:03<00:07, 108.11w/s, dev=1]
language_model.model.layers.13.mlp_moe_gen.up_proj.weight:  32%|███▏      | 386/1223 [00:03<00:07, 107.61w/s, dev=1]  
language_model.model.layers.13.post_attention_layernorm.weight:  32%|███▏      | 387/1223 [00:03<00:07, 107.12w/s, dev=1]
language_model.model.layers.13.post_attention_layernorm_moe_gen.weight:  32%|███▏      | 388/1223 [00:03<00:07, 107.39w/s, dev=1]
language_model.model.layers.13.self_attn.k_norm.weight:  32%|███▏      | 389/1223 [00:03<00:07, 107.66w/s, dev=1]                
language_model.model.layers.13.self_attn.k_norm_moe_gen.weight:  32%|███▏      | 390/1223 [00:03<00:07, 107.93w/s, dev=1]
language_model.model.layers.13.self_attn.k_proj.bias:  32%|███▏      | 391/1223 [00:03<00:07, 108.21w/s, dev=1]          
language_model.model.layers.13.self_attn.k_proj.weight:  32%|███▏      | 392/1223 [00:03<00:07, 108.48w/s, dev=1]
language_model.model.layers.13.self_attn.k_proj_moe_gen.bias:  32%|███▏      | 393/1223 [00:03<00:07, 108.73w/s, dev=1]
language_model.model.layers.13.self_attn.k_proj_moe_gen.weight:  32%|███▏      | 394/1223 [00:03<00:07, 109.01w/s, dev=1]
language_model.model.layers.13.self_attn.o_proj.weight:  32%|███▏      | 395/1223 [00:03<00:07, 109.26w/s, dev=1]        
language_model.model.layers.13.self_attn.o_proj_moe_gen.weight:  32%|███▏      | 396/1223 [00:03<00:07, 109.38w/s, dev=1]
language_model.model.layers.13.self_attn.q_norm.weight:  32%|███▏      | 397/1223 [00:03<00:07, 109.50w/s, dev=1]        
language_model.model.layers.13.self_attn.q_norm_moe_gen.weight:  33%|███▎      | 398/1223 [00:03<00:07, 109.77w/s, dev=1]
language_model.model.layers.13.self_attn.q_proj.bias:  33%|███▎      | 399/1223 [00:03<00:07, 110.04w/s, dev=1]          
language_model.model.layers.13.self_attn.q_proj.weight:  33%|███▎      | 400/1223 [00:03<00:07, 110.26w/s, dev=1]
language_model.model.layers.13.self_attn.q_proj_moe_gen.bias:  33%|███▎      | 401/1223 [00:03<00:07, 110.38w/s, dev=1]
language_model.model.layers.13.self_attn.q_proj_moe_gen.weight:  33%|███▎      | 402/1223 [00:03<00:07, 110.65w/s, dev=1]
language_model.model.layers.13.self_attn.v_proj.bias:  33%|███▎      | 403/1223 [00:03<00:07, 110.76w/s, dev=1]          
language_model.model.layers.13.self_attn.v_proj.weight:  33%|███▎      | 404/1223 [00:03<00:07, 111.03w/s, dev=1]
language_model.model.layers.13.self_attn.v_proj_moe_gen.bias:  33%|███▎      | 405/1223 [00:03<00:07, 111.28w/s, dev=1]
language_model.model.layers.13.self_attn.v_proj_moe_gen.weight:  33%|███▎      | 406/1223 [00:03<00:07, 111.55w/s, dev=1]
language_model.model.layers.14.input_layernorm.weight:  33%|███▎      | 407/1223 [00:03<00:07, 111.80w/s, dev=1]         
language_model.model.layers.14.input_layernorm_moe_gen.weight:  33%|███▎      | 408/1223 [00:03<00:07, 112.07w/s, dev=1]
language_model.model.layers.14.mlp.down_proj.weight:  33%|███▎      | 409/1223 [00:03<00:07, 112.34w/s, dev=1]          
language_model.model.layers.14.mlp.gate_proj.weight:  34%|███▎      | 410/1223 [00:03<00:07, 111.83w/s, dev=1]
language_model.model.layers.14.mlp.up_proj.weight:  34%|███▎      | 411/1223 [00:03<00:07, 111.11w/s, dev=1]  
language_model.model.layers.14.mlp.up_proj.weight:  34%|███▎      | 412/1223 [00:03<00:07, 110.61w/s, dev=1]
language_model.model.layers.14.mlp_moe_gen.down_proj.weight:  34%|███▎      | 412/1223 [00:03<00:07, 110.61w/s, dev=1]
language_model.model.layers.14.mlp_moe_gen.gate_proj.weight:  34%|███▍      | 413/1223 [00:03<00:07, 110.12w/s, dev=1]
language_model.model.layers.14.mlp_moe_gen.up_proj.weight:  34%|███▍      | 414/1223 [00:03<00:07, 109.63w/s, dev=1]  
language_model.model.layers.14.post_attention_layernorm.weight:  34%|███▍      | 415/1223 [00:03<00:07, 109.15w/s, dev=1]
language_model.model.layers.14.post_attention_layernorm_moe_gen.weight:  34%|███▍      | 416/1223 [00:03<00:07, 109.41w/s, dev=1]
language_model.model.layers.14.self_attn.k_norm.weight:  34%|███▍      | 417/1223 [00:03<00:07, 109.67w/s, dev=1]                
language_model.model.layers.14.self_attn.k_norm_moe_gen.weight:  34%|███▍      | 418/1223 [00:03<00:07, 109.93w/s, dev=1]
language_model.model.layers.14.self_attn.k_proj.bias:  34%|███▍      | 419/1223 [00:03<00:07, 110.19w/s, dev=1]          
language_model.model.layers.14.self_attn.k_proj.weight:  34%|███▍      | 420/1223 [00:03<00:07, 110.45w/s, dev=1]
language_model.model.layers.14.self_attn.k_proj_moe_gen.bias:  34%|███▍      | 421/1223 [00:03<00:07, 110.68w/s, dev=1]
language_model.model.layers.14.self_attn.k_proj_moe_gen.weight:  35%|███▍      | 422/1223 [00:03<00:07, 110.94w/s, dev=1]
language_model.model.layers.14.self_attn.o_proj.weight:  35%|███▍      | 423/1223 [00:03<00:07, 111.17w/s, dev=1]        
language_model.model.layers.14.self_attn.o_proj_moe_gen.weight:  35%|███▍      | 424/1223 [00:03<00:07, 111.28w/s, dev=1]
language_model.model.layers.14.self_attn.q_norm.weight:  35%|███▍      | 425/1223 [00:03<00:07, 111.39w/s, dev=1]        
language_model.model.layers.14.self_attn.q_norm_moe_gen.weight:  35%|███▍      | 426/1223 [00:03<00:07, 111.65w/s, dev=1]
language_model.model.layers.14.self_attn.q_proj.bias:  35%|███▍      | 427/1223 [00:03<00:07, 111.91w/s, dev=1]          
language_model.model.layers.14.self_attn.q_proj.weight:  35%|███▍      | 428/1223 [00:03<00:07, 112.17w/s, dev=1]
language_model.model.layers.14.self_attn.q_proj_moe_gen.bias:  35%|███▌      | 429/1223 [00:03<00:07, 112.28w/s, dev=1]
language_model.model.layers.14.self_attn.q_proj_moe_gen.weight:  35%|███▌      | 430/1223 [00:03<00:07, 112.53w/s, dev=1]
language_model.model.layers.14.self_attn.v_proj.bias:  35%|███▌      | 431/1223 [00:03<00:07, 112.65w/s, dev=1]          
language_model.model.layers.14.self_attn.v_proj.weight:  35%|███▌      | 432/1223 [00:03<00:07, 112.90w/s, dev=1]
language_model.model.layers.14.self_attn.v_proj_moe_gen.bias:  35%|███▌      | 433/1223 [00:03<00:06, 113.14w/s, dev=1]
language_model.model.layers.14.self_attn.v_proj_moe_gen.weight:  35%|███▌      | 434/1223 [00:03<00:06, 113.39w/s, dev=1]
language_model.model.layers.15.input_layernorm.weight:  36%|███▌      | 435/1223 [00:03<00:06, 113.63w/s, dev=1]         
language_model.model.layers.15.input_layernorm_moe_gen.weight:  36%|███▌      | 436/1223 [00:03<00:06, 113.89w/s, dev=1]
language_model.model.layers.15.mlp.down_proj.weight:  36%|███▌      | 437/1223 [00:03<00:06, 114.14w/s, dev=1]          
language_model.model.layers.15.mlp.gate_proj.weight:  36%|███▌      | 438/1223 [00:03<00:06, 113.64w/s, dev=1]
language_model.model.layers.15.mlp.up_proj.weight:  36%|███▌      | 439/1223 [00:03<00:06, 113.00w/s, dev=1]  
language_model.model.layers.15.mlp_moe_gen.down_proj.weight:  36%|███▌      | 440/1223 [00:03<00:06, 112.51w/s, dev=1]
language_model.model.layers.15.mlp_moe_gen.gate_proj.weight:  36%|███▌      | 441/1223 [00:03<00:06, 111.99w/s, dev=1]
language_model.model.layers.15.mlp_moe_gen.up_proj.weight:  36%|███▌      | 442/1223 [00:03<00:07, 111.37w/s, dev=1]  
language_model.model.layers.15.post_attention_layernorm.weight:  36%|███▌      | 443/1223 [00:03<00:07, 110.90w/s, dev=1]
language_model.model.layers.15.post_attention_layernorm_moe_gen.weight:  36%|███▋      | 444/1223 [00:03<00:07, 111.14w/s, dev=1]
language_model.model.layers.15.self_attn.k_norm.weight:  36%|███▋      | 445/1223 [00:03<00:06, 111.38w/s, dev=1]                
language_model.model.layers.15.self_attn.k_norm_moe_gen.weight:  36%|███▋      | 446/1223 [00:03<00:06, 111.63w/s, dev=1]
language_model.model.layers.15.self_attn.k_proj.bias:  37%|███▋      | 447/1223 [00:03<00:06, 111.88w/s, dev=1]          
language_model.model.layers.15.self_attn.k_proj.bias:  37%|███▋      | 448/1223 [00:03<00:06, 112.13w/s, dev=1]
language_model.model.layers.15.self_attn.k_proj.weight:  37%|███▋      | 448/1223 [00:03<00:06, 112.12w/s, dev=1]
language_model.model.layers.15.self_attn.k_proj_moe_gen.bias:  37%|███▋      | 449/1223 [00:03<00:06, 112.35w/s, dev=1]
language_model.model.layers.15.self_attn.k_proj_moe_gen.weight:  37%|███▋      | 450/1223 [00:03<00:06, 112.59w/s, dev=1]
language_model.model.layers.15.self_attn.o_proj.weight:  37%|███▋      | 451/1223 [00:03<00:06, 112.81w/s, dev=1]        
language_model.model.layers.15.self_attn.o_proj_moe_gen.weight:  37%|███▋      | 452/1223 [00:04<00:06, 112.92w/s, dev=1]
language_model.model.layers.15.self_attn.q_norm.weight:  37%|███▋      | 453/1223 [00:04<00:06, 113.02w/s, dev=1]        
language_model.model.layers.15.self_attn.q_norm_moe_gen.weight:  37%|███▋      | 454/1223 [00:04<00:06, 113.26w/s, dev=1]
language_model.model.layers.15.self_attn.q_proj.bias:  37%|███▋      | 455/1223 [00:04<00:06, 113.51w/s, dev=1]          
language_model.model.layers.15.self_attn.q_proj.weight:  37%|███▋      | 456/1223 [00:04<00:06, 113.76w/s, dev=1]
language_model.model.layers.15.self_attn.q_proj_moe_gen.bias:  37%|███▋      | 457/1223 [00:04<00:06, 113.86w/s, dev=1]
language_model.model.layers.15.self_attn.q_proj_moe_gen.weight:  37%|███▋      | 458/1223 [00:04<00:06, 114.10w/s, dev=1]
language_model.model.layers.15.self_attn.v_proj.bias:  38%|███▊      | 459/1223 [00:04<00:06, 114.21w/s, dev=1]          
language_model.model.layers.15.self_attn.v_proj.weight:  38%|███▊      | 460/1223 [00:04<00:06, 114.45w/s, dev=1]
language_model.model.layers.15.self_attn.v_proj_moe_gen.bias:  38%|███▊      | 461/1223 [00:04<00:06, 114.67w/s, dev=1]
language_model.model.layers.15.self_attn.v_proj_moe_gen.weight:  38%|███▊      | 462/1223 [00:04<00:06, 114.92w/s, dev=1]
language_model.model.layers.16.input_layernorm.weight:  38%|███▊      | 463/1223 [00:04<00:06, 115.14w/s, dev=1]         
language_model.model.layers.16.input_layernorm_moe_gen.weight:  38%|███▊      | 464/1223 [00:04<00:06, 115.39w/s, dev=1]
language_model.model.layers.16.mlp.down_proj.weight:  38%|███▊      | 465/1223 [00:04<00:06, 115.63w/s, dev=1]          
language_model.model.layers.16.mlp.gate_proj.weight:  38%|███▊      | 466/1223 [00:04<00:06, 115.13w/s, dev=1]
language_model.model.layers.16.mlp.up_proj.weight:  38%|███▊      | 467/1223 [00:04<00:06, 114.52w/s, dev=1]  
language_model.model.layers.16.mlp_moe_gen.down_proj.weight:  38%|███▊      | 468/1223 [00:04<00:06, 114.04w/s, dev=1]
language_model.model.layers.16.mlp_moe_gen.gate_proj.weight:  38%|███▊      | 469/1223 [00:04<00:06, 113.57w/s, dev=1]
language_model.model.layers.16.mlp_moe_gen.up_proj.weight:  38%|███▊      | 470/1223 [00:04<00:06, 113.10w/s, dev=1]  
language_model.model.layers.16.post_attention_layernorm.weight:  39%|███▊      | 471/1223 [00:04<00:06, 112.63w/s, dev=1]
language_model.model.layers.16.post_attention_layernorm_moe_gen.weight:  39%|███▊      | 472/1223 [00:04<00:06, 112.87w/s, dev=1]
language_model.model.layers.16.self_attn.k_norm.weight:  39%|███▊      | 473/1223 [00:04<00:06, 113.10w/s, dev=1]                
language_model.model.layers.16.self_attn.k_norm_moe_gen.weight:  39%|███▉      | 474/1223 [00:04<00:06, 113.34w/s, dev=1]
language_model.model.layers.16.self_attn.k_proj.bias:  39%|███▉      | 475/1223 [00:04<00:06, 113.58w/s, dev=1]          
language_model.model.layers.16.self_attn.k_proj.weight:  39%|███▉      | 476/1223 [00:04<00:06, 113.81w/s, dev=1]
language_model.model.layers.16.self_attn.k_proj_moe_gen.bias:  39%|███▉      | 477/1223 [00:04<00:06, 114.03w/s, dev=1]
language_model.model.layers.16.self_attn.k_proj_moe_gen.weight:  39%|███▉      | 478/1223 [00:04<00:06, 114.26w/s, dev=1]
language_model.model.layers.16.self_attn.o_proj.weight:  39%|███▉      | 479/1223 [00:04<00:06, 114.48w/s, dev=1]        
language_model.model.layers.16.self_attn.o_proj_moe_gen.weight:  39%|███▉      | 480/1223 [00:04<00:06, 114.58w/s, dev=1]
language_model.model.layers.16.self_attn.q_norm.weight:  39%|███▉      | 481/1223 [00:04<00:06, 114.67w/s, dev=1]        
language_model.model.layers.16.self_attn.q_norm_moe_gen.weight:  39%|███▉      | 482/1223 [00:04<00:06, 114.90w/s, dev=1]
language_model.model.layers.16.self_attn.q_proj.bias:  39%|███▉      | 483/1223 [00:04<00:06, 115.14w/s, dev=1]          
language_model.model.layers.16.self_attn.q_proj.bias:  40%|███▉      | 484/1223 [00:04<00:06, 115.37w/s, dev=1]
language_model.model.layers.16.self_attn.q_proj.weight:  40%|███▉      | 484/1223 [00:04<00:06, 115.37w/s, dev=1]
language_model.model.layers.16.self_attn.q_proj_moe_gen.bias:  40%|███▉      | 485/1223 [00:04<00:06, 115.47w/s, dev=1]
language_model.model.layers.16.self_attn.q_proj_moe_gen.weight:  40%|███▉      | 486/1223 [00:04<00:06, 115.70w/s, dev=1]
language_model.model.layers.16.self_attn.v_proj.bias:  40%|███▉      | 487/1223 [00:04<00:06, 115.67w/s, dev=1]          
language_model.model.layers.16.self_attn.v_proj.weight:  40%|███▉      | 488/1223 [00:04<00:06, 115.90w/s, dev=1]
language_model.model.layers.16.self_attn.v_proj_moe_gen.bias:  40%|███▉      | 489/1223 [00:04<00:06, 116.11w/s, dev=1]
language_model.model.layers.16.self_attn.v_proj_moe_gen.weight:  40%|████      | 490/1223 [00:04<00:06, 116.34w/s, dev=1]
language_model.model.layers.17.input_layernorm.weight:  40%|████      | 491/1223 [00:04<00:06, 116.55w/s, dev=1]         
language_model.model.layers.17.input_layernorm_moe_gen.weight:  40%|████      | 492/1223 [00:04<00:06, 116.78w/s, dev=1]
language_model.model.layers.17.mlp.down_proj.weight:  40%|████      | 493/1223 [00:04<00:06, 117.02w/s, dev=1]          
language_model.model.layers.17.mlp.gate_proj.weight:  40%|████      | 494/1223 [00:04<00:06, 116.55w/s, dev=1]
language_model.model.layers.17.mlp.up_proj.weight:  40%|████      | 495/1223 [00:04<00:06, 116.08w/s, dev=1]  
language_model.model.layers.17.mlp_moe_gen.down_proj.weight:  41%|████      | 496/1223 [00:04<00:06, 115.61w/s, dev=1]
language_model.model.layers.17.mlp_moe_gen.gate_proj.weight:  41%|████      | 497/1223 [00:04<00:06, 115.16w/s, dev=1]
language_model.model.layers.17.mlp_moe_gen.up_proj.weight:  41%|████      | 498/1223 [00:04<00:06, 114.71w/s, dev=1]  
language_model.model.layers.17.post_attention_layernorm.weight:  41%|████      | 499/1223 [00:04<00:06, 114.26w/s, dev=1]
language_model.model.layers.17.post_attention_layernorm_moe_gen.weight:  41%|████      | 500/1223 [00:04<00:06, 114.49w/s, dev=1]
language_model.model.layers.17.self_attn.k_norm.weight:  41%|████      | 501/1223 [00:04<00:06, 114.71w/s, dev=1]                
language_model.model.layers.17.self_attn.k_norm_moe_gen.weight:  41%|████      | 502/1223 [00:04<00:06, 114.94w/s, dev=1]
language_model.model.layers.17.self_attn.k_proj.bias:  41%|████      | 503/1223 [00:04<00:06, 115.16w/s, dev=1]          
language_model.model.layers.17.self_attn.k_proj.weight:  41%|████      | 504/1223 [00:04<00:06, 115.39w/s, dev=1]
language_model.model.layers.17.self_attn.k_proj_moe_gen.bias:  41%|████▏     | 505/1223 [00:04<00:06, 115.59w/s, dev=1]
language_model.model.layers.17.self_attn.k_proj_moe_gen.weight:  41%|████▏     | 506/1223 [00:04<00:06, 115.82w/s, dev=1]
language_model.model.layers.17.self_attn.o_proj.weight:  41%|████▏     | 507/1223 [00:04<00:06, 116.02w/s, dev=1]        
language_model.model.layers.17.self_attn.o_proj_moe_gen.weight:  42%|████▏     | 508/1223 [00:04<00:06, 116.11w/s, dev=1]
language_model.model.layers.17.self_attn.q_norm.weight:  42%|████▏     | 509/1223 [00:04<00:06, 116.20w/s, dev=1]        
language_model.model.layers.17.self_attn.q_norm_moe_gen.weight:  42%|████▏     | 510/1223 [00:04<00:06, 116.42w/s, dev=1]
language_model.model.layers.17.self_attn.q_proj.bias:  42%|████▏     | 511/1223 [00:04<00:06, 116.65w/s, dev=1]          
language_model.model.layers.17.self_attn.q_proj.weight:  42%|████▏     | 512/1223 [00:04<00:06, 116.87w/s, dev=1]
language_model.model.layers.17.self_attn.q_proj_moe_gen.bias:  42%|████▏     | 513/1223 [00:04<00:06, 116.97w/s, dev=1]
language_model.model.layers.17.self_attn.q_proj_moe_gen.weight:  42%|████▏     | 514/1223 [00:04<00:06, 117.19w/s, dev=1]
language_model.model.layers.17.self_attn.v_proj.bias:  42%|████▏     | 515/1223 [00:04<00:06, 117.28w/s, dev=1]          
language_model.model.layers.17.self_attn.v_proj.weight:  42%|████▏     | 516/1223 [00:04<00:06, 117.50w/s, dev=1]
language_model.model.layers.17.self_attn.v_proj_moe_gen.bias:  42%|████▏     | 517/1223 [00:04<00:05, 117.71w/s, dev=1]
language_model.model.layers.17.self_attn.v_proj_moe_gen.weight:  42%|████▏     | 518/1223 [00:04<00:05, 117.93w/s, dev=1]
language_model.model.layers.18.input_layernorm.weight:  42%|████▏     | 519/1223 [00:04<00:05, 118.13w/s, dev=1]         
language_model.model.layers.18.input_layernorm.weight:  43%|████▎     | 520/1223 [00:04<00:05, 118.36w/s, dev=1]
language_model.model.layers.18.input_layernorm_moe_gen.weight:  43%|████▎     | 520/1223 [00:04<00:05, 118.35w/s, dev=1]
language_model.model.layers.18.mlp.down_proj.weight:  43%|████▎     | 521/1223 [00:04<00:05, 118.58w/s, dev=1]          
language_model.model.layers.18.mlp.gate_proj.weight:  43%|████▎     | 522/1223 [00:04<00:05, 117.92w/s, dev=1]
language_model.model.layers.18.mlp.up_proj.weight:  43%|████▎     | 523/1223 [00:04<00:05, 117.42w/s, dev=1]  
language_model.model.layers.18.mlp_moe_gen.down_proj.weight:  43%|████▎     | 524/1223 [00:04<00:05, 116.92w/s, dev=1]
language_model.model.layers.18.mlp_moe_gen.gate_proj.weight:  43%|████▎     | 525/1223 [00:04<00:05, 116.42w/s, dev=1]
language_model.model.layers.18.mlp_moe_gen.up_proj.weight:  43%|████▎     | 526/1223 [00:04<00:06, 115.93w/s, dev=1]  
language_model.model.layers.18.post_attention_layernorm.weight:  43%|████▎     | 527/1223 [00:04<00:06, 115.46w/s, dev=1]
language_model.model.layers.18.post_attention_layernorm_moe_gen.weight:  43%|████▎     | 528/1223 [00:04<00:06, 115.68w/s, dev=1]
language_model.model.layers.18.self_attn.k_norm.weight:  43%|████▎     | 529/1223 [00:04<00:05, 115.89w/s, dev=1]                
language_model.model.layers.18.self_attn.k_norm_moe_gen.weight:  43%|████▎     | 530/1223 [00:04<00:05, 116.11w/s, dev=1]
language_model.model.layers.18.self_attn.k_proj.bias:  43%|████▎     | 531/1223 [00:04<00:05, 116.32w/s, dev=1]          
language_model.model.layers.18.self_attn.k_proj.weight:  43%|████▎     | 532/1223 [00:04<00:05, 116.54w/s, dev=1]
language_model.model.layers.18.self_attn.k_proj_moe_gen.bias:  44%|████▎     | 533/1223 [00:04<00:05, 116.74w/s, dev=1]
language_model.model.layers.18.self_attn.k_proj_moe_gen.weight:  44%|████▎     | 534/1223 [00:04<00:05, 116.95w/s, dev=1]
language_model.model.layers.18.self_attn.o_proj.weight:  44%|████▎     | 535/1223 [00:04<00:05, 117.15w/s, dev=1]        
language_model.model.layers.18.self_attn.o_proj_moe_gen.weight:  44%|████▍     | 536/1223 [00:04<00:05, 117.22w/s, dev=1]
language_model.model.layers.18.self_attn.q_norm.weight:  44%|████▍     | 537/1223 [00:04<00:05, 117.30w/s, dev=1]        
language_model.model.layers.18.self_attn.q_norm_moe_gen.weight:  44%|████▍     | 538/1223 [00:04<00:05, 117.51w/s, dev=1]
language_model.model.layers.18.self_attn.q_proj.bias:  44%|████▍     | 539/1223 [00:04<00:05, 117.73w/s, dev=1]          
language_model.model.layers.18.self_attn.q_proj.weight:  44%|████▍     | 540/1223 [00:04<00:05, 117.94w/s, dev=1]
language_model.model.layers.18.self_attn.q_proj_moe_gen.bias:  44%|████▍     | 541/1223 [00:04<00:05, 117.90w/s, dev=1]
language_model.model.layers.18.self_attn.q_proj_moe_gen.weight:  44%|████▍     | 542/1223 [00:04<00:05, 118.11w/s, dev=1]
language_model.model.layers.18.self_attn.v_proj.bias:  44%|████▍     | 543/1223 [00:04<00:05, 118.20w/s, dev=1]          
language_model.model.layers.18.self_attn.v_proj.weight:  44%|████▍     | 544/1223 [00:04<00:05, 118.41w/s, dev=1]
language_model.model.layers.18.self_attn.v_proj_moe_gen.bias:  45%|████▍     | 545/1223 [00:04<00:05, 118.60w/s, dev=1]
language_model.model.layers.18.self_attn.v_proj_moe_gen.weight:  45%|████▍     | 546/1223 [00:04<00:05, 118.82w/s, dev=1]
language_model.model.layers.19.input_layernorm.weight:  45%|████▍     | 547/1223 [00:04<00:05, 119.01w/s, dev=1]         
language_model.model.layers.19.input_layernorm_moe_gen.weight:  45%|████▍     | 548/1223 [00:04<00:05, 119.22w/s, dev=1]
language_model.model.layers.19.mlp.down_proj.weight:  45%|████▍     | 549/1223 [00:04<00:05, 119.44w/s, dev=1]          
language_model.model.layers.19.mlp.gate_proj.weight:  45%|████▍     | 550/1223 [00:04<00:05, 118.99w/s, dev=1]
language_model.model.layers.19.mlp.up_proj.weight:  45%|████▌     | 551/1223 [00:04<00:05, 118.54w/s, dev=1]  
language_model.model.layers.19.mlp_moe_gen.down_proj.weight:  45%|████▌     | 552/1223 [00:04<00:05, 118.11w/s, dev=1]
language_model.model.layers.19.mlp_moe_gen.gate_proj.weight:  45%|████▌     | 553/1223 [00:04<00:05, 117.67w/s, dev=1]
language_model.model.layers.19.mlp_moe_gen.up_proj.weight:  45%|████▌     | 554/1223 [00:04<00:05, 117.24w/s, dev=1]  
language_model.model.layers.19.post_attention_layernorm.weight:  45%|████▌     | 555/1223 [00:04<00:05, 116.82w/s, dev=1]
language_model.model.layers.19.post_attention_layernorm.weight:  45%|████▌     | 556/1223 [00:04<00:05, 117.02w/s, dev=1]
language_model.model.layers.19.post_attention_layernorm_moe_gen.weight:  45%|████▌     | 556/1223 [00:04<00:05, 117.02w/s, dev=1]
language_model.model.layers.19.self_attn.k_norm.weight:  46%|████▌     | 557/1223 [00:04<00:05, 117.23w/s, dev=1]                
language_model.model.layers.19.self_attn.k_norm_moe_gen.weight:  46%|████▌     | 558/1223 [00:04<00:05, 117.44w/s, dev=1]
language_model.model.layers.19.self_attn.k_proj.bias:  46%|████▌     | 559/1223 [00:04<00:05, 117.65w/s, dev=1]          
language_model.model.layers.19.self_attn.k_proj.weight:  46%|████▌     | 560/1223 [00:04<00:05, 117.85w/s, dev=1]
language_model.model.layers.19.self_attn.k_proj_moe_gen.bias:  46%|████▌     | 561/1223 [00:04<00:05, 118.04w/s, dev=1]
language_model.model.layers.19.self_attn.k_proj_moe_gen.weight:  46%|████▌     | 562/1223 [00:04<00:05, 118.24w/s, dev=1]
language_model.model.layers.19.self_attn.o_proj.weight:  46%|████▌     | 563/1223 [00:04<00:05, 118.43w/s, dev=1]        
language_model.model.layers.19.self_attn.o_proj_moe_gen.weight:  46%|████▌     | 564/1223 [00:04<00:05, 118.51w/s, dev=1]
language_model.model.layers.19.self_attn.q_norm.weight:  46%|████▌     | 565/1223 [00:04<00:05, 118.59w/s, dev=1]        
language_model.model.layers.19.self_attn.q_norm_moe_gen.weight:  46%|████▋     | 566/1223 [00:04<00:05, 118.80w/s, dev=1]
language_model.model.layers.19.self_attn.q_proj.bias:  46%|████▋     | 567/1223 [00:04<00:05, 119.01w/s, dev=1]          
language_model.model.layers.19.self_attn.q_proj.weight:  46%|████▋     | 568/1223 [00:04<00:05, 119.21w/s, dev=1]
language_model.model.layers.19.self_attn.q_proj_moe_gen.bias:  47%|████▋     | 569/1223 [00:04<00:05, 119.30w/s, dev=1]
language_model.model.layers.19.self_attn.q_proj_moe_gen.weight:  47%|████▋     | 570/1223 [00:04<00:05, 119.50w/s, dev=1]
language_model.model.layers.19.self_attn.v_proj.bias:  47%|████▋     | 571/1223 [00:04<00:05, 119.58w/s, dev=1]          
language_model.model.layers.19.self_attn.v_proj.weight:  47%|████▋     | 572/1223 [00:04<00:05, 119.79w/s, dev=1]
language_model.model.layers.19.self_attn.v_proj_moe_gen.bias:  47%|████▋     | 573/1223 [00:04<00:05, 119.97w/s, dev=1]
language_model.model.layers.19.self_attn.v_proj_moe_gen.weight:  47%|████▋     | 574/1223 [00:04<00:05, 120.18w/s, dev=1]
language_model.model.layers.20.input_layernorm.weight:  47%|████▋     | 575/1223 [00:05<00:05, 108.67w/s, dev=cpu]       
language_model.model.layers.20.input_layernorm_moe_gen.weight:  47%|████▋     | 576/1223 [00:05<00:05, 108.85w/s, dev=cpu]
language_model.model.layers.20.mlp.down_proj.weight:  47%|████▋     | 577/1223 [00:05<00:05, 109.04w/s, dev=cpu]          
language_model.model.layers.20.mlp.gate_proj.weight:  47%|████▋     | 578/1223 [00:05<00:05, 109.22w/s, dev=cpu]
language_model.model.layers.20.mlp.up_proj.weight:  47%|████▋     | 579/1223 [00:05<00:05, 109.41w/s, dev=cpu]  
language_model.model.layers.20.mlp_moe_gen.down_proj.weight:  47%|████▋     | 580/1223 [00:05<00:05, 109.60w/s, dev=cpu]
language_model.model.layers.20.mlp_moe_gen.gate_proj.weight:  48%|████▊     | 581/1223 [00:05<00:05, 109.78w/s, dev=cpu]
language_model.model.layers.20.mlp_moe_gen.up_proj.weight:  48%|████▊     | 582/1223 [00:05<00:05, 109.97w/s, dev=cpu]  
language_model.model.layers.20.post_attention_layernorm.weight:  48%|████▊     | 583/1223 [00:05<00:05, 110.16w/s, dev=cpu]
language_model.model.layers.20.post_attention_layernorm_moe_gen.weight:  48%|████▊     | 584/1223 [00:05<00:05, 110.34w/s, dev=cpu]
language_model.model.layers.20.self_attn.k_norm.weight:  48%|████▊     | 585/1223 [00:05<00:05, 110.53w/s, dev=cpu]                
language_model.model.layers.20.self_attn.k_norm_moe_gen.weight:  48%|████▊     | 586/1223 [00:05<00:05, 110.72w/s, dev=cpu]
language_model.model.layers.20.self_attn.k_proj.bias:  48%|████▊     | 587/1223 [00:05<00:05, 110.91w/s, dev=cpu]          
language_model.model.layers.20.self_attn.k_proj.weight:  48%|████▊     | 588/1223 [00:05<00:05, 111.09w/s, dev=cpu]
language_model.model.layers.20.self_attn.k_proj_moe_gen.bias:  48%|████▊     | 589/1223 [00:05<00:05, 111.28w/s, dev=cpu]
language_model.model.layers.20.self_attn.k_proj_moe_gen.weight:  48%|████▊     | 590/1223 [00:05<00:05, 111.47w/s, dev=cpu]
language_model.model.layers.20.self_attn.o_proj.weight:  48%|████▊     | 591/1223 [00:05<00:05, 111.65w/s, dev=cpu]        
language_model.model.layers.20.self_attn.o_proj.weight:  48%|████▊     | 592/1223 [00:05<00:05, 111.84w/s, dev=cpu]
language_model.model.layers.20.self_attn.o_proj_moe_gen.weight:  48%|████▊     | 592/1223 [00:05<00:05, 111.84w/s, dev=cpu]
language_model.model.layers.20.self_attn.q_norm.weight:  48%|████▊     | 593/1223 [00:05<00:05, 112.03w/s, dev=cpu]        
language_model.model.layers.20.self_attn.q_norm_moe_gen.weight:  49%|████▊     | 594/1223 [00:05<00:05, 112.21w/s, dev=cpu]
language_model.model.layers.20.self_attn.q_proj.bias:  49%|████▊     | 595/1223 [00:05<00:05, 112.40w/s, dev=cpu]          
language_model.model.layers.20.self_attn.q_proj.weight:  49%|████▊     | 596/1223 [00:05<00:05, 112.59w/s, dev=cpu]
language_model.model.layers.20.self_attn.q_proj_moe_gen.bias:  49%|████▉     | 597/1223 [00:05<00:05, 112.78w/s, dev=cpu]
language_model.model.layers.20.self_attn.q_proj_moe_gen.weight:  49%|████▉     | 598/1223 [00:05<00:05, 112.96w/s, dev=cpu]
language_model.model.layers.20.self_attn.v_proj.bias:  49%|████▉     | 599/1223 [00:05<00:05, 113.15w/s, dev=cpu]          
language_model.model.layers.20.self_attn.v_proj.weight:  49%|████▉     | 600/1223 [00:05<00:05, 113.34w/s, dev=cpu]
language_model.model.layers.20.self_attn.v_proj_moe_gen.bias:  49%|████▉     | 601/1223 [00:05<00:05, 113.52w/s, dev=cpu]
language_model.model.layers.20.self_attn.v_proj_moe_gen.weight:  49%|████▉     | 602/1223 [00:05<00:05, 113.71w/s, dev=cpu]
language_model.model.layers.21.input_layernorm.weight:  49%|████▉     | 603/1223 [00:05<00:05, 113.90w/s, dev=cpu]         
language_model.model.layers.21.input_layernorm_moe_gen.weight:  49%|████▉     | 604/1223 [00:05<00:05, 114.09w/s, dev=cpu]
language_model.model.layers.21.mlp.down_proj.weight:  49%|████▉     | 605/1223 [00:05<00:05, 114.27w/s, dev=cpu]          
language_model.model.layers.21.mlp.gate_proj.weight:  50%|████▉     | 606/1223 [00:05<00:05, 114.46w/s, dev=cpu]
language_model.model.layers.21.mlp.up_proj.weight:  50%|████▉     | 607/1223 [00:05<00:05, 114.65w/s, dev=cpu]  
language_model.model.layers.21.mlp_moe_gen.down_proj.weight:  50%|████▉     | 608/1223 [00:05<00:05, 114.83w/s, dev=cpu]
language_model.model.layers.21.mlp_moe_gen.gate_proj.weight:  50%|████▉     | 609/1223 [00:05<00:05, 115.02w/s, dev=cpu]
language_model.model.layers.21.mlp_moe_gen.up_proj.weight:  50%|████▉     | 610/1223 [00:05<00:05, 115.21w/s, dev=cpu]  
language_model.model.layers.21.post_attention_layernorm.weight:  50%|████▉     | 611/1223 [00:05<00:05, 115.39w/s, dev=cpu]
language_model.model.layers.21.post_attention_layernorm_moe_gen.weight:  50%|█████     | 612/1223 [00:05<00:05, 115.58w/s, dev=cpu]
language_model.model.layers.21.self_attn.k_norm.weight:  50%|█████     | 613/1223 [00:05<00:05, 115.77w/s, dev=cpu]                
language_model.model.layers.21.self_attn.k_norm_moe_gen.weight:  50%|█████     | 614/1223 [00:05<00:05, 115.96w/s, dev=cpu]
language_model.model.layers.21.self_attn.k_proj.bias:  50%|█████     | 615/1223 [00:05<00:05, 116.14w/s, dev=cpu]          
language_model.model.layers.21.self_attn.k_proj.weight:  50%|█████     | 616/1223 [00:05<00:05, 116.33w/s, dev=cpu]
language_model.model.layers.21.self_attn.k_proj_moe_gen.bias:  50%|█████     | 617/1223 [00:05<00:05, 116.52w/s, dev=cpu]
language_model.model.layers.21.self_attn.k_proj_moe_gen.weight:  51%|█████     | 618/1223 [00:05<00:05, 116.70w/s, dev=cpu]
language_model.model.layers.21.self_attn.o_proj.weight:  51%|█████     | 619/1223 [00:05<00:05, 116.89w/s, dev=cpu]        
language_model.model.layers.21.self_attn.o_proj_moe_gen.weight:  51%|█████     | 620/1223 [00:05<00:05, 117.08w/s, dev=cpu]
language_model.model.layers.21.self_attn.q_norm.weight:  51%|█████     | 621/1223 [00:05<00:05, 117.26w/s, dev=cpu]        
language_model.model.layers.21.self_attn.q_norm_moe_gen.weight:  51%|█████     | 622/1223 [00:05<00:05, 117.45w/s, dev=cpu]
language_model.model.layers.21.self_attn.q_proj.bias:  51%|█████     | 623/1223 [00:05<00:05, 117.64w/s, dev=cpu]          
language_model.model.layers.21.self_attn.q_proj.weight:  51%|█████     | 624/1223 [00:05<00:05, 117.83w/s, dev=cpu]
language_model.model.layers.21.self_attn.q_proj_moe_gen.bias:  51%|█████     | 625/1223 [00:05<00:05, 118.01w/s, dev=cpu]
language_model.model.layers.21.self_attn.q_proj_moe_gen.weight:  51%|█████     | 626/1223 [00:05<00:05, 118.20w/s, dev=cpu]
language_model.model.layers.21.self_attn.v_proj.bias:  51%|█████▏    | 627/1223 [00:05<00:05, 118.39w/s, dev=cpu]          
language_model.model.layers.21.self_attn.v_proj.weight:  51%|█████▏    | 628/1223 [00:05<00:05, 118.57w/s, dev=cpu]
language_model.model.layers.21.self_attn.v_proj_moe_gen.bias:  51%|█████▏    | 629/1223 [00:05<00:05, 118.76w/s, dev=cpu]
language_model.model.layers.21.self_attn.v_proj_moe_gen.weight:  52%|█████▏    | 630/1223 [00:05<00:04, 118.95w/s, dev=cpu]
language_model.model.layers.22.input_layernorm.weight:  52%|█████▏    | 631/1223 [00:05<00:04, 119.13w/s, dev=cpu]         
language_model.model.layers.22.input_layernorm_moe_gen.weight:  52%|█████▏    | 632/1223 [00:05<00:04, 119.32w/s, dev=cpu]
language_model.model.layers.22.mlp.down_proj.weight:  52%|█████▏    | 633/1223 [00:05<00:04, 119.51w/s, dev=cpu]          
language_model.model.layers.22.mlp.gate_proj.weight:  52%|█████▏    | 634/1223 [00:05<00:04, 119.69w/s, dev=cpu]
language_model.model.layers.22.mlp.up_proj.weight:  52%|█████▏    | 635/1223 [00:05<00:04, 119.88w/s, dev=cpu]  
language_model.model.layers.22.mlp_moe_gen.down_proj.weight:  52%|█████▏    | 636/1223 [00:05<00:04, 120.07w/s, dev=cpu]
language_model.model.layers.22.mlp_moe_gen.gate_proj.weight:  52%|█████▏    | 637/1223 [00:05<00:04, 120.25w/s, dev=cpu]
language_model.model.layers.22.mlp_moe_gen.up_proj.weight:  52%|█████▏    | 638/1223 [00:05<00:04, 120.44w/s, dev=cpu]  
language_model.model.layers.22.post_attention_layernorm.weight:  52%|█████▏    | 639/1223 [00:05<00:04, 120.63w/s, dev=cpu]
language_model.model.layers.22.post_attention_layernorm_moe_gen.weight:  52%|█████▏    | 640/1223 [00:05<00:04, 120.81w/s, dev=cpu]
language_model.model.layers.22.self_attn.k_norm.weight:  52%|█████▏    | 641/1223 [00:05<00:04, 121.00w/s, dev=cpu]                
language_model.model.layers.22.self_attn.k_norm_moe_gen.weight:  52%|█████▏    | 642/1223 [00:05<00:04, 121.19w/s, dev=cpu]
language_model.model.layers.22.self_attn.k_proj.bias:  53%|█████▎    | 643/1223 [00:05<00:04, 121.37w/s, dev=cpu]          
language_model.model.layers.22.self_attn.k_proj.weight:  53%|█████▎    | 644/1223 [00:05<00:04, 121.56w/s, dev=cpu]
language_model.model.layers.22.self_attn.k_proj_moe_gen.bias:  53%|█████▎    | 645/1223 [00:05<00:04, 121.75w/s, dev=cpu]
language_model.model.layers.22.self_attn.k_proj_moe_gen.weight:  53%|█████▎    | 646/1223 [00:05<00:04, 121.94w/s, dev=cpu]
language_model.model.layers.22.self_attn.o_proj.weight:  53%|█████▎    | 647/1223 [00:05<00:04, 122.12w/s, dev=cpu]        
language_model.model.layers.22.self_attn.o_proj_moe_gen.weight:  53%|█████▎    | 648/1223 [00:05<00:04, 122.31w/s, dev=cpu]
language_model.model.layers.22.self_attn.q_norm.weight:  53%|█████▎    | 649/1223 [00:05<00:04, 122.50w/s, dev=cpu]        
language_model.model.layers.22.self_attn.q_norm_moe_gen.weight:  53%|█████▎    | 650/1223 [00:05<00:04, 122.68w/s, dev=cpu]
language_model.model.layers.22.self_attn.q_proj.bias:  53%|█████▎    | 651/1223 [00:05<00:04, 122.87w/s, dev=cpu]          
language_model.model.layers.22.self_attn.q_proj.weight:  53%|█████▎    | 652/1223 [00:05<00:04, 123.06w/s, dev=cpu]
language_model.model.layers.22.self_attn.q_proj_moe_gen.bias:  53%|█████▎    | 653/1223 [00:05<00:04, 123.24w/s, dev=cpu]
language_model.model.layers.22.self_attn.q_proj_moe_gen.weight:  53%|█████▎    | 654/1223 [00:05<00:04, 123.43w/s, dev=cpu]
language_model.model.layers.22.self_attn.v_proj.bias:  54%|█████▎    | 655/1223 [00:05<00:04, 123.62w/s, dev=cpu]          
language_model.model.layers.22.self_attn.v_proj.weight:  54%|█████▎    | 656/1223 [00:05<00:04, 123.80w/s, dev=cpu]
language_model.model.layers.22.self_attn.v_proj_moe_gen.bias:  54%|█████▎    | 657/1223 [00:05<00:04, 123.99w/s, dev=cpu]
language_model.model.layers.22.self_attn.v_proj_moe_gen.weight:  54%|█████▍    | 658/1223 [00:05<00:04, 124.18w/s, dev=cpu]
language_model.model.layers.23.input_layernorm.weight:  54%|█████▍    | 659/1223 [00:05<00:04, 124.36w/s, dev=cpu]         
language_model.model.layers.23.input_layernorm_moe_gen.weight:  54%|█████▍    | 660/1223 [00:05<00:04, 124.55w/s, dev=cpu]
language_model.model.layers.23.mlp.down_proj.weight:  54%|█████▍    | 661/1223 [00:05<00:04, 124.74w/s, dev=cpu]          
language_model.model.layers.23.mlp.gate_proj.weight:  54%|█████▍    | 662/1223 [00:05<00:04, 124.93w/s, dev=cpu]
language_model.model.layers.23.mlp.up_proj.weight:  54%|█████▍    | 663/1223 [00:05<00:04, 125.11w/s, dev=cpu]  
language_model.model.layers.23.mlp_moe_gen.down_proj.weight:  54%|█████▍    | 664/1223 [00:05<00:04, 125.30w/s, dev=cpu]
language_model.model.layers.23.mlp_moe_gen.gate_proj.weight:  54%|█████▍    | 665/1223 [00:05<00:04, 125.48w/s, dev=cpu]
language_model.model.layers.23.mlp_moe_gen.up_proj.weight:  54%|█████▍    | 666/1223 [00:05<00:04, 125.67w/s, dev=cpu]  
language_model.model.layers.23.post_attention_layernorm.weight:  55%|█████▍    | 667/1223 [00:05<00:04, 125.86w/s, dev=cpu]
language_model.model.layers.23.post_attention_layernorm_moe_gen.weight:  55%|█████▍    | 668/1223 [00:05<00:04, 126.04w/s, dev=cpu]
language_model.model.layers.23.self_attn.k_norm.weight:  55%|█████▍    | 669/1223 [00:05<00:04, 126.23w/s, dev=cpu]                
language_model.model.layers.23.self_attn.k_norm_moe_gen.weight:  55%|█████▍    | 670/1223 [00:05<00:04, 126.42w/s, dev=cpu]
language_model.model.layers.23.self_attn.k_proj.bias:  55%|█████▍    | 671/1223 [00:05<00:04, 126.60w/s, dev=cpu]          
language_model.model.layers.23.self_attn.k_proj.weight:  55%|█████▍    | 672/1223 [00:05<00:04, 126.79w/s, dev=cpu]
language_model.model.layers.23.self_attn.k_proj_moe_gen.bias:  55%|█████▌    | 673/1223 [00:05<00:04, 126.98w/s, dev=cpu]
language_model.model.layers.23.self_attn.k_proj_moe_gen.weight:  55%|█████▌    | 674/1223 [00:05<00:04, 127.16w/s, dev=cpu]
language_model.model.layers.23.self_attn.o_proj.weight:  55%|█████▌    | 675/1223 [00:05<00:04, 127.35w/s, dev=cpu]        
language_model.model.layers.23.self_attn.o_proj_moe_gen.weight:  55%|█████▌    | 676/1223 [00:05<00:04, 127.54w/s, dev=cpu]
language_model.model.layers.23.self_attn.q_norm.weight:  55%|█████▌    | 677/1223 [00:05<00:04, 127.72w/s, dev=cpu]        
language_model.model.layers.23.self_attn.q_norm_moe_gen.weight:  55%|█████▌    | 678/1223 [00:05<00:04, 127.91w/s, dev=cpu]
language_model.model.layers.23.self_attn.q_proj.bias:  56%|█████▌    | 679/1223 [00:05<00:04, 128.10w/s, dev=cpu]          
language_model.model.layers.23.self_attn.q_proj.weight:  56%|█████▌    | 680/1223 [00:05<00:04, 128.28w/s, dev=cpu]
language_model.model.layers.23.self_attn.q_proj_moe_gen.bias:  56%|█████▌    | 681/1223 [00:05<00:04, 128.47w/s, dev=cpu]
language_model.model.layers.23.self_attn.q_proj_moe_gen.weight:  56%|█████▌    | 682/1223 [00:05<00:04, 128.66w/s, dev=cpu]
language_model.model.layers.23.self_attn.v_proj.bias:  56%|█████▌    | 683/1223 [00:05<00:04, 128.85w/s, dev=cpu]          
language_model.model.layers.23.self_attn.v_proj.weight:  56%|█████▌    | 684/1223 [00:05<00:04, 129.03w/s, dev=cpu]
language_model.model.layers.23.self_attn.v_proj_moe_gen.bias:  56%|█████▌    | 685/1223 [00:05<00:04, 129.22w/s, dev=cpu]
language_model.model.layers.23.self_attn.v_proj_moe_gen.weight:  56%|█████▌    | 686/1223 [00:05<00:04, 129.41w/s, dev=cpu]
language_model.model.layers.24.input_layernorm.weight:  56%|█████▌    | 687/1223 [00:05<00:04, 129.59w/s, dev=cpu]         
language_model.model.layers.24.input_layernorm_moe_gen.weight:  56%|█████▋    | 688/1223 [00:05<00:04, 129.78w/s, dev=cpu]
language_model.model.layers.24.mlp.down_proj.weight:  56%|█████▋    | 689/1223 [00:05<00:04, 129.97w/s, dev=cpu]          
language_model.model.layers.24.mlp.gate_proj.weight:  56%|█████▋    | 690/1223 [00:05<00:04, 130.15w/s, dev=cpu]
language_model.model.layers.24.mlp.up_proj.weight:  57%|█████▋    | 691/1223 [00:05<00:04, 130.34w/s, dev=cpu]  
language_model.model.layers.24.mlp_moe_gen.down_proj.weight:  57%|█████▋    | 692/1223 [00:05<00:04, 130.52w/s, dev=cpu]
language_model.model.layers.24.mlp_moe_gen.gate_proj.weight:  57%|█████▋    | 693/1223 [00:05<00:04, 130.71w/s, dev=cpu]
language_model.model.layers.24.mlp_moe_gen.up_proj.weight:  57%|█████▋    | 694/1223 [00:05<00:04, 130.90w/s, dev=cpu]  
language_model.model.layers.24.post_attention_layernorm.weight:  57%|█████▋    | 695/1223 [00:05<00:04, 131.08w/s, dev=cpu]
language_model.model.layers.24.post_attention_layernorm_moe_gen.weight:  57%|█████▋    | 696/1223 [00:05<00:04, 131.27w/s, dev=cpu]
language_model.model.layers.24.self_attn.k_norm.weight:  57%|█████▋    | 697/1223 [00:05<00:04, 131.46w/s, dev=cpu]                
language_model.model.layers.24.self_attn.k_norm_moe_gen.weight:  57%|█████▋    | 698/1223 [00:05<00:03, 131.64w/s, dev=cpu]
language_model.model.layers.24.self_attn.k_proj.bias:  57%|█████▋    | 699/1223 [00:05<00:03, 131.83w/s, dev=cpu]          
language_model.model.layers.24.self_attn.k_proj.weight:  57%|█████▋    | 700/1223 [00:05<00:03, 132.02w/s, dev=cpu]
language_model.model.layers.24.self_attn.k_proj_moe_gen.bias:  57%|█████▋    | 701/1223 [00:05<00:03, 132.20w/s, dev=cpu]
language_model.model.layers.24.self_attn.k_proj_moe_gen.weight:  57%|█████▋    | 702/1223 [00:05<00:03, 132.39w/s, dev=cpu]
language_model.model.layers.24.self_attn.o_proj.weight:  57%|█████▋    | 703/1223 [00:05<00:03, 132.58w/s, dev=cpu]        
language_model.model.layers.24.self_attn.o_proj_moe_gen.weight:  58%|█████▊    | 704/1223 [00:05<00:03, 132.76w/s, dev=cpu]
language_model.model.layers.24.self_attn.q_norm.weight:  58%|█████▊    | 705/1223 [00:05<00:03, 132.95w/s, dev=cpu]        
language_model.model.layers.24.self_attn.q_norm_moe_gen.weight:  58%|█████▊    | 706/1223 [00:05<00:03, 133.14w/s, dev=cpu]
language_model.model.layers.24.self_attn.q_proj.bias:  58%|█████▊    | 707/1223 [00:05<00:03, 133.32w/s, dev=cpu]          
language_model.model.layers.24.self_attn.q_proj.weight:  58%|█████▊    | 708/1223 [00:05<00:03, 133.51w/s, dev=cpu]
language_model.model.layers.24.self_attn.q_proj_moe_gen.bias:  58%|█████▊    | 709/1223 [00:05<00:03, 133.70w/s, dev=cpu]
language_model.model.layers.24.self_attn.q_proj_moe_gen.weight:  58%|█████▊    | 710/1223 [00:05<00:03, 133.88w/s, dev=cpu]
language_model.model.layers.24.self_attn.v_proj.bias:  58%|█████▊    | 711/1223 [00:05<00:03, 134.07w/s, dev=cpu]          
language_model.model.layers.24.self_attn.v_proj.weight:  58%|█████▊    | 712/1223 [00:05<00:03, 134.26w/s, dev=cpu]
language_model.model.layers.24.self_attn.v_proj_moe_gen.bias:  58%|█████▊    | 713/1223 [00:05<00:03, 134.44w/s, dev=cpu]
language_model.model.layers.24.self_attn.v_proj_moe_gen.weight:  58%|█████▊    | 714/1223 [00:05<00:03, 134.63w/s, dev=cpu]
language_model.model.layers.25.input_layernorm.weight:  58%|█████▊    | 715/1223 [00:05<00:03, 134.82w/s, dev=cpu]         
language_model.model.layers.25.input_layernorm_moe_gen.weight:  59%|█████▊    | 716/1223 [00:05<00:03, 135.00w/s, dev=cpu]
language_model.model.layers.25.mlp.down_proj.weight:  59%|█████▊    | 717/1223 [00:05<00:03, 135.19w/s, dev=cpu]          
language_model.model.layers.25.mlp.gate_proj.weight:  59%|█████▊    | 718/1223 [00:05<00:03, 135.38w/s, dev=cpu]
language_model.model.layers.25.mlp.up_proj.weight:  59%|█████▉    | 719/1223 [00:05<00:03, 135.56w/s, dev=cpu]  
language_model.model.layers.25.mlp_moe_gen.down_proj.weight:  59%|█████▉    | 720/1223 [00:05<00:03, 135.75w/s, dev=cpu]
language_model.model.layers.25.mlp_moe_gen.gate_proj.weight:  59%|█████▉    | 721/1223 [00:05<00:03, 135.93w/s, dev=cpu]
language_model.model.layers.25.mlp_moe_gen.up_proj.weight:  59%|█████▉    | 722/1223 [00:05<00:03, 136.12w/s, dev=cpu]  
language_model.model.layers.25.post_attention_layernorm.weight:  59%|█████▉    | 723/1223 [00:05<00:03, 136.31w/s, dev=cpu]
language_model.model.layers.25.post_attention_layernorm_moe_gen.weight:  59%|█████▉    | 724/1223 [00:05<00:03, 136.49w/s, dev=cpu]
language_model.model.layers.25.self_attn.k_norm.weight:  59%|█████▉    | 725/1223 [00:05<00:03, 136.68w/s, dev=cpu]                
language_model.model.layers.25.self_attn.k_norm_moe_gen.weight:  59%|█████▉    | 726/1223 [00:05<00:03, 136.87w/s, dev=cpu]
language_model.model.layers.25.self_attn.k_proj.bias:  59%|█████▉    | 727/1223 [00:05<00:03, 137.05w/s, dev=cpu]          
language_model.model.layers.25.self_attn.k_proj.weight:  60%|█████▉    | 728/1223 [00:05<00:03, 137.24w/s, dev=cpu]
language_model.model.layers.25.self_attn.k_proj_moe_gen.bias:  60%|█████▉    | 729/1223 [00:05<00:03, 137.42w/s, dev=cpu]
language_model.model.layers.25.self_attn.k_proj_moe_gen.weight:  60%|█████▉    | 730/1223 [00:05<00:03, 137.61w/s, dev=cpu]
language_model.model.layers.25.self_attn.o_proj.weight:  60%|█████▉    | 731/1223 [00:05<00:03, 137.80w/s, dev=cpu]        
language_model.model.layers.25.self_attn.o_proj_moe_gen.weight:  60%|█████▉    | 732/1223 [00:05<00:03, 137.98w/s, dev=cpu]
language_model.model.layers.25.self_attn.q_norm.weight:  60%|█████▉    | 733/1223 [00:05<00:03, 138.17w/s, dev=cpu]        
language_model.model.layers.25.self_attn.q_norm_moe_gen.weight:  60%|██████    | 734/1223 [00:05<00:03, 138.36w/s, dev=cpu]
language_model.model.layers.25.self_attn.q_proj.bias:  60%|██████    | 735/1223 [00:05<00:03, 138.54w/s, dev=cpu]          
language_model.model.layers.25.self_attn.q_proj.weight:  60%|██████    | 736/1223 [00:05<00:03, 138.73w/s, dev=cpu]
language_model.model.layers.25.self_attn.q_proj_moe_gen.bias:  60%|██████    | 737/1223 [00:05<00:03, 138.92w/s, dev=cpu]
language_model.model.layers.25.self_attn.q_proj_moe_gen.weight:  60%|██████    | 738/1223 [00:05<00:03, 139.10w/s, dev=cpu]
language_model.model.layers.25.self_attn.v_proj.bias:  60%|██████    | 739/1223 [00:05<00:03, 139.29w/s, dev=cpu]          
language_model.model.layers.25.self_attn.v_proj.weight:  61%|██████    | 740/1223 [00:05<00:03, 139.48w/s, dev=cpu]
language_model.model.layers.25.self_attn.v_proj_moe_gen.bias:  61%|██████    | 741/1223 [00:05<00:03, 139.66w/s, dev=cpu]
language_model.model.layers.25.self_attn.v_proj_moe_gen.weight:  61%|██████    | 742/1223 [00:05<00:03, 139.85w/s, dev=cpu]
language_model.model.layers.26.input_layernorm.weight:  61%|██████    | 743/1223 [00:05<00:03, 140.03w/s, dev=cpu]         
language_model.model.layers.26.input_layernorm_moe_gen.weight:  61%|██████    | 744/1223 [00:05<00:03, 140.22w/s, dev=cpu]
language_model.model.layers.26.mlp.down_proj.weight:  61%|██████    | 745/1223 [00:05<00:03, 140.41w/s, dev=cpu]          
language_model.model.layers.26.mlp.gate_proj.weight:  61%|██████    | 746/1223 [00:05<00:03, 140.59w/s, dev=cpu]
language_model.model.layers.26.mlp.up_proj.weight:  61%|██████    | 747/1223 [00:05<00:03, 140.78w/s, dev=cpu]  
language_model.model.layers.26.mlp_moe_gen.down_proj.weight:  61%|██████    | 748/1223 [00:05<00:03, 140.96w/s, dev=cpu]
language_model.model.layers.26.mlp_moe_gen.gate_proj.weight:  61%|██████    | 749/1223 [00:05<00:03, 141.15w/s, dev=cpu]
language_model.model.layers.26.mlp_moe_gen.up_proj.weight:  61%|██████▏   | 750/1223 [00:05<00:03, 141.34w/s, dev=cpu]  
language_model.model.layers.26.post_attention_layernorm.weight:  61%|██████▏   | 751/1223 [00:05<00:03, 141.52w/s, dev=cpu]
language_model.model.layers.26.post_attention_layernorm_moe_gen.weight:  61%|██████▏   | 752/1223 [00:05<00:03, 141.71w/s, dev=cpu]
language_model.model.layers.26.self_attn.k_norm.weight:  62%|██████▏   | 753/1223 [00:05<00:03, 141.89w/s, dev=cpu]                
language_model.model.layers.26.self_attn.k_norm_moe_gen.weight:  62%|██████▏   | 754/1223 [00:05<00:03, 142.08w/s, dev=cpu]
language_model.model.layers.26.self_attn.k_proj.bias:  62%|██████▏   | 755/1223 [00:05<00:03, 142.27w/s, dev=cpu]          
language_model.model.layers.26.self_attn.k_proj.weight:  62%|██████▏   | 756/1223 [00:05<00:03, 142.45w/s, dev=cpu]
language_model.model.layers.26.self_attn.k_proj_moe_gen.bias:  62%|██████▏   | 757/1223 [00:05<00:03, 142.64w/s, dev=cpu]
language_model.model.layers.26.self_attn.k_proj_moe_gen.weight:  62%|██████▏   | 758/1223 [00:05<00:03, 142.83w/s, dev=cpu]
language_model.model.layers.26.self_attn.o_proj.weight:  62%|██████▏   | 759/1223 [00:05<00:03, 143.01w/s, dev=cpu]        
language_model.model.layers.26.self_attn.o_proj_moe_gen.weight:  62%|██████▏   | 760/1223 [00:05<00:03, 143.20w/s, dev=cpu]
language_model.model.layers.26.self_attn.q_norm.weight:  62%|██████▏   | 761/1223 [00:05<00:03, 143.38w/s, dev=cpu]        
language_model.model.layers.26.self_attn.q_norm_moe_gen.weight:  62%|██████▏   | 762/1223 [00:05<00:03, 143.57w/s, dev=cpu]
language_model.model.layers.26.self_attn.q_proj.bias:  62%|██████▏   | 763/1223 [00:05<00:03, 143.76w/s, dev=cpu]          
language_model.model.layers.26.self_attn.q_proj.weight:  62%|██████▏   | 764/1223 [00:05<00:03, 143.94w/s, dev=cpu]
language_model.model.layers.26.self_attn.q_proj_moe_gen.bias:  63%|██████▎   | 765/1223 [00:05<00:03, 144.13w/s, dev=cpu]
language_model.model.layers.26.self_attn.q_proj_moe_gen.weight:  63%|██████▎   | 766/1223 [00:05<00:03, 144.32w/s, dev=cpu]
language_model.model.layers.26.self_attn.v_proj.bias:  63%|██████▎   | 767/1223 [00:05<00:03, 144.50w/s, dev=cpu]          
language_model.model.layers.26.self_attn.v_proj.weight:  63%|██████▎   | 768/1223 [00:05<00:03, 144.69w/s, dev=cpu]
language_model.model.layers.26.self_attn.v_proj_moe_gen.bias:  63%|██████▎   | 769/1223 [00:05<00:03, 144.87w/s, dev=cpu]
language_model.model.layers.26.self_attn.v_proj_moe_gen.weight:  63%|██████▎   | 770/1223 [00:05<00:03, 145.06w/s, dev=cpu]
language_model.model.layers.27.input_layernorm.weight:  63%|██████▎   | 771/1223 [00:05<00:03, 145.25w/s, dev=cpu]         
language_model.model.layers.27.input_layernorm_moe_gen.weight:  63%|██████▎   | 772/1223 [00:05<00:03, 145.43w/s, dev=cpu]
language_model.model.layers.27.mlp.down_proj.weight:  63%|██████▎   | 773/1223 [00:05<00:03, 145.62w/s, dev=cpu]          
language_model.model.layers.27.mlp.gate_proj.weight:  63%|██████▎   | 774/1223 [00:05<00:03, 145.80w/s, dev=cpu]
language_model.model.layers.27.mlp.up_proj.weight:  63%|██████▎   | 775/1223 [00:05<00:03, 145.99w/s, dev=cpu]  
language_model.model.layers.27.mlp_moe_gen.down_proj.weight:  63%|██████▎   | 776/1223 [00:05<00:03, 146.18w/s, dev=cpu]
language_model.model.layers.27.mlp_moe_gen.gate_proj.weight:  64%|██████▎   | 777/1223 [00:05<00:03, 146.36w/s, dev=cpu]
language_model.model.layers.27.mlp_moe_gen.up_proj.weight:  64%|██████▎   | 778/1223 [00:05<00:03, 146.55w/s, dev=cpu]  
language_model.model.layers.27.post_attention_layernorm.weight:  64%|██████▎   | 779/1223 [00:05<00:03, 146.73w/s, dev=cpu]
language_model.model.layers.27.post_attention_layernorm_moe_gen.weight:  64%|██████▍   | 780/1223 [00:05<00:03, 146.92w/s, dev=cpu]
language_model.model.layers.27.self_attn.k_norm.weight:  64%|██████▍   | 781/1223 [00:05<00:03, 147.11w/s, dev=cpu]                
language_model.model.layers.27.self_attn.k_norm_moe_gen.weight:  64%|██████▍   | 782/1223 [00:05<00:02, 147.29w/s, dev=cpu]
language_model.model.layers.27.self_attn.k_proj.bias:  64%|██████▍   | 783/1223 [00:05<00:02, 147.48w/s, dev=cpu]          
language_model.model.layers.27.self_attn.k_proj.weight:  64%|██████▍   | 784/1223 [00:05<00:02, 147.66w/s, dev=cpu]
language_model.model.layers.27.self_attn.k_proj_moe_gen.bias:  64%|██████▍   | 785/1223 [00:05<00:02, 147.85w/s, dev=cpu]
language_model.model.layers.27.self_attn.k_proj_moe_gen.weight:  64%|██████▍   | 786/1223 [00:05<00:02, 148.04w/s, dev=cpu]
language_model.model.layers.27.self_attn.o_proj.weight:  64%|██████▍   | 787/1223 [00:05<00:02, 148.22w/s, dev=cpu]        
language_model.model.layers.27.self_attn.o_proj_moe_gen.weight:  64%|██████▍   | 788/1223 [00:05<00:02, 148.41w/s, dev=cpu]
language_model.model.layers.27.self_attn.q_norm.weight:  65%|██████▍   | 789/1223 [00:05<00:02, 148.60w/s, dev=cpu]        
language_model.model.layers.27.self_attn.q_norm_moe_gen.weight:  65%|██████▍   | 790/1223 [00:05<00:02, 148.78w/s, dev=cpu]
language_model.model.layers.27.self_attn.q_proj.bias:  65%|██████▍   | 791/1223 [00:05<00:02, 148.97w/s, dev=cpu]          
language_model.model.layers.27.self_attn.q_proj.weight:  65%|██████▍   | 792/1223 [00:05<00:02, 149.15w/s, dev=cpu]
language_model.model.layers.27.self_attn.q_proj_moe_gen.bias:  65%|██████▍   | 793/1223 [00:05<00:02, 149.34w/s, dev=cpu]
language_model.model.layers.27.self_attn.q_proj_moe_gen.weight:  65%|██████▍   | 794/1223 [00:05<00:02, 149.53w/s, dev=cpu]
language_model.model.layers.27.self_attn.v_proj.bias:  65%|██████▌   | 795/1223 [00:05<00:02, 149.71w/s, dev=cpu]          
language_model.model.layers.27.self_attn.v_proj.weight:  65%|██████▌   | 796/1223 [00:05<00:02, 149.90w/s, dev=cpu]
language_model.model.layers.27.self_attn.v_proj_moe_gen.bias:  65%|██████▌   | 797/1223 [00:05<00:02, 150.08w/s, dev=cpu]
language_model.model.layers.27.self_attn.v_proj_moe_gen.weight:  65%|██████▌   | 798/1223 [00:05<00:02, 150.27w/s, dev=cpu]
language_model.model.norm.weight:  65%|██████▌   | 799/1223 [00:05<00:02, 150.46w/s, dev=cpu]                              
language_model.model.norm_moe_gen.weight:  65%|██████▌   | 800/1223 [00:05<00:02, 150.64w/s, dev=cpu]
language_model.lm_head.weight:  65%|██████▌   | 801/1223 [00:05<00:02, 150.83w/s, dev=cpu]           
vit_model.vision_model.embeddings.patch_embedding.bias:  66%|██████▌   | 802/1223 [00:05<00:02, 151.01w/s, dev=cpu]
vit_model.vision_model.embeddings.patch_embedding.weight:  66%|██████▌   | 803/1223 [00:05<00:02, 151.20w/s, dev=cpu]
vit_model.vision_model.embeddings.position_embedding.weight:  66%|██████▌   | 804/1223 [00:05<00:02, 151.39w/s, dev=cpu]
vit_model.vision_model.encoder.layers.0.layer_norm1.bias:  66%|██████▌   | 805/1223 [00:05<00:02, 151.57w/s, dev=cpu]   
vit_model.vision_model.encoder.layers.0.layer_norm1.weight:  66%|██████▌   | 806/1223 [00:05<00:02, 151.76w/s, dev=cpu]
vit_model.vision_model.encoder.layers.0.layer_norm2.bias:  66%|██████▌   | 807/1223 [00:05<00:02, 151.94w/s, dev=cpu]  
vit_model.vision_model.encoder.layers.0.layer_norm2.weight:  66%|██████▌   | 808/1223 [00:05<00:02, 152.13w/s, dev=cpu]
vit_model.vision_model.encoder.layers.0.mlp.fc1.bias:  66%|██████▌   | 809/1223 [00:05<00:02, 152.32w/s, dev=cpu]      
vit_model.vision_model.encoder.layers.0.mlp.fc1.weight:  66%|██████▌   | 810/1223 [00:05<00:02, 152.50w/s, dev=cpu]
vit_model.vision_model.encoder.layers.0.mlp.fc2.bias:  66%|██████▋   | 811/1223 [00:05<00:02, 152.69w/s, dev=cpu]  
vit_model.vision_model.encoder.layers.0.mlp.fc2.weight:  66%|██████▋   | 812/1223 [00:05<00:02, 152.87w/s, dev=cpu]
vit_model.vision_model.encoder.layers.0.self_attn.k_proj.bias:  66%|██████▋   | 813/1223 [00:05<00:02, 153.06w/s, dev=cpu]
vit_model.vision_model.encoder.layers.0.self_attn.k_proj.weight:  67%|██████▋   | 814/1223 [00:05<00:02, 153.25w/s, dev=cpu]
vit_model.vision_model.encoder.layers.0.self_attn.out_proj.bias:  67%|██████▋   | 815/1223 [00:05<00:02, 153.43w/s, dev=cpu]
vit_model.vision_model.encoder.layers.0.self_attn.out_proj.weight:  67%|██████▋   | 816/1223 [00:05<00:02, 153.62w/s, dev=cpu]
vit_model.vision_model.encoder.layers.0.self_attn.q_proj.bias:  67%|██████▋   | 817/1223 [00:05<00:02, 153.80w/s, dev=cpu]    
vit_model.vision_model.encoder.layers.0.self_attn.q_proj.weight:  67%|██████▋   | 818/1223 [00:05<00:02, 153.99w/s, dev=cpu]
vit_model.vision_model.encoder.layers.0.self_attn.v_proj.bias:  67%|██████▋   | 819/1223 [00:05<00:02, 154.18w/s, dev=cpu]  
vit_model.vision_model.encoder.layers.0.self_attn.v_proj.weight:  67%|██████▋   | 820/1223 [00:05<00:02, 154.36w/s, dev=cpu]
vit_model.vision_model.encoder.layers.1.layer_norm1.bias:  67%|██████▋   | 821/1223 [00:05<00:02, 154.55w/s, dev=cpu]       
vit_model.vision_model.encoder.layers.1.layer_norm1.weight:  67%|██████▋   | 822/1223 [00:05<00:02, 154.73w/s, dev=cpu]
vit_model.vision_model.encoder.layers.1.layer_norm2.bias:  67%|██████▋   | 823/1223 [00:05<00:02, 154.92w/s, dev=cpu]  
vit_model.vision_model.encoder.layers.1.layer_norm2.weight:  67%|██████▋   | 824/1223 [00:05<00:02, 155.10w/s, dev=cpu]
vit_model.vision_model.encoder.layers.1.mlp.fc1.bias:  67%|██████▋   | 825/1223 [00:05<00:02, 155.29w/s, dev=cpu]      
vit_model.vision_model.encoder.layers.1.mlp.fc1.weight:  68%|██████▊   | 826/1223 [00:05<00:02, 155.48w/s, dev=cpu]
vit_model.vision_model.encoder.layers.1.mlp.fc2.bias:  68%|██████▊   | 827/1223 [00:05<00:02, 155.66w/s, dev=cpu]  
vit_model.vision_model.encoder.layers.1.mlp.fc2.weight:  68%|██████▊   | 828/1223 [00:05<00:02, 155.85w/s, dev=cpu]
vit_model.vision_model.encoder.layers.1.self_attn.k_proj.bias:  68%|██████▊   | 829/1223 [00:05<00:02, 156.03w/s, dev=cpu]
vit_model.vision_model.encoder.layers.1.self_attn.k_proj.weight:  68%|██████▊   | 830/1223 [00:05<00:02, 156.22w/s, dev=cpu]
vit_model.vision_model.encoder.layers.1.self_attn.out_proj.bias:  68%|██████▊   | 831/1223 [00:05<00:02, 156.41w/s, dev=cpu]
vit_model.vision_model.encoder.layers.1.self_attn.out_proj.weight:  68%|██████▊   | 832/1223 [00:05<00:02, 156.59w/s, dev=cpu]
vit_model.vision_model.encoder.layers.1.self_attn.q_proj.bias:  68%|██████▊   | 833/1223 [00:05<00:02, 156.78w/s, dev=cpu]    
vit_model.vision_model.encoder.layers.1.self_attn.q_proj.weight:  68%|██████▊   | 834/1223 [00:05<00:02, 156.96w/s, dev=cpu]
vit_model.vision_model.encoder.layers.1.self_attn.v_proj.bias:  68%|██████▊   | 835/1223 [00:05<00:02, 157.15w/s, dev=cpu]  
vit_model.vision_model.encoder.layers.1.self_attn.v_proj.weight:  68%|██████▊   | 836/1223 [00:05<00:02, 157.34w/s, dev=cpu]
vit_model.vision_model.encoder.layers.10.layer_norm1.bias:  68%|██████▊   | 837/1223 [00:05<00:02, 157.52w/s, dev=cpu]      
vit_model.vision_model.encoder.layers.10.layer_norm1.weight:  69%|██████▊   | 838/1223 [00:05<00:02, 157.71w/s, dev=cpu]
vit_model.vision_model.encoder.layers.10.layer_norm2.bias:  69%|██████▊   | 839/1223 [00:05<00:02, 157.89w/s, dev=cpu]  
vit_model.vision_model.encoder.layers.10.layer_norm2.weight:  69%|██████▊   | 840/1223 [00:05<00:02, 158.08w/s, dev=cpu]
vit_model.vision_model.encoder.layers.10.mlp.fc1.bias:  69%|██████▉   | 841/1223 [00:05<00:02, 158.26w/s, dev=cpu]      
vit_model.vision_model.encoder.layers.10.mlp.fc1.weight:  69%|██████▉   | 842/1223 [00:05<00:02, 158.45w/s, dev=cpu]
vit_model.vision_model.encoder.layers.10.mlp.fc2.bias:  69%|██████▉   | 843/1223 [00:05<00:02, 158.64w/s, dev=cpu]  
vit_model.vision_model.encoder.layers.10.mlp.fc2.weight:  69%|██████▉   | 844/1223 [00:05<00:02, 158.82w/s, dev=cpu]
vit_model.vision_model.encoder.layers.10.self_attn.k_proj.bias:  69%|██████▉   | 845/1223 [00:05<00:02, 159.01w/s, dev=cpu]
vit_model.vision_model.encoder.layers.10.self_attn.k_proj.weight:  69%|██████▉   | 846/1223 [00:05<00:02, 159.19w/s, dev=cpu]
vit_model.vision_model.encoder.layers.10.self_attn.out_proj.bias:  69%|██████▉   | 847/1223 [00:05<00:02, 159.38w/s, dev=cpu]
vit_model.vision_model.encoder.layers.10.self_attn.out_proj.weight:  69%|██████▉   | 848/1223 [00:05<00:02, 159.57w/s, dev=cpu]
vit_model.vision_model.encoder.layers.10.self_attn.q_proj.bias:  69%|██████▉   | 849/1223 [00:05<00:02, 159.75w/s, dev=cpu]    
vit_model.vision_model.encoder.layers.10.self_attn.q_proj.weight:  70%|██████▉   | 850/1223 [00:05<00:02, 159.94w/s, dev=cpu]
vit_model.vision_model.encoder.layers.10.self_attn.v_proj.bias:  70%|██████▉   | 851/1223 [00:05<00:02, 160.12w/s, dev=cpu]  
vit_model.vision_model.encoder.layers.10.self_attn.v_proj.weight:  70%|██████▉   | 852/1223 [00:05<00:02, 160.31w/s, dev=cpu]
vit_model.vision_model.encoder.layers.11.layer_norm1.bias:  70%|██████▉   | 853/1223 [00:05<00:02, 160.49w/s, dev=cpu]       
vit_model.vision_model.encoder.layers.11.layer_norm1.weight:  70%|██████▉   | 854/1223 [00:05<00:02, 160.68w/s, dev=cpu]
vit_model.vision_model.encoder.layers.11.layer_norm2.bias:  70%|██████▉   | 855/1223 [00:05<00:02, 160.87w/s, dev=cpu]  
vit_model.vision_model.encoder.layers.11.layer_norm2.weight:  70%|██████▉   | 856/1223 [00:05<00:02, 161.05w/s, dev=cpu]
vit_model.vision_model.encoder.layers.11.mlp.fc1.bias:  70%|███████   | 857/1223 [00:05<00:02, 161.24w/s, dev=cpu]      
vit_model.vision_model.encoder.layers.11.mlp.fc1.weight:  70%|███████   | 858/1223 [00:05<00:02, 161.42w/s, dev=cpu]
vit_model.vision_model.encoder.layers.11.mlp.fc2.bias:  70%|███████   | 859/1223 [00:05<00:02, 161.61w/s, dev=cpu]  
vit_model.vision_model.encoder.layers.11.mlp.fc2.weight:  70%|███████   | 860/1223 [00:05<00:02, 161.80w/s, dev=cpu]
vit_model.vision_model.encoder.layers.11.self_attn.k_proj.bias:  70%|███████   | 861/1223 [00:05<00:02, 161.98w/s, dev=cpu]
vit_model.vision_model.encoder.layers.11.self_attn.k_proj.weight:  70%|███████   | 862/1223 [00:05<00:02, 162.17w/s, dev=cpu]
vit_model.vision_model.encoder.layers.11.self_attn.out_proj.bias:  71%|███████   | 863/1223 [00:05<00:02, 162.35w/s, dev=cpu]
vit_model.vision_model.encoder.layers.11.self_attn.out_proj.weight:  71%|███████   | 864/1223 [00:05<00:02, 162.54w/s, dev=cpu]
vit_model.vision_model.encoder.layers.11.self_attn.q_proj.bias:  71%|███████   | 865/1223 [00:05<00:02, 162.72w/s, dev=cpu]    
vit_model.vision_model.encoder.layers.11.self_attn.q_proj.weight:  71%|███████   | 866/1223 [00:05<00:02, 162.91w/s, dev=cpu]
vit_model.vision_model.encoder.layers.11.self_attn.v_proj.bias:  71%|███████   | 867/1223 [00:05<00:02, 163.10w/s, dev=cpu]  
vit_model.vision_model.encoder.layers.11.self_attn.v_proj.weight:  71%|███████   | 868/1223 [00:05<00:02, 163.28w/s, dev=cpu]
vit_model.vision_model.encoder.layers.12.layer_norm1.bias:  71%|███████   | 869/1223 [00:05<00:02, 163.47w/s, dev=cpu]       
vit_model.vision_model.encoder.layers.12.layer_norm1.weight:  71%|███████   | 870/1223 [00:05<00:02, 163.65w/s, dev=cpu]
vit_model.vision_model.encoder.layers.12.layer_norm2.bias:  71%|███████   | 871/1223 [00:05<00:02, 163.84w/s, dev=cpu]  
vit_model.vision_model.encoder.layers.12.layer_norm2.weight:  71%|███████▏  | 872/1223 [00:05<00:02, 164.02w/s, dev=cpu]
vit_model.vision_model.encoder.layers.12.mlp.fc1.bias:  71%|███████▏  | 873/1223 [00:05<00:02, 164.21w/s, dev=cpu]      
vit_model.vision_model.encoder.layers.12.mlp.fc1.weight:  71%|███████▏  | 874/1223 [00:05<00:02, 164.40w/s, dev=cpu]
vit_model.vision_model.encoder.layers.12.mlp.fc2.bias:  72%|███████▏  | 875/1223 [00:05<00:02, 164.58w/s, dev=cpu]  
vit_model.vision_model.encoder.layers.12.mlp.fc2.weight:  72%|███████▏  | 876/1223 [00:05<00:02, 164.77w/s, dev=cpu]
vit_model.vision_model.encoder.layers.12.self_attn.k_proj.bias:  72%|███████▏  | 877/1223 [00:05<00:02, 164.95w/s, dev=cpu]
vit_model.vision_model.encoder.layers.12.self_attn.k_proj.weight:  72%|███████▏  | 878/1223 [00:05<00:02, 165.14w/s, dev=cpu]
vit_model.vision_model.encoder.layers.12.self_attn.out_proj.bias:  72%|███████▏  | 879/1223 [00:05<00:02, 165.32w/s, dev=cpu]
vit_model.vision_model.encoder.layers.12.self_attn.out_proj.weight:  72%|███████▏  | 880/1223 [00:05<00:02, 165.51w/s, dev=cpu]
vit_model.vision_model.encoder.layers.12.self_attn.q_proj.bias:  72%|███████▏  | 881/1223 [00:05<00:02, 165.70w/s, dev=cpu]    
vit_model.vision_model.encoder.layers.12.self_attn.q_proj.weight:  72%|███████▏  | 882/1223 [00:05<00:02, 165.88w/s, dev=cpu]
vit_model.vision_model.encoder.layers.12.self_attn.v_proj.bias:  72%|███████▏  | 883/1223 [00:05<00:02, 166.07w/s, dev=cpu]  
vit_model.vision_model.encoder.layers.12.self_attn.v_proj.weight:  72%|███████▏  | 884/1223 [00:05<00:02, 166.25w/s, dev=cpu]
vit_model.vision_model.encoder.layers.13.layer_norm1.bias:  72%|███████▏  | 885/1223 [00:05<00:02, 166.44w/s, dev=cpu]       
vit_model.vision_model.encoder.layers.13.layer_norm1.weight:  72%|███████▏  | 886/1223 [00:05<00:02, 166.62w/s, dev=cpu]
vit_model.vision_model.encoder.layers.13.layer_norm2.bias:  73%|███████▎  | 887/1223 [00:05<00:02, 166.81w/s, dev=cpu]  
vit_model.vision_model.encoder.layers.13.layer_norm2.weight:  73%|███████▎  | 888/1223 [00:05<00:02, 167.00w/s, dev=cpu]
vit_model.vision_model.encoder.layers.13.mlp.fc1.bias:  73%|███████▎  | 889/1223 [00:05<00:01, 167.18w/s, dev=cpu]      
vit_model.vision_model.encoder.layers.13.mlp.fc1.weight:  73%|███████▎  | 890/1223 [00:05<00:01, 167.37w/s, dev=cpu]
vit_model.vision_model.encoder.layers.13.mlp.fc2.bias:  73%|███████▎  | 891/1223 [00:05<00:01, 167.55w/s, dev=cpu]  
vit_model.vision_model.encoder.layers.13.mlp.fc2.weight:  73%|███████▎  | 892/1223 [00:05<00:01, 167.74w/s, dev=cpu]
vit_model.vision_model.encoder.layers.13.self_attn.k_proj.bias:  73%|███████▎  | 893/1223 [00:05<00:01, 167.92w/s, dev=cpu]
vit_model.vision_model.encoder.layers.13.self_attn.k_proj.weight:  73%|███████▎  | 894/1223 [00:05<00:01, 168.11w/s, dev=cpu]
vit_model.vision_model.encoder.layers.13.self_attn.out_proj.bias:  73%|███████▎  | 895/1223 [00:05<00:01, 168.29w/s, dev=cpu]
vit_model.vision_model.encoder.layers.13.self_attn.out_proj.weight:  73%|███████▎  | 896/1223 [00:05<00:01, 168.48w/s, dev=cpu]
vit_model.vision_model.encoder.layers.13.self_attn.q_proj.bias:  73%|███████▎  | 897/1223 [00:05<00:01, 168.67w/s, dev=cpu]    
vit_model.vision_model.encoder.layers.13.self_attn.q_proj.weight:  73%|███████▎  | 898/1223 [00:05<00:01, 168.85w/s, dev=cpu]
vit_model.vision_model.encoder.layers.13.self_attn.v_proj.bias:  74%|███████▎  | 899/1223 [00:05<00:01, 169.04w/s, dev=cpu]  
vit_model.vision_model.encoder.layers.13.self_attn.v_proj.weight:  74%|███████▎  | 900/1223 [00:05<00:01, 169.22w/s, dev=cpu]
vit_model.vision_model.encoder.layers.14.layer_norm1.bias:  74%|███████▎  | 901/1223 [00:05<00:01, 169.41w/s, dev=cpu]       
vit_model.vision_model.encoder.layers.14.layer_norm1.weight:  74%|███████▍  | 902/1223 [00:05<00:01, 169.59w/s, dev=cpu]
vit_model.vision_model.encoder.layers.14.layer_norm2.bias:  74%|███████▍  | 903/1223 [00:05<00:01, 169.78w/s, dev=cpu]  
vit_model.vision_model.encoder.layers.14.layer_norm2.weight:  74%|███████▍  | 904/1223 [00:05<00:01, 169.97w/s, dev=cpu]
vit_model.vision_model.encoder.layers.14.mlp.fc1.bias:  74%|███████▍  | 905/1223 [00:05<00:01, 170.15w/s, dev=cpu]      
vit_model.vision_model.encoder.layers.14.mlp.fc1.weight:  74%|███████▍  | 906/1223 [00:05<00:01, 170.34w/s, dev=cpu]
vit_model.vision_model.encoder.layers.14.mlp.fc2.bias:  74%|███████▍  | 907/1223 [00:05<00:01, 170.52w/s, dev=cpu]  
vit_model.vision_model.encoder.layers.14.mlp.fc2.weight:  74%|███████▍  | 908/1223 [00:05<00:01, 170.71w/s, dev=cpu]
vit_model.vision_model.encoder.layers.14.self_attn.k_proj.bias:  74%|███████▍  | 909/1223 [00:05<00:01, 170.89w/s, dev=cpu]
vit_model.vision_model.encoder.layers.14.self_attn.k_proj.weight:  74%|███████▍  | 910/1223 [00:05<00:01, 171.08w/s, dev=cpu]
vit_model.vision_model.encoder.layers.14.self_attn.out_proj.bias:  74%|███████▍  | 911/1223 [00:05<00:01, 171.26w/s, dev=cpu]
vit_model.vision_model.encoder.layers.14.self_attn.out_proj.weight:  75%|███████▍  | 912/1223 [00:05<00:01, 171.45w/s, dev=cpu]
vit_model.vision_model.encoder.layers.14.self_attn.q_proj.bias:  75%|███████▍  | 913/1223 [00:05<00:01, 171.63w/s, dev=cpu]    
vit_model.vision_model.encoder.layers.14.self_attn.q_proj.weight:  75%|███████▍  | 914/1223 [00:05<00:01, 171.82w/s, dev=cpu]
vit_model.vision_model.encoder.layers.14.self_attn.v_proj.bias:  75%|███████▍  | 915/1223 [00:05<00:01, 172.01w/s, dev=cpu]  
vit_model.vision_model.encoder.layers.14.self_attn.v_proj.weight:  75%|███████▍  | 916/1223 [00:05<00:01, 172.19w/s, dev=cpu]
vit_model.vision_model.encoder.layers.15.layer_norm1.bias:  75%|███████▍  | 917/1223 [00:05<00:01, 172.38w/s, dev=cpu]       
vit_model.vision_model.encoder.layers.15.layer_norm1.weight:  75%|███████▌  | 918/1223 [00:05<00:01, 172.56w/s, dev=cpu]
vit_model.vision_model.encoder.layers.15.layer_norm2.bias:  75%|███████▌  | 919/1223 [00:05<00:01, 172.75w/s, dev=cpu]  
vit_model.vision_model.encoder.layers.15.layer_norm2.weight:  75%|███████▌  | 920/1223 [00:05<00:01, 172.93w/s, dev=cpu]
vit_model.vision_model.encoder.layers.15.mlp.fc1.bias:  75%|███████▌  | 921/1223 [00:05<00:01, 173.12w/s, dev=cpu]      
vit_model.vision_model.encoder.layers.15.mlp.fc1.weight:  75%|███████▌  | 922/1223 [00:05<00:01, 173.30w/s, dev=cpu]
vit_model.vision_model.encoder.layers.15.mlp.fc2.bias:  75%|███████▌  | 923/1223 [00:05<00:01, 173.49w/s, dev=cpu]  
vit_model.vision_model.encoder.layers.15.mlp.fc2.weight:  76%|███████▌  | 924/1223 [00:05<00:01, 173.67w/s, dev=cpu]
vit_model.vision_model.encoder.layers.15.self_attn.k_proj.bias:  76%|███████▌  | 925/1223 [00:05<00:01, 173.86w/s, dev=cpu]
vit_model.vision_model.encoder.layers.15.self_attn.k_proj.weight:  76%|███████▌  | 926/1223 [00:05<00:01, 174.05w/s, dev=cpu]
vit_model.vision_model.encoder.layers.15.self_attn.out_proj.bias:  76%|███████▌  | 927/1223 [00:05<00:01, 174.23w/s, dev=cpu]
vit_model.vision_model.encoder.layers.15.self_attn.out_proj.weight:  76%|███████▌  | 928/1223 [00:05<00:01, 174.42w/s, dev=cpu]
vit_model.vision_model.encoder.layers.15.self_attn.q_proj.bias:  76%|███████▌  | 929/1223 [00:05<00:01, 174.60w/s, dev=cpu]    
vit_model.vision_model.encoder.layers.15.self_attn.q_proj.weight:  76%|███████▌  | 930/1223 [00:05<00:01, 174.79w/s, dev=cpu]
vit_model.vision_model.encoder.layers.15.self_attn.v_proj.bias:  76%|███████▌  | 931/1223 [00:05<00:01, 174.97w/s, dev=cpu]  
vit_model.vision_model.encoder.layers.15.self_attn.v_proj.weight:  76%|███████▌  | 932/1223 [00:05<00:01, 175.16w/s, dev=cpu]
vit_model.vision_model.encoder.layers.16.layer_norm1.bias:  76%|███████▋  | 933/1223 [00:05<00:01, 175.34w/s, dev=cpu]       
vit_model.vision_model.encoder.layers.16.layer_norm1.weight:  76%|███████▋  | 934/1223 [00:05<00:01, 175.53w/s, dev=cpu]
vit_model.vision_model.encoder.layers.16.layer_norm2.bias:  76%|███████▋  | 935/1223 [00:05<00:01, 175.71w/s, dev=cpu]  
vit_model.vision_model.encoder.layers.16.layer_norm2.weight:  77%|███████▋  | 936/1223 [00:05<00:01, 175.90w/s, dev=cpu]
vit_model.vision_model.encoder.layers.16.mlp.fc1.bias:  77%|███████▋  | 937/1223 [00:05<00:01, 176.08w/s, dev=cpu]      
vit_model.vision_model.encoder.layers.16.mlp.fc1.weight:  77%|███████▋  | 938/1223 [00:05<00:01, 176.27w/s, dev=cpu]
vit_model.vision_model.encoder.layers.16.mlp.fc2.bias:  77%|███████▋  | 939/1223 [00:05<00:01, 176.46w/s, dev=cpu]  
vit_model.vision_model.encoder.layers.16.mlp.fc2.weight:  77%|███████▋  | 940/1223 [00:05<00:01, 176.64w/s, dev=cpu]
vit_model.vision_model.encoder.layers.16.self_attn.k_proj.bias:  77%|███████▋  | 941/1223 [00:05<00:01, 176.83w/s, dev=cpu]
vit_model.vision_model.encoder.layers.16.self_attn.k_proj.weight:  77%|███████▋  | 942/1223 [00:05<00:01, 177.01w/s, dev=cpu]
vit_model.vision_model.encoder.layers.16.self_attn.out_proj.bias:  77%|███████▋  | 943/1223 [00:05<00:01, 177.20w/s, dev=cpu]
vit_model.vision_model.encoder.layers.16.self_attn.out_proj.weight:  77%|███████▋  | 944/1223 [00:05<00:01, 177.38w/s, dev=cpu]
vit_model.vision_model.encoder.layers.16.self_attn.q_proj.bias:  77%|███████▋  | 945/1223 [00:05<00:01, 177.57w/s, dev=cpu]    
vit_model.vision_model.encoder.layers.16.self_attn.q_proj.weight:  77%|███████▋  | 946/1223 [00:05<00:01, 177.75w/s, dev=cpu]
vit_model.vision_model.encoder.layers.16.self_attn.v_proj.bias:  77%|███████▋  | 947/1223 [00:05<00:01, 177.94w/s, dev=cpu]  
vit_model.vision_model.encoder.layers.16.self_attn.v_proj.weight:  78%|███████▊  | 948/1223 [00:05<00:01, 178.12w/s, dev=cpu]
vit_model.vision_model.encoder.layers.17.layer_norm1.bias:  78%|███████▊  | 949/1223 [00:05<00:01, 178.31w/s, dev=cpu]       
vit_model.vision_model.encoder.layers.17.layer_norm1.weight:  78%|███████▊  | 950/1223 [00:05<00:01, 178.49w/s, dev=cpu]
vit_model.vision_model.encoder.layers.17.layer_norm2.bias:  78%|███████▊  | 951/1223 [00:05<00:01, 178.68w/s, dev=cpu]  
vit_model.vision_model.encoder.layers.17.layer_norm2.weight:  78%|███████▊  | 952/1223 [00:05<00:01, 178.86w/s, dev=cpu]
vit_model.vision_model.encoder.layers.17.mlp.fc1.bias:  78%|███████▊  | 953/1223 [00:05<00:01, 179.05w/s, dev=cpu]      
vit_model.vision_model.encoder.layers.17.mlp.fc1.weight:  78%|███████▊  | 954/1223 [00:05<00:01, 179.24w/s, dev=cpu]
vit_model.vision_model.encoder.layers.17.mlp.fc2.bias:  78%|███████▊  | 955/1223 [00:05<00:01, 179.42w/s, dev=cpu]  
vit_model.vision_model.encoder.layers.17.mlp.fc2.weight:  78%|███████▊  | 956/1223 [00:05<00:01, 179.61w/s, dev=cpu]
vit_model.vision_model.encoder.layers.17.self_attn.k_proj.bias:  78%|███████▊  | 957/1223 [00:05<00:01, 179.79w/s, dev=cpu]
vit_model.vision_model.encoder.layers.17.self_attn.k_proj.weight:  78%|███████▊  | 958/1223 [00:05<00:01, 179.98w/s, dev=cpu]
vit_model.vision_model.encoder.layers.17.self_attn.out_proj.bias:  78%|███████▊  | 959/1223 [00:05<00:01, 180.16w/s, dev=cpu]
vit_model.vision_model.encoder.layers.17.self_attn.out_proj.weight:  78%|███████▊  | 960/1223 [00:05<00:01, 180.35w/s, dev=cpu]
vit_model.vision_model.encoder.layers.17.self_attn.q_proj.bias:  79%|███████▊  | 961/1223 [00:05<00:01, 180.53w/s, dev=cpu]    
vit_model.vision_model.encoder.layers.17.self_attn.q_proj.weight:  79%|███████▊  | 962/1223 [00:05<00:01, 180.72w/s, dev=cpu]
vit_model.vision_model.encoder.layers.17.self_attn.v_proj.bias:  79%|███████▊  | 963/1223 [00:05<00:01, 180.90w/s, dev=cpu]  
vit_model.vision_model.encoder.layers.17.self_attn.v_proj.weight:  79%|███████▉  | 964/1223 [00:05<00:01, 181.09w/s, dev=cpu]
vit_model.vision_model.encoder.layers.18.layer_norm1.bias:  79%|███████▉  | 965/1223 [00:05<00:01, 181.27w/s, dev=cpu]       
vit_model.vision_model.encoder.layers.18.layer_norm1.weight:  79%|███████▉  | 966/1223 [00:05<00:01, 181.46w/s, dev=cpu]
vit_model.vision_model.encoder.layers.18.layer_norm2.bias:  79%|███████▉  | 967/1223 [00:05<00:01, 181.64w/s, dev=cpu]  
vit_model.vision_model.encoder.layers.18.layer_norm2.weight:  79%|███████▉  | 968/1223 [00:05<00:01, 181.83w/s, dev=cpu]
vit_model.vision_model.encoder.layers.18.mlp.fc1.bias:  79%|███████▉  | 969/1223 [00:05<00:01, 182.01w/s, dev=cpu]      
vit_model.vision_model.encoder.layers.18.mlp.fc1.weight:  79%|███████▉  | 970/1223 [00:05<00:01, 182.20w/s, dev=cpu]
vit_model.vision_model.encoder.layers.18.mlp.fc2.bias:  79%|███████▉  | 971/1223 [00:05<00:01, 182.38w/s, dev=cpu]  
vit_model.vision_model.encoder.layers.18.mlp.fc2.weight:  79%|███████▉  | 972/1223 [00:05<00:01, 182.57w/s, dev=cpu]
vit_model.vision_model.encoder.layers.18.self_attn.k_proj.bias:  80%|███████▉  | 973/1223 [00:05<00:01, 182.75w/s, dev=cpu]
vit_model.vision_model.encoder.layers.18.self_attn.k_proj.weight:  80%|███████▉  | 974/1223 [00:05<00:01, 182.94w/s, dev=cpu]
vit_model.vision_model.encoder.layers.18.self_attn.out_proj.bias:  80%|███████▉  | 975/1223 [00:05<00:01, 183.12w/s, dev=cpu]
vit_model.vision_model.encoder.layers.18.self_attn.out_proj.weight:  80%|███████▉  | 976/1223 [00:05<00:01, 183.31w/s, dev=cpu]
vit_model.vision_model.encoder.layers.18.self_attn.q_proj.bias:  80%|███████▉  | 977/1223 [00:05<00:01, 183.49w/s, dev=cpu]    
vit_model.vision_model.encoder.layers.18.self_attn.q_proj.weight:  80%|███████▉  | 978/1223 [00:05<00:01, 183.68w/s, dev=cpu]
vit_model.vision_model.encoder.layers.18.self_attn.v_proj.bias:  80%|████████  | 979/1223 [00:05<00:01, 183.86w/s, dev=cpu]  
vit_model.vision_model.encoder.layers.18.self_attn.v_proj.weight:  80%|████████  | 980/1223 [00:05<00:01, 184.05w/s, dev=cpu]
vit_model.vision_model.encoder.layers.19.layer_norm1.bias:  80%|████████  | 981/1223 [00:05<00:01, 184.23w/s, dev=cpu]       
vit_model.vision_model.encoder.layers.19.layer_norm1.weight:  80%|████████  | 982/1223 [00:05<00:01, 184.42w/s, dev=cpu]
vit_model.vision_model.encoder.layers.19.layer_norm2.bias:  80%|████████  | 983/1223 [00:05<00:01, 184.60w/s, dev=cpu]  
vit_model.vision_model.encoder.layers.19.layer_norm2.weight:  80%|████████  | 984/1223 [00:05<00:01, 184.79w/s, dev=cpu]
vit_model.vision_model.encoder.layers.19.mlp.fc1.bias:  81%|████████  | 985/1223 [00:05<00:01, 184.97w/s, dev=cpu]      
vit_model.vision_model.encoder.layers.19.mlp.fc1.weight:  81%|████████  | 986/1223 [00:05<00:01, 185.16w/s, dev=cpu]
vit_model.vision_model.encoder.layers.19.mlp.fc2.bias:  81%|████████  | 987/1223 [00:05<00:01, 185.35w/s, dev=cpu]  
vit_model.vision_model.encoder.layers.19.mlp.fc2.weight:  81%|████████  | 988/1223 [00:05<00:01, 185.53w/s, dev=cpu]
vit_model.vision_model.encoder.layers.19.self_attn.k_proj.bias:  81%|████████  | 989/1223 [00:05<00:01, 185.72w/s, dev=cpu]
vit_model.vision_model.encoder.layers.19.self_attn.k_proj.weight:  81%|████████  | 990/1223 [00:05<00:01, 185.90w/s, dev=cpu]
vit_model.vision_model.encoder.layers.19.self_attn.out_proj.bias:  81%|████████  | 991/1223 [00:05<00:01, 186.09w/s, dev=cpu]
vit_model.vision_model.encoder.layers.19.self_attn.out_proj.weight:  81%|████████  | 992/1223 [00:05<00:01, 186.27w/s, dev=cpu]
vit_model.vision_model.encoder.layers.19.self_attn.q_proj.bias:  81%|████████  | 993/1223 [00:05<00:01, 186.46w/s, dev=cpu]    
vit_model.vision_model.encoder.layers.19.self_attn.q_proj.weight:  81%|████████▏ | 994/1223 [00:05<00:01, 186.64w/s, dev=cpu]
vit_model.vision_model.encoder.layers.19.self_attn.v_proj.bias:  81%|████████▏ | 995/1223 [00:05<00:01, 186.83w/s, dev=cpu]  
vit_model.vision_model.encoder.layers.19.self_attn.v_proj.weight:  81%|████████▏ | 996/1223 [00:05<00:01, 187.01w/s, dev=cpu]
vit_model.vision_model.encoder.layers.2.layer_norm1.bias:  82%|████████▏ | 997/1223 [00:05<00:01, 187.20w/s, dev=cpu]        
vit_model.vision_model.encoder.layers.2.layer_norm1.weight:  82%|████████▏ | 998/1223 [00:05<00:01, 187.38w/s, dev=cpu]
vit_model.vision_model.encoder.layers.2.layer_norm2.bias:  82%|████████▏ | 999/1223 [00:05<00:01, 187.57w/s, dev=cpu]  
vit_model.vision_model.encoder.layers.2.layer_norm2.weight:  82%|████████▏ | 1000/1223 [00:05<00:01, 187.75w/s, dev=cpu]
vit_model.vision_model.encoder.layers.2.mlp.fc1.bias:  82%|████████▏ | 1001/1223 [00:05<00:01, 187.94w/s, dev=cpu]      
vit_model.vision_model.encoder.layers.2.mlp.fc1.weight:  82%|████████▏ | 1002/1223 [00:05<00:01, 188.12w/s, dev=cpu]
vit_model.vision_model.encoder.layers.2.mlp.fc2.bias:  82%|████████▏ | 1003/1223 [00:05<00:01, 188.31w/s, dev=cpu]  
vit_model.vision_model.encoder.layers.2.mlp.fc2.weight:  82%|████████▏ | 1004/1223 [00:05<00:01, 188.49w/s, dev=cpu]
vit_model.vision_model.encoder.layers.2.self_attn.k_proj.bias:  82%|████████▏ | 1005/1223 [00:05<00:01, 188.68w/s, dev=cpu]
vit_model.vision_model.encoder.layers.2.self_attn.k_proj.weight:  82%|████████▏ | 1006/1223 [00:05<00:01, 188.86w/s, dev=cpu]
vit_model.vision_model.encoder.layers.2.self_attn.out_proj.bias:  82%|████████▏ | 1007/1223 [00:05<00:01, 189.05w/s, dev=cpu]
vit_model.vision_model.encoder.layers.2.self_attn.out_proj.weight:  82%|████████▏ | 1008/1223 [00:05<00:01, 189.23w/s, dev=cpu]
vit_model.vision_model.encoder.layers.2.self_attn.q_proj.bias:  83%|████████▎ | 1009/1223 [00:05<00:01, 189.42w/s, dev=cpu]    
vit_model.vision_model.encoder.layers.2.self_attn.q_proj.weight:  83%|████████▎ | 1010/1223 [00:05<00:01, 189.60w/s, dev=cpu]
vit_model.vision_model.encoder.layers.2.self_attn.v_proj.bias:  83%|████████▎ | 1011/1223 [00:05<00:01, 189.78w/s, dev=cpu]  
vit_model.vision_model.encoder.layers.2.self_attn.v_proj.weight:  83%|████████▎ | 1012/1223 [00:05<00:01, 189.97w/s, dev=cpu]
vit_model.vision_model.encoder.layers.20.layer_norm1.bias:  83%|████████▎ | 1013/1223 [00:05<00:01, 190.15w/s, dev=cpu]      
vit_model.vision_model.encoder.layers.20.layer_norm1.weight:  83%|████████▎ | 1014/1223 [00:05<00:01, 190.34w/s, dev=cpu]
vit_model.vision_model.encoder.layers.20.layer_norm2.bias:  83%|████████▎ | 1015/1223 [00:05<00:01, 190.52w/s, dev=cpu]  
vit_model.vision_model.encoder.layers.20.layer_norm2.weight:  83%|████████▎ | 1016/1223 [00:05<00:01, 190.71w/s, dev=cpu]
vit_model.vision_model.encoder.layers.20.mlp.fc1.bias:  83%|████████▎ | 1017/1223 [00:05<00:01, 190.89w/s, dev=cpu]      
vit_model.vision_model.encoder.layers.20.mlp.fc1.weight:  83%|████████▎ | 1018/1223 [00:05<00:01, 191.08w/s, dev=cpu]
vit_model.vision_model.encoder.layers.20.mlp.fc2.bias:  83%|████████▎ | 1019/1223 [00:05<00:01, 191.26w/s, dev=cpu]  
vit_model.vision_model.encoder.layers.20.mlp.fc2.weight:  83%|████████▎ | 1020/1223 [00:05<00:01, 191.45w/s, dev=cpu]
vit_model.vision_model.encoder.layers.20.self_attn.k_proj.bias:  83%|████████▎ | 1021/1223 [00:05<00:01, 191.63w/s, dev=cpu]
vit_model.vision_model.encoder.layers.20.self_attn.k_proj.weight:  84%|████████▎ | 1022/1223 [00:05<00:01, 191.82w/s, dev=cpu]
vit_model.vision_model.encoder.layers.20.self_attn.out_proj.bias:  84%|████████▎ | 1023/1223 [00:05<00:01, 192.00w/s, dev=cpu]
vit_model.vision_model.encoder.layers.20.self_attn.out_proj.weight:  84%|████████▎ | 1024/1223 [00:05<00:01, 192.19w/s, dev=cpu]
vit_model.vision_model.encoder.layers.20.self_attn.q_proj.bias:  84%|████████▍ | 1025/1223 [00:05<00:01, 192.37w/s, dev=cpu]    
vit_model.vision_model.encoder.layers.20.self_attn.q_proj.weight:  84%|████████▍ | 1026/1223 [00:05<00:01, 192.56w/s, dev=cpu]
vit_model.vision_model.encoder.layers.20.self_attn.v_proj.bias:  84%|████████▍ | 1027/1223 [00:05<00:01, 192.74w/s, dev=cpu]  
vit_model.vision_model.encoder.layers.20.self_attn.v_proj.weight:  84%|████████▍ | 1028/1223 [00:05<00:01, 192.93w/s, dev=cpu]
vit_model.vision_model.encoder.layers.21.layer_norm1.bias:  84%|████████▍ | 1029/1223 [00:05<00:01, 193.11w/s, dev=cpu]       
vit_model.vision_model.encoder.layers.21.layer_norm1.weight:  84%|████████▍ | 1030/1223 [00:05<00:00, 193.30w/s, dev=cpu]
vit_model.vision_model.encoder.layers.21.layer_norm2.bias:  84%|████████▍ | 1031/1223 [00:05<00:00, 193.48w/s, dev=cpu]  
vit_model.vision_model.encoder.layers.21.layer_norm2.weight:  84%|████████▍ | 1032/1223 [00:05<00:00, 193.67w/s, dev=cpu]
vit_model.vision_model.encoder.layers.21.mlp.fc1.bias:  84%|████████▍ | 1033/1223 [00:05<00:00, 193.85w/s, dev=cpu]      
vit_model.vision_model.encoder.layers.21.mlp.fc1.weight:  85%|████████▍ | 1034/1223 [00:05<00:00, 194.04w/s, dev=cpu]
vit_model.vision_model.encoder.layers.21.mlp.fc2.bias:  85%|████████▍ | 1035/1223 [00:05<00:00, 194.22w/s, dev=cpu]  
vit_model.vision_model.encoder.layers.21.mlp.fc2.weight:  85%|████████▍ | 1036/1223 [00:05<00:00, 194.41w/s, dev=cpu]
vit_model.vision_model.encoder.layers.21.self_attn.k_proj.bias:  85%|████████▍ | 1037/1223 [00:05<00:00, 194.59w/s, dev=cpu]
vit_model.vision_model.encoder.layers.21.self_attn.k_proj.weight:  85%|████████▍ | 1038/1223 [00:05<00:00, 194.78w/s, dev=cpu]
vit_model.vision_model.encoder.layers.21.self_attn.out_proj.bias:  85%|████████▍ | 1039/1223 [00:05<00:00, 194.96w/s, dev=cpu]
vit_model.vision_model.encoder.layers.21.self_attn.out_proj.weight:  85%|████████▌ | 1040/1223 [00:05<00:00, 195.15w/s, dev=cpu]
vit_model.vision_model.encoder.layers.21.self_attn.q_proj.bias:  85%|████████▌ | 1041/1223 [00:05<00:00, 195.33w/s, dev=cpu]    
vit_model.vision_model.encoder.layers.21.self_attn.q_proj.weight:  85%|████████▌ | 1042/1223 [00:05<00:00, 195.52w/s, dev=cpu]
vit_model.vision_model.encoder.layers.21.self_attn.v_proj.bias:  85%|████████▌ | 1043/1223 [00:05<00:00, 195.70w/s, dev=cpu]  
vit_model.vision_model.encoder.layers.21.self_attn.v_proj.weight:  85%|████████▌ | 1044/1223 [00:05<00:00, 195.89w/s, dev=cpu]
vit_model.vision_model.encoder.layers.22.layer_norm1.bias:  85%|████████▌ | 1045/1223 [00:05<00:00, 196.07w/s, dev=cpu]       
vit_model.vision_model.encoder.layers.22.layer_norm1.weight:  86%|████████▌ | 1046/1223 [00:05<00:00, 196.26w/s, dev=cpu]
vit_model.vision_model.encoder.layers.22.layer_norm2.bias:  86%|████████▌ | 1047/1223 [00:05<00:00, 196.44w/s, dev=cpu]  
vit_model.vision_model.encoder.layers.22.layer_norm2.weight:  86%|████████▌ | 1048/1223 [00:05<00:00, 196.63w/s, dev=cpu]
vit_model.vision_model.encoder.layers.22.mlp.fc1.bias:  86%|████████▌ | 1049/1223 [00:05<00:00, 196.81w/s, dev=cpu]      
vit_model.vision_model.encoder.layers.22.mlp.fc1.weight:  86%|████████▌ | 1050/1223 [00:05<00:00, 197.00w/s, dev=cpu]
vit_model.vision_model.encoder.layers.22.mlp.fc2.bias:  86%|████████▌ | 1051/1223 [00:05<00:00, 197.18w/s, dev=cpu]  
vit_model.vision_model.encoder.layers.22.mlp.fc2.weight:  86%|████████▌ | 1052/1223 [00:05<00:00, 197.37w/s, dev=cpu]
vit_model.vision_model.encoder.layers.22.self_attn.k_proj.bias:  86%|████████▌ | 1053/1223 [00:05<00:00, 197.55w/s, dev=cpu]
vit_model.vision_model.encoder.layers.22.self_attn.k_proj.weight:  86%|████████▌ | 1054/1223 [00:05<00:00, 197.73w/s, dev=cpu]
vit_model.vision_model.encoder.layers.22.self_attn.out_proj.bias:  86%|████████▋ | 1055/1223 [00:05<00:00, 197.92w/s, dev=cpu]
vit_model.vision_model.encoder.layers.22.self_attn.out_proj.weight:  86%|████████▋ | 1056/1223 [00:05<00:00, 198.10w/s, dev=cpu]
vit_model.vision_model.encoder.layers.22.self_attn.q_proj.bias:  86%|████████▋ | 1057/1223 [00:05<00:00, 198.29w/s, dev=cpu]    
vit_model.vision_model.encoder.layers.22.self_attn.q_proj.weight:  87%|████████▋ | 1058/1223 [00:05<00:00, 198.47w/s, dev=cpu]
vit_model.vision_model.encoder.layers.22.self_attn.v_proj.bias:  87%|████████▋ | 1059/1223 [00:05<00:00, 198.66w/s, dev=cpu]  
vit_model.vision_model.encoder.layers.22.self_attn.v_proj.weight:  87%|████████▋ | 1060/1223 [00:05<00:00, 198.84w/s, dev=cpu]
vit_model.vision_model.encoder.layers.23.layer_norm1.bias:  87%|████████▋ | 1061/1223 [00:05<00:00, 199.03w/s, dev=cpu]       
vit_model.vision_model.encoder.layers.23.layer_norm1.weight:  87%|████████▋ | 1062/1223 [00:05<00:00, 199.21w/s, dev=cpu]
vit_model.vision_model.encoder.layers.23.layer_norm2.bias:  87%|████████▋ | 1063/1223 [00:05<00:00, 199.40w/s, dev=cpu]  
vit_model.vision_model.encoder.layers.23.layer_norm2.weight:  87%|████████▋ | 1064/1223 [00:05<00:00, 199.58w/s, dev=cpu]
vit_model.vision_model.encoder.layers.23.mlp.fc1.bias:  87%|████████▋ | 1065/1223 [00:05<00:00, 199.77w/s, dev=cpu]      
vit_model.vision_model.encoder.layers.23.mlp.fc1.weight:  87%|████████▋ | 1066/1223 [00:05<00:00, 199.95w/s, dev=cpu]
vit_model.vision_model.encoder.layers.23.mlp.fc2.bias:  87%|████████▋ | 1067/1223 [00:05<00:00, 200.14w/s, dev=cpu]  
vit_model.vision_model.encoder.layers.23.mlp.fc2.weight:  87%|████████▋ | 1068/1223 [00:05<00:00, 200.32w/s, dev=cpu]
vit_model.vision_model.encoder.layers.23.self_attn.k_proj.bias:  87%|████████▋ | 1069/1223 [00:05<00:00, 200.51w/s, dev=cpu]
vit_model.vision_model.encoder.layers.23.self_attn.k_proj.weight:  87%|████████▋ | 1070/1223 [00:05<00:00, 200.69w/s, dev=cpu]
vit_model.vision_model.encoder.layers.23.self_attn.out_proj.bias:  88%|████████▊ | 1071/1223 [00:05<00:00, 200.88w/s, dev=cpu]
vit_model.vision_model.encoder.layers.23.self_attn.out_proj.weight:  88%|████████▊ | 1072/1223 [00:05<00:00, 201.06w/s, dev=cpu]
vit_model.vision_model.encoder.layers.23.self_attn.q_proj.bias:  88%|████████▊ | 1073/1223 [00:05<00:00, 201.25w/s, dev=cpu]    
vit_model.vision_model.encoder.layers.23.self_attn.q_proj.weight:  88%|████████▊ | 1074/1223 [00:05<00:00, 201.43w/s, dev=cpu]
vit_model.vision_model.encoder.layers.23.self_attn.v_proj.bias:  88%|████████▊ | 1075/1223 [00:05<00:00, 201.62w/s, dev=cpu]  
vit_model.vision_model.encoder.layers.23.self_attn.v_proj.weight:  88%|████████▊ | 1076/1223 [00:05<00:00, 201.80w/s, dev=cpu]
vit_model.vision_model.encoder.layers.24.layer_norm1.bias:  88%|████████▊ | 1077/1223 [00:05<00:00, 201.98w/s, dev=cpu]       
vit_model.vision_model.encoder.layers.24.layer_norm1.weight:  88%|████████▊ | 1078/1223 [00:05<00:00, 202.17w/s, dev=cpu]
vit_model.vision_model.encoder.layers.24.layer_norm2.bias:  88%|████████▊ | 1079/1223 [00:05<00:00, 202.35w/s, dev=cpu]  
vit_model.vision_model.encoder.layers.24.layer_norm2.weight:  88%|████████▊ | 1080/1223 [00:05<00:00, 202.54w/s, dev=cpu]
vit_model.vision_model.encoder.layers.24.mlp.fc1.bias:  88%|████████▊ | 1081/1223 [00:05<00:00, 202.72w/s, dev=cpu]      
vit_model.vision_model.encoder.layers.24.mlp.fc1.weight:  88%|████████▊ | 1082/1223 [00:05<00:00, 202.91w/s, dev=cpu]
vit_model.vision_model.encoder.layers.24.mlp.fc2.bias:  89%|████████▊ | 1083/1223 [00:05<00:00, 203.09w/s, dev=cpu]  
vit_model.vision_model.encoder.layers.24.mlp.fc2.weight:  89%|████████▊ | 1084/1223 [00:05<00:00, 203.28w/s, dev=cpu]
vit_model.vision_model.encoder.layers.24.self_attn.k_proj.bias:  89%|████████▊ | 1085/1223 [00:05<00:00, 203.46w/s, dev=cpu]
vit_model.vision_model.encoder.layers.24.self_attn.k_proj.weight:  89%|████████▉ | 1086/1223 [00:05<00:00, 203.65w/s, dev=cpu]
vit_model.vision_model.encoder.layers.24.self_attn.out_proj.bias:  89%|████████▉ | 1087/1223 [00:05<00:00, 203.83w/s, dev=cpu]
vit_model.vision_model.encoder.layers.24.self_attn.out_proj.weight:  89%|████████▉ | 1088/1223 [00:05<00:00, 204.02w/s, dev=cpu]
vit_model.vision_model.encoder.layers.24.self_attn.q_proj.bias:  89%|████████▉ | 1089/1223 [00:05<00:00, 204.20w/s, dev=cpu]    
vit_model.vision_model.encoder.layers.24.self_attn.q_proj.weight:  89%|████████▉ | 1090/1223 [00:05<00:00, 204.39w/s, dev=cpu]
vit_model.vision_model.encoder.layers.24.self_attn.v_proj.bias:  89%|████████▉ | 1091/1223 [00:05<00:00, 204.57w/s, dev=cpu]  
vit_model.vision_model.encoder.layers.24.self_attn.v_proj.weight:  89%|████████▉ | 1092/1223 [00:05<00:00, 204.75w/s, dev=cpu]
vit_model.vision_model.encoder.layers.25.layer_norm1.bias:  89%|████████▉ | 1093/1223 [00:05<00:00, 204.94w/s, dev=cpu]       
vit_model.vision_model.encoder.layers.25.layer_norm1.weight:  89%|████████▉ | 1094/1223 [00:05<00:00, 205.12w/s, dev=cpu]
vit_model.vision_model.encoder.layers.25.layer_norm2.bias:  90%|████████▉ | 1095/1223 [00:05<00:00, 205.31w/s, dev=cpu]  
vit_model.vision_model.encoder.layers.25.layer_norm2.weight:  90%|████████▉ | 1096/1223 [00:05<00:00, 205.49w/s, dev=cpu]
vit_model.vision_model.encoder.layers.25.mlp.fc1.bias:  90%|████████▉ | 1097/1223 [00:05<00:00, 205.68w/s, dev=cpu]      
vit_model.vision_model.encoder.layers.25.mlp.fc1.weight:  90%|████████▉ | 1098/1223 [00:05<00:00, 205.86w/s, dev=cpu]
vit_model.vision_model.encoder.layers.25.mlp.fc2.bias:  90%|████████▉ | 1099/1223 [00:05<00:00, 206.05w/s, dev=cpu]  
vit_model.vision_model.encoder.layers.25.mlp.fc2.weight:  90%|████████▉ | 1100/1223 [00:05<00:00, 206.23w/s, dev=cpu]
vit_model.vision_model.encoder.layers.25.self_attn.k_proj.bias:  90%|█████████ | 1101/1223 [00:05<00:00, 206.42w/s, dev=cpu]
vit_model.vision_model.encoder.layers.25.self_attn.k_proj.weight:  90%|█████████ | 1102/1223 [00:05<00:00, 206.60w/s, dev=cpu]
vit_model.vision_model.encoder.layers.25.self_attn.out_proj.bias:  90%|█████████ | 1103/1223 [00:05<00:00, 206.79w/s, dev=cpu]
vit_model.vision_model.encoder.layers.25.self_attn.out_proj.weight:  90%|█████████ | 1104/1223 [00:05<00:00, 206.97w/s, dev=cpu]
vit_model.vision_model.encoder.layers.25.self_attn.q_proj.bias:  90%|█████████ | 1105/1223 [00:05<00:00, 207.15w/s, dev=cpu]    
vit_model.vision_model.encoder.layers.25.self_attn.q_proj.weight:  90%|█████████ | 1106/1223 [00:05<00:00, 207.34w/s, dev=cpu]
vit_model.vision_model.encoder.layers.25.self_attn.v_proj.bias:  91%|█████████ | 1107/1223 [00:05<00:00, 207.52w/s, dev=cpu]  
vit_model.vision_model.encoder.layers.25.self_attn.v_proj.weight:  91%|█████████ | 1108/1223 [00:05<00:00, 207.71w/s, dev=cpu]
vit_model.vision_model.encoder.layers.3.layer_norm1.bias:  91%|█████████ | 1109/1223 [00:05<00:00, 207.89w/s, dev=cpu]        
vit_model.vision_model.encoder.layers.3.layer_norm1.weight:  91%|█████████ | 1110/1223 [00:05<00:00, 208.08w/s, dev=cpu]
vit_model.vision_model.encoder.layers.3.layer_norm2.bias:  91%|█████████ | 1111/1223 [00:05<00:00, 208.26w/s, dev=cpu]  
vit_model.vision_model.encoder.layers.3.layer_norm2.weight:  91%|█████████ | 1112/1223 [00:05<00:00, 208.45w/s, dev=cpu]
vit_model.vision_model.encoder.layers.3.mlp.fc1.bias:  91%|█████████ | 1113/1223 [00:05<00:00, 208.63w/s, dev=cpu]      
vit_model.vision_model.encoder.layers.3.mlp.fc1.weight:  91%|█████████ | 1114/1223 [00:05<00:00, 208.82w/s, dev=cpu]
vit_model.vision_model.encoder.layers.3.mlp.fc2.bias:  91%|█████████ | 1115/1223 [00:05<00:00, 209.00w/s, dev=cpu]  
vit_model.vision_model.encoder.layers.3.mlp.fc2.weight:  91%|█████████▏| 1116/1223 [00:05<00:00, 209.19w/s, dev=cpu]
vit_model.vision_model.encoder.layers.3.self_attn.k_proj.bias:  91%|█████████▏| 1117/1223 [00:05<00:00, 209.37w/s, dev=cpu]
vit_model.vision_model.encoder.layers.3.self_attn.k_proj.weight:  91%|█████████▏| 1118/1223 [00:05<00:00, 209.55w/s, dev=cpu]
vit_model.vision_model.encoder.layers.3.self_attn.out_proj.bias:  91%|█████████▏| 1119/1223 [00:05<00:00, 209.74w/s, dev=cpu]
vit_model.vision_model.encoder.layers.3.self_attn.out_proj.weight:  92%|█████████▏| 1120/1223 [00:05<00:00, 209.92w/s, dev=cpu]
vit_model.vision_model.encoder.layers.3.self_attn.q_proj.bias:  92%|█████████▏| 1121/1223 [00:05<00:00, 210.11w/s, dev=cpu]    
vit_model.vision_model.encoder.layers.3.self_attn.q_proj.weight:  92%|█████████▏| 1122/1223 [00:05<00:00, 210.29w/s, dev=cpu]
vit_model.vision_model.encoder.layers.3.self_attn.v_proj.bias:  92%|█████████▏| 1123/1223 [00:05<00:00, 210.48w/s, dev=cpu]  
vit_model.vision_model.encoder.layers.3.self_attn.v_proj.weight:  92%|█████████▏| 1124/1223 [00:05<00:00, 210.66w/s, dev=cpu]
vit_model.vision_model.encoder.layers.4.layer_norm1.bias:  92%|█████████▏| 1125/1223 [00:05<00:00, 210.84w/s, dev=cpu]       
vit_model.vision_model.encoder.layers.4.layer_norm1.weight:  92%|█████████▏| 1126/1223 [00:05<00:00, 211.03w/s, dev=cpu]
vit_model.vision_model.encoder.layers.4.layer_norm2.bias:  92%|█████████▏| 1127/1223 [00:05<00:00, 211.21w/s, dev=cpu]  
vit_model.vision_model.encoder.layers.4.layer_norm2.weight:  92%|█████████▏| 1128/1223 [00:05<00:00, 211.40w/s, dev=cpu]
vit_model.vision_model.encoder.layers.4.mlp.fc1.bias:  92%|█████████▏| 1129/1223 [00:05<00:00, 211.58w/s, dev=cpu]      
vit_model.vision_model.encoder.layers.4.mlp.fc1.weight:  92%|█████████▏| 1130/1223 [00:05<00:00, 211.77w/s, dev=cpu]
vit_model.vision_model.encoder.layers.4.mlp.fc2.bias:  92%|█████████▏| 1131/1223 [00:05<00:00, 211.95w/s, dev=cpu]  
vit_model.vision_model.encoder.layers.4.mlp.fc2.weight:  93%|█████████▎| 1132/1223 [00:05<00:00, 212.14w/s, dev=cpu]
vit_model.vision_model.encoder.layers.4.self_attn.k_proj.bias:  93%|█████████▎| 1133/1223 [00:05<00:00, 212.32w/s, dev=cpu]
vit_model.vision_model.encoder.layers.4.self_attn.k_proj.weight:  93%|█████████▎| 1134/1223 [00:05<00:00, 212.50w/s, dev=cpu]
vit_model.vision_model.encoder.layers.4.self_attn.out_proj.bias:  93%|█████████▎| 1135/1223 [00:05<00:00, 212.69w/s, dev=cpu]
vit_model.vision_model.encoder.layers.4.self_attn.out_proj.weight:  93%|█████████▎| 1136/1223 [00:05<00:00, 212.87w/s, dev=cpu]
vit_model.vision_model.encoder.layers.4.self_attn.q_proj.bias:  93%|█████████▎| 1137/1223 [00:05<00:00, 213.06w/s, dev=cpu]    
vit_model.vision_model.encoder.layers.4.self_attn.q_proj.weight:  93%|█████████▎| 1138/1223 [00:05<00:00, 213.24w/s, dev=cpu]
vit_model.vision_model.encoder.layers.4.self_attn.v_proj.bias:  93%|█████████▎| 1139/1223 [00:05<00:00, 213.43w/s, dev=cpu]  
vit_model.vision_model.encoder.layers.4.self_attn.v_proj.weight:  93%|█████████▎| 1140/1223 [00:05<00:00, 213.61w/s, dev=cpu]
vit_model.vision_model.encoder.layers.5.layer_norm1.bias:  93%|█████████▎| 1141/1223 [00:05<00:00, 213.80w/s, dev=cpu]       
vit_model.vision_model.encoder.layers.5.layer_norm1.weight:  93%|█████████▎| 1142/1223 [00:05<00:00, 213.98w/s, dev=cpu]
vit_model.vision_model.encoder.layers.5.layer_norm2.bias:  93%|█████████▎| 1143/1223 [00:05<00:00, 214.16w/s, dev=cpu]  
vit_model.vision_model.encoder.layers.5.layer_norm2.weight:  94%|█████████▎| 1144/1223 [00:05<00:00, 214.35w/s, dev=cpu]
vit_model.vision_model.encoder.layers.5.mlp.fc1.bias:  94%|█████████▎| 1145/1223 [00:05<00:00, 214.53w/s, dev=cpu]      
vit_model.vision_model.encoder.layers.5.mlp.fc1.weight:  94%|█████████▎| 1146/1223 [00:05<00:00, 214.72w/s, dev=cpu]
vit_model.vision_model.encoder.layers.5.mlp.fc2.bias:  94%|█████████▍| 1147/1223 [00:05<00:00, 214.90w/s, dev=cpu]  
vit_model.vision_model.encoder.layers.5.mlp.fc2.weight:  94%|█████████▍| 1148/1223 [00:05<00:00, 215.09w/s, dev=cpu]
vit_model.vision_model.encoder.layers.5.self_attn.k_proj.bias:  94%|█████████▍| 1149/1223 [00:05<00:00, 215.27w/s, dev=cpu]
vit_model.vision_model.encoder.layers.5.self_attn.k_proj.weight:  94%|█████████▍| 1150/1223 [00:05<00:00, 215.45w/s, dev=cpu]
vit_model.vision_model.encoder.layers.5.self_attn.out_proj.bias:  94%|█████████▍| 1151/1223 [00:05<00:00, 215.64w/s, dev=cpu]
vit_model.vision_model.encoder.layers.5.self_attn.out_proj.weight:  94%|█████████▍| 1152/1223 [00:05<00:00, 215.82w/s, dev=cpu]
vit_model.vision_model.encoder.layers.5.self_attn.q_proj.bias:  94%|█████████▍| 1153/1223 [00:05<00:00, 216.01w/s, dev=cpu]    
vit_model.vision_model.encoder.layers.5.self_attn.q_proj.weight:  94%|█████████▍| 1154/1223 [00:05<00:00, 216.19w/s, dev=cpu]
vit_model.vision_model.encoder.layers.5.self_attn.v_proj.bias:  94%|█████████▍| 1155/1223 [00:05<00:00, 216.38w/s, dev=cpu]  
vit_model.vision_model.encoder.layers.5.self_attn.v_proj.weight:  95%|█████████▍| 1156/1223 [00:05<00:00, 216.56w/s, dev=cpu]
vit_model.vision_model.encoder.layers.6.layer_norm1.bias:  95%|█████████▍| 1157/1223 [00:05<00:00, 216.74w/s, dev=cpu]       
vit_model.vision_model.encoder.layers.6.layer_norm1.weight:  95%|█████████▍| 1158/1223 [00:05<00:00, 216.93w/s, dev=cpu]
vit_model.vision_model.encoder.layers.6.layer_norm2.bias:  95%|█████████▍| 1159/1223 [00:05<00:00, 217.11w/s, dev=cpu]  
vit_model.vision_model.encoder.layers.6.layer_norm2.weight:  95%|█████████▍| 1160/1223 [00:05<00:00, 217.30w/s, dev=cpu]
vit_model.vision_model.encoder.layers.6.mlp.fc1.bias:  95%|█████████▍| 1161/1223 [00:05<00:00, 217.48w/s, dev=cpu]      
vit_model.vision_model.encoder.layers.6.mlp.fc1.weight:  95%|█████████▌| 1162/1223 [00:05<00:00, 217.67w/s, dev=cpu]
vit_model.vision_model.encoder.layers.6.mlp.fc2.bias:  95%|█████████▌| 1163/1223 [00:05<00:00, 217.85w/s, dev=cpu]  
vit_model.vision_model.encoder.layers.6.mlp.fc2.weight:  95%|█████████▌| 1164/1223 [00:05<00:00, 218.03w/s, dev=cpu]
vit_model.vision_model.encoder.layers.6.self_attn.k_proj.bias:  95%|█████████▌| 1165/1223 [00:05<00:00, 218.22w/s, dev=cpu]
vit_model.vision_model.encoder.layers.6.self_attn.k_proj.weight:  95%|█████████▌| 1166/1223 [00:05<00:00, 218.40w/s, dev=cpu]
vit_model.vision_model.encoder.layers.6.self_attn.out_proj.bias:  95%|█████████▌| 1167/1223 [00:05<00:00, 218.59w/s, dev=cpu]
vit_model.vision_model.encoder.layers.6.self_attn.out_proj.weight:  96%|█████████▌| 1168/1223 [00:05<00:00, 218.77w/s, dev=cpu]
vit_model.vision_model.encoder.layers.6.self_attn.q_proj.bias:  96%|█████████▌| 1169/1223 [00:05<00:00, 218.96w/s, dev=cpu]    
vit_model.vision_model.encoder.layers.6.self_attn.q_proj.weight:  96%|█████████▌| 1170/1223 [00:05<00:00, 219.14w/s, dev=cpu]
vit_model.vision_model.encoder.layers.6.self_attn.v_proj.bias:  96%|█████████▌| 1171/1223 [00:05<00:00, 219.32w/s, dev=cpu]  
vit_model.vision_model.encoder.layers.6.self_attn.v_proj.weight:  96%|█████████▌| 1172/1223 [00:05<00:00, 219.51w/s, dev=cpu]
vit_model.vision_model.encoder.layers.7.layer_norm1.bias:  96%|█████████▌| 1173/1223 [00:05<00:00, 219.69w/s, dev=cpu]       
vit_model.vision_model.encoder.layers.7.layer_norm1.weight:  96%|█████████▌| 1174/1223 [00:05<00:00, 219.88w/s, dev=cpu]
vit_model.vision_model.encoder.layers.7.layer_norm2.bias:  96%|█████████▌| 1175/1223 [00:05<00:00, 220.06w/s, dev=cpu]  
vit_model.vision_model.encoder.layers.7.layer_norm2.weight:  96%|█████████▌| 1176/1223 [00:05<00:00, 220.24w/s, dev=cpu]
vit_model.vision_model.encoder.layers.7.mlp.fc1.bias:  96%|█████████▌| 1177/1223 [00:05<00:00, 220.43w/s, dev=cpu]      
vit_model.vision_model.encoder.layers.7.mlp.fc1.weight:  96%|█████████▋| 1178/1223 [00:05<00:00, 220.61w/s, dev=cpu]
vit_model.vision_model.encoder.layers.7.mlp.fc2.bias:  96%|█████████▋| 1179/1223 [00:05<00:00, 220.80w/s, dev=cpu]  
vit_model.vision_model.encoder.layers.7.mlp.fc2.weight:  96%|█████████▋| 1180/1223 [00:05<00:00, 220.98w/s, dev=cpu]
vit_model.vision_model.encoder.layers.7.self_attn.k_proj.bias:  97%|█████████▋| 1181/1223 [00:05<00:00, 221.17w/s, dev=cpu]
vit_model.vision_model.encoder.layers.7.self_attn.k_proj.weight:  97%|█████████▋| 1182/1223 [00:05<00:00, 221.35w/s, dev=cpu]
vit_model.vision_model.encoder.layers.7.self_attn.out_proj.bias:  97%|█████████▋| 1183/1223 [00:05<00:00, 221.53w/s, dev=cpu]
vit_model.vision_model.encoder.layers.7.self_attn.out_proj.weight:  97%|█████████▋| 1184/1223 [00:05<00:00, 221.72w/s, dev=cpu]
vit_model.vision_model.encoder.layers.7.self_attn.q_proj.bias:  97%|█████████▋| 1185/1223 [00:05<00:00, 221.90w/s, dev=cpu]    
vit_model.vision_model.encoder.layers.7.self_attn.q_proj.weight:  97%|█████████▋| 1186/1223 [00:05<00:00, 222.09w/s, dev=cpu]
vit_model.vision_model.encoder.layers.7.self_attn.v_proj.bias:  97%|█████████▋| 1187/1223 [00:05<00:00, 222.27w/s, dev=cpu]  
vit_model.vision_model.encoder.layers.7.self_attn.v_proj.weight:  97%|█████████▋| 1188/1223 [00:05<00:00, 222.45w/s, dev=cpu]
vit_model.vision_model.encoder.layers.8.layer_norm1.bias:  97%|█████████▋| 1189/1223 [00:05<00:00, 222.64w/s, dev=cpu]       
vit_model.vision_model.encoder.layers.8.layer_norm1.weight:  97%|█████████▋| 1190/1223 [00:05<00:00, 222.82w/s, dev=cpu]
vit_model.vision_model.encoder.layers.8.layer_norm2.bias:  97%|█████████▋| 1191/1223 [00:05<00:00, 223.01w/s, dev=cpu]  
vit_model.vision_model.encoder.layers.8.layer_norm2.weight:  97%|█████████▋| 1192/1223 [00:05<00:00, 223.19w/s, dev=cpu]
vit_model.vision_model.encoder.layers.8.mlp.fc1.bias:  98%|█████████▊| 1193/1223 [00:05<00:00, 223.38w/s, dev=cpu]      
vit_model.vision_model.encoder.layers.8.mlp.fc1.weight:  98%|█████████▊| 1194/1223 [00:05<00:00, 223.56w/s, dev=cpu]
vit_model.vision_model.encoder.layers.8.mlp.fc2.bias:  98%|█████████▊| 1195/1223 [00:05<00:00, 223.74w/s, dev=cpu]  
vit_model.vision_model.encoder.layers.8.mlp.fc2.weight:  98%|█████████▊| 1196/1223 [00:05<00:00, 223.93w/s, dev=cpu]
vit_model.vision_model.encoder.layers.8.self_attn.k_proj.bias:  98%|█████████▊| 1197/1223 [00:05<00:00, 224.11w/s, dev=cpu]
vit_model.vision_model.encoder.layers.8.self_attn.k_proj.weight:  98%|█████████▊| 1198/1223 [00:05<00:00, 224.30w/s, dev=cpu]
vit_model.vision_model.encoder.layers.8.self_attn.out_proj.bias:  98%|█████████▊| 1199/1223 [00:05<00:00, 224.48w/s, dev=cpu]
vit_model.vision_model.encoder.layers.8.self_attn.out_proj.weight:  98%|█████████▊| 1200/1223 [00:05<00:00, 224.66w/s, dev=cpu]
vit_model.vision_model.encoder.layers.8.self_attn.q_proj.bias:  98%|█████████▊| 1201/1223 [00:05<00:00, 224.85w/s, dev=cpu]    
vit_model.vision_model.encoder.layers.8.self_attn.q_proj.weight:  98%|█████████▊| 1202/1223 [00:05<00:00, 225.03w/s, dev=cpu]
vit_model.vision_model.encoder.layers.8.self_attn.v_proj.bias:  98%|█████████▊| 1203/1223 [00:05<00:00, 225.22w/s, dev=cpu]  
vit_model.vision_model.encoder.layers.8.self_attn.v_proj.weight:  98%|█████████▊| 1204/1223 [00:05<00:00, 225.40w/s, dev=cpu]
vit_model.vision_model.encoder.layers.9.layer_norm1.bias:  99%|█████████▊| 1205/1223 [00:05<00:00, 225.58w/s, dev=cpu]       
vit_model.vision_model.encoder.layers.9.layer_norm1.weight:  99%|█████████▊| 1206/1223 [00:05<00:00, 225.77w/s, dev=cpu]
vit_model.vision_model.encoder.layers.9.layer_norm2.bias:  99%|█████████▊| 1207/1223 [00:05<00:00, 225.95w/s, dev=cpu]  
vit_model.vision_model.encoder.layers.9.layer_norm2.weight:  99%|█████████▉| 1208/1223 [00:05<00:00, 226.13w/s, dev=cpu]
vit_model.vision_model.encoder.layers.9.mlp.fc1.bias:  99%|█████████▉| 1209/1223 [00:05<00:00, 226.32w/s, dev=cpu]      
vit_model.vision_model.encoder.layers.9.mlp.fc1.weight:  99%|█████████▉| 1210/1223 [00:05<00:00, 226.50w/s, dev=cpu]
vit_model.vision_model.encoder.layers.9.mlp.fc2.bias:  99%|█████████▉| 1211/1223 [00:05<00:00, 226.69w/s, dev=cpu]  
vit_model.vision_model.encoder.layers.9.mlp.fc2.weight:  99%|█████████▉| 1212/1223 [00:05<00:00, 226.87w/s, dev=cpu]
vit_model.vision_model.encoder.layers.9.self_attn.k_proj.bias:  99%|█████████▉| 1213/1223 [00:05<00:00, 227.06w/s, dev=cpu]
vit_model.vision_model.encoder.layers.9.self_attn.k_proj.weight:  99%|█████████▉| 1214/1223 [00:05<00:00, 227.24w/s, dev=cpu]
vit_model.vision_model.encoder.layers.9.self_attn.out_proj.bias:  99%|█████████▉| 1215/1223 [00:05<00:00, 227.42w/s, dev=cpu]
vit_model.vision_model.encoder.layers.9.self_attn.out_proj.weight:  99%|█████████▉| 1216/1223 [00:05<00:00, 227.61w/s, dev=cpu]
vit_model.vision_model.encoder.layers.9.self_attn.q_proj.bias: 100%|█████████▉| 1217/1223 [00:05<00:00, 227.79w/s, dev=cpu]    
vit_model.vision_model.encoder.layers.9.self_attn.q_proj.weight: 100%|█████████▉| 1218/1223 [00:05<00:00, 227.97w/s, dev=cpu]
vit_model.vision_model.encoder.layers.9.self_attn.v_proj.bias: 100%|█████████▉| 1219/1223 [00:05<00:00, 228.16w/s, dev=cpu]  
vit_model.vision_model.encoder.layers.9.self_attn.v_proj.weight: 100%|█████████▉| 1220/1223 [00:05<00:00, 228.34w/s, dev=cpu]
vit_model.vision_model.post_layernorm.bias: 100%|█████████▉| 1221/1223 [00:05<00:00, 228.53w/s, dev=cpu]                     
vit_model.vision_model.post_layernorm.weight: 100%|█████████▉| 1222/1223 [00:05<00:00, 228.71w/s, dev=cpu]
                                                                                                          
Some parameters are on the meta device because they were offloaded to the cpu.

  0%|          | 0/49 [00:00<?, ?it/s]
  2%|▏         | 1/49 [00:05<04:10,  5.23s/it]
  4%|▍         | 2/49 [00:10<03:55,  5.01s/it]
  6%|▌         | 3/49 [00:14<03:46,  4.92s/it]
  8%|▊         | 4/49 [00:19<03:38,  4.85s/it]
 10%|█         | 5/49 [00:24<03:30,  4.78s/it]
 12%|█▏        | 6/49 [00:28<03:23,  4.73s/it]
 14%|█▍        | 7/49 [00:33<03:17,  4.70s/it]
 16%|█▋        | 8/49 [00:38<03:11,  4.68s/it]
 18%|█▊        | 9/49 [00:42<03:06,  4.66s/it]
 20%|██        | 10/49 [00:47<03:01,  4.66s/it]
 22%|██▏       | 11/49 [00:52<02:56,  4.65s/it]
 24%|██▍       | 12/49 [00:56<02:52,  4.66s/it]
 27%|██▋       | 13/49 [01:01<02:47,  4.64s/it]
 29%|██▊       | 14/49 [01:05<02:41,  4.63s/it]
 31%|███       | 15/49 [01:10<02:37,  4.63s/it]
 33%|███▎      | 16/49 [01:15<02:32,  4.63s/it]
 35%|███▍      | 17/49 [01:19<02:27,  4.62s/it]
 37%|███▋      | 18/49 [01:24<02:23,  4.61s/it]
 39%|███▉      | 19/49 [01:29<02:18,  4.62s/it]
 41%|████      | 20/49 [01:33<02:14,  4.63s/it]
 43%|████▎     | 21/49 [01:38<02:09,  4.62s/it]
 45%|████▍     | 22/49 [01:42<02:04,  4.60s/it]
 47%|████▋     | 23/49 [01:47<01:59,  4.61s/it]
 49%|████▉     | 24/49 [01:52<01:56,  4.64s/it]
 51%|█████     | 25/49 [01:56<01:51,  4.66s/it]
 53%|█████▎    | 26/49 [02:01<01:47,  4.67s/it]
 55%|█████▌    | 27/49 [02:06<01:43,  4.69s/it]
 57%|█████▋    | 28/49 [02:11<01:38,  4.70s/it]
 59%|█████▉    | 29/49 [02:15<01:34,  4.72s/it]
 61%|██████    | 30/49 [02:20<01:29,  4.72s/it]
 63%|██████▎   | 31/49 [02:25<01:24,  4.72s/it]
 65%|██████▌   | 32/49 [02:30<01:20,  4.72s/it]
 67%|██████▋   | 33/49 [02:34<01:15,  4.71s/it]
 69%|██████▉   | 34/49 [02:39<01:10,  4.72s/it]
 71%|███████▏  | 35/49 [02:44<01:06,  4.72s/it]
 73%|███████▎  | 36/49 [02:48<01:00,  4.69s/it]
 76%|███████▌  | 37/49 [02:53<00:55,  4.66s/it]
 78%|███████▊  | 38/49 [02:58<00:51,  4.65s/it]
 80%|███████▉  | 39/49 [03:02<00:46,  4.65s/it]
 82%|████████▏ | 40/49 [03:07<00:41,  4.64s/it]
 84%|████████▎ | 41/49 [03:11<00:37,  4.64s/it]
 86%|████████▌ | 42/49 [03:13<00:25,  3.71s/it]
 88%|████████▊ | 43/49 [03:15<00:18,  3.07s/it]
 90%|████████▉ | 44/49 [03:16<00:13,  2.63s/it]
 92%|█████████▏| 45/49 [03:18<00:09,  2.32s/it]
 94%|█████████▍| 46/49 [03:19<00:06,  2.10s/it]
 96%|█████████▌| 47/49 [03:21<00:03,  1.93s/it]
 98%|█████████▊| 48/49 [03:22<00:01,  1.82s/it]
100%|██████████| 49/49 [03:24<00:00,  1.74s/it]
100%|██████████| 49/49 [03:24<00:00,  4.17s/it]

task=t2i
prompt=a detailed cyberpunk street at night with neon lights and rain
input_image=
output=/root/autodl-tmp/BAGEL/repro_records/task12_20260601_211039/outputs/steps_50.png
model_path=models/BAGEL-7B-MoT
mode=2
seed=42
think=False
num_timesteps=50
cfg_text_scale=4.0
cfg_img_scale=2.0
cfg_interval=[0.4, 1.0]
timestep_shift=3.0
gpu_memory_before=cuda:0 torch_allocated=0.00GiB torch_reserved=0.00GiB torch_peak=0.00GiB; cuda:1 torch_allocated=0.00GiB torch_reserved=0.00GiB torch_peak=0.00GiB; nvidia_smi=0, 4, 24564 | 1, 672, 24564
model_load_seconds=24.79
gpu_memory_after_load=cuda:0 torch_allocated=3.29GiB torch_reserved=3.51GiB torch_peak=11.27GiB; cuda:1 torch_allocated=2.69GiB torch_reserved=2.94GiB torch_peak=12.36GiB; nvidia_smi=0, 4052, 24564 | 1, 4140, 24564
inference_seconds=217.11
total_seconds=242.63
gpu_memory_after_inference=cuda:0 torch_allocated=3.30GiB torch_reserved=3.85GiB torch_peak=11.27GiB; cuda:1 torch_allocated=2.69GiB torch_reserved=2.94GiB torch_peak=12.36GiB; nvidia_smi=0, 4412, 24564 | 1, 4156, 24564
status=success

wall_seconds=251
after_gpu:
Mon Jun  1 21:22:39 2026       
+-----------------------------------------------------------------------------------------+
| NVIDIA-SMI 595.58.03              Driver Version: 595.58.03      CUDA Version: 13.2     |
+-----------------------------------------+------------------------+----------------------+
| GPU  Name                 Persistence-M | Bus-Id          Disp.A | Volatile Uncorr. ECC |
| Fan  Temp   Perf          Pwr:Usage/Cap |           Memory-Usage | GPU-Util  Compute M. |
|                                         |                        |               MIG M. |
|=========================================+========================+======================|
|   0  NVIDIA GeForce RTX 4090        On  |   00000000:16:00.0 Off |                  Off |
| 30%   41C    P0             60W /  450W |       1MiB /  24564MiB |     46%      Default |
|                                         |                        |                  N/A |
+-----------------------------------------+------------------------+----------------------+
|   1  NVIDIA GeForce RTX 4090        On  |   00000000:5A:00.0 Off |                  Off |
| 30%   37C    P0             65W /  450W |     672MiB /  24564MiB |      0%      Default |
|                                         |                        |                  N/A |
+-----------------------------------------+------------------------+----------------------+

+-----------------------------------------------------------------------------------------+
| Processes:                                                                              |
|  GPU   GI   CI              PID   Type   Process name                        GPU Memory |
|        ID   ID                                                               Usage      |
|=========================================================================================|
|  No running processes found                                                             |
+-----------------------------------------------------------------------------------------+

end_utc=2026-06-01T13:22:39Z
status=completed
outputs:
-rw-r--r-- 1 root root 1.6M Jun  1 21:15 /root/autodl-tmp/BAGEL/repro_records/task12_20260601_211039/outputs/steps_10.png
-rw-r--r-- 1 root root 1.8M Jun  1 21:18 /root/autodl-tmp/BAGEL/repro_records/task12_20260601_211039/outputs/steps_30.png
-rw-r--r-- 1 root root 1.8M Jun  1 21:22 /root/autodl-tmp/BAGEL/repro_records/task12_20260601_211039/outputs/steps_50.png
