The safetensors archive passed at models/BAGEL-7B-MoT/ema.safetensors does not contain metadata. Make sure to save your model with the `save_pretrained` method. Defaulting to 'pt' metadata.

  0%|          | 0/1223 [00:00<?, ?w/s]
language_model.model.embed_tokens.weight:   0%|          | 0/1223 [00:00<?, ?w/s, dev=0]
language_model.model.embed_tokens.weight:   0%|          | 1/1223 [00:00<07:26,  2.74w/s, dev=0]
language_model.model.layers.0.input_layernorm.weight:   0%|          | 1/1223 [00:00<07:26,  2.74w/s, dev=0]
language_model.model.layers.0.input_layernorm_moe_gen.weight:   0%|          | 2/1223 [00:00<03:43,  5.47w/s, dev=0]
language_model.model.layers.0.mlp.down_proj.weight:   0%|          | 3/1223 [00:00<02:28,  8.19w/s, dev=0]          
language_model.model.layers.0.mlp.gate_proj.weight:   0%|          | 4/1223 [00:00<01:59, 10.16w/s, dev=0]
language_model.model.layers.0.mlp.up_proj.weight:   0%|          | 5/1223 [00:00<01:42, 11.87w/s, dev=0]  
language_model.model.layers.0.mlp_moe_gen.down_proj.weight:   0%|          | 6/1223 [00:00<01:31, 13.36w/s, dev=0]
language_model.model.layers.0.mlp_moe_gen.down_proj.weight:   1%|          | 7/1223 [00:00<01:23, 14.64w/s, dev=0]
language_model.model.layers.0.mlp_moe_gen.gate_proj.weight:   1%|          | 7/1223 [00:00<01:23, 14.63w/s, dev=0]
language_model.model.layers.0.mlp_moe_gen.up_proj.weight:   1%|          | 8/1223 [00:00<01:16, 15.81w/s, dev=0]  
language_model.model.layers.0.post_attention_layernorm.weight:   1%|          | 9/1223 [00:00<01:12, 16.86w/s, dev=0]
language_model.model.layers.0.post_attention_layernorm_moe_gen.weight:   1%|          | 10/1223 [00:00<01:04, 18.72w/s, dev=0]
language_model.model.layers.0.self_attn.k_norm.weight:   1%|          | 11/1223 [00:00<00:58, 20.59w/s, dev=0]                
language_model.model.layers.0.self_attn.k_norm_moe_gen.weight:   1%|          | 12/1223 [00:00<00:53, 22.45w/s, dev=0]
language_model.model.layers.0.self_attn.k_proj.bias:   1%|          | 13/1223 [00:00<00:49, 24.32w/s, dev=0]          
language_model.model.layers.0.self_attn.k_proj.weight:   1%|          | 14/1223 [00:00<00:46, 26.18w/s, dev=0]
language_model.model.layers.0.self_attn.k_proj_moe_gen.bias:   1%|          | 15/1223 [00:00<00:43, 28.00w/s, dev=0]
language_model.model.layers.0.self_attn.k_proj_moe_gen.weight:   1%|▏         | 16/1223 [00:00<00:40, 29.85w/s, dev=0]
language_model.model.layers.0.self_attn.o_proj.weight:   1%|▏         | 17/1223 [00:00<00:38, 31.66w/s, dev=0]        
language_model.model.layers.0.self_attn.o_proj_moe_gen.weight:   1%|▏         | 18/1223 [00:00<00:36, 33.18w/s, dev=0]
language_model.model.layers.0.self_attn.q_norm.weight:   2%|▏         | 19/1223 [00:00<00:34, 34.67w/s, dev=0]        
language_model.model.layers.0.self_attn.q_norm_moe_gen.weight:   2%|▏         | 20/1223 [00:00<00:32, 36.47w/s, dev=0]
language_model.model.layers.0.self_attn.q_proj.bias:   2%|▏         | 21/1223 [00:00<00:31, 38.29w/s, dev=0]          
language_model.model.layers.0.self_attn.q_proj.weight:   2%|▏         | 22/1223 [00:00<00:29, 40.10w/s, dev=0]
language_model.model.layers.0.self_attn.q_proj_moe_gen.bias:   2%|▏         | 23/1223 [00:00<00:28, 41.51w/s, dev=0]
language_model.model.layers.0.self_attn.q_proj_moe_gen.weight:   2%|▏         | 24/1223 [00:00<00:27, 43.29w/s, dev=0]
language_model.model.layers.0.self_attn.v_proj.bias:   2%|▏         | 25/1223 [00:00<00:26, 44.66w/s, dev=0]          
language_model.model.layers.0.self_attn.v_proj.weight:   2%|▏         | 26/1223 [00:00<00:25, 46.42w/s, dev=0]
language_model.model.layers.0.self_attn.v_proj_moe_gen.bias:   2%|▏         | 27/1223 [00:00<00:24, 48.13w/s, dev=0]
language_model.model.layers.0.self_attn.v_proj_moe_gen.weight:   2%|▏         | 28/1223 [00:00<00:23, 49.90w/s, dev=0]
language_model.model.layers.1.input_layernorm.weight:   2%|▏         | 29/1223 [00:00<00:23, 51.60w/s, dev=0]         
language_model.model.layers.1.input_layernorm_moe_gen.weight:   2%|▏         | 30/1223 [00:00<00:22, 53.36w/s, dev=0]
language_model.model.layers.1.mlp.down_proj.weight:   3%|▎         | 31/1223 [00:00<00:21, 55.12w/s, dev=0]          
language_model.model.layers.1.mlp.down_proj.weight:   3%|▎         | 32/1223 [00:00<00:21, 54.25w/s, dev=0]
language_model.model.layers.1.mlp.gate_proj.weight:   3%|▎         | 32/1223 [00:00<00:21, 54.24w/s, dev=0]
language_model.model.layers.1.mlp.up_proj.weight:   3%|▎         | 33/1223 [00:00<00:22, 53.43w/s, dev=0]  
language_model.model.layers.1.mlp_moe_gen.down_proj.weight:   3%|▎         | 34/1223 [00:00<00:22, 52.69w/s, dev=0]
language_model.model.layers.1.mlp_moe_gen.gate_proj.weight:   3%|▎         | 35/1223 [00:00<00:22, 52.02w/s, dev=0]
language_model.model.layers.1.mlp_moe_gen.up_proj.weight:   3%|▎         | 36/1223 [00:00<00:23, 51.39w/s, dev=0]  
language_model.model.layers.1.post_attention_layernorm.weight:   3%|▎         | 37/1223 [00:00<00:23, 50.82w/s, dev=0]
language_model.model.layers.1.post_attention_layernorm_moe_gen.weight:   3%|▎         | 38/1223 [00:00<00:22, 52.17w/s, dev=0]
language_model.model.layers.1.self_attn.k_norm.weight:   3%|▎         | 39/1223 [00:00<00:22, 53.54w/s, dev=0]                
language_model.model.layers.1.self_attn.k_norm_moe_gen.weight:   3%|▎         | 40/1223 [00:00<00:21, 54.90w/s, dev=0]
language_model.model.layers.1.self_attn.k_proj.bias:   3%|▎         | 41/1223 [00:00<00:21, 56.26w/s, dev=0]          
language_model.model.layers.1.self_attn.k_proj.weight:   3%|▎         | 42/1223 [00:00<00:20, 57.62w/s, dev=0]
language_model.model.layers.1.self_attn.k_proj_moe_gen.bias:   4%|▎         | 43/1223 [00:00<00:20, 58.92w/s, dev=0]
language_model.model.layers.1.self_attn.k_proj_moe_gen.weight:   4%|▎         | 44/1223 [00:00<00:19, 60.28w/s, dev=0]
language_model.model.layers.1.self_attn.o_proj.weight:   4%|▎         | 45/1223 [00:00<00:19, 61.55w/s, dev=0]        
language_model.model.layers.1.self_attn.o_proj_moe_gen.weight:   4%|▍         | 46/1223 [00:00<00:18, 62.45w/s, dev=0]
language_model.model.layers.1.self_attn.q_norm.weight:   4%|▍         | 47/1223 [00:00<00:18, 63.33w/s, dev=0]        
language_model.model.layers.1.self_attn.q_norm_moe_gen.weight:   4%|▍         | 48/1223 [00:00<00:18, 64.65w/s, dev=0]
language_model.model.layers.1.self_attn.q_proj.bias:   4%|▍         | 49/1223 [00:00<00:17, 65.99w/s, dev=0]          
language_model.model.layers.1.self_attn.q_proj.weight:   4%|▍         | 50/1223 [00:00<00:17, 67.32w/s, dev=0]
language_model.model.layers.1.self_attn.q_proj_moe_gen.bias:   4%|▍         | 51/1223 [00:00<00:17, 68.17w/s, dev=0]
language_model.model.layers.1.self_attn.q_proj_moe_gen.weight:   4%|▍         | 52/1223 [00:00<00:16, 69.48w/s, dev=0]
language_model.model.layers.1.self_attn.v_proj.bias:   4%|▍         | 53/1223 [00:00<00:16, 70.30w/s, dev=0]          
language_model.model.layers.1.self_attn.v_proj.weight:   4%|▍         | 54/1223 [00:00<00:16, 71.60w/s, dev=0]
language_model.model.layers.1.self_attn.v_proj_moe_gen.bias:   4%|▍         | 55/1223 [00:00<00:16, 72.84w/s, dev=0]
language_model.model.layers.1.self_attn.v_proj_moe_gen.weight:   5%|▍         | 56/1223 [00:00<00:15, 74.14w/s, dev=0]
language_model.model.layers.1.self_attn.v_proj_moe_gen.weight:   5%|▍         | 57/1223 [00:00<00:15, 75.37w/s, dev=0]
language_model.model.layers.2.input_layernorm.weight:   5%|▍         | 57/1223 [00:00<00:15, 75.36w/s, dev=0]         
language_model.model.layers.2.input_layernorm_moe_gen.weight:   5%|▍         | 58/1223 [00:00<00:15, 76.67w/s, dev=0]
language_model.model.layers.2.mlp.down_proj.weight:   5%|▍         | 59/1223 [00:00<00:14, 77.98w/s, dev=0]          
language_model.model.layers.2.mlp.gate_proj.weight:   5%|▍         | 60/1223 [00:00<00:15, 76.65w/s, dev=0]
language_model.model.layers.2.mlp.up_proj.weight:   5%|▍         | 61/1223 [00:00<00:15, 75.44w/s, dev=0]  
language_model.model.layers.2.mlp_moe_gen.down_proj.weight:   5%|▌         | 62/1223 [00:00<00:15, 74.31w/s, dev=0]
language_model.model.layers.2.mlp_moe_gen.gate_proj.weight:   5%|▌         | 63/1223 [00:00<00:15, 73.26w/s, dev=0]
language_model.model.layers.2.mlp_moe_gen.up_proj.weight:   5%|▌         | 64/1223 [00:00<00:16, 72.26w/s, dev=0]  
language_model.model.layers.2.post_attention_layernorm.weight:   5%|▌         | 65/1223 [00:00<00:16, 71.31w/s, dev=0]
language_model.model.layers.2.post_attention_layernorm_moe_gen.weight:   5%|▌         | 66/1223 [00:00<00:15, 72.39w/s, dev=0]
language_model.model.layers.2.self_attn.k_norm.weight:   5%|▌         | 67/1223 [00:00<00:15, 73.48w/s, dev=0]                
language_model.model.layers.2.self_attn.k_norm_moe_gen.weight:   6%|▌         | 68/1223 [00:00<00:15, 74.56w/s, dev=0]
language_model.model.layers.2.self_attn.k_proj.bias:   6%|▌         | 69/1223 [00:00<00:15, 75.65w/s, dev=0]          
language_model.model.layers.2.self_attn.k_proj.weight:   6%|▌         | 70/1223 [00:00<00:15, 76.74w/s, dev=0]
language_model.model.layers.2.self_attn.k_proj_moe_gen.bias:   6%|▌         | 71/1223 [00:00<00:14, 77.76w/s, dev=0]
language_model.model.layers.2.self_attn.k_proj_moe_gen.weight:   6%|▌         | 72/1223 [00:00<00:14, 78.84w/s, dev=0]
language_model.model.layers.2.self_attn.o_proj.weight:   6%|▌         | 73/1223 [00:00<00:14, 79.87w/s, dev=0]        
language_model.model.layers.2.self_attn.o_proj_moe_gen.weight:   6%|▌         | 74/1223 [00:00<00:14, 80.51w/s, dev=0]
language_model.model.layers.2.self_attn.q_norm.weight:   6%|▌         | 75/1223 [00:00<00:14, 81.14w/s, dev=0]        
language_model.model.layers.2.self_attn.q_norm_moe_gen.weight:   6%|▌         | 76/1223 [00:00<00:13, 82.20w/s, dev=0]
language_model.model.layers.2.self_attn.q_proj.bias:   6%|▋         | 77/1223 [00:00<00:13, 83.27w/s, dev=0]          
language_model.model.layers.2.self_attn.q_proj.weight:   6%|▋         | 78/1223 [00:00<00:13, 84.35w/s, dev=0]
language_model.model.layers.2.self_attn.q_proj_moe_gen.bias:   6%|▋         | 79/1223 [00:00<00:13, 84.96w/s, dev=0]
language_model.model.layers.2.self_attn.q_proj_moe_gen.weight:   7%|▋         | 80/1223 [00:00<00:13, 86.02w/s, dev=0]
language_model.model.layers.2.self_attn.v_proj.bias:   7%|▋         | 81/1223 [00:00<00:13, 86.60w/s, dev=0]          
language_model.model.layers.2.self_attn.v_proj.bias:   7%|▋         | 82/1223 [00:00<00:13, 87.65w/s, dev=0]
language_model.model.layers.2.self_attn.v_proj.weight:   7%|▋         | 82/1223 [00:00<00:13, 87.65w/s, dev=0]
language_model.model.layers.2.self_attn.v_proj_moe_gen.bias:   7%|▋         | 83/1223 [00:00<00:12, 88.61w/s, dev=0]
language_model.model.layers.2.self_attn.v_proj_moe_gen.weight:   7%|▋         | 84/1223 [00:00<00:12, 89.67w/s, dev=0]
language_model.model.layers.3.input_layernorm.weight:   7%|▋         | 85/1223 [00:00<00:12, 90.65w/s, dev=0]         
language_model.model.layers.3.input_layernorm_moe_gen.weight:   7%|▋         | 86/1223 [00:00<00:12, 91.69w/s, dev=0]
language_model.model.layers.3.mlp.down_proj.weight:   7%|▋         | 87/1223 [00:00<00:12, 92.75w/s, dev=0]          
language_model.model.layers.3.mlp.gate_proj.weight:   7%|▋         | 88/1223 [00:00<00:12, 91.27w/s, dev=0]
language_model.model.layers.3.mlp.up_proj.weight:   7%|▋         | 89/1223 [00:00<00:12, 89.87w/s, dev=0]  
language_model.model.layers.3.mlp_moe_gen.down_proj.weight:   7%|▋         | 90/1223 [00:01<00:12, 88.57w/s, dev=0]
language_model.model.layers.3.mlp_moe_gen.gate_proj.weight:   7%|▋         | 91/1223 [00:01<00:12, 87.32w/s, dev=0]
language_model.model.layers.3.mlp_moe_gen.up_proj.weight:   8%|▊         | 92/1223 [00:01<00:13, 86.15w/s, dev=0]  
language_model.model.layers.3.post_attention_layernorm.weight:   8%|▊         | 93/1223 [00:01<00:13, 85.04w/s, dev=0]
language_model.model.layers.3.post_attention_layernorm_moe_gen.weight:   8%|▊         | 94/1223 [00:01<00:13, 85.94w/s, dev=0]
language_model.model.layers.3.self_attn.k_norm.weight:   8%|▊         | 95/1223 [00:01<00:12, 86.84w/s, dev=0]                
language_model.model.layers.3.self_attn.k_norm_moe_gen.weight:   8%|▊         | 96/1223 [00:01<00:12, 87.74w/s, dev=0]
language_model.model.layers.3.self_attn.k_proj.bias:   8%|▊         | 97/1223 [00:01<00:12, 88.65w/s, dev=0]          
language_model.model.layers.3.self_attn.k_proj.weight:   8%|▊         | 98/1223 [00:01<00:12, 89.55w/s, dev=0]
language_model.model.layers.3.self_attn.k_proj_moe_gen.bias:   8%|▊         | 99/1223 [00:01<00:12, 90.40w/s, dev=0]
language_model.model.layers.3.self_attn.k_proj_moe_gen.weight:   8%|▊         | 100/1223 [00:01<00:12, 91.30w/s, dev=0]
language_model.model.layers.3.self_attn.o_proj.weight:   8%|▊         | 101/1223 [00:01<00:12, 92.14w/s, dev=0]        
language_model.model.layers.3.self_attn.o_proj_moe_gen.weight:   8%|▊         | 102/1223 [00:01<00:12, 92.61w/s, dev=0]
language_model.model.layers.3.self_attn.q_norm.weight:   8%|▊         | 103/1223 [00:01<00:12, 93.09w/s, dev=0]        
language_model.model.layers.3.self_attn.q_norm_moe_gen.weight:   9%|▊         | 104/1223 [00:01<00:11, 93.97w/s, dev=0]
language_model.model.layers.3.self_attn.q_proj.bias:   9%|▊         | 105/1223 [00:01<00:11, 94.87w/s, dev=0]          
language_model.model.layers.3.self_attn.q_proj.weight:   9%|▊         | 106/1223 [00:01<00:11, 95.76w/s, dev=0]
language_model.model.layers.3.self_attn.q_proj.weight:   9%|▊         | 107/1223 [00:01<00:11, 96.23w/s, dev=0]
language_model.model.layers.3.self_attn.q_proj_moe_gen.bias:   9%|▊         | 107/1223 [00:01<00:11, 96.21w/s, dev=0]
language_model.model.layers.3.self_attn.q_proj_moe_gen.weight:   9%|▉         | 108/1223 [00:01<00:11, 97.10w/s, dev=0]
language_model.model.layers.3.self_attn.v_proj.bias:   9%|▉         | 109/1223 [00:01<00:11, 97.55w/s, dev=0]          
language_model.model.layers.3.self_attn.v_proj.weight:   9%|▉         | 110/1223 [00:01<00:11, 98.43w/s, dev=0]
language_model.model.layers.3.self_attn.v_proj_moe_gen.bias:   9%|▉         | 111/1223 [00:01<00:11, 99.24w/s, dev=0]
language_model.model.layers.3.self_attn.v_proj_moe_gen.weight:   9%|▉         | 112/1223 [00:01<00:11, 100.12w/s, dev=0]
language_model.model.layers.4.input_layernorm.weight:   9%|▉         | 113/1223 [00:01<00:10, 100.93w/s, dev=0]         
language_model.model.layers.4.input_layernorm_moe_gen.weight:   9%|▉         | 114/1223 [00:01<00:10, 101.80w/s, dev=0]
language_model.model.layers.4.mlp.down_proj.weight:   9%|▉         | 115/1223 [00:01<00:10, 102.68w/s, dev=0]          
language_model.model.layers.4.mlp.gate_proj.weight:   9%|▉         | 116/1223 [00:01<00:10, 101.27w/s, dev=0]
language_model.model.layers.4.mlp.up_proj.weight:  10%|▉         | 117/1223 [00:01<00:11, 99.91w/s, dev=0]   
language_model.model.layers.4.mlp_moe_gen.down_proj.weight:  10%|▉         | 118/1223 [00:01<00:11, 98.61w/s, dev=0]
language_model.model.layers.4.mlp_moe_gen.gate_proj.weight:  10%|▉         | 119/1223 [00:01<00:11, 97.35w/s, dev=0]
language_model.model.layers.4.mlp_moe_gen.up_proj.weight:  10%|▉         | 120/1223 [00:01<00:11, 96.13w/s, dev=0]  
language_model.model.layers.4.post_attention_layernorm.weight:  10%|▉         | 121/1223 [00:01<00:11, 94.98w/s, dev=0]
language_model.model.layers.4.post_attention_layernorm_moe_gen.weight:  10%|▉         | 122/1223 [00:01<00:11, 95.74w/s, dev=0]
language_model.model.layers.4.self_attn.k_norm.weight:  10%|█         | 123/1223 [00:01<00:11, 96.52w/s, dev=0]                
language_model.model.layers.4.self_attn.k_norm_moe_gen.weight:  10%|█         | 124/1223 [00:01<00:11, 97.29w/s, dev=0]
language_model.model.layers.4.self_attn.k_proj.bias:  10%|█         | 125/1223 [00:01<00:11, 98.07w/s, dev=0]          
language_model.model.layers.4.self_attn.k_proj.weight:  10%|█         | 126/1223 [00:01<00:11, 98.85w/s, dev=0]
language_model.model.layers.4.self_attn.k_proj_moe_gen.bias:  10%|█         | 127/1223 [00:01<00:11, 99.56w/s, dev=0]
language_model.model.layers.4.self_attn.k_proj_moe_gen.weight:  10%|█         | 128/1223 [00:01<00:10, 100.34w/s, dev=0]
language_model.model.layers.4.self_attn.o_proj.weight:  11%|█         | 129/1223 [00:01<00:10, 101.05w/s, dev=0]        
language_model.model.layers.4.self_attn.o_proj_moe_gen.weight:  11%|█         | 130/1223 [00:01<00:10, 101.43w/s, dev=0]
language_model.model.layers.4.self_attn.q_norm.weight:  11%|█         | 131/1223 [00:01<00:10, 101.79w/s, dev=0]        
language_model.model.layers.4.self_attn.q_norm.weight:  11%|█         | 132/1223 [00:01<00:10, 102.56w/s, dev=0]
language_model.model.layers.4.self_attn.q_norm_moe_gen.weight:  11%|█         | 132/1223 [00:01<00:10, 102.55w/s, dev=0]
language_model.model.layers.4.self_attn.q_proj.bias:  11%|█         | 133/1223 [00:01<00:10, 103.32w/s, dev=0]          
language_model.model.layers.4.self_attn.q_proj.weight:  11%|█         | 134/1223 [00:01<00:10, 104.09w/s, dev=0]
language_model.model.layers.4.self_attn.q_proj_moe_gen.bias:  11%|█         | 135/1223 [00:01<00:10, 104.45w/s, dev=0]
language_model.model.layers.4.self_attn.q_proj_moe_gen.weight:  11%|█         | 136/1223 [00:01<00:10, 105.21w/s, dev=0]
language_model.model.layers.4.self_attn.v_proj.bias:  11%|█         | 137/1223 [00:01<00:10, 105.57w/s, dev=0]          
language_model.model.layers.4.self_attn.v_proj.weight:  11%|█▏        | 138/1223 [00:01<00:10, 106.33w/s, dev=0]
language_model.model.layers.4.self_attn.v_proj_moe_gen.bias:  11%|█▏        | 139/1223 [00:01<00:10, 107.03w/s, dev=0]
language_model.model.layers.4.self_attn.v_proj_moe_gen.weight:  11%|█▏        | 140/1223 [00:01<00:10, 107.78w/s, dev=0]
language_model.model.layers.5.input_layernorm.weight:  12%|█▏        | 141/1223 [00:01<00:09, 108.48w/s, dev=0]         
language_model.model.layers.5.input_layernorm_moe_gen.weight:  12%|█▏        | 142/1223 [00:01<00:09, 109.24w/s, dev=0]
language_model.model.layers.5.mlp.down_proj.weight:  12%|█▏        | 143/1223 [00:01<00:09, 110.00w/s, dev=0]          
language_model.model.layers.5.mlp.gate_proj.weight:  12%|█▏        | 144/1223 [00:01<00:09, 108.62w/s, dev=0]
language_model.model.layers.5.mlp.up_proj.weight:  12%|█▏        | 145/1223 [00:01<00:10, 107.31w/s, dev=0]  
language_model.model.layers.5.mlp_moe_gen.down_proj.weight:  12%|█▏        | 146/1223 [00:01<00:10, 106.03w/s, dev=0]
language_model.model.layers.5.mlp_moe_gen.gate_proj.weight:  12%|█▏        | 147/1223 [00:01<00:10, 104.80w/s, dev=0]
language_model.model.layers.5.mlp_moe_gen.up_proj.weight:  12%|█▏        | 148/1223 [00:01<00:10, 103.60w/s, dev=0]  
language_model.model.layers.5.post_attention_layernorm.weight:  12%|█▏        | 149/1223 [00:01<00:10, 102.47w/s, dev=0]
language_model.model.layers.5.post_attention_layernorm_moe_gen.weight:  12%|█▏        | 150/1223 [00:01<00:10, 103.14w/s, dev=0]
language_model.model.layers.5.self_attn.k_norm.weight:  12%|█▏        | 151/1223 [00:01<00:10, 103.81w/s, dev=0]                
language_model.model.layers.5.self_attn.k_norm_moe_gen.weight:  12%|█▏        | 152/1223 [00:01<00:10, 104.49w/s, dev=0]
language_model.model.layers.5.self_attn.k_proj.bias:  13%|█▎        | 153/1223 [00:01<00:10, 105.17w/s, dev=0]          
language_model.model.layers.5.self_attn.k_proj.weight:  13%|█▎        | 154/1223 [00:01<00:10, 105.85w/s, dev=0]
language_model.model.layers.5.self_attn.k_proj_moe_gen.bias:  13%|█▎        | 155/1223 [00:01<00:10, 106.46w/s, dev=0]
language_model.model.layers.5.self_attn.k_proj_moe_gen.weight:  13%|█▎        | 156/1223 [00:01<00:09, 107.14w/s, dev=0]
language_model.model.layers.5.self_attn.k_proj_moe_gen.weight:  13%|█▎        | 157/1223 [00:01<00:09, 107.76w/s, dev=0]
language_model.model.layers.5.self_attn.o_proj.weight:  13%|█▎        | 157/1223 [00:01<00:09, 107.76w/s, dev=0]        
language_model.model.layers.5.self_attn.o_proj_moe_gen.weight:  13%|█▎        | 158/1223 [00:01<00:09, 108.06w/s, dev=0]
language_model.model.layers.5.self_attn.q_norm.weight:  13%|█▎        | 159/1223 [00:01<00:09, 108.36w/s, dev=0]        
language_model.model.layers.5.self_attn.q_norm_moe_gen.weight:  13%|█▎        | 160/1223 [00:01<00:09, 109.03w/s, dev=0]
language_model.model.layers.5.self_attn.q_proj.bias:  13%|█▎        | 161/1223 [00:01<00:09, 109.71w/s, dev=0]          
language_model.model.layers.5.self_attn.q_proj.weight:  13%|█▎        | 162/1223 [00:01<00:09, 110.38w/s, dev=0]
language_model.model.layers.5.self_attn.q_proj_moe_gen.bias:  13%|█▎        | 163/1223 [00:01<00:09, 110.68w/s, dev=0]
language_model.model.layers.5.self_attn.q_proj_moe_gen.weight:  13%|█▎        | 164/1223 [00:01<00:09, 111.34w/s, dev=0]
language_model.model.layers.5.self_attn.v_proj.bias:  13%|█▎        | 165/1223 [00:01<00:09, 111.64w/s, dev=0]          
language_model.model.layers.5.self_attn.v_proj.weight:  14%|█▎        | 166/1223 [00:01<00:09, 112.30w/s, dev=0]
language_model.model.layers.5.self_attn.v_proj_moe_gen.bias:  14%|█▎        | 167/1223 [00:01<00:09, 112.91w/s, dev=0]
language_model.model.layers.5.self_attn.v_proj_moe_gen.weight:  14%|█▎        | 168/1223 [00:01<00:09, 113.58w/s, dev=0]
language_model.model.layers.6.input_layernorm.weight:  14%|█▍        | 169/1223 [00:01<00:09, 114.19w/s, dev=0]         
language_model.model.layers.6.input_layernorm_moe_gen.weight:  14%|█▍        | 170/1223 [00:01<00:09, 114.85w/s, dev=0]
language_model.model.layers.6.mlp.down_proj.weight:  14%|█▍        | 171/1223 [00:01<00:09, 115.52w/s, dev=0]          
language_model.model.layers.6.mlp.gate_proj.weight:  14%|█▍        | 172/1223 [00:01<00:09, 114.22w/s, dev=0]
language_model.model.layers.6.mlp.up_proj.weight:  14%|█▍        | 173/1223 [00:01<00:09, 112.96w/s, dev=0]  
language_model.model.layers.6.mlp_moe_gen.down_proj.weight:  14%|█▍        | 174/1223 [00:01<00:09, 111.74w/s, dev=0]
language_model.model.layers.6.mlp_moe_gen.gate_proj.weight:  14%|█▍        | 175/1223 [00:01<00:09, 110.55w/s, dev=0]
language_model.model.layers.6.mlp_moe_gen.up_proj.weight:  14%|█▍        | 176/1223 [00:01<00:09, 109.41w/s, dev=0]  
language_model.model.layers.6.post_attention_layernorm.weight:  14%|█▍        | 177/1223 [00:01<00:09, 108.30w/s, dev=0]
language_model.model.layers.6.post_attention_layernorm_moe_gen.weight:  15%|█▍        | 178/1223 [00:01<00:09, 108.90w/s, dev=0]
language_model.model.layers.6.self_attn.k_norm.weight:  15%|█▍        | 179/1223 [00:01<00:09, 109.50w/s, dev=0]                
language_model.model.layers.6.self_attn.k_norm_moe_gen.weight:  15%|█▍        | 180/1223 [00:01<00:09, 110.10w/s, dev=0]
language_model.model.layers.6.self_attn.k_proj.bias:  15%|█▍        | 181/1223 [00:01<00:09, 110.71w/s, dev=0]          
language_model.model.layers.6.self_attn.k_proj.bias:  15%|█▍        | 182/1223 [00:01<00:09, 111.31w/s, dev=0]
language_model.model.layers.6.self_attn.k_proj.weight:  15%|█▍        | 182/1223 [00:01<00:09, 111.31w/s, dev=0]
language_model.model.layers.6.self_attn.k_proj_moe_gen.bias:  15%|█▍        | 183/1223 [00:01<00:09, 111.86w/s, dev=0]
language_model.model.layers.6.self_attn.k_proj_moe_gen.weight:  15%|█▌        | 184/1223 [00:01<00:09, 112.46w/s, dev=0]
language_model.model.layers.6.self_attn.o_proj.weight:  15%|█▌        | 185/1223 [00:01<00:09, 113.00w/s, dev=0]        
language_model.model.layers.6.self_attn.o_proj_moe_gen.weight:  15%|█▌        | 186/1223 [00:01<00:09, 113.26w/s, dev=0]
language_model.model.layers.6.self_attn.q_norm.weight:  15%|█▌        | 187/1223 [00:01<00:09, 113.51w/s, dev=0]        
language_model.model.layers.6.self_attn.q_norm_moe_gen.weight:  15%|█▌        | 188/1223 [00:01<00:09, 114.10w/s, dev=0]
language_model.model.layers.6.self_attn.q_proj.bias:  15%|█▌        | 189/1223 [00:01<00:09, 114.70w/s, dev=0]          
language_model.model.layers.6.self_attn.q_proj.weight:  16%|█▌        | 190/1223 [00:01<00:08, 115.30w/s, dev=0]
language_model.model.layers.6.self_attn.q_proj_moe_gen.bias:  16%|█▌        | 191/1223 [00:01<00:08, 115.55w/s, dev=0]
language_model.model.layers.6.self_attn.q_proj_moe_gen.weight:  16%|█▌        | 192/1223 [00:01<00:08, 116.14w/s, dev=0]
language_model.model.layers.6.self_attn.v_proj.bias:  16%|█▌        | 193/1223 [00:01<00:08, 116.39w/s, dev=0]          
language_model.model.layers.6.self_attn.v_proj.weight:  16%|█▌        | 194/1223 [00:01<00:08, 116.98w/s, dev=0]
language_model.model.layers.6.self_attn.v_proj_moe_gen.bias:  16%|█▌        | 195/1223 [00:01<00:08, 117.52w/s, dev=0]
language_model.model.layers.6.self_attn.v_proj_moe_gen.weight:  16%|█▌        | 196/1223 [00:01<00:08, 118.11w/s, dev=0]
language_model.model.layers.7.input_layernorm.weight:  16%|█▌        | 197/1223 [00:01<00:08, 118.65w/s, dev=0]         
language_model.model.layers.7.input_layernorm_moe_gen.weight:  16%|█▌        | 198/1223 [00:01<00:08, 119.25w/s, dev=0]
language_model.model.layers.7.mlp.down_proj.weight:  16%|█▋        | 199/1223 [00:01<00:08, 119.84w/s, dev=0]          
language_model.model.layers.7.mlp.gate_proj.weight:  16%|█▋        | 200/1223 [00:01<00:08, 118.62w/s, dev=0]
language_model.model.layers.7.mlp.up_proj.weight:  16%|█▋        | 201/1223 [00:01<00:08, 117.42w/s, dev=0]  
language_model.model.layers.7.mlp_moe_gen.down_proj.weight:  17%|█▋        | 202/1223 [00:01<00:08, 116.26w/s, dev=0]
language_model.model.layers.7.mlp_moe_gen.gate_proj.weight:  17%|█▋        | 203/1223 [00:01<00:08, 115.14w/s, dev=0]
language_model.model.layers.7.mlp_moe_gen.up_proj.weight:  17%|█▋        | 204/1223 [00:01<00:08, 114.05w/s, dev=0]  
language_model.model.layers.7.post_attention_layernorm.weight:  17%|█▋        | 205/1223 [00:01<00:09, 112.98w/s, dev=0]
language_model.model.layers.7.post_attention_layernorm_moe_gen.weight:  17%|█▋        | 206/1223 [00:01<00:08, 113.52w/s, dev=0]
language_model.model.layers.7.post_attention_layernorm_moe_gen.weight:  17%|█▋        | 207/1223 [00:01<00:08, 114.06w/s, dev=0]
language_model.model.layers.7.self_attn.k_norm.weight:  17%|█▋        | 207/1223 [00:01<00:08, 114.06w/s, dev=0]                
language_model.model.layers.7.self_attn.k_norm_moe_gen.weight:  17%|█▋        | 208/1223 [00:01<00:08, 114.60w/s, dev=0]
language_model.model.layers.7.self_attn.k_proj.bias:  17%|█▋        | 209/1223 [00:01<00:08, 115.14w/s, dev=0]          
language_model.model.layers.7.self_attn.k_proj.weight:  17%|█▋        | 210/1223 [00:01<00:08, 115.69w/s, dev=0]
language_model.model.layers.7.self_attn.k_proj_moe_gen.bias:  17%|█▋        | 211/1223 [00:01<00:08, 116.18w/s, dev=0]
language_model.model.layers.7.self_attn.k_proj_moe_gen.weight:  17%|█▋        | 212/1223 [00:01<00:08, 116.72w/s, dev=0]
language_model.model.layers.7.self_attn.o_proj.weight:  17%|█▋        | 213/1223 [00:01<00:08, 117.22w/s, dev=0]        
language_model.model.layers.7.self_attn.o_proj_moe_gen.weight:  17%|█▋        | 214/1223 [00:01<00:08, 117.43w/s, dev=0]
language_model.model.layers.7.self_attn.q_norm.weight:  18%|█▊        | 215/1223 [00:01<00:08, 117.65w/s, dev=0]        
language_model.model.layers.7.self_attn.q_norm_moe_gen.weight:  18%|█▊        | 216/1223 [00:01<00:08, 118.18w/s, dev=0]
language_model.model.layers.7.self_attn.q_proj.bias:  18%|█▊        | 217/1223 [00:01<00:08, 118.72w/s, dev=0]          
language_model.model.layers.7.self_attn.q_proj.weight:  18%|█▊        | 218/1223 [00:01<00:08, 119.26w/s, dev=0]
language_model.model.layers.7.self_attn.q_proj_moe_gen.bias:  18%|█▊        | 219/1223 [00:01<00:08, 119.47w/s, dev=0]
language_model.model.layers.7.self_attn.q_proj_moe_gen.weight:  18%|█▊        | 220/1223 [00:01<00:08, 120.01w/s, dev=0]
language_model.model.layers.7.self_attn.v_proj.bias:  18%|█▊        | 221/1223 [00:01<00:08, 120.22w/s, dev=0]          
language_model.model.layers.7.self_attn.v_proj.weight:  18%|█▊        | 222/1223 [00:01<00:08, 120.75w/s, dev=0]
language_model.model.layers.7.self_attn.v_proj_moe_gen.bias:  18%|█▊        | 223/1223 [00:01<00:08, 121.23w/s, dev=0]
language_model.model.layers.7.self_attn.v_proj_moe_gen.weight:  18%|█▊        | 224/1223 [00:01<00:08, 121.76w/s, dev=0]
language_model.model.layers.8.input_layernorm.weight:  18%|█▊        | 225/1223 [00:01<00:08, 122.25w/s, dev=0]         
language_model.model.layers.8.input_layernorm_moe_gen.weight:  18%|█▊        | 226/1223 [00:01<00:08, 122.78w/s, dev=0]
language_model.model.layers.8.mlp.down_proj.weight:  19%|█▊        | 227/1223 [00:01<00:08, 123.32w/s, dev=0]          
language_model.model.layers.8.mlp.gate_proj.weight:  19%|█▊        | 228/1223 [00:01<00:08, 122.17w/s, dev=0]
language_model.model.layers.8.mlp.up_proj.weight:  19%|█▊        | 229/1223 [00:01<00:08, 121.04w/s, dev=0]  
language_model.model.layers.8.mlp_moe_gen.down_proj.weight:  19%|█▉        | 230/1223 [00:01<00:08, 119.94w/s, dev=0]
language_model.model.layers.8.mlp_moe_gen.gate_proj.weight:  19%|█▉        | 231/1223 [00:01<00:08, 118.87w/s, dev=0]
language_model.model.layers.8.mlp_moe_gen.gate_proj.weight:  19%|█▉        | 232/1223 [00:01<00:08, 117.84w/s, dev=0]
language_model.model.layers.8.mlp_moe_gen.up_proj.weight:  19%|█▉        | 232/1223 [00:01<00:08, 117.83w/s, dev=0]  
language_model.model.layers.8.post_attention_layernorm.weight:  19%|█▉        | 233/1223 [00:01<00:08, 116.81w/s, dev=0]
language_model.model.layers.8.post_attention_layernorm_moe_gen.weight:  19%|█▉        | 234/1223 [00:01<00:08, 117.30w/s, dev=0]
language_model.model.layers.8.self_attn.k_norm.weight:  19%|█▉        | 235/1223 [00:01<00:08, 117.79w/s, dev=0]                
language_model.model.layers.8.self_attn.k_norm_moe_gen.weight:  19%|█▉        | 236/1223 [00:01<00:08, 118.28w/s, dev=0]
language_model.model.layers.8.self_attn.k_proj.bias:  19%|█▉        | 237/1223 [00:01<00:08, 118.78w/s, dev=0]          
language_model.model.layers.8.self_attn.k_proj.weight:  19%|█▉        | 238/1223 [00:01<00:08, 119.27w/s, dev=0]
language_model.model.layers.8.self_attn.k_proj_moe_gen.bias:  20%|█▉        | 239/1223 [00:01<00:08, 119.72w/s, dev=0]
language_model.model.layers.8.self_attn.k_proj_moe_gen.weight:  20%|█▉        | 240/1223 [00:01<00:08, 120.22w/s, dev=0]
language_model.model.layers.8.self_attn.o_proj.weight:  20%|█▉        | 241/1223 [00:01<00:08, 120.67w/s, dev=0]        
language_model.model.layers.8.self_attn.o_proj_moe_gen.weight:  20%|█▉        | 242/1223 [00:02<00:08, 120.85w/s, dev=0]
language_model.model.layers.8.self_attn.q_norm.weight:  20%|█▉        | 243/1223 [00:02<00:08, 121.04w/s, dev=0]        
language_model.model.layers.8.self_attn.q_norm_moe_gen.weight:  20%|█▉        | 244/1223 [00:02<00:08, 121.52w/s, dev=0]
language_model.model.layers.8.self_attn.q_proj.bias:  20%|██        | 245/1223 [00:02<00:08, 122.02w/s, dev=0]          
language_model.model.layers.8.self_attn.q_proj.weight:  20%|██        | 246/1223 [00:02<00:07, 122.51w/s, dev=0]
language_model.model.layers.8.self_attn.q_proj_moe_gen.bias:  20%|██        | 247/1223 [00:02<00:07, 122.68w/s, dev=0]
language_model.model.layers.8.self_attn.q_proj_moe_gen.weight:  20%|██        | 248/1223 [00:02<00:07, 123.16w/s, dev=0]
language_model.model.layers.8.self_attn.v_proj.bias:  20%|██        | 249/1223 [00:02<00:07, 123.35w/s, dev=0]          
language_model.model.layers.8.self_attn.v_proj.weight:  20%|██        | 250/1223 [00:02<00:07, 123.83w/s, dev=0]
language_model.model.layers.8.self_attn.v_proj_moe_gen.bias:  21%|██        | 251/1223 [00:02<00:07, 124.28w/s, dev=0]
language_model.model.layers.8.self_attn.v_proj_moe_gen.weight:  21%|██        | 252/1223 [00:02<00:07, 124.76w/s, dev=0]
time_embedder.mlp.0.bias:  21%|██        | 253/1223 [00:02<00:07, 125.19w/s, dev=0]                                     
time_embedder.mlp.0.weight:  21%|██        | 254/1223 [00:02<00:07, 125.67w/s, dev=0]
time_embedder.mlp.2.bias:  21%|██        | 255/1223 [00:02<00:07, 126.14w/s, dev=0]  
time_embedder.mlp.2.weight:  21%|██        | 256/1223 [00:02<00:07, 126.62w/s, dev=0]
vae2llm.bias:  21%|██        | 257/1223 [00:02<00:07, 126.80w/s, dev=0]              
vae2llm.weight:  21%|██        | 258/1223 [00:02<00:07, 127.28w/s, dev=0]
llm2vae.bias:  21%|██        | 259/1223 [00:02<00:07, 127.76w/s, dev=0]  
llm2vae.weight:  21%|██▏       | 260/1223 [00:02<00:07, 128.24w/s, dev=0]
latent_pos_embed.pos_embed:  21%|██▏       | 261/1223 [00:02<00:07, 128.72w/s, dev=0]
connector.fc1.bias:  21%|██▏       | 262/1223 [00:02<00:07, 128.75w/s, dev=0]        
connector.fc1.weight:  22%|██▏       | 263/1223 [00:02<00:07, 129.22w/s, dev=0]
connector.fc2.bias:  22%|██▏       | 264/1223 [00:02<00:07, 129.53w/s, dev=0]  
connector.fc2.weight:  22%|██▏       | 265/1223 [00:02<00:07, 130.00w/s, dev=0]
vit_pos_embed.pos_embed:  22%|██▏       | 266/1223 [00:02<00:07, 130.07w/s, dev=0]
language_model.model.layers.9.input_layernorm.weight:  22%|██▏       | 267/1223 [00:02<00:09, 105.83w/s, dev=1]
language_model.model.layers.9.input_layernorm.weight:  22%|██▏       | 268/1223 [00:02<00:09, 100.80w/s, dev=1]
language_model.model.layers.9.input_layernorm_moe_gen.weight:  22%|██▏       | 268/1223 [00:02<00:09, 100.79w/s, dev=1]
language_model.model.layers.9.mlp.down_proj.weight:  22%|██▏       | 269/1223 [00:02<00:09, 101.15w/s, dev=1]          
language_model.model.layers.9.mlp.gate_proj.weight:  22%|██▏       | 270/1223 [00:02<00:09, 100.56w/s, dev=1]
language_model.model.layers.9.mlp.up_proj.weight:  22%|██▏       | 271/1223 [00:02<00:09, 99.99w/s, dev=1]   
language_model.model.layers.9.mlp_moe_gen.down_proj.weight:  22%|██▏       | 272/1223 [00:02<00:09, 99.41w/s, dev=1]
language_model.model.layers.9.mlp_moe_gen.gate_proj.weight:  22%|██▏       | 273/1223 [00:02<00:09, 98.86w/s, dev=1]
language_model.model.layers.9.mlp_moe_gen.up_proj.weight:  22%|██▏       | 274/1223 [00:02<00:09, 98.30w/s, dev=1]  
language_model.model.layers.9.post_attention_layernorm.weight:  22%|██▏       | 275/1223 [00:02<00:09, 97.75w/s, dev=1]
language_model.model.layers.9.post_attention_layernorm_moe_gen.weight:  23%|██▎       | 276/1223 [00:02<00:09, 98.10w/s, dev=1]
language_model.model.layers.9.self_attn.k_norm.weight:  23%|██▎       | 277/1223 [00:02<00:09, 98.45w/s, dev=1]                
language_model.model.layers.9.self_attn.k_norm_moe_gen.weight:  23%|██▎       | 278/1223 [00:02<00:09, 98.80w/s, dev=1]
language_model.model.layers.9.self_attn.k_proj.bias:  23%|██▎       | 279/1223 [00:02<00:09, 99.15w/s, dev=1]          
language_model.model.layers.9.self_attn.k_proj.weight:  23%|██▎       | 280/1223 [00:02<00:09, 99.51w/s, dev=1]
language_model.model.layers.9.self_attn.k_proj_moe_gen.bias:  23%|██▎       | 281/1223 [00:02<00:09, 99.83w/s, dev=1]
language_model.model.layers.9.self_attn.k_proj_moe_gen.weight:  23%|██▎       | 282/1223 [00:02<00:09, 100.17w/s, dev=1]
language_model.model.layers.9.self_attn.o_proj.weight:  23%|██▎       | 283/1223 [00:02<00:09, 100.50w/s, dev=1]        
language_model.model.layers.9.self_attn.o_proj_moe_gen.weight:  23%|██▎       | 284/1223 [00:02<00:09, 100.67w/s, dev=1]
language_model.model.layers.9.self_attn.q_norm.weight:  23%|██▎       | 285/1223 [00:02<00:09, 100.84w/s, dev=1]        
language_model.model.layers.9.self_attn.q_norm_moe_gen.weight:  23%|██▎       | 286/1223 [00:02<00:09, 101.19w/s, dev=1]
language_model.model.layers.9.self_attn.q_proj.bias:  23%|██▎       | 287/1223 [00:02<00:09, 101.54w/s, dev=1]          
language_model.model.layers.9.self_attn.q_proj.weight:  24%|██▎       | 288/1223 [00:02<00:09, 101.89w/s, dev=1]
language_model.model.layers.9.self_attn.q_proj_moe_gen.bias:  24%|██▎       | 289/1223 [00:02<00:09, 102.05w/s, dev=1]
language_model.model.layers.9.self_attn.q_proj_moe_gen.weight:  24%|██▎       | 290/1223 [00:02<00:09, 102.40w/s, dev=1]
language_model.model.layers.9.self_attn.v_proj.bias:  24%|██▍       | 291/1223 [00:02<00:09, 102.57w/s, dev=1]          
language_model.model.layers.9.self_attn.v_proj.weight:  24%|██▍       | 292/1223 [00:02<00:09, 102.92w/s, dev=1]
language_model.model.layers.9.self_attn.v_proj_moe_gen.bias:  24%|██▍       | 293/1223 [00:02<00:09, 103.24w/s, dev=1]
language_model.model.layers.9.self_attn.v_proj_moe_gen.weight:  24%|██▍       | 294/1223 [00:02<00:08, 103.59w/s, dev=1]
language_model.model.layers.10.input_layernorm.weight:  24%|██▍       | 295/1223 [00:02<00:08, 103.91w/s, dev=1]        
language_model.model.layers.10.input_layernorm_moe_gen.weight:  24%|██▍       | 296/1223 [00:02<00:08, 104.25w/s, dev=1]
language_model.model.layers.10.mlp.down_proj.weight:  24%|██▍       | 297/1223 [00:02<00:08, 104.60w/s, dev=1]          
language_model.model.layers.10.mlp.gate_proj.weight:  24%|██▍       | 298/1223 [00:02<00:08, 104.02w/s, dev=1]
language_model.model.layers.10.mlp.up_proj.weight:  24%|██▍       | 299/1223 [00:02<00:08, 103.45w/s, dev=1]  
language_model.model.layers.10.mlp_moe_gen.down_proj.weight:  25%|██▍       | 300/1223 [00:02<00:08, 102.88w/s, dev=1]
language_model.model.layers.10.mlp_moe_gen.gate_proj.weight:  25%|██▍       | 301/1223 [00:02<00:09, 102.33w/s, dev=1]
language_model.model.layers.10.mlp_moe_gen.up_proj.weight:  25%|██▍       | 302/1223 [00:02<00:09, 101.79w/s, dev=1]  
language_model.model.layers.10.post_attention_layernorm.weight:  25%|██▍       | 303/1223 [00:02<00:09, 101.24w/s, dev=1]
language_model.model.layers.10.post_attention_layernorm.weight:  25%|██▍       | 304/1223 [00:02<00:09, 101.57w/s, dev=1]
language_model.model.layers.10.post_attention_layernorm_moe_gen.weight:  25%|██▍       | 304/1223 [00:02<00:09, 101.57w/s, dev=1]
language_model.model.layers.10.self_attn.k_norm.weight:  25%|██▍       | 305/1223 [00:02<00:09, 101.90w/s, dev=1]                
language_model.model.layers.10.self_attn.k_norm_moe_gen.weight:  25%|██▌       | 306/1223 [00:02<00:08, 102.23w/s, dev=1]
language_model.model.layers.10.self_attn.k_proj.bias:  25%|██▌       | 307/1223 [00:02<00:08, 102.56w/s, dev=1]          
language_model.model.layers.10.self_attn.k_proj.weight:  25%|██▌       | 308/1223 [00:02<00:08, 102.89w/s, dev=1]
language_model.model.layers.10.self_attn.k_proj_moe_gen.bias:  25%|██▌       | 309/1223 [00:02<00:08, 103.19w/s, dev=1]
language_model.model.layers.10.self_attn.k_proj_moe_gen.weight:  25%|██▌       | 310/1223 [00:02<00:08, 103.52w/s, dev=1]
language_model.model.layers.10.self_attn.o_proj.weight:  25%|██▌       | 311/1223 [00:02<00:08, 103.82w/s, dev=1]        
language_model.model.layers.10.self_attn.o_proj_moe_gen.weight:  26%|██▌       | 312/1223 [00:03<00:08, 103.97w/s, dev=1]
language_model.model.layers.10.self_attn.q_norm.weight:  26%|██▌       | 313/1223 [00:03<00:08, 104.12w/s, dev=1]        
language_model.model.layers.10.self_attn.q_norm_moe_gen.weight:  26%|██▌       | 314/1223 [00:03<00:08, 104.45w/s, dev=1]
language_model.model.layers.10.self_attn.q_proj.bias:  26%|██▌       | 315/1223 [00:03<00:08, 104.77w/s, dev=1]          
language_model.model.layers.10.self_attn.q_proj.weight:  26%|██▌       | 316/1223 [00:03<00:08, 105.10w/s, dev=1]
language_model.model.layers.10.self_attn.q_proj_moe_gen.bias:  26%|██▌       | 317/1223 [00:03<00:08, 105.25w/s, dev=1]
language_model.model.layers.10.self_attn.q_proj_moe_gen.weight:  26%|██▌       | 318/1223 [00:03<00:08, 105.58w/s, dev=1]
language_model.model.layers.10.self_attn.v_proj.bias:  26%|██▌       | 319/1223 [00:03<00:08, 105.73w/s, dev=1]          
language_model.model.layers.10.self_attn.v_proj.weight:  26%|██▌       | 320/1223 [00:03<00:08, 106.06w/s, dev=1]
language_model.model.layers.10.self_attn.v_proj_moe_gen.bias:  26%|██▌       | 321/1223 [00:03<00:08, 106.36w/s, dev=1]
language_model.model.layers.10.self_attn.v_proj_moe_gen.weight:  26%|██▋       | 322/1223 [00:03<00:08, 106.68w/s, dev=1]
language_model.model.layers.11.input_layernorm.weight:  26%|██▋       | 323/1223 [00:03<00:08, 106.99w/s, dev=1]         
language_model.model.layers.11.input_layernorm_moe_gen.weight:  26%|██▋       | 324/1223 [00:03<00:08, 107.31w/s, dev=1]
language_model.model.layers.11.mlp.down_proj.weight:  27%|██▋       | 325/1223 [00:03<00:08, 107.64w/s, dev=1]          
language_model.model.layers.11.mlp.gate_proj.weight:  27%|██▋       | 326/1223 [00:03<00:08, 107.06w/s, dev=1]
language_model.model.layers.11.mlp.up_proj.weight:  27%|██▋       | 327/1223 [00:03<00:08, 106.50w/s, dev=1]  
language_model.model.layers.11.mlp_moe_gen.down_proj.weight:  27%|██▋       | 328/1223 [00:03<00:08, 105.94w/s, dev=1]
language_model.model.layers.11.mlp_moe_gen.gate_proj.weight:  27%|██▋       | 329/1223 [00:03<00:08, 105.40w/s, dev=1]
language_model.model.layers.11.mlp_moe_gen.up_proj.weight:  27%|██▋       | 330/1223 [00:03<00:08, 104.87w/s, dev=1]  
language_model.model.layers.11.post_attention_layernorm.weight:  27%|██▋       | 331/1223 [00:03<00:08, 104.32w/s, dev=1]
language_model.model.layers.11.post_attention_layernorm_moe_gen.weight:  27%|██▋       | 332/1223 [00:03<00:08, 104.63w/s, dev=1]
language_model.model.layers.11.self_attn.k_norm.weight:  27%|██▋       | 333/1223 [00:03<00:08, 104.94w/s, dev=1]                
language_model.model.layers.11.self_attn.k_norm_moe_gen.weight:  27%|██▋       | 334/1223 [00:03<00:08, 105.25w/s, dev=1]
language_model.model.layers.11.self_attn.k_proj.bias:  27%|██▋       | 335/1223 [00:03<00:08, 105.56w/s, dev=1]          
language_model.model.layers.11.self_attn.k_proj.weight:  27%|██▋       | 336/1223 [00:03<00:08, 105.87w/s, dev=1]
language_model.model.layers.11.self_attn.k_proj_moe_gen.bias:  28%|██▊       | 337/1223 [00:03<00:08, 106.16w/s, dev=1]
language_model.model.layers.11.self_attn.k_proj_moe_gen.weight:  28%|██▊       | 338/1223 [00:03<00:08, 106.47w/s, dev=1]
language_model.model.layers.11.self_attn.o_proj.weight:  28%|██▊       | 339/1223 [00:03<00:08, 106.75w/s, dev=1]        
language_model.model.layers.11.self_attn.o_proj.weight:  28%|██▊       | 340/1223 [00:03<00:08, 106.90w/s, dev=1]
language_model.model.layers.11.self_attn.o_proj_moe_gen.weight:  28%|██▊       | 340/1223 [00:03<00:08, 106.89w/s, dev=1]
language_model.model.layers.11.self_attn.q_norm.weight:  28%|██▊       | 341/1223 [00:03<00:08, 107.04w/s, dev=1]        
language_model.model.layers.11.self_attn.q_norm_moe_gen.weight:  28%|██▊       | 342/1223 [00:03<00:08, 107.34w/s, dev=1]
language_model.model.layers.11.self_attn.q_proj.bias:  28%|██▊       | 343/1223 [00:03<00:08, 107.65w/s, dev=1]          
language_model.model.layers.11.self_attn.q_proj.weight:  28%|██▊       | 344/1223 [00:03<00:08, 107.96w/s, dev=1]
language_model.model.layers.11.self_attn.q_proj_moe_gen.bias:  28%|██▊       | 345/1223 [00:03<00:08, 108.11w/s, dev=1]
language_model.model.layers.11.self_attn.q_proj_moe_gen.weight:  28%|██▊       | 346/1223 [00:03<00:08, 108.41w/s, dev=1]
language_model.model.layers.11.self_attn.v_proj.bias:  28%|██▊       | 347/1223 [00:03<00:08, 108.55w/s, dev=1]          
language_model.model.layers.11.self_attn.v_proj.weight:  28%|██▊       | 348/1223 [00:03<00:08, 108.86w/s, dev=1]
language_model.model.layers.11.self_attn.v_proj_moe_gen.bias:  29%|██▊       | 349/1223 [00:03<00:08, 109.14w/s, dev=1]
language_model.model.layers.11.self_attn.v_proj_moe_gen.weight:  29%|██▊       | 350/1223 [00:03<00:07, 109.45w/s, dev=1]
language_model.model.layers.12.input_layernorm.weight:  29%|██▊       | 351/1223 [00:03<00:07, 109.73w/s, dev=1]         
language_model.model.layers.12.input_layernorm_moe_gen.weight:  29%|██▉       | 352/1223 [00:03<00:07, 110.04w/s, dev=1]
language_model.model.layers.12.mlp.down_proj.weight:  29%|██▉       | 353/1223 [00:03<00:07, 110.35w/s, dev=1]          
language_model.model.layers.12.mlp.gate_proj.weight:  29%|██▉       | 354/1223 [00:03<00:07, 109.79w/s, dev=1]
language_model.model.layers.12.mlp.up_proj.weight:  29%|██▉       | 355/1223 [00:03<00:07, 109.23w/s, dev=1]  
language_model.model.layers.12.mlp_moe_gen.down_proj.weight:  29%|██▉       | 356/1223 [00:03<00:07, 108.69w/s, dev=1]
language_model.model.layers.12.mlp_moe_gen.gate_proj.weight:  29%|██▉       | 357/1223 [00:03<00:08, 108.15w/s, dev=1]
language_model.model.layers.12.mlp_moe_gen.up_proj.weight:  29%|██▉       | 358/1223 [00:03<00:08, 107.62w/s, dev=1]  
language_model.model.layers.12.post_attention_layernorm.weight:  29%|██▉       | 359/1223 [00:03<00:08, 107.10w/s, dev=1]
language_model.model.layers.12.post_attention_layernorm_moe_gen.weight:  29%|██▉       | 360/1223 [00:03<00:08, 107.39w/s, dev=1]
language_model.model.layers.12.self_attn.k_norm.weight:  30%|██▉       | 361/1223 [00:03<00:08, 107.68w/s, dev=1]                
language_model.model.layers.12.self_attn.k_norm_moe_gen.weight:  30%|██▉       | 362/1223 [00:03<00:07, 107.98w/s, dev=1]
language_model.model.layers.12.self_attn.k_proj.bias:  30%|██▉       | 363/1223 [00:03<00:07, 108.27w/s, dev=1]          
language_model.model.layers.12.self_attn.k_proj.weight:  30%|██▉       | 364/1223 [00:03<00:07, 108.57w/s, dev=1]
language_model.model.layers.12.self_attn.k_proj_moe_gen.bias:  30%|██▉       | 365/1223 [00:03<00:07, 108.83w/s, dev=1]
language_model.model.layers.12.self_attn.k_proj_moe_gen.weight:  30%|██▉       | 366/1223 [00:03<00:07, 109.13w/s, dev=1]
language_model.model.layers.12.self_attn.o_proj.weight:  30%|███       | 367/1223 [00:03<00:07, 109.40w/s, dev=1]        
language_model.model.layers.12.self_attn.o_proj_moe_gen.weight:  30%|███       | 368/1223 [00:03<00:07, 109.53w/s, dev=1]
language_model.model.layers.12.self_attn.q_norm.weight:  30%|███       | 369/1223 [00:03<00:07, 109.66w/s, dev=1]        
language_model.model.layers.12.self_attn.q_norm_moe_gen.weight:  30%|███       | 370/1223 [00:03<00:07, 109.95w/s, dev=1]
language_model.model.layers.12.self_attn.q_proj.bias:  30%|███       | 371/1223 [00:03<00:07, 110.24w/s, dev=1]          
language_model.model.layers.12.self_attn.q_proj.weight:  30%|███       | 372/1223 [00:03<00:07, 110.54w/s, dev=1]
language_model.model.layers.12.self_attn.q_proj_moe_gen.bias:  30%|███       | 373/1223 [00:03<00:07, 110.67w/s, dev=1]
language_model.model.layers.12.self_attn.q_proj_moe_gen.weight:  31%|███       | 374/1223 [00:03<00:07, 110.96w/s, dev=1]
language_model.model.layers.12.self_attn.v_proj.bias:  31%|███       | 375/1223 [00:03<00:07, 111.09w/s, dev=1]          
language_model.model.layers.12.self_attn.v_proj.bias:  31%|███       | 376/1223 [00:03<00:07, 111.38w/s, dev=1]
language_model.model.layers.12.self_attn.v_proj.weight:  31%|███       | 376/1223 [00:03<00:07, 111.38w/s, dev=1]
language_model.model.layers.12.self_attn.v_proj_moe_gen.bias:  31%|███       | 377/1223 [00:03<00:07, 111.65w/s, dev=1]
language_model.model.layers.12.self_attn.v_proj_moe_gen.weight:  31%|███       | 378/1223 [00:03<00:07, 111.94w/s, dev=1]
language_model.model.layers.13.input_layernorm.weight:  31%|███       | 379/1223 [00:03<00:07, 112.20w/s, dev=1]         
language_model.model.layers.13.input_layernorm_moe_gen.weight:  31%|███       | 380/1223 [00:03<00:07, 112.49w/s, dev=1]
language_model.model.layers.13.mlp.down_proj.weight:  31%|███       | 381/1223 [00:03<00:07, 112.78w/s, dev=1]          
language_model.model.layers.13.mlp.gate_proj.weight:  31%|███       | 382/1223 [00:03<00:07, 112.24w/s, dev=1]
language_model.model.layers.13.mlp.up_proj.weight:  31%|███▏      | 383/1223 [00:03<00:07, 111.70w/s, dev=1]  
language_model.model.layers.13.mlp_moe_gen.down_proj.weight:  31%|███▏      | 384/1223 [00:03<00:07, 111.16w/s, dev=1]
language_model.model.layers.13.mlp_moe_gen.gate_proj.weight:  31%|███▏      | 385/1223 [00:03<00:07, 110.62w/s, dev=1]
language_model.model.layers.13.mlp_moe_gen.up_proj.weight:  32%|███▏      | 386/1223 [00:03<00:07, 110.10w/s, dev=1]  
language_model.model.layers.13.post_attention_layernorm.weight:  32%|███▏      | 387/1223 [00:03<00:07, 109.54w/s, dev=1]
language_model.model.layers.13.post_attention_layernorm_moe_gen.weight:  32%|███▏      | 388/1223 [00:03<00:07, 109.82w/s, dev=1]
language_model.model.layers.13.self_attn.k_norm.weight:  32%|███▏      | 389/1223 [00:03<00:07, 110.10w/s, dev=1]                
language_model.model.layers.13.self_attn.k_norm_moe_gen.weight:  32%|███▏      | 390/1223 [00:03<00:07, 110.38w/s, dev=1]
language_model.model.layers.13.self_attn.k_proj.bias:  32%|███▏      | 391/1223 [00:03<00:07, 110.66w/s, dev=1]          
language_model.model.layers.13.self_attn.k_proj.weight:  32%|███▏      | 392/1223 [00:03<00:07, 110.94w/s, dev=1]
language_model.model.layers.13.self_attn.k_proj_moe_gen.bias:  32%|███▏      | 393/1223 [00:03<00:07, 111.19w/s, dev=1]
language_model.model.layers.13.self_attn.k_proj_moe_gen.weight:  32%|███▏      | 394/1223 [00:03<00:07, 111.47w/s, dev=1]
language_model.model.layers.13.self_attn.o_proj.weight:  32%|███▏      | 395/1223 [00:03<00:07, 111.73w/s, dev=1]        
language_model.model.layers.13.self_attn.o_proj_moe_gen.weight:  32%|███▏      | 396/1223 [00:03<00:07, 111.83w/s, dev=1]
language_model.model.layers.13.self_attn.q_norm.weight:  32%|███▏      | 397/1223 [00:03<00:07, 111.89w/s, dev=1]        
language_model.model.layers.13.self_attn.q_norm_moe_gen.weight:  33%|███▎      | 398/1223 [00:03<00:07, 112.17w/s, dev=1]
language_model.model.layers.13.self_attn.q_proj.bias:  33%|███▎      | 399/1223 [00:03<00:07, 112.45w/s, dev=1]          
language_model.model.layers.13.self_attn.q_proj.weight:  33%|███▎      | 400/1223 [00:03<00:07, 112.68w/s, dev=1]
language_model.model.layers.13.self_attn.q_proj_moe_gen.bias:  33%|███▎      | 401/1223 [00:03<00:07, 112.80w/s, dev=1]
language_model.model.layers.13.self_attn.q_proj_moe_gen.weight:  33%|███▎      | 402/1223 [00:03<00:07, 113.07w/s, dev=1]
language_model.model.layers.13.self_attn.v_proj.bias:  33%|███▎      | 403/1223 [00:03<00:07, 113.19w/s, dev=1]          
language_model.model.layers.13.self_attn.v_proj.weight:  33%|███▎      | 404/1223 [00:03<00:07, 113.46w/s, dev=1]
language_model.model.layers.13.self_attn.v_proj_moe_gen.bias:  33%|███▎      | 405/1223 [00:03<00:07, 113.72w/s, dev=1]
language_model.model.layers.13.self_attn.v_proj_moe_gen.weight:  33%|███▎      | 406/1223 [00:03<00:07, 113.99w/s, dev=1]
language_model.model.layers.14.input_layernorm.weight:  33%|███▎      | 407/1223 [00:03<00:07, 114.25w/s, dev=1]         
language_model.model.layers.14.input_layernorm_moe_gen.weight:  33%|███▎      | 408/1223 [00:03<00:07, 114.52w/s, dev=1]
language_model.model.layers.14.mlp.down_proj.weight:  33%|███▎      | 409/1223 [00:03<00:07, 114.80w/s, dev=1]          
language_model.model.layers.14.mlp.gate_proj.weight:  34%|███▎      | 410/1223 [00:03<00:07, 114.26w/s, dev=1]
language_model.model.layers.14.mlp.up_proj.weight:  34%|███▎      | 411/1223 [00:03<00:07, 113.73w/s, dev=1]  
language_model.model.layers.14.mlp.up_proj.weight:  34%|███▎      | 412/1223 [00:03<00:07, 113.14w/s, dev=1]
language_model.model.layers.14.mlp_moe_gen.down_proj.weight:  34%|███▎      | 412/1223 [00:03<00:07, 113.13w/s, dev=1]
language_model.model.layers.14.mlp_moe_gen.gate_proj.weight:  34%|███▍      | 413/1223 [00:03<00:07, 112.61w/s, dev=1]
language_model.model.layers.14.mlp_moe_gen.up_proj.weight:  34%|███▍      | 414/1223 [00:03<00:07, 112.10w/s, dev=1]  
language_model.model.layers.14.post_attention_layernorm.weight:  34%|███▍      | 415/1223 [00:03<00:07, 111.61w/s, dev=1]
language_model.model.layers.14.post_attention_layernorm_moe_gen.weight:  34%|███▍      | 416/1223 [00:03<00:07, 111.87w/s, dev=1]
language_model.model.layers.14.self_attn.k_norm.weight:  34%|███▍      | 417/1223 [00:03<00:07, 112.13w/s, dev=1]                
language_model.model.layers.14.self_attn.k_norm_moe_gen.weight:  34%|███▍      | 418/1223 [00:03<00:07, 112.40w/s, dev=1]
language_model.model.layers.14.self_attn.k_proj.bias:  34%|███▍      | 419/1223 [00:03<00:07, 112.66w/s, dev=1]          
language_model.model.layers.14.self_attn.k_proj.weight:  34%|███▍      | 420/1223 [00:03<00:07, 112.93w/s, dev=1]
language_model.model.layers.14.self_attn.k_proj_moe_gen.bias:  34%|███▍      | 421/1223 [00:03<00:07, 113.17w/s, dev=1]
language_model.model.layers.14.self_attn.k_proj_moe_gen.weight:  35%|███▍      | 422/1223 [00:03<00:07, 113.43w/s, dev=1]
language_model.model.layers.14.self_attn.o_proj.weight:  35%|███▍      | 423/1223 [00:03<00:07, 113.67w/s, dev=1]        
language_model.model.layers.14.self_attn.o_proj_moe_gen.weight:  35%|███▍      | 424/1223 [00:03<00:07, 113.78w/s, dev=1]
language_model.model.layers.14.self_attn.q_norm.weight:  35%|███▍      | 425/1223 [00:03<00:07, 113.90w/s, dev=1]        
language_model.model.layers.14.self_attn.q_norm_moe_gen.weight:  35%|███▍      | 426/1223 [00:03<00:06, 114.16w/s, dev=1]
language_model.model.layers.14.self_attn.q_proj.bias:  35%|███▍      | 427/1223 [00:03<00:06, 114.42w/s, dev=1]          
language_model.model.layers.14.self_attn.q_proj.weight:  35%|███▍      | 428/1223 [00:03<00:06, 114.69w/s, dev=1]
language_model.model.layers.14.self_attn.q_proj_moe_gen.bias:  35%|███▌      | 429/1223 [00:03<00:06, 114.80w/s, dev=1]
language_model.model.layers.14.self_attn.q_proj_moe_gen.weight:  35%|███▌      | 430/1223 [00:03<00:06, 115.06w/s, dev=1]
language_model.model.layers.14.self_attn.v_proj.bias:  35%|███▌      | 431/1223 [00:03<00:06, 115.18w/s, dev=1]          
language_model.model.layers.14.self_attn.v_proj.weight:  35%|███▌      | 432/1223 [00:03<00:06, 115.44w/s, dev=1]
language_model.model.layers.14.self_attn.v_proj_moe_gen.bias:  35%|███▌      | 433/1223 [00:03<00:06, 115.68w/s, dev=1]
language_model.model.layers.14.self_attn.v_proj_moe_gen.weight:  35%|███▌      | 434/1223 [00:03<00:06, 115.94w/s, dev=1]
language_model.model.layers.15.input_layernorm.weight:  36%|███▌      | 435/1223 [00:03<00:06, 116.18w/s, dev=1]         
language_model.model.layers.15.input_layernorm_moe_gen.weight:  36%|███▌      | 436/1223 [00:03<00:06, 116.44w/s, dev=1]
language_model.model.layers.15.mlp.down_proj.weight:  36%|███▌      | 437/1223 [00:03<00:06, 116.71w/s, dev=1]          
language_model.model.layers.15.mlp.gate_proj.weight:  36%|███▌      | 438/1223 [00:03<00:06, 116.19w/s, dev=1]
language_model.model.layers.15.mlp.up_proj.weight:  36%|███▌      | 439/1223 [00:03<00:06, 115.68w/s, dev=1]  
language_model.model.layers.15.mlp_moe_gen.down_proj.weight:  36%|███▌      | 440/1223 [00:03<00:06, 115.15w/s, dev=1]
language_model.model.layers.15.mlp_moe_gen.gate_proj.weight:  36%|███▌      | 441/1223 [00:03<00:06, 114.64w/s, dev=1]
language_model.model.layers.15.mlp_moe_gen.up_proj.weight:  36%|███▌      | 442/1223 [00:03<00:06, 114.10w/s, dev=1]  
language_model.model.layers.15.post_attention_layernorm.weight:  36%|███▌      | 443/1223 [00:03<00:06, 113.58w/s, dev=1]
language_model.model.layers.15.post_attention_layernorm_moe_gen.weight:  36%|███▋      | 444/1223 [00:03<00:06, 113.83w/s, dev=1]
language_model.model.layers.15.self_attn.k_norm.weight:  36%|███▋      | 445/1223 [00:03<00:06, 114.08w/s, dev=1]                
language_model.model.layers.15.self_attn.k_norm_moe_gen.weight:  36%|███▋      | 446/1223 [00:03<00:06, 114.34w/s, dev=1]
language_model.model.layers.15.self_attn.k_proj.bias:  37%|███▋      | 447/1223 [00:03<00:06, 114.59w/s, dev=1]          
language_model.model.layers.15.self_attn.k_proj.bias:  37%|███▋      | 448/1223 [00:03<00:06, 114.84w/s, dev=1]
language_model.model.layers.15.self_attn.k_proj.weight:  37%|███▋      | 448/1223 [00:03<00:06, 114.84w/s, dev=1]
language_model.model.layers.15.self_attn.k_proj_moe_gen.bias:  37%|███▋      | 449/1223 [00:03<00:06, 115.07w/s, dev=1]
language_model.model.layers.15.self_attn.k_proj_moe_gen.weight:  37%|███▋      | 450/1223 [00:03<00:06, 115.32w/s, dev=1]
language_model.model.layers.15.self_attn.o_proj.weight:  37%|███▋      | 451/1223 [00:03<00:06, 115.55w/s, dev=1]        
language_model.model.layers.15.self_attn.o_proj_moe_gen.weight:  37%|███▋      | 452/1223 [00:03<00:06, 115.65w/s, dev=1]
language_model.model.layers.15.self_attn.q_norm.weight:  37%|███▋      | 453/1223 [00:03<00:06, 115.76w/s, dev=1]        
language_model.model.layers.15.self_attn.q_norm_moe_gen.weight:  37%|███▋      | 454/1223 [00:03<00:06, 116.01w/s, dev=1]
language_model.model.layers.15.self_attn.q_proj.bias:  37%|███▋      | 455/1223 [00:03<00:06, 116.26w/s, dev=1]          
language_model.model.layers.15.self_attn.q_proj.weight:  37%|███▋      | 456/1223 [00:03<00:06, 116.51w/s, dev=1]
language_model.model.layers.15.self_attn.q_proj_moe_gen.bias:  37%|███▋      | 457/1223 [00:03<00:06, 116.62w/s, dev=1]
language_model.model.layers.15.self_attn.q_proj_moe_gen.weight:  37%|███▋      | 458/1223 [00:03<00:06, 116.87w/s, dev=1]
language_model.model.layers.15.self_attn.v_proj.bias:  38%|███▊      | 459/1223 [00:03<00:06, 116.97w/s, dev=1]          
language_model.model.layers.15.self_attn.v_proj.weight:  38%|███▊      | 460/1223 [00:03<00:06, 117.22w/s, dev=1]
language_model.model.layers.15.self_attn.v_proj_moe_gen.bias:  38%|███▊      | 461/1223 [00:03<00:06, 117.45w/s, dev=1]
language_model.model.layers.15.self_attn.v_proj_moe_gen.weight:  38%|███▊      | 462/1223 [00:03<00:06, 117.70w/s, dev=1]
language_model.model.layers.16.input_layernorm.weight:  38%|███▊      | 463/1223 [00:03<00:06, 117.93w/s, dev=1]         
language_model.model.layers.16.input_layernorm_moe_gen.weight:  38%|███▊      | 464/1223 [00:03<00:06, 118.18w/s, dev=1]
language_model.model.layers.16.mlp.down_proj.weight:  38%|███▊      | 465/1223 [00:03<00:06, 118.43w/s, dev=1]          
language_model.model.layers.16.mlp.gate_proj.weight:  38%|███▊      | 466/1223 [00:03<00:06, 117.92w/s, dev=1]
language_model.model.layers.16.mlp.up_proj.weight:  38%|███▊      | 467/1223 [00:03<00:06, 117.41w/s, dev=1]  
language_model.model.layers.16.mlp_moe_gen.down_proj.weight:  38%|███▊      | 468/1223 [00:04<00:06, 116.89w/s, dev=1]
language_model.model.layers.16.mlp_moe_gen.gate_proj.weight:  38%|███▊      | 469/1223 [00:04<00:06, 116.24w/s, dev=1]
language_model.model.layers.16.mlp_moe_gen.up_proj.weight:  38%|███▊      | 470/1223 [00:04<00:06, 115.75w/s, dev=1]  
language_model.model.layers.16.post_attention_layernorm.weight:  39%|███▊      | 471/1223 [00:04<00:06, 115.26w/s, dev=1]
language_model.model.layers.16.post_attention_layernorm_moe_gen.weight:  39%|███▊      | 472/1223 [00:04<00:06, 115.50w/s, dev=1]
language_model.model.layers.16.self_attn.k_norm.weight:  39%|███▊      | 473/1223 [00:04<00:06, 115.74w/s, dev=1]                
language_model.model.layers.16.self_attn.k_norm_moe_gen.weight:  39%|███▉      | 474/1223 [00:04<00:06, 115.98w/s, dev=1]
language_model.model.layers.16.self_attn.k_proj.bias:  39%|███▉      | 475/1223 [00:04<00:06, 116.22w/s, dev=1]          
language_model.model.layers.16.self_attn.k_proj.weight:  39%|███▉      | 476/1223 [00:04<00:06, 116.47w/s, dev=1]
language_model.model.layers.16.self_attn.k_proj_moe_gen.bias:  39%|███▉      | 477/1223 [00:04<00:06, 116.68w/s, dev=1]
language_model.model.layers.16.self_attn.k_proj_moe_gen.weight:  39%|███▉      | 478/1223 [00:04<00:06, 116.92w/s, dev=1]
language_model.model.layers.16.self_attn.o_proj.weight:  39%|███▉      | 479/1223 [00:04<00:06, 117.15w/s, dev=1]        
language_model.model.layers.16.self_attn.o_proj_moe_gen.weight:  39%|███▉      | 480/1223 [00:04<00:06, 117.24w/s, dev=1]
language_model.model.layers.16.self_attn.q_norm.weight:  39%|███▉      | 481/1223 [00:04<00:06, 117.34w/s, dev=1]        
language_model.model.layers.16.self_attn.q_norm_moe_gen.weight:  39%|███▉      | 482/1223 [00:04<00:06, 117.58w/s, dev=1]
language_model.model.layers.16.self_attn.q_proj.bias:  39%|███▉      | 483/1223 [00:04<00:06, 117.82w/s, dev=1]          
language_model.model.layers.16.self_attn.q_proj.bias:  40%|███▉      | 484/1223 [00:04<00:06, 118.06w/s, dev=1]
language_model.model.layers.16.self_attn.q_proj.weight:  40%|███▉      | 484/1223 [00:04<00:06, 118.06w/s, dev=1]
language_model.model.layers.16.self_attn.q_proj_moe_gen.bias:  40%|███▉      | 485/1223 [00:04<00:06, 118.15w/s, dev=1]
language_model.model.layers.16.self_attn.q_proj_moe_gen.weight:  40%|███▉      | 486/1223 [00:04<00:06, 118.39w/s, dev=1]
language_model.model.layers.16.self_attn.v_proj.bias:  40%|███▉      | 487/1223 [00:04<00:06, 118.49w/s, dev=1]          
language_model.model.layers.16.self_attn.v_proj.weight:  40%|███▉      | 488/1223 [00:04<00:06, 118.73w/s, dev=1]
language_model.model.layers.16.self_attn.v_proj_moe_gen.bias:  40%|███▉      | 489/1223 [00:04<00:06, 118.94w/s, dev=1]
language_model.model.layers.16.self_attn.v_proj_moe_gen.weight:  40%|████      | 490/1223 [00:04<00:06, 119.18w/s, dev=1]
language_model.model.layers.17.input_layernorm.weight:  40%|████      | 491/1223 [00:04<00:06, 119.40w/s, dev=1]         
language_model.model.layers.17.input_layernorm_moe_gen.weight:  40%|████      | 492/1223 [00:04<00:06, 119.64w/s, dev=1]
language_model.model.layers.17.mlp.down_proj.weight:  40%|████      | 493/1223 [00:04<00:06, 119.88w/s, dev=1]          
language_model.model.layers.17.mlp.gate_proj.weight:  40%|████      | 494/1223 [00:04<00:06, 119.38w/s, dev=1]
language_model.model.layers.17.mlp.up_proj.weight:  40%|████      | 495/1223 [00:04<00:06, 118.89w/s, dev=1]  
language_model.model.layers.17.mlp_moe_gen.down_proj.weight:  41%|████      | 496/1223 [00:04<00:06, 118.39w/s, dev=1]
language_model.model.layers.17.mlp_moe_gen.gate_proj.weight:  41%|████      | 497/1223 [00:04<00:06, 117.83w/s, dev=1]
language_model.model.layers.17.mlp_moe_gen.up_proj.weight:  41%|████      | 498/1223 [00:04<00:06, 117.30w/s, dev=1]  
language_model.model.layers.17.post_attention_layernorm.weight:  41%|████      | 499/1223 [00:04<00:06, 116.82w/s, dev=1]
language_model.model.layers.17.post_attention_layernorm_moe_gen.weight:  41%|████      | 500/1223 [00:04<00:06, 117.05w/s, dev=1]
language_model.model.layers.17.self_attn.k_norm.weight:  41%|████      | 501/1223 [00:04<00:06, 117.28w/s, dev=1]                
language_model.model.layers.17.self_attn.k_norm_moe_gen.weight:  41%|████      | 502/1223 [00:04<00:06, 117.51w/s, dev=1]
language_model.model.layers.17.self_attn.k_proj.bias:  41%|████      | 503/1223 [00:04<00:06, 117.74w/s, dev=1]          
language_model.model.layers.17.self_attn.k_proj.weight:  41%|████      | 504/1223 [00:04<00:06, 117.97w/s, dev=1]
language_model.model.layers.17.self_attn.k_proj_moe_gen.bias:  41%|████▏     | 505/1223 [00:04<00:06, 118.18w/s, dev=1]
language_model.model.layers.17.self_attn.k_proj_moe_gen.weight:  41%|████▏     | 506/1223 [00:04<00:06, 118.41w/s, dev=1]
language_model.model.layers.17.self_attn.o_proj.weight:  41%|████▏     | 507/1223 [00:04<00:06, 118.62w/s, dev=1]        
language_model.model.layers.17.self_attn.o_proj_moe_gen.weight:  42%|████▏     | 508/1223 [00:04<00:06, 118.71w/s, dev=1]
language_model.model.layers.17.self_attn.q_norm.weight:  42%|████▏     | 509/1223 [00:04<00:06, 118.80w/s, dev=1]        
language_model.model.layers.17.self_attn.q_norm_moe_gen.weight:  42%|████▏     | 510/1223 [00:04<00:05, 119.03w/s, dev=1]
language_model.model.layers.17.self_attn.q_proj.bias:  42%|████▏     | 511/1223 [00:04<00:05, 119.26w/s, dev=1]          
language_model.model.layers.17.self_attn.q_proj.weight:  42%|████▏     | 512/1223 [00:04<00:05, 119.49w/s, dev=1]
language_model.model.layers.17.self_attn.q_proj_moe_gen.bias:  42%|████▏     | 513/1223 [00:04<00:05, 119.58w/s, dev=1]
language_model.model.layers.17.self_attn.q_proj_moe_gen.weight:  42%|████▏     | 514/1223 [00:04<00:05, 119.81w/s, dev=1]
language_model.model.layers.17.self_attn.v_proj.bias:  42%|████▏     | 515/1223 [00:04<00:05, 119.75w/s, dev=1]          
language_model.model.layers.17.self_attn.v_proj.weight:  42%|████▏     | 516/1223 [00:04<00:05, 119.97w/s, dev=1]
language_model.model.layers.17.self_attn.v_proj_moe_gen.bias:  42%|████▏     | 517/1223 [00:04<00:05, 120.16w/s, dev=1]
language_model.model.layers.17.self_attn.v_proj_moe_gen.weight:  42%|████▏     | 518/1223 [00:04<00:05, 120.39w/s, dev=1]
language_model.model.layers.18.input_layernorm.weight:  42%|████▏     | 519/1223 [00:04<00:05, 120.59w/s, dev=1]         
language_model.model.layers.18.input_layernorm.weight:  43%|████▎     | 520/1223 [00:04<00:05, 120.82w/s, dev=1]
language_model.model.layers.18.input_layernorm_moe_gen.weight:  43%|████▎     | 520/1223 [00:04<00:05, 120.81w/s, dev=1]
language_model.model.layers.18.mlp.down_proj.weight:  43%|████▎     | 521/1223 [00:04<00:05, 121.04w/s, dev=1]          
language_model.model.layers.18.mlp.gate_proj.weight:  43%|████▎     | 522/1223 [00:04<00:05, 120.56w/s, dev=1]
language_model.model.layers.18.mlp.up_proj.weight:  43%|████▎     | 523/1223 [00:04<00:05, 120.06w/s, dev=1]  
language_model.model.layers.18.mlp_moe_gen.down_proj.weight:  43%|████▎     | 524/1223 [00:04<00:05, 119.53w/s, dev=1]
language_model.model.layers.18.mlp_moe_gen.gate_proj.weight:  43%|████▎     | 525/1223 [00:04<00:05, 118.95w/s, dev=1]
language_model.model.layers.18.mlp_moe_gen.up_proj.weight:  43%|████▎     | 526/1223 [00:04<00:05, 118.46w/s, dev=1]  
language_model.model.layers.18.post_attention_layernorm.weight:  43%|████▎     | 527/1223 [00:04<00:05, 118.00w/s, dev=1]
language_model.model.layers.18.post_attention_layernorm_moe_gen.weight:  43%|████▎     | 528/1223 [00:04<00:05, 118.21w/s, dev=1]
language_model.model.layers.18.self_attn.k_norm.weight:  43%|████▎     | 529/1223 [00:04<00:05, 118.43w/s, dev=1]                
language_model.model.layers.18.self_attn.k_norm_moe_gen.weight:  43%|████▎     | 530/1223 [00:04<00:05, 118.65w/s, dev=1]
language_model.model.layers.18.self_attn.k_proj.bias:  43%|████▎     | 531/1223 [00:04<00:05, 118.87w/s, dev=1]          
language_model.model.layers.18.self_attn.k_proj.weight:  43%|████▎     | 532/1223 [00:04<00:05, 119.09w/s, dev=1]
language_model.model.layers.18.self_attn.k_proj_moe_gen.bias:  44%|████▎     | 533/1223 [00:04<00:05, 119.29w/s, dev=1]
language_model.model.layers.18.self_attn.k_proj_moe_gen.weight:  44%|████▎     | 534/1223 [00:04<00:05, 119.51w/s, dev=1]
language_model.model.layers.18.self_attn.o_proj.weight:  44%|████▎     | 535/1223 [00:04<00:05, 119.71w/s, dev=1]        
language_model.model.layers.18.self_attn.o_proj_moe_gen.weight:  44%|████▍     | 536/1223 [00:04<00:05, 119.80w/s, dev=1]
language_model.model.layers.18.self_attn.q_norm.weight:  44%|████▍     | 537/1223 [00:04<00:05, 119.88w/s, dev=1]        
language_model.model.layers.18.self_attn.q_norm_moe_gen.weight:  44%|████▍     | 538/1223 [00:04<00:05, 120.10w/s, dev=1]
language_model.model.layers.18.self_attn.q_proj.bias:  44%|████▍     | 539/1223 [00:04<00:05, 120.32w/s, dev=1]          
language_model.model.layers.18.self_attn.q_proj.weight:  44%|████▍     | 540/1223 [00:04<00:05, 120.54w/s, dev=1]
language_model.model.layers.18.self_attn.q_proj_moe_gen.bias:  44%|████▍     | 541/1223 [00:04<00:05, 120.62w/s, dev=1]
language_model.model.layers.18.self_attn.q_proj_moe_gen.weight:  44%|████▍     | 542/1223 [00:04<00:05, 120.84w/s, dev=1]
language_model.model.layers.18.self_attn.v_proj.bias:  44%|████▍     | 543/1223 [00:04<00:05, 120.93w/s, dev=1]          
language_model.model.layers.18.self_attn.v_proj.weight:  44%|████▍     | 544/1223 [00:04<00:05, 121.14w/s, dev=1]
language_model.model.layers.18.self_attn.v_proj_moe_gen.bias:  45%|████▍     | 545/1223 [00:04<00:05, 121.34w/s, dev=1]
language_model.model.layers.18.self_attn.v_proj_moe_gen.weight:  45%|████▍     | 546/1223 [00:04<00:05, 121.56w/s, dev=1]
language_model.model.layers.19.input_layernorm.weight:  45%|████▍     | 547/1223 [00:04<00:05, 121.76w/s, dev=1]         
language_model.model.layers.19.input_layernorm_moe_gen.weight:  45%|████▍     | 548/1223 [00:04<00:05, 121.98w/s, dev=1]
language_model.model.layers.19.mlp.down_proj.weight:  45%|████▍     | 549/1223 [00:04<00:05, 122.20w/s, dev=1]          
language_model.model.layers.19.mlp.gate_proj.weight:  45%|████▍     | 550/1223 [00:04<00:05, 121.73w/s, dev=1]
language_model.model.layers.19.mlp.up_proj.weight:  45%|████▌     | 551/1223 [00:04<00:05, 121.26w/s, dev=1]  
language_model.model.layers.19.mlp_moe_gen.down_proj.weight:  45%|████▌     | 552/1223 [00:04<00:05, 120.80w/s, dev=1]
language_model.model.layers.19.mlp_moe_gen.gate_proj.weight:  45%|████▌     | 553/1223 [00:04<00:05, 120.34w/s, dev=1]
language_model.model.layers.19.mlp_moe_gen.up_proj.weight:  45%|████▌     | 554/1223 [00:04<00:05, 119.89w/s, dev=1]  
language_model.model.layers.19.post_attention_layernorm.weight:  45%|████▌     | 555/1223 [00:04<00:05, 119.44w/s, dev=1]
language_model.model.layers.19.post_attention_layernorm.weight:  45%|████▌     | 556/1223 [00:04<00:05, 119.65w/s, dev=1]
language_model.model.layers.19.post_attention_layernorm_moe_gen.weight:  45%|████▌     | 556/1223 [00:04<00:05, 119.65w/s, dev=1]
language_model.model.layers.19.self_attn.k_norm.weight:  46%|████▌     | 557/1223 [00:04<00:05, 119.86w/s, dev=1]                
language_model.model.layers.19.self_attn.k_norm_moe_gen.weight:  46%|████▌     | 558/1223 [00:04<00:05, 120.07w/s, dev=1]
language_model.model.layers.19.self_attn.k_proj.bias:  46%|████▌     | 559/1223 [00:04<00:05, 120.28w/s, dev=1]          
language_model.model.layers.19.self_attn.k_proj.weight:  46%|████▌     | 560/1223 [00:04<00:05, 120.50w/s, dev=1]
language_model.model.layers.19.self_attn.k_proj_moe_gen.bias:  46%|████▌     | 561/1223 [00:04<00:05, 120.68w/s, dev=1]
language_model.model.layers.19.self_attn.k_proj_moe_gen.weight:  46%|████▌     | 562/1223 [00:04<00:05, 120.90w/s, dev=1]
language_model.model.layers.19.self_attn.o_proj.weight:  46%|████▌     | 563/1223 [00:04<00:05, 121.09w/s, dev=1]        
language_model.model.layers.19.self_attn.o_proj_moe_gen.weight:  46%|████▌     | 564/1223 [00:04<00:05, 121.17w/s, dev=1]
language_model.model.layers.19.self_attn.q_norm.weight:  46%|████▌     | 565/1223 [00:04<00:05, 121.25w/s, dev=1]        
language_model.model.layers.19.self_attn.q_norm_moe_gen.weight:  46%|████▋     | 566/1223 [00:04<00:05, 121.46w/s, dev=1]
language_model.model.layers.19.self_attn.q_proj.bias:  46%|████▋     | 567/1223 [00:04<00:05, 121.67w/s, dev=1]          
language_model.model.layers.19.self_attn.q_proj.weight:  46%|████▋     | 568/1223 [00:04<00:05, 121.88w/s, dev=1]
language_model.model.layers.19.self_attn.q_proj_moe_gen.bias:  47%|████▋     | 569/1223 [00:04<00:05, 121.97w/s, dev=1]
language_model.model.layers.19.self_attn.q_proj_moe_gen.weight:  47%|████▋     | 570/1223 [00:04<00:05, 122.17w/s, dev=1]
language_model.model.layers.19.self_attn.v_proj.bias:  47%|████▋     | 571/1223 [00:04<00:05, 122.26w/s, dev=1]          
language_model.model.layers.19.self_attn.v_proj.weight:  47%|████▋     | 572/1223 [00:04<00:05, 122.47w/s, dev=1]
language_model.model.layers.19.self_attn.v_proj_moe_gen.bias:  47%|████▋     | 573/1223 [00:04<00:05, 122.66w/s, dev=1]
language_model.model.layers.19.self_attn.v_proj_moe_gen.weight:  47%|████▋     | 574/1223 [00:04<00:05, 122.87w/s, dev=1]
language_model.model.layers.20.input_layernorm.weight:  47%|████▋     | 575/1223 [00:05<00:05, 111.18w/s, dev=cpu]       
language_model.model.layers.20.input_layernorm_moe_gen.weight:  47%|████▋     | 576/1223 [00:05<00:05, 111.37w/s, dev=cpu]
language_model.model.layers.20.mlp.down_proj.weight:  47%|████▋     | 577/1223 [00:05<00:05, 111.56w/s, dev=cpu]          
language_model.model.layers.20.mlp.gate_proj.weight:  47%|████▋     | 578/1223 [00:05<00:05, 111.75w/s, dev=cpu]
language_model.model.layers.20.mlp.up_proj.weight:  47%|████▋     | 579/1223 [00:05<00:05, 111.94w/s, dev=cpu]  
language_model.model.layers.20.mlp_moe_gen.down_proj.weight:  47%|████▋     | 580/1223 [00:05<00:05, 112.13w/s, dev=cpu]
language_model.model.layers.20.mlp_moe_gen.gate_proj.weight:  48%|████▊     | 581/1223 [00:05<00:05, 112.32w/s, dev=cpu]
language_model.model.layers.20.mlp_moe_gen.up_proj.weight:  48%|████▊     | 582/1223 [00:05<00:05, 112.51w/s, dev=cpu]  
language_model.model.layers.20.post_attention_layernorm.weight:  48%|████▊     | 583/1223 [00:05<00:05, 112.70w/s, dev=cpu]
language_model.model.layers.20.post_attention_layernorm_moe_gen.weight:  48%|████▊     | 584/1223 [00:05<00:05, 112.90w/s, dev=cpu]
language_model.model.layers.20.self_attn.k_norm.weight:  48%|████▊     | 585/1223 [00:05<00:05, 113.09w/s, dev=cpu]                
language_model.model.layers.20.self_attn.k_norm_moe_gen.weight:  48%|████▊     | 586/1223 [00:05<00:05, 113.28w/s, dev=cpu]
language_model.model.layers.20.self_attn.k_proj.bias:  48%|████▊     | 587/1223 [00:05<00:05, 113.47w/s, dev=cpu]          
language_model.model.layers.20.self_attn.k_proj.weight:  48%|████▊     | 588/1223 [00:05<00:05, 113.66w/s, dev=cpu]
language_model.model.layers.20.self_attn.k_proj_moe_gen.bias:  48%|████▊     | 589/1223 [00:05<00:05, 113.85w/s, dev=cpu]
language_model.model.layers.20.self_attn.k_proj_moe_gen.weight:  48%|████▊     | 590/1223 [00:05<00:05, 114.04w/s, dev=cpu]
language_model.model.layers.20.self_attn.o_proj.weight:  48%|████▊     | 591/1223 [00:05<00:05, 114.24w/s, dev=cpu]        
language_model.model.layers.20.self_attn.o_proj.weight:  48%|████▊     | 592/1223 [00:05<00:05, 114.43w/s, dev=cpu]
language_model.model.layers.20.self_attn.o_proj_moe_gen.weight:  48%|████▊     | 592/1223 [00:05<00:05, 114.43w/s, dev=cpu]
language_model.model.layers.20.self_attn.q_norm.weight:  48%|████▊     | 593/1223 [00:05<00:05, 114.62w/s, dev=cpu]        
language_model.model.layers.20.self_attn.q_norm_moe_gen.weight:  49%|████▊     | 594/1223 [00:05<00:05, 114.81w/s, dev=cpu]
language_model.model.layers.20.self_attn.q_proj.bias:  49%|████▊     | 595/1223 [00:05<00:05, 115.00w/s, dev=cpu]          
language_model.model.layers.20.self_attn.q_proj.weight:  49%|████▊     | 596/1223 [00:05<00:05, 115.19w/s, dev=cpu]
language_model.model.layers.20.self_attn.q_proj_moe_gen.bias:  49%|████▉     | 597/1223 [00:05<00:05, 115.38w/s, dev=cpu]
language_model.model.layers.20.self_attn.q_proj_moe_gen.weight:  49%|████▉     | 598/1223 [00:05<00:05, 115.57w/s, dev=cpu]
language_model.model.layers.20.self_attn.v_proj.bias:  49%|████▉     | 599/1223 [00:05<00:05, 115.77w/s, dev=cpu]          
language_model.model.layers.20.self_attn.v_proj.weight:  49%|████▉     | 600/1223 [00:05<00:05, 115.96w/s, dev=cpu]
language_model.model.layers.20.self_attn.v_proj_moe_gen.bias:  49%|████▉     | 601/1223 [00:05<00:05, 116.15w/s, dev=cpu]
language_model.model.layers.20.self_attn.v_proj_moe_gen.weight:  49%|████▉     | 602/1223 [00:05<00:05, 116.34w/s, dev=cpu]
language_model.model.layers.21.input_layernorm.weight:  49%|████▉     | 603/1223 [00:05<00:05, 116.53w/s, dev=cpu]         
language_model.model.layers.21.input_layernorm_moe_gen.weight:  49%|████▉     | 604/1223 [00:05<00:05, 116.72w/s, dev=cpu]
language_model.model.layers.21.mlp.down_proj.weight:  49%|████▉     | 605/1223 [00:05<00:05, 116.92w/s, dev=cpu]          
language_model.model.layers.21.mlp.gate_proj.weight:  50%|████▉     | 606/1223 [00:05<00:05, 117.11w/s, dev=cpu]
language_model.model.layers.21.mlp.up_proj.weight:  50%|████▉     | 607/1223 [00:05<00:05, 117.30w/s, dev=cpu]  
language_model.model.layers.21.mlp_moe_gen.down_proj.weight:  50%|████▉     | 608/1223 [00:05<00:05, 117.49w/s, dev=cpu]
language_model.model.layers.21.mlp_moe_gen.gate_proj.weight:  50%|████▉     | 609/1223 [00:05<00:05, 117.68w/s, dev=cpu]
language_model.model.layers.21.mlp_moe_gen.up_proj.weight:  50%|████▉     | 610/1223 [00:05<00:05, 117.87w/s, dev=cpu]  
language_model.model.layers.21.post_attention_layernorm.weight:  50%|████▉     | 611/1223 [00:05<00:05, 118.06w/s, dev=cpu]
language_model.model.layers.21.post_attention_layernorm_moe_gen.weight:  50%|█████     | 612/1223 [00:05<00:05, 118.25w/s, dev=cpu]
language_model.model.layers.21.self_attn.k_norm.weight:  50%|█████     | 613/1223 [00:05<00:05, 118.44w/s, dev=cpu]                
language_model.model.layers.21.self_attn.k_norm_moe_gen.weight:  50%|█████     | 614/1223 [00:05<00:05, 118.64w/s, dev=cpu]
language_model.model.layers.21.self_attn.k_proj.bias:  50%|█████     | 615/1223 [00:05<00:05, 118.83w/s, dev=cpu]          
language_model.model.layers.21.self_attn.k_proj.weight:  50%|█████     | 616/1223 [00:05<00:05, 119.02w/s, dev=cpu]
language_model.model.layers.21.self_attn.k_proj_moe_gen.bias:  50%|█████     | 617/1223 [00:05<00:05, 119.21w/s, dev=cpu]
language_model.model.layers.21.self_attn.k_proj_moe_gen.weight:  51%|█████     | 618/1223 [00:05<00:05, 119.40w/s, dev=cpu]
language_model.model.layers.21.self_attn.o_proj.weight:  51%|█████     | 619/1223 [00:05<00:05, 119.59w/s, dev=cpu]        
language_model.model.layers.21.self_attn.o_proj_moe_gen.weight:  51%|█████     | 620/1223 [00:05<00:05, 119.78w/s, dev=cpu]
language_model.model.layers.21.self_attn.q_norm.weight:  51%|█████     | 621/1223 [00:05<00:05, 119.98w/s, dev=cpu]        
language_model.model.layers.21.self_attn.q_norm_moe_gen.weight:  51%|█████     | 622/1223 [00:05<00:05, 120.17w/s, dev=cpu]
language_model.model.layers.21.self_attn.q_proj.bias:  51%|█████     | 623/1223 [00:05<00:04, 120.36w/s, dev=cpu]          
language_model.model.layers.21.self_attn.q_proj.weight:  51%|█████     | 624/1223 [00:05<00:04, 120.55w/s, dev=cpu]
language_model.model.layers.21.self_attn.q_proj_moe_gen.bias:  51%|█████     | 625/1223 [00:05<00:04, 120.74w/s, dev=cpu]
language_model.model.layers.21.self_attn.q_proj_moe_gen.weight:  51%|█████     | 626/1223 [00:05<00:04, 120.93w/s, dev=cpu]
language_model.model.layers.21.self_attn.v_proj.bias:  51%|█████▏    | 627/1223 [00:05<00:04, 121.12w/s, dev=cpu]          
language_model.model.layers.21.self_attn.v_proj.weight:  51%|█████▏    | 628/1223 [00:05<00:04, 121.31w/s, dev=cpu]
language_model.model.layers.21.self_attn.v_proj_moe_gen.bias:  51%|█████▏    | 629/1223 [00:05<00:04, 121.51w/s, dev=cpu]
language_model.model.layers.21.self_attn.v_proj_moe_gen.weight:  52%|█████▏    | 630/1223 [00:05<00:04, 121.70w/s, dev=cpu]
language_model.model.layers.22.input_layernorm.weight:  52%|█████▏    | 631/1223 [00:05<00:04, 121.89w/s, dev=cpu]         
language_model.model.layers.22.input_layernorm_moe_gen.weight:  52%|█████▏    | 632/1223 [00:05<00:04, 122.08w/s, dev=cpu]
language_model.model.layers.22.mlp.down_proj.weight:  52%|█████▏    | 633/1223 [00:05<00:04, 122.27w/s, dev=cpu]          
language_model.model.layers.22.mlp.gate_proj.weight:  52%|█████▏    | 634/1223 [00:05<00:04, 122.46w/s, dev=cpu]
language_model.model.layers.22.mlp.up_proj.weight:  52%|█████▏    | 635/1223 [00:05<00:04, 122.65w/s, dev=cpu]  
language_model.model.layers.22.mlp_moe_gen.down_proj.weight:  52%|█████▏    | 636/1223 [00:05<00:04, 122.84w/s, dev=cpu]
language_model.model.layers.22.mlp_moe_gen.gate_proj.weight:  52%|█████▏    | 637/1223 [00:05<00:04, 123.03w/s, dev=cpu]
language_model.model.layers.22.mlp_moe_gen.up_proj.weight:  52%|█████▏    | 638/1223 [00:05<00:04, 123.23w/s, dev=cpu]  
language_model.model.layers.22.post_attention_layernorm.weight:  52%|█████▏    | 639/1223 [00:05<00:04, 123.42w/s, dev=cpu]
language_model.model.layers.22.post_attention_layernorm_moe_gen.weight:  52%|█████▏    | 640/1223 [00:05<00:04, 123.61w/s, dev=cpu]
language_model.model.layers.22.self_attn.k_norm.weight:  52%|█████▏    | 641/1223 [00:05<00:04, 123.80w/s, dev=cpu]                
language_model.model.layers.22.self_attn.k_norm_moe_gen.weight:  52%|█████▏    | 642/1223 [00:05<00:04, 123.99w/s, dev=cpu]
language_model.model.layers.22.self_attn.k_proj.bias:  53%|█████▎    | 643/1223 [00:05<00:04, 124.18w/s, dev=cpu]          
language_model.model.layers.22.self_attn.k_proj.weight:  53%|█████▎    | 644/1223 [00:05<00:04, 124.37w/s, dev=cpu]
language_model.model.layers.22.self_attn.k_proj_moe_gen.bias:  53%|█████▎    | 645/1223 [00:05<00:04, 124.56w/s, dev=cpu]
language_model.model.layers.22.self_attn.k_proj_moe_gen.weight:  53%|█████▎    | 646/1223 [00:05<00:04, 124.75w/s, dev=cpu]
language_model.model.layers.22.self_attn.o_proj.weight:  53%|█████▎    | 647/1223 [00:05<00:04, 124.95w/s, dev=cpu]        
language_model.model.layers.22.self_attn.o_proj_moe_gen.weight:  53%|█████▎    | 648/1223 [00:05<00:04, 125.14w/s, dev=cpu]
language_model.model.layers.22.self_attn.q_norm.weight:  53%|█████▎    | 649/1223 [00:05<00:04, 125.33w/s, dev=cpu]        
language_model.model.layers.22.self_attn.q_norm_moe_gen.weight:  53%|█████▎    | 650/1223 [00:05<00:04, 125.52w/s, dev=cpu]
language_model.model.layers.22.self_attn.q_proj.bias:  53%|█████▎    | 651/1223 [00:05<00:04, 125.71w/s, dev=cpu]          
language_model.model.layers.22.self_attn.q_proj.weight:  53%|█████▎    | 652/1223 [00:05<00:04, 125.90w/s, dev=cpu]
language_model.model.layers.22.self_attn.q_proj_moe_gen.bias:  53%|█████▎    | 653/1223 [00:05<00:04, 126.09w/s, dev=cpu]
language_model.model.layers.22.self_attn.q_proj_moe_gen.weight:  53%|█████▎    | 654/1223 [00:05<00:04, 126.28w/s, dev=cpu]
language_model.model.layers.22.self_attn.v_proj.bias:  54%|█████▎    | 655/1223 [00:05<00:04, 126.48w/s, dev=cpu]          
language_model.model.layers.22.self_attn.v_proj.weight:  54%|█████▎    | 656/1223 [00:05<00:04, 126.67w/s, dev=cpu]
language_model.model.layers.22.self_attn.v_proj_moe_gen.bias:  54%|█████▎    | 657/1223 [00:05<00:04, 126.86w/s, dev=cpu]
language_model.model.layers.22.self_attn.v_proj_moe_gen.weight:  54%|█████▍    | 658/1223 [00:05<00:04, 127.05w/s, dev=cpu]
language_model.model.layers.23.input_layernorm.weight:  54%|█████▍    | 659/1223 [00:05<00:04, 127.24w/s, dev=cpu]         
language_model.model.layers.23.input_layernorm_moe_gen.weight:  54%|█████▍    | 660/1223 [00:05<00:04, 127.43w/s, dev=cpu]
language_model.model.layers.23.mlp.down_proj.weight:  54%|█████▍    | 661/1223 [00:05<00:04, 127.62w/s, dev=cpu]          
language_model.model.layers.23.mlp.gate_proj.weight:  54%|█████▍    | 662/1223 [00:05<00:04, 127.81w/s, dev=cpu]
language_model.model.layers.23.mlp.up_proj.weight:  54%|█████▍    | 663/1223 [00:05<00:04, 128.00w/s, dev=cpu]  
language_model.model.layers.23.mlp_moe_gen.down_proj.weight:  54%|█████▍    | 664/1223 [00:05<00:04, 128.19w/s, dev=cpu]
language_model.model.layers.23.mlp_moe_gen.gate_proj.weight:  54%|█████▍    | 665/1223 [00:05<00:04, 128.39w/s, dev=cpu]
language_model.model.layers.23.mlp_moe_gen.up_proj.weight:  54%|█████▍    | 666/1223 [00:05<00:04, 128.58w/s, dev=cpu]  
language_model.model.layers.23.post_attention_layernorm.weight:  55%|█████▍    | 667/1223 [00:05<00:04, 128.77w/s, dev=cpu]
language_model.model.layers.23.post_attention_layernorm_moe_gen.weight:  55%|█████▍    | 668/1223 [00:05<00:04, 128.96w/s, dev=cpu]
language_model.model.layers.23.self_attn.k_norm.weight:  55%|█████▍    | 669/1223 [00:05<00:04, 129.15w/s, dev=cpu]                
language_model.model.layers.23.self_attn.k_norm_moe_gen.weight:  55%|█████▍    | 670/1223 [00:05<00:04, 129.34w/s, dev=cpu]
language_model.model.layers.23.self_attn.k_proj.bias:  55%|█████▍    | 671/1223 [00:05<00:04, 129.53w/s, dev=cpu]          
language_model.model.layers.23.self_attn.k_proj.weight:  55%|█████▍    | 672/1223 [00:05<00:04, 129.72w/s, dev=cpu]
language_model.model.layers.23.self_attn.k_proj_moe_gen.bias:  55%|█████▌    | 673/1223 [00:05<00:04, 129.91w/s, dev=cpu]
language_model.model.layers.23.self_attn.k_proj_moe_gen.weight:  55%|█████▌    | 674/1223 [00:05<00:04, 130.10w/s, dev=cpu]
language_model.model.layers.23.self_attn.o_proj.weight:  55%|█████▌    | 675/1223 [00:05<00:04, 130.29w/s, dev=cpu]        
language_model.model.layers.23.self_attn.o_proj_moe_gen.weight:  55%|█████▌    | 676/1223 [00:05<00:04, 130.49w/s, dev=cpu]
language_model.model.layers.23.self_attn.q_norm.weight:  55%|█████▌    | 677/1223 [00:05<00:04, 130.68w/s, dev=cpu]        
language_model.model.layers.23.self_attn.q_norm_moe_gen.weight:  55%|█████▌    | 678/1223 [00:05<00:04, 130.87w/s, dev=cpu]
language_model.model.layers.23.self_attn.q_proj.bias:  56%|█████▌    | 679/1223 [00:05<00:04, 131.06w/s, dev=cpu]          
language_model.model.layers.23.self_attn.q_proj.weight:  56%|█████▌    | 680/1223 [00:05<00:04, 131.25w/s, dev=cpu]
language_model.model.layers.23.self_attn.q_proj_moe_gen.bias:  56%|█████▌    | 681/1223 [00:05<00:04, 131.44w/s, dev=cpu]
language_model.model.layers.23.self_attn.q_proj_moe_gen.weight:  56%|█████▌    | 682/1223 [00:05<00:04, 131.63w/s, dev=cpu]
language_model.model.layers.23.self_attn.v_proj.bias:  56%|█████▌    | 683/1223 [00:05<00:04, 131.82w/s, dev=cpu]          
language_model.model.layers.23.self_attn.v_proj.weight:  56%|█████▌    | 684/1223 [00:05<00:04, 132.01w/s, dev=cpu]
language_model.model.layers.23.self_attn.v_proj_moe_gen.bias:  56%|█████▌    | 685/1223 [00:05<00:04, 132.21w/s, dev=cpu]
language_model.model.layers.23.self_attn.v_proj_moe_gen.weight:  56%|█████▌    | 686/1223 [00:05<00:04, 132.40w/s, dev=cpu]
language_model.model.layers.24.input_layernorm.weight:  56%|█████▌    | 687/1223 [00:05<00:04, 132.59w/s, dev=cpu]         
language_model.model.layers.24.input_layernorm_moe_gen.weight:  56%|█████▋    | 688/1223 [00:05<00:04, 132.78w/s, dev=cpu]
language_model.model.layers.24.mlp.down_proj.weight:  56%|█████▋    | 689/1223 [00:05<00:04, 132.97w/s, dev=cpu]          
language_model.model.layers.24.mlp.gate_proj.weight:  56%|█████▋    | 690/1223 [00:05<00:04, 133.16w/s, dev=cpu]
language_model.model.layers.24.mlp.up_proj.weight:  57%|█████▋    | 691/1223 [00:05<00:03, 133.35w/s, dev=cpu]  
language_model.model.layers.24.mlp_moe_gen.down_proj.weight:  57%|█████▋    | 692/1223 [00:05<00:03, 133.54w/s, dev=cpu]
language_model.model.layers.24.mlp_moe_gen.gate_proj.weight:  57%|█████▋    | 693/1223 [00:05<00:03, 133.73w/s, dev=cpu]
language_model.model.layers.24.mlp_moe_gen.up_proj.weight:  57%|█████▋    | 694/1223 [00:05<00:03, 133.92w/s, dev=cpu]  
language_model.model.layers.24.post_attention_layernorm.weight:  57%|█████▋    | 695/1223 [00:05<00:03, 134.11w/s, dev=cpu]
language_model.model.layers.24.post_attention_layernorm_moe_gen.weight:  57%|█████▋    | 696/1223 [00:05<00:03, 134.30w/s, dev=cpu]
language_model.model.layers.24.self_attn.k_norm.weight:  57%|█████▋    | 697/1223 [00:05<00:03, 134.49w/s, dev=cpu]                
language_model.model.layers.24.self_attn.k_norm_moe_gen.weight:  57%|█████▋    | 698/1223 [00:05<00:03, 134.69w/s, dev=cpu]
language_model.model.layers.24.self_attn.k_proj.bias:  57%|█████▋    | 699/1223 [00:05<00:03, 134.88w/s, dev=cpu]          
language_model.model.layers.24.self_attn.k_proj.weight:  57%|█████▋    | 700/1223 [00:05<00:03, 135.07w/s, dev=cpu]
language_model.model.layers.24.self_attn.k_proj_moe_gen.bias:  57%|█████▋    | 701/1223 [00:05<00:03, 135.26w/s, dev=cpu]
language_model.model.layers.24.self_attn.k_proj_moe_gen.weight:  57%|█████▋    | 702/1223 [00:05<00:03, 135.45w/s, dev=cpu]
language_model.model.layers.24.self_attn.o_proj.weight:  57%|█████▋    | 703/1223 [00:05<00:03, 135.64w/s, dev=cpu]        
language_model.model.layers.24.self_attn.o_proj_moe_gen.weight:  58%|█████▊    | 704/1223 [00:05<00:03, 135.83w/s, dev=cpu]
language_model.model.layers.24.self_attn.q_norm.weight:  58%|█████▊    | 705/1223 [00:05<00:03, 136.02w/s, dev=cpu]        
language_model.model.layers.24.self_attn.q_norm_moe_gen.weight:  58%|█████▊    | 706/1223 [00:05<00:03, 136.21w/s, dev=cpu]
language_model.model.layers.24.self_attn.q_proj.bias:  58%|█████▊    | 707/1223 [00:05<00:03, 136.40w/s, dev=cpu]          
language_model.model.layers.24.self_attn.q_proj.weight:  58%|█████▊    | 708/1223 [00:05<00:03, 136.60w/s, dev=cpu]
language_model.model.layers.24.self_attn.q_proj_moe_gen.bias:  58%|█████▊    | 709/1223 [00:05<00:03, 136.79w/s, dev=cpu]
language_model.model.layers.24.self_attn.q_proj_moe_gen.weight:  58%|█████▊    | 710/1223 [00:05<00:03, 136.98w/s, dev=cpu]
language_model.model.layers.24.self_attn.v_proj.bias:  58%|█████▊    | 711/1223 [00:05<00:03, 137.17w/s, dev=cpu]          
language_model.model.layers.24.self_attn.v_proj.weight:  58%|█████▊    | 712/1223 [00:05<00:03, 137.36w/s, dev=cpu]
language_model.model.layers.24.self_attn.v_proj_moe_gen.bias:  58%|█████▊    | 713/1223 [00:05<00:03, 137.55w/s, dev=cpu]
language_model.model.layers.24.self_attn.v_proj_moe_gen.weight:  58%|█████▊    | 714/1223 [00:05<00:03, 137.74w/s, dev=cpu]
language_model.model.layers.25.input_layernorm.weight:  58%|█████▊    | 715/1223 [00:05<00:03, 137.93w/s, dev=cpu]         
language_model.model.layers.25.input_layernorm_moe_gen.weight:  59%|█████▊    | 716/1223 [00:05<00:03, 138.12w/s, dev=cpu]
language_model.model.layers.25.mlp.down_proj.weight:  59%|█████▊    | 717/1223 [00:05<00:03, 138.31w/s, dev=cpu]          
language_model.model.layers.25.mlp.gate_proj.weight:  59%|█████▊    | 718/1223 [00:05<00:03, 138.50w/s, dev=cpu]
language_model.model.layers.25.mlp.up_proj.weight:  59%|█████▉    | 719/1223 [00:05<00:03, 138.69w/s, dev=cpu]  
language_model.model.layers.25.mlp_moe_gen.down_proj.weight:  59%|█████▉    | 720/1223 [00:05<00:03, 138.88w/s, dev=cpu]
language_model.model.layers.25.mlp_moe_gen.gate_proj.weight:  59%|█████▉    | 721/1223 [00:05<00:03, 139.07w/s, dev=cpu]
language_model.model.layers.25.mlp_moe_gen.up_proj.weight:  59%|█████▉    | 722/1223 [00:05<00:03, 139.27w/s, dev=cpu]  
language_model.model.layers.25.post_attention_layernorm.weight:  59%|█████▉    | 723/1223 [00:05<00:03, 139.46w/s, dev=cpu]
language_model.model.layers.25.post_attention_layernorm_moe_gen.weight:  59%|█████▉    | 724/1223 [00:05<00:03, 139.65w/s, dev=cpu]
language_model.model.layers.25.self_attn.k_norm.weight:  59%|█████▉    | 725/1223 [00:05<00:03, 139.84w/s, dev=cpu]                
language_model.model.layers.25.self_attn.k_norm_moe_gen.weight:  59%|█████▉    | 726/1223 [00:05<00:03, 140.03w/s, dev=cpu]
language_model.model.layers.25.self_attn.k_proj.bias:  59%|█████▉    | 727/1223 [00:05<00:03, 140.22w/s, dev=cpu]          
language_model.model.layers.25.self_attn.k_proj.weight:  60%|█████▉    | 728/1223 [00:05<00:03, 140.41w/s, dev=cpu]
language_model.model.layers.25.self_attn.k_proj_moe_gen.bias:  60%|█████▉    | 729/1223 [00:05<00:03, 140.60w/s, dev=cpu]
language_model.model.layers.25.self_attn.k_proj_moe_gen.weight:  60%|█████▉    | 730/1223 [00:05<00:03, 140.79w/s, dev=cpu]
language_model.model.layers.25.self_attn.o_proj.weight:  60%|█████▉    | 731/1223 [00:05<00:03, 140.98w/s, dev=cpu]        
language_model.model.layers.25.self_attn.o_proj_moe_gen.weight:  60%|█████▉    | 732/1223 [00:05<00:03, 141.17w/s, dev=cpu]
language_model.model.layers.25.self_attn.q_norm.weight:  60%|█████▉    | 733/1223 [00:05<00:03, 141.36w/s, dev=cpu]        
language_model.model.layers.25.self_attn.q_norm_moe_gen.weight:  60%|██████    | 734/1223 [00:05<00:03, 141.55w/s, dev=cpu]
language_model.model.layers.25.self_attn.q_proj.bias:  60%|██████    | 735/1223 [00:05<00:03, 141.74w/s, dev=cpu]          
language_model.model.layers.25.self_attn.q_proj.weight:  60%|██████    | 736/1223 [00:05<00:03, 141.94w/s, dev=cpu]
language_model.model.layers.25.self_attn.q_proj_moe_gen.bias:  60%|██████    | 737/1223 [00:05<00:03, 142.13w/s, dev=cpu]
language_model.model.layers.25.self_attn.q_proj_moe_gen.weight:  60%|██████    | 738/1223 [00:05<00:03, 142.32w/s, dev=cpu]
language_model.model.layers.25.self_attn.v_proj.bias:  60%|██████    | 739/1223 [00:05<00:03, 142.51w/s, dev=cpu]          
language_model.model.layers.25.self_attn.v_proj.weight:  61%|██████    | 740/1223 [00:05<00:03, 142.70w/s, dev=cpu]
language_model.model.layers.25.self_attn.v_proj_moe_gen.bias:  61%|██████    | 741/1223 [00:05<00:03, 142.89w/s, dev=cpu]
language_model.model.layers.25.self_attn.v_proj_moe_gen.weight:  61%|██████    | 742/1223 [00:05<00:03, 143.08w/s, dev=cpu]
language_model.model.layers.26.input_layernorm.weight:  61%|██████    | 743/1223 [00:05<00:03, 143.27w/s, dev=cpu]         
language_model.model.layers.26.input_layernorm_moe_gen.weight:  61%|██████    | 744/1223 [00:05<00:03, 143.46w/s, dev=cpu]
language_model.model.layers.26.mlp.down_proj.weight:  61%|██████    | 745/1223 [00:05<00:03, 143.65w/s, dev=cpu]          
language_model.model.layers.26.mlp.gate_proj.weight:  61%|██████    | 746/1223 [00:05<00:03, 143.84w/s, dev=cpu]
language_model.model.layers.26.mlp.up_proj.weight:  61%|██████    | 747/1223 [00:05<00:03, 144.03w/s, dev=cpu]  
language_model.model.layers.26.mlp_moe_gen.down_proj.weight:  61%|██████    | 748/1223 [00:05<00:03, 144.22w/s, dev=cpu]
language_model.model.layers.26.mlp_moe_gen.gate_proj.weight:  61%|██████    | 749/1223 [00:05<00:03, 144.41w/s, dev=cpu]
language_model.model.layers.26.mlp_moe_gen.up_proj.weight:  61%|██████▏   | 750/1223 [00:05<00:03, 144.60w/s, dev=cpu]  
language_model.model.layers.26.post_attention_layernorm.weight:  61%|██████▏   | 751/1223 [00:05<00:03, 144.79w/s, dev=cpu]
language_model.model.layers.26.post_attention_layernorm_moe_gen.weight:  61%|██████▏   | 752/1223 [00:05<00:03, 144.98w/s, dev=cpu]
language_model.model.layers.26.self_attn.k_norm.weight:  62%|██████▏   | 753/1223 [00:05<00:03, 145.17w/s, dev=cpu]                
language_model.model.layers.26.self_attn.k_norm_moe_gen.weight:  62%|██████▏   | 754/1223 [00:05<00:03, 145.36w/s, dev=cpu]
language_model.model.layers.26.self_attn.k_proj.bias:  62%|██████▏   | 755/1223 [00:05<00:03, 145.55w/s, dev=cpu]          
language_model.model.layers.26.self_attn.k_proj.weight:  62%|██████▏   | 756/1223 [00:05<00:03, 145.74w/s, dev=cpu]
language_model.model.layers.26.self_attn.k_proj_moe_gen.bias:  62%|██████▏   | 757/1223 [00:05<00:03, 145.94w/s, dev=cpu]
language_model.model.layers.26.self_attn.k_proj_moe_gen.weight:  62%|██████▏   | 758/1223 [00:05<00:03, 146.13w/s, dev=cpu]
language_model.model.layers.26.self_attn.o_proj.weight:  62%|██████▏   | 759/1223 [00:05<00:03, 146.32w/s, dev=cpu]        
language_model.model.layers.26.self_attn.o_proj_moe_gen.weight:  62%|██████▏   | 760/1223 [00:05<00:03, 146.51w/s, dev=cpu]
language_model.model.layers.26.self_attn.q_norm.weight:  62%|██████▏   | 761/1223 [00:05<00:03, 146.70w/s, dev=cpu]        
language_model.model.layers.26.self_attn.q_norm_moe_gen.weight:  62%|██████▏   | 762/1223 [00:05<00:03, 146.89w/s, dev=cpu]
language_model.model.layers.26.self_attn.q_proj.bias:  62%|██████▏   | 763/1223 [00:05<00:03, 147.08w/s, dev=cpu]          
language_model.model.layers.26.self_attn.q_proj.weight:  62%|██████▏   | 764/1223 [00:05<00:03, 147.27w/s, dev=cpu]
language_model.model.layers.26.self_attn.q_proj_moe_gen.bias:  63%|██████▎   | 765/1223 [00:05<00:03, 147.46w/s, dev=cpu]
language_model.model.layers.26.self_attn.q_proj_moe_gen.weight:  63%|██████▎   | 766/1223 [00:05<00:03, 147.65w/s, dev=cpu]
language_model.model.layers.26.self_attn.v_proj.bias:  63%|██████▎   | 767/1223 [00:05<00:03, 147.84w/s, dev=cpu]          
language_model.model.layers.26.self_attn.v_proj.weight:  63%|██████▎   | 768/1223 [00:05<00:03, 148.03w/s, dev=cpu]
language_model.model.layers.26.self_attn.v_proj_moe_gen.bias:  63%|██████▎   | 769/1223 [00:05<00:03, 148.22w/s, dev=cpu]
language_model.model.layers.26.self_attn.v_proj_moe_gen.weight:  63%|██████▎   | 770/1223 [00:05<00:03, 148.41w/s, dev=cpu]
language_model.model.layers.27.input_layernorm.weight:  63%|██████▎   | 771/1223 [00:05<00:03, 148.60w/s, dev=cpu]         
language_model.model.layers.27.input_layernorm_moe_gen.weight:  63%|██████▎   | 772/1223 [00:05<00:03, 148.79w/s, dev=cpu]
language_model.model.layers.27.mlp.down_proj.weight:  63%|██████▎   | 773/1223 [00:05<00:03, 148.98w/s, dev=cpu]          
language_model.model.layers.27.mlp.gate_proj.weight:  63%|██████▎   | 774/1223 [00:05<00:03, 149.17w/s, dev=cpu]
language_model.model.layers.27.mlp.up_proj.weight:  63%|██████▎   | 775/1223 [00:05<00:02, 149.36w/s, dev=cpu]  
language_model.model.layers.27.mlp_moe_gen.down_proj.weight:  63%|██████▎   | 776/1223 [00:05<00:02, 149.55w/s, dev=cpu]
language_model.model.layers.27.mlp_moe_gen.gate_proj.weight:  64%|██████▎   | 777/1223 [00:05<00:02, 149.74w/s, dev=cpu]
language_model.model.layers.27.mlp_moe_gen.up_proj.weight:  64%|██████▎   | 778/1223 [00:05<00:02, 149.93w/s, dev=cpu]  
language_model.model.layers.27.post_attention_layernorm.weight:  64%|██████▎   | 779/1223 [00:05<00:02, 150.12w/s, dev=cpu]
language_model.model.layers.27.post_attention_layernorm_moe_gen.weight:  64%|██████▍   | 780/1223 [00:05<00:02, 150.31w/s, dev=cpu]
language_model.model.layers.27.self_attn.k_norm.weight:  64%|██████▍   | 781/1223 [00:05<00:02, 150.51w/s, dev=cpu]                
language_model.model.layers.27.self_attn.k_norm_moe_gen.weight:  64%|██████▍   | 782/1223 [00:05<00:02, 150.70w/s, dev=cpu]
language_model.model.layers.27.self_attn.k_proj.bias:  64%|██████▍   | 783/1223 [00:05<00:02, 150.89w/s, dev=cpu]          
language_model.model.layers.27.self_attn.k_proj.weight:  64%|██████▍   | 784/1223 [00:05<00:02, 151.08w/s, dev=cpu]
language_model.model.layers.27.self_attn.k_proj_moe_gen.bias:  64%|██████▍   | 785/1223 [00:05<00:02, 151.27w/s, dev=cpu]
language_model.model.layers.27.self_attn.k_proj_moe_gen.weight:  64%|██████▍   | 786/1223 [00:05<00:02, 151.46w/s, dev=cpu]
language_model.model.layers.27.self_attn.o_proj.weight:  64%|██████▍   | 787/1223 [00:05<00:02, 151.65w/s, dev=cpu]        
language_model.model.layers.27.self_attn.o_proj_moe_gen.weight:  64%|██████▍   | 788/1223 [00:05<00:02, 151.84w/s, dev=cpu]
language_model.model.layers.27.self_attn.q_norm.weight:  65%|██████▍   | 789/1223 [00:05<00:02, 152.03w/s, dev=cpu]        
language_model.model.layers.27.self_attn.q_norm_moe_gen.weight:  65%|██████▍   | 790/1223 [00:05<00:02, 152.22w/s, dev=cpu]
language_model.model.layers.27.self_attn.q_proj.bias:  65%|██████▍   | 791/1223 [00:05<00:02, 152.41w/s, dev=cpu]          
language_model.model.layers.27.self_attn.q_proj.weight:  65%|██████▍   | 792/1223 [00:05<00:02, 152.60w/s, dev=cpu]
language_model.model.layers.27.self_attn.q_proj_moe_gen.bias:  65%|██████▍   | 793/1223 [00:05<00:02, 152.79w/s, dev=cpu]
language_model.model.layers.27.self_attn.q_proj_moe_gen.weight:  65%|██████▍   | 794/1223 [00:05<00:02, 152.98w/s, dev=cpu]
language_model.model.layers.27.self_attn.v_proj.bias:  65%|██████▌   | 795/1223 [00:05<00:02, 153.17w/s, dev=cpu]          
language_model.model.layers.27.self_attn.v_proj.weight:  65%|██████▌   | 796/1223 [00:05<00:02, 153.36w/s, dev=cpu]
language_model.model.layers.27.self_attn.v_proj_moe_gen.bias:  65%|██████▌   | 797/1223 [00:05<00:02, 153.55w/s, dev=cpu]
language_model.model.layers.27.self_attn.v_proj_moe_gen.weight:  65%|██████▌   | 798/1223 [00:05<00:02, 153.74w/s, dev=cpu]
language_model.model.norm.weight:  65%|██████▌   | 799/1223 [00:05<00:02, 153.93w/s, dev=cpu]                              
language_model.model.norm_moe_gen.weight:  65%|██████▌   | 800/1223 [00:05<00:02, 154.12w/s, dev=cpu]
language_model.lm_head.weight:  65%|██████▌   | 801/1223 [00:05<00:02, 154.31w/s, dev=cpu]           
vit_model.vision_model.embeddings.patch_embedding.bias:  66%|██████▌   | 802/1223 [00:05<00:02, 154.50w/s, dev=cpu]
vit_model.vision_model.embeddings.patch_embedding.weight:  66%|██████▌   | 803/1223 [00:05<00:02, 154.69w/s, dev=cpu]
vit_model.vision_model.embeddings.position_embedding.weight:  66%|██████▌   | 804/1223 [00:05<00:02, 154.88w/s, dev=cpu]
vit_model.vision_model.encoder.layers.0.layer_norm1.bias:  66%|██████▌   | 805/1223 [00:05<00:02, 155.07w/s, dev=cpu]   
vit_model.vision_model.encoder.layers.0.layer_norm1.weight:  66%|██████▌   | 806/1223 [00:05<00:02, 155.26w/s, dev=cpu]
vit_model.vision_model.encoder.layers.0.layer_norm2.bias:  66%|██████▌   | 807/1223 [00:05<00:02, 155.45w/s, dev=cpu]  
vit_model.vision_model.encoder.layers.0.layer_norm2.weight:  66%|██████▌   | 808/1223 [00:05<00:02, 155.64w/s, dev=cpu]
vit_model.vision_model.encoder.layers.0.mlp.fc1.bias:  66%|██████▌   | 809/1223 [00:05<00:02, 155.84w/s, dev=cpu]      
vit_model.vision_model.encoder.layers.0.mlp.fc1.weight:  66%|██████▌   | 810/1223 [00:05<00:02, 156.03w/s, dev=cpu]
vit_model.vision_model.encoder.layers.0.mlp.fc2.bias:  66%|██████▋   | 811/1223 [00:05<00:02, 156.22w/s, dev=cpu]  
vit_model.vision_model.encoder.layers.0.mlp.fc2.weight:  66%|██████▋   | 812/1223 [00:05<00:02, 156.41w/s, dev=cpu]
vit_model.vision_model.encoder.layers.0.self_attn.k_proj.bias:  66%|██████▋   | 813/1223 [00:05<00:02, 156.60w/s, dev=cpu]
vit_model.vision_model.encoder.layers.0.self_attn.k_proj.weight:  67%|██████▋   | 814/1223 [00:05<00:02, 156.79w/s, dev=cpu]
vit_model.vision_model.encoder.layers.0.self_attn.out_proj.bias:  67%|██████▋   | 815/1223 [00:05<00:02, 156.98w/s, dev=cpu]
vit_model.vision_model.encoder.layers.0.self_attn.out_proj.weight:  67%|██████▋   | 816/1223 [00:05<00:02, 157.17w/s, dev=cpu]
vit_model.vision_model.encoder.layers.0.self_attn.q_proj.bias:  67%|██████▋   | 817/1223 [00:05<00:02, 157.36w/s, dev=cpu]    
vit_model.vision_model.encoder.layers.0.self_attn.q_proj.weight:  67%|██████▋   | 818/1223 [00:05<00:02, 157.55w/s, dev=cpu]
vit_model.vision_model.encoder.layers.0.self_attn.v_proj.bias:  67%|██████▋   | 819/1223 [00:05<00:02, 157.74w/s, dev=cpu]  
vit_model.vision_model.encoder.layers.0.self_attn.v_proj.weight:  67%|██████▋   | 820/1223 [00:05<00:02, 157.93w/s, dev=cpu]
vit_model.vision_model.encoder.layers.1.layer_norm1.bias:  67%|██████▋   | 821/1223 [00:05<00:02, 158.12w/s, dev=cpu]       
vit_model.vision_model.encoder.layers.1.layer_norm1.weight:  67%|██████▋   | 822/1223 [00:05<00:02, 158.31w/s, dev=cpu]
vit_model.vision_model.encoder.layers.1.layer_norm2.bias:  67%|██████▋   | 823/1223 [00:05<00:02, 158.50w/s, dev=cpu]  
vit_model.vision_model.encoder.layers.1.layer_norm2.weight:  67%|██████▋   | 824/1223 [00:05<00:02, 158.69w/s, dev=cpu]
vit_model.vision_model.encoder.layers.1.mlp.fc1.bias:  67%|██████▋   | 825/1223 [00:05<00:02, 158.88w/s, dev=cpu]      
vit_model.vision_model.encoder.layers.1.mlp.fc1.weight:  68%|██████▊   | 826/1223 [00:05<00:02, 159.07w/s, dev=cpu]
vit_model.vision_model.encoder.layers.1.mlp.fc2.bias:  68%|██████▊   | 827/1223 [00:05<00:02, 159.26w/s, dev=cpu]  
vit_model.vision_model.encoder.layers.1.mlp.fc2.weight:  68%|██████▊   | 828/1223 [00:05<00:02, 159.45w/s, dev=cpu]
vit_model.vision_model.encoder.layers.1.self_attn.k_proj.bias:  68%|██████▊   | 829/1223 [00:05<00:02, 159.64w/s, dev=cpu]
vit_model.vision_model.encoder.layers.1.self_attn.k_proj.weight:  68%|██████▊   | 830/1223 [00:05<00:02, 159.83w/s, dev=cpu]
vit_model.vision_model.encoder.layers.1.self_attn.out_proj.bias:  68%|██████▊   | 831/1223 [00:05<00:02, 160.02w/s, dev=cpu]
vit_model.vision_model.encoder.layers.1.self_attn.out_proj.weight:  68%|██████▊   | 832/1223 [00:05<00:02, 160.21w/s, dev=cpu]
vit_model.vision_model.encoder.layers.1.self_attn.q_proj.bias:  68%|██████▊   | 833/1223 [00:05<00:02, 160.40w/s, dev=cpu]    
vit_model.vision_model.encoder.layers.1.self_attn.q_proj.weight:  68%|██████▊   | 834/1223 [00:05<00:02, 160.59w/s, dev=cpu]
vit_model.vision_model.encoder.layers.1.self_attn.v_proj.bias:  68%|██████▊   | 835/1223 [00:05<00:02, 160.78w/s, dev=cpu]  
vit_model.vision_model.encoder.layers.1.self_attn.v_proj.weight:  68%|██████▊   | 836/1223 [00:05<00:02, 160.97w/s, dev=cpu]
vit_model.vision_model.encoder.layers.10.layer_norm1.bias:  68%|██████▊   | 837/1223 [00:05<00:02, 161.16w/s, dev=cpu]      
vit_model.vision_model.encoder.layers.10.layer_norm1.weight:  69%|██████▊   | 838/1223 [00:05<00:02, 161.35w/s, dev=cpu]
vit_model.vision_model.encoder.layers.10.layer_norm2.bias:  69%|██████▊   | 839/1223 [00:05<00:02, 161.54w/s, dev=cpu]  
vit_model.vision_model.encoder.layers.10.layer_norm2.weight:  69%|██████▊   | 840/1223 [00:05<00:02, 161.73w/s, dev=cpu]
vit_model.vision_model.encoder.layers.10.mlp.fc1.bias:  69%|██████▉   | 841/1223 [00:05<00:02, 161.92w/s, dev=cpu]      
vit_model.vision_model.encoder.layers.10.mlp.fc1.weight:  69%|██████▉   | 842/1223 [00:05<00:02, 162.11w/s, dev=cpu]
vit_model.vision_model.encoder.layers.10.mlp.fc2.bias:  69%|██████▉   | 843/1223 [00:05<00:02, 162.30w/s, dev=cpu]  
vit_model.vision_model.encoder.layers.10.mlp.fc2.weight:  69%|██████▉   | 844/1223 [00:05<00:02, 162.49w/s, dev=cpu]
vit_model.vision_model.encoder.layers.10.self_attn.k_proj.bias:  69%|██████▉   | 845/1223 [00:05<00:02, 162.68w/s, dev=cpu]
vit_model.vision_model.encoder.layers.10.self_attn.k_proj.weight:  69%|██████▉   | 846/1223 [00:05<00:02, 162.87w/s, dev=cpu]
vit_model.vision_model.encoder.layers.10.self_attn.out_proj.bias:  69%|██████▉   | 847/1223 [00:05<00:02, 163.06w/s, dev=cpu]
vit_model.vision_model.encoder.layers.10.self_attn.out_proj.weight:  69%|██████▉   | 848/1223 [00:05<00:02, 163.25w/s, dev=cpu]
vit_model.vision_model.encoder.layers.10.self_attn.q_proj.bias:  69%|██████▉   | 849/1223 [00:05<00:02, 163.44w/s, dev=cpu]    
vit_model.vision_model.encoder.layers.10.self_attn.q_proj.weight:  70%|██████▉   | 850/1223 [00:05<00:02, 163.63w/s, dev=cpu]
vit_model.vision_model.encoder.layers.10.self_attn.v_proj.bias:  70%|██████▉   | 851/1223 [00:05<00:02, 163.82w/s, dev=cpu]  
vit_model.vision_model.encoder.layers.10.self_attn.v_proj.weight:  70%|██████▉   | 852/1223 [00:05<00:02, 164.01w/s, dev=cpu]
vit_model.vision_model.encoder.layers.11.layer_norm1.bias:  70%|██████▉   | 853/1223 [00:05<00:02, 164.20w/s, dev=cpu]       
vit_model.vision_model.encoder.layers.11.layer_norm1.weight:  70%|██████▉   | 854/1223 [00:05<00:02, 164.39w/s, dev=cpu]
vit_model.vision_model.encoder.layers.11.layer_norm2.bias:  70%|██████▉   | 855/1223 [00:05<00:02, 164.58w/s, dev=cpu]  
vit_model.vision_model.encoder.layers.11.layer_norm2.weight:  70%|██████▉   | 856/1223 [00:05<00:02, 164.77w/s, dev=cpu]
vit_model.vision_model.encoder.layers.11.mlp.fc1.bias:  70%|███████   | 857/1223 [00:05<00:02, 164.96w/s, dev=cpu]      
vit_model.vision_model.encoder.layers.11.mlp.fc1.weight:  70%|███████   | 858/1223 [00:05<00:02, 165.15w/s, dev=cpu]
vit_model.vision_model.encoder.layers.11.mlp.fc2.bias:  70%|███████   | 859/1223 [00:05<00:02, 165.34w/s, dev=cpu]  
vit_model.vision_model.encoder.layers.11.mlp.fc2.weight:  70%|███████   | 860/1223 [00:05<00:02, 165.53w/s, dev=cpu]
vit_model.vision_model.encoder.layers.11.self_attn.k_proj.bias:  70%|███████   | 861/1223 [00:05<00:02, 165.72w/s, dev=cpu]
vit_model.vision_model.encoder.layers.11.self_attn.k_proj.weight:  70%|███████   | 862/1223 [00:05<00:02, 165.91w/s, dev=cpu]
vit_model.vision_model.encoder.layers.11.self_attn.out_proj.bias:  71%|███████   | 863/1223 [00:05<00:02, 166.10w/s, dev=cpu]
vit_model.vision_model.encoder.layers.11.self_attn.out_proj.weight:  71%|███████   | 864/1223 [00:05<00:02, 166.29w/s, dev=cpu]
vit_model.vision_model.encoder.layers.11.self_attn.q_proj.bias:  71%|███████   | 865/1223 [00:05<00:02, 166.48w/s, dev=cpu]    
vit_model.vision_model.encoder.layers.11.self_attn.q_proj.weight:  71%|███████   | 866/1223 [00:05<00:02, 166.67w/s, dev=cpu]
vit_model.vision_model.encoder.layers.11.self_attn.v_proj.bias:  71%|███████   | 867/1223 [00:05<00:02, 166.86w/s, dev=cpu]  
vit_model.vision_model.encoder.layers.11.self_attn.v_proj.weight:  71%|███████   | 868/1223 [00:05<00:02, 167.05w/s, dev=cpu]
vit_model.vision_model.encoder.layers.12.layer_norm1.bias:  71%|███████   | 869/1223 [00:05<00:02, 167.24w/s, dev=cpu]       
vit_model.vision_model.encoder.layers.12.layer_norm1.weight:  71%|███████   | 870/1223 [00:05<00:02, 167.43w/s, dev=cpu]
vit_model.vision_model.encoder.layers.12.layer_norm2.bias:  71%|███████   | 871/1223 [00:05<00:02, 167.62w/s, dev=cpu]  
vit_model.vision_model.encoder.layers.12.layer_norm2.weight:  71%|███████▏  | 872/1223 [00:05<00:02, 167.81w/s, dev=cpu]
vit_model.vision_model.encoder.layers.12.mlp.fc1.bias:  71%|███████▏  | 873/1223 [00:05<00:02, 168.00w/s, dev=cpu]      
vit_model.vision_model.encoder.layers.12.mlp.fc1.weight:  71%|███████▏  | 874/1223 [00:05<00:02, 168.19w/s, dev=cpu]
vit_model.vision_model.encoder.layers.12.mlp.fc2.bias:  72%|███████▏  | 875/1223 [00:05<00:02, 168.38w/s, dev=cpu]  
vit_model.vision_model.encoder.layers.12.mlp.fc2.weight:  72%|███████▏  | 876/1223 [00:05<00:02, 168.57w/s, dev=cpu]
vit_model.vision_model.encoder.layers.12.self_attn.k_proj.bias:  72%|███████▏  | 877/1223 [00:05<00:02, 168.76w/s, dev=cpu]
vit_model.vision_model.encoder.layers.12.self_attn.k_proj.weight:  72%|███████▏  | 878/1223 [00:05<00:02, 168.95w/s, dev=cpu]
vit_model.vision_model.encoder.layers.12.self_attn.out_proj.bias:  72%|███████▏  | 879/1223 [00:05<00:02, 169.14w/s, dev=cpu]
vit_model.vision_model.encoder.layers.12.self_attn.out_proj.weight:  72%|███████▏  | 880/1223 [00:05<00:02, 169.33w/s, dev=cpu]
vit_model.vision_model.encoder.layers.12.self_attn.q_proj.bias:  72%|███████▏  | 881/1223 [00:05<00:02, 169.52w/s, dev=cpu]    
vit_model.vision_model.encoder.layers.12.self_attn.q_proj.weight:  72%|███████▏  | 882/1223 [00:05<00:02, 169.71w/s, dev=cpu]
vit_model.vision_model.encoder.layers.12.self_attn.v_proj.bias:  72%|███████▏  | 883/1223 [00:05<00:02, 169.90w/s, dev=cpu]  
vit_model.vision_model.encoder.layers.12.self_attn.v_proj.weight:  72%|███████▏  | 884/1223 [00:05<00:01, 170.09w/s, dev=cpu]
vit_model.vision_model.encoder.layers.13.layer_norm1.bias:  72%|███████▏  | 885/1223 [00:05<00:01, 170.28w/s, dev=cpu]       
vit_model.vision_model.encoder.layers.13.layer_norm1.weight:  72%|███████▏  | 886/1223 [00:05<00:01, 170.47w/s, dev=cpu]
vit_model.vision_model.encoder.layers.13.layer_norm2.bias:  73%|███████▎  | 887/1223 [00:05<00:01, 170.66w/s, dev=cpu]  
vit_model.vision_model.encoder.layers.13.layer_norm2.weight:  73%|███████▎  | 888/1223 [00:05<00:01, 170.85w/s, dev=cpu]
vit_model.vision_model.encoder.layers.13.mlp.fc1.bias:  73%|███████▎  | 889/1223 [00:05<00:01, 171.04w/s, dev=cpu]      
vit_model.vision_model.encoder.layers.13.mlp.fc1.weight:  73%|███████▎  | 890/1223 [00:05<00:01, 171.23w/s, dev=cpu]
vit_model.vision_model.encoder.layers.13.mlp.fc2.bias:  73%|███████▎  | 891/1223 [00:05<00:01, 171.42w/s, dev=cpu]  
vit_model.vision_model.encoder.layers.13.mlp.fc2.weight:  73%|███████▎  | 892/1223 [00:05<00:01, 171.61w/s, dev=cpu]
vit_model.vision_model.encoder.layers.13.self_attn.k_proj.bias:  73%|███████▎  | 893/1223 [00:05<00:01, 171.80w/s, dev=cpu]
vit_model.vision_model.encoder.layers.13.self_attn.k_proj.weight:  73%|███████▎  | 894/1223 [00:05<00:01, 171.99w/s, dev=cpu]
vit_model.vision_model.encoder.layers.13.self_attn.out_proj.bias:  73%|███████▎  | 895/1223 [00:05<00:01, 172.18w/s, dev=cpu]
vit_model.vision_model.encoder.layers.13.self_attn.out_proj.weight:  73%|███████▎  | 896/1223 [00:05<00:01, 172.37w/s, dev=cpu]
vit_model.vision_model.encoder.layers.13.self_attn.q_proj.bias:  73%|███████▎  | 897/1223 [00:05<00:01, 172.56w/s, dev=cpu]    
vit_model.vision_model.encoder.layers.13.self_attn.q_proj.weight:  73%|███████▎  | 898/1223 [00:05<00:01, 172.75w/s, dev=cpu]
vit_model.vision_model.encoder.layers.13.self_attn.v_proj.bias:  74%|███████▎  | 899/1223 [00:05<00:01, 172.94w/s, dev=cpu]  
vit_model.vision_model.encoder.layers.13.self_attn.v_proj.weight:  74%|███████▎  | 900/1223 [00:05<00:01, 173.13w/s, dev=cpu]
vit_model.vision_model.encoder.layers.14.layer_norm1.bias:  74%|███████▎  | 901/1223 [00:05<00:01, 173.32w/s, dev=cpu]       
vit_model.vision_model.encoder.layers.14.layer_norm1.weight:  74%|███████▍  | 902/1223 [00:05<00:01, 173.51w/s, dev=cpu]
vit_model.vision_model.encoder.layers.14.layer_norm2.bias:  74%|███████▍  | 903/1223 [00:05<00:01, 173.70w/s, dev=cpu]  
vit_model.vision_model.encoder.layers.14.layer_norm2.weight:  74%|███████▍  | 904/1223 [00:05<00:01, 173.89w/s, dev=cpu]
vit_model.vision_model.encoder.layers.14.mlp.fc1.bias:  74%|███████▍  | 905/1223 [00:05<00:01, 174.08w/s, dev=cpu]      
vit_model.vision_model.encoder.layers.14.mlp.fc1.weight:  74%|███████▍  | 906/1223 [00:05<00:01, 174.27w/s, dev=cpu]
vit_model.vision_model.encoder.layers.14.mlp.fc2.bias:  74%|███████▍  | 907/1223 [00:05<00:01, 174.46w/s, dev=cpu]  
vit_model.vision_model.encoder.layers.14.mlp.fc2.weight:  74%|███████▍  | 908/1223 [00:05<00:01, 174.65w/s, dev=cpu]
vit_model.vision_model.encoder.layers.14.self_attn.k_proj.bias:  74%|███████▍  | 909/1223 [00:05<00:01, 174.84w/s, dev=cpu]
vit_model.vision_model.encoder.layers.14.self_attn.k_proj.weight:  74%|███████▍  | 910/1223 [00:05<00:01, 175.03w/s, dev=cpu]
vit_model.vision_model.encoder.layers.14.self_attn.out_proj.bias:  74%|███████▍  | 911/1223 [00:05<00:01, 175.22w/s, dev=cpu]
vit_model.vision_model.encoder.layers.14.self_attn.out_proj.weight:  75%|███████▍  | 912/1223 [00:05<00:01, 175.41w/s, dev=cpu]
vit_model.vision_model.encoder.layers.14.self_attn.q_proj.bias:  75%|███████▍  | 913/1223 [00:05<00:01, 175.60w/s, dev=cpu]    
vit_model.vision_model.encoder.layers.14.self_attn.q_proj.weight:  75%|███████▍  | 914/1223 [00:05<00:01, 175.79w/s, dev=cpu]
vit_model.vision_model.encoder.layers.14.self_attn.v_proj.bias:  75%|███████▍  | 915/1223 [00:05<00:01, 175.98w/s, dev=cpu]  
vit_model.vision_model.encoder.layers.14.self_attn.v_proj.weight:  75%|███████▍  | 916/1223 [00:05<00:01, 176.17w/s, dev=cpu]
vit_model.vision_model.encoder.layers.15.layer_norm1.bias:  75%|███████▍  | 917/1223 [00:05<00:01, 176.36w/s, dev=cpu]       
vit_model.vision_model.encoder.layers.15.layer_norm1.weight:  75%|███████▌  | 918/1223 [00:05<00:01, 176.55w/s, dev=cpu]
vit_model.vision_model.encoder.layers.15.layer_norm2.bias:  75%|███████▌  | 919/1223 [00:05<00:01, 176.74w/s, dev=cpu]  
vit_model.vision_model.encoder.layers.15.layer_norm2.weight:  75%|███████▌  | 920/1223 [00:05<00:01, 176.93w/s, dev=cpu]
vit_model.vision_model.encoder.layers.15.mlp.fc1.bias:  75%|███████▌  | 921/1223 [00:05<00:01, 177.12w/s, dev=cpu]      
vit_model.vision_model.encoder.layers.15.mlp.fc1.weight:  75%|███████▌  | 922/1223 [00:05<00:01, 177.31w/s, dev=cpu]
vit_model.vision_model.encoder.layers.15.mlp.fc2.bias:  75%|███████▌  | 923/1223 [00:05<00:01, 177.50w/s, dev=cpu]  
vit_model.vision_model.encoder.layers.15.mlp.fc2.weight:  76%|███████▌  | 924/1223 [00:05<00:01, 177.68w/s, dev=cpu]
vit_model.vision_model.encoder.layers.15.self_attn.k_proj.bias:  76%|███████▌  | 925/1223 [00:05<00:01, 177.87w/s, dev=cpu]
vit_model.vision_model.encoder.layers.15.self_attn.k_proj.weight:  76%|███████▌  | 926/1223 [00:05<00:01, 178.06w/s, dev=cpu]
vit_model.vision_model.encoder.layers.15.self_attn.out_proj.bias:  76%|███████▌  | 927/1223 [00:05<00:01, 178.25w/s, dev=cpu]
vit_model.vision_model.encoder.layers.15.self_attn.out_proj.weight:  76%|███████▌  | 928/1223 [00:05<00:01, 178.44w/s, dev=cpu]
vit_model.vision_model.encoder.layers.15.self_attn.q_proj.bias:  76%|███████▌  | 929/1223 [00:05<00:01, 178.63w/s, dev=cpu]    
vit_model.vision_model.encoder.layers.15.self_attn.q_proj.weight:  76%|███████▌  | 930/1223 [00:05<00:01, 178.82w/s, dev=cpu]
vit_model.vision_model.encoder.layers.15.self_attn.v_proj.bias:  76%|███████▌  | 931/1223 [00:05<00:01, 179.01w/s, dev=cpu]  
vit_model.vision_model.encoder.layers.15.self_attn.v_proj.weight:  76%|███████▌  | 932/1223 [00:05<00:01, 179.20w/s, dev=cpu]
vit_model.vision_model.encoder.layers.16.layer_norm1.bias:  76%|███████▋  | 933/1223 [00:05<00:01, 179.39w/s, dev=cpu]       
vit_model.vision_model.encoder.layers.16.layer_norm1.weight:  76%|███████▋  | 934/1223 [00:05<00:01, 179.58w/s, dev=cpu]
vit_model.vision_model.encoder.layers.16.layer_norm2.bias:  76%|███████▋  | 935/1223 [00:05<00:01, 179.77w/s, dev=cpu]  
vit_model.vision_model.encoder.layers.16.layer_norm2.weight:  77%|███████▋  | 936/1223 [00:05<00:01, 179.96w/s, dev=cpu]
vit_model.vision_model.encoder.layers.16.mlp.fc1.bias:  77%|███████▋  | 937/1223 [00:05<00:01, 180.15w/s, dev=cpu]      
vit_model.vision_model.encoder.layers.16.mlp.fc1.weight:  77%|███████▋  | 938/1223 [00:05<00:01, 180.34w/s, dev=cpu]
vit_model.vision_model.encoder.layers.16.mlp.fc2.bias:  77%|███████▋  | 939/1223 [00:05<00:01, 180.53w/s, dev=cpu]  
vit_model.vision_model.encoder.layers.16.mlp.fc2.weight:  77%|███████▋  | 940/1223 [00:05<00:01, 180.72w/s, dev=cpu]
vit_model.vision_model.encoder.layers.16.self_attn.k_proj.bias:  77%|███████▋  | 941/1223 [00:05<00:01, 180.91w/s, dev=cpu]
vit_model.vision_model.encoder.layers.16.self_attn.k_proj.weight:  77%|███████▋  | 942/1223 [00:05<00:01, 181.10w/s, dev=cpu]
vit_model.vision_model.encoder.layers.16.self_attn.out_proj.bias:  77%|███████▋  | 943/1223 [00:05<00:01, 181.29w/s, dev=cpu]
vit_model.vision_model.encoder.layers.16.self_attn.out_proj.weight:  77%|███████▋  | 944/1223 [00:05<00:01, 181.48w/s, dev=cpu]
vit_model.vision_model.encoder.layers.16.self_attn.q_proj.bias:  77%|███████▋  | 945/1223 [00:05<00:01, 181.67w/s, dev=cpu]    
vit_model.vision_model.encoder.layers.16.self_attn.q_proj.weight:  77%|███████▋  | 946/1223 [00:05<00:01, 181.86w/s, dev=cpu]
vit_model.vision_model.encoder.layers.16.self_attn.v_proj.bias:  77%|███████▋  | 947/1223 [00:05<00:01, 182.05w/s, dev=cpu]  
vit_model.vision_model.encoder.layers.16.self_attn.v_proj.weight:  78%|███████▊  | 948/1223 [00:05<00:01, 182.24w/s, dev=cpu]
vit_model.vision_model.encoder.layers.17.layer_norm1.bias:  78%|███████▊  | 949/1223 [00:05<00:01, 182.42w/s, dev=cpu]       
vit_model.vision_model.encoder.layers.17.layer_norm1.weight:  78%|███████▊  | 950/1223 [00:05<00:01, 182.61w/s, dev=cpu]
vit_model.vision_model.encoder.layers.17.layer_norm2.bias:  78%|███████▊  | 951/1223 [00:05<00:01, 182.80w/s, dev=cpu]  
vit_model.vision_model.encoder.layers.17.layer_norm2.weight:  78%|███████▊  | 952/1223 [00:05<00:01, 182.99w/s, dev=cpu]
vit_model.vision_model.encoder.layers.17.mlp.fc1.bias:  78%|███████▊  | 953/1223 [00:05<00:01, 183.18w/s, dev=cpu]      
vit_model.vision_model.encoder.layers.17.mlp.fc1.weight:  78%|███████▊  | 954/1223 [00:05<00:01, 183.37w/s, dev=cpu]
vit_model.vision_model.encoder.layers.17.mlp.fc2.bias:  78%|███████▊  | 955/1223 [00:05<00:01, 183.56w/s, dev=cpu]  
vit_model.vision_model.encoder.layers.17.mlp.fc2.weight:  78%|███████▊  | 956/1223 [00:05<00:01, 183.75w/s, dev=cpu]
vit_model.vision_model.encoder.layers.17.self_attn.k_proj.bias:  78%|███████▊  | 957/1223 [00:05<00:01, 183.94w/s, dev=cpu]
vit_model.vision_model.encoder.layers.17.self_attn.k_proj.weight:  78%|███████▊  | 958/1223 [00:05<00:01, 184.13w/s, dev=cpu]
vit_model.vision_model.encoder.layers.17.self_attn.out_proj.bias:  78%|███████▊  | 959/1223 [00:05<00:01, 184.32w/s, dev=cpu]
vit_model.vision_model.encoder.layers.17.self_attn.out_proj.weight:  78%|███████▊  | 960/1223 [00:05<00:01, 184.51w/s, dev=cpu]
vit_model.vision_model.encoder.layers.17.self_attn.q_proj.bias:  79%|███████▊  | 961/1223 [00:05<00:01, 184.70w/s, dev=cpu]    
vit_model.vision_model.encoder.layers.17.self_attn.q_proj.weight:  79%|███████▊  | 962/1223 [00:05<00:01, 184.89w/s, dev=cpu]
vit_model.vision_model.encoder.layers.17.self_attn.v_proj.bias:  79%|███████▊  | 963/1223 [00:05<00:01, 185.08w/s, dev=cpu]  
vit_model.vision_model.encoder.layers.17.self_attn.v_proj.weight:  79%|███████▉  | 964/1223 [00:05<00:01, 185.27w/s, dev=cpu]
vit_model.vision_model.encoder.layers.18.layer_norm1.bias:  79%|███████▉  | 965/1223 [00:05<00:01, 185.46w/s, dev=cpu]       
vit_model.vision_model.encoder.layers.18.layer_norm1.weight:  79%|███████▉  | 966/1223 [00:05<00:01, 185.65w/s, dev=cpu]
vit_model.vision_model.encoder.layers.18.layer_norm2.bias:  79%|███████▉  | 967/1223 [00:05<00:01, 185.84w/s, dev=cpu]  
vit_model.vision_model.encoder.layers.18.layer_norm2.weight:  79%|███████▉  | 968/1223 [00:05<00:01, 186.03w/s, dev=cpu]
vit_model.vision_model.encoder.layers.18.mlp.fc1.bias:  79%|███████▉  | 969/1223 [00:05<00:01, 186.21w/s, dev=cpu]      
vit_model.vision_model.encoder.layers.18.mlp.fc1.weight:  79%|███████▉  | 970/1223 [00:05<00:01, 186.40w/s, dev=cpu]
vit_model.vision_model.encoder.layers.18.mlp.fc2.bias:  79%|███████▉  | 971/1223 [00:05<00:01, 186.59w/s, dev=cpu]  
vit_model.vision_model.encoder.layers.18.mlp.fc2.weight:  79%|███████▉  | 972/1223 [00:05<00:01, 186.78w/s, dev=cpu]
vit_model.vision_model.encoder.layers.18.self_attn.k_proj.bias:  80%|███████▉  | 973/1223 [00:05<00:01, 186.97w/s, dev=cpu]
vit_model.vision_model.encoder.layers.18.self_attn.k_proj.weight:  80%|███████▉  | 974/1223 [00:05<00:01, 187.16w/s, dev=cpu]
vit_model.vision_model.encoder.layers.18.self_attn.out_proj.bias:  80%|███████▉  | 975/1223 [00:05<00:01, 187.35w/s, dev=cpu]
vit_model.vision_model.encoder.layers.18.self_attn.out_proj.weight:  80%|███████▉  | 976/1223 [00:05<00:01, 187.54w/s, dev=cpu]
vit_model.vision_model.encoder.layers.18.self_attn.q_proj.bias:  80%|███████▉  | 977/1223 [00:05<00:01, 187.73w/s, dev=cpu]    
vit_model.vision_model.encoder.layers.18.self_attn.q_proj.weight:  80%|███████▉  | 978/1223 [00:05<00:01, 187.92w/s, dev=cpu]
vit_model.vision_model.encoder.layers.18.self_attn.v_proj.bias:  80%|████████  | 979/1223 [00:05<00:01, 188.11w/s, dev=cpu]  
vit_model.vision_model.encoder.layers.18.self_attn.v_proj.weight:  80%|████████  | 980/1223 [00:05<00:01, 188.30w/s, dev=cpu]
vit_model.vision_model.encoder.layers.19.layer_norm1.bias:  80%|████████  | 981/1223 [00:05<00:01, 188.49w/s, dev=cpu]       
vit_model.vision_model.encoder.layers.19.layer_norm1.weight:  80%|████████  | 982/1223 [00:05<00:01, 188.67w/s, dev=cpu]
vit_model.vision_model.encoder.layers.19.layer_norm2.bias:  80%|████████  | 983/1223 [00:05<00:01, 188.86w/s, dev=cpu]  
vit_model.vision_model.encoder.layers.19.layer_norm2.weight:  80%|████████  | 984/1223 [00:05<00:01, 189.05w/s, dev=cpu]
vit_model.vision_model.encoder.layers.19.mlp.fc1.bias:  81%|████████  | 985/1223 [00:05<00:01, 189.24w/s, dev=cpu]      
vit_model.vision_model.encoder.layers.19.mlp.fc1.weight:  81%|████████  | 986/1223 [00:05<00:01, 189.43w/s, dev=cpu]
vit_model.vision_model.encoder.layers.19.mlp.fc2.bias:  81%|████████  | 987/1223 [00:05<00:01, 189.62w/s, dev=cpu]  
vit_model.vision_model.encoder.layers.19.mlp.fc2.weight:  81%|████████  | 988/1223 [00:05<00:01, 189.81w/s, dev=cpu]
vit_model.vision_model.encoder.layers.19.self_attn.k_proj.bias:  81%|████████  | 989/1223 [00:05<00:01, 190.00w/s, dev=cpu]
vit_model.vision_model.encoder.layers.19.self_attn.k_proj.weight:  81%|████████  | 990/1223 [00:05<00:01, 190.19w/s, dev=cpu]
vit_model.vision_model.encoder.layers.19.self_attn.out_proj.bias:  81%|████████  | 991/1223 [00:05<00:01, 190.38w/s, dev=cpu]
vit_model.vision_model.encoder.layers.19.self_attn.out_proj.weight:  81%|████████  | 992/1223 [00:05<00:01, 190.57w/s, dev=cpu]
vit_model.vision_model.encoder.layers.19.self_attn.q_proj.bias:  81%|████████  | 993/1223 [00:05<00:01, 190.76w/s, dev=cpu]    
vit_model.vision_model.encoder.layers.19.self_attn.q_proj.weight:  81%|████████▏ | 994/1223 [00:05<00:01, 190.95w/s, dev=cpu]
vit_model.vision_model.encoder.layers.19.self_attn.v_proj.bias:  81%|████████▏ | 995/1223 [00:05<00:01, 191.14w/s, dev=cpu]  
vit_model.vision_model.encoder.layers.19.self_attn.v_proj.weight:  81%|████████▏ | 996/1223 [00:05<00:01, 191.33w/s, dev=cpu]
vit_model.vision_model.encoder.layers.2.layer_norm1.bias:  82%|████████▏ | 997/1223 [00:05<00:01, 191.51w/s, dev=cpu]        
vit_model.vision_model.encoder.layers.2.layer_norm1.weight:  82%|████████▏ | 998/1223 [00:05<00:01, 191.70w/s, dev=cpu]
vit_model.vision_model.encoder.layers.2.layer_norm2.bias:  82%|████████▏ | 999/1223 [00:05<00:01, 191.89w/s, dev=cpu]  
vit_model.vision_model.encoder.layers.2.layer_norm2.weight:  82%|████████▏ | 1000/1223 [00:05<00:01, 192.08w/s, dev=cpu]
vit_model.vision_model.encoder.layers.2.mlp.fc1.bias:  82%|████████▏ | 1001/1223 [00:05<00:01, 192.27w/s, dev=cpu]      
vit_model.vision_model.encoder.layers.2.mlp.fc1.weight:  82%|████████▏ | 1002/1223 [00:05<00:01, 192.46w/s, dev=cpu]
vit_model.vision_model.encoder.layers.2.mlp.fc2.bias:  82%|████████▏ | 1003/1223 [00:05<00:01, 192.65w/s, dev=cpu]  
vit_model.vision_model.encoder.layers.2.mlp.fc2.weight:  82%|████████▏ | 1004/1223 [00:05<00:01, 192.84w/s, dev=cpu]
vit_model.vision_model.encoder.layers.2.self_attn.k_proj.bias:  82%|████████▏ | 1005/1223 [00:05<00:01, 193.03w/s, dev=cpu]
vit_model.vision_model.encoder.layers.2.self_attn.k_proj.weight:  82%|████████▏ | 1006/1223 [00:05<00:01, 193.22w/s, dev=cpu]
vit_model.vision_model.encoder.layers.2.self_attn.out_proj.bias:  82%|████████▏ | 1007/1223 [00:05<00:01, 193.41w/s, dev=cpu]
vit_model.vision_model.encoder.layers.2.self_attn.out_proj.weight:  82%|████████▏ | 1008/1223 [00:05<00:01, 193.59w/s, dev=cpu]
vit_model.vision_model.encoder.layers.2.self_attn.q_proj.bias:  83%|████████▎ | 1009/1223 [00:05<00:01, 193.78w/s, dev=cpu]    
vit_model.vision_model.encoder.layers.2.self_attn.q_proj.weight:  83%|████████▎ | 1010/1223 [00:05<00:01, 193.97w/s, dev=cpu]
vit_model.vision_model.encoder.layers.2.self_attn.v_proj.bias:  83%|████████▎ | 1011/1223 [00:05<00:01, 194.16w/s, dev=cpu]  
vit_model.vision_model.encoder.layers.2.self_attn.v_proj.weight:  83%|████████▎ | 1012/1223 [00:05<00:01, 194.35w/s, dev=cpu]
vit_model.vision_model.encoder.layers.20.layer_norm1.bias:  83%|████████▎ | 1013/1223 [00:05<00:01, 194.54w/s, dev=cpu]      
vit_model.vision_model.encoder.layers.20.layer_norm1.weight:  83%|████████▎ | 1014/1223 [00:05<00:01, 194.73w/s, dev=cpu]
vit_model.vision_model.encoder.layers.20.layer_norm2.bias:  83%|████████▎ | 1015/1223 [00:05<00:01, 194.92w/s, dev=cpu]  
vit_model.vision_model.encoder.layers.20.layer_norm2.weight:  83%|████████▎ | 1016/1223 [00:05<00:01, 195.11w/s, dev=cpu]
vit_model.vision_model.encoder.layers.20.mlp.fc1.bias:  83%|████████▎ | 1017/1223 [00:05<00:01, 195.30w/s, dev=cpu]      
vit_model.vision_model.encoder.layers.20.mlp.fc1.weight:  83%|████████▎ | 1018/1223 [00:05<00:01, 195.49w/s, dev=cpu]
vit_model.vision_model.encoder.layers.20.mlp.fc2.bias:  83%|████████▎ | 1019/1223 [00:05<00:01, 195.68w/s, dev=cpu]  
vit_model.vision_model.encoder.layers.20.mlp.fc2.weight:  83%|████████▎ | 1020/1223 [00:05<00:01, 195.86w/s, dev=cpu]
vit_model.vision_model.encoder.layers.20.self_attn.k_proj.bias:  83%|████████▎ | 1021/1223 [00:05<00:01, 196.05w/s, dev=cpu]
vit_model.vision_model.encoder.layers.20.self_attn.k_proj.weight:  84%|████████▎ | 1022/1223 [00:05<00:01, 196.24w/s, dev=cpu]
vit_model.vision_model.encoder.layers.20.self_attn.out_proj.bias:  84%|████████▎ | 1023/1223 [00:05<00:01, 196.43w/s, dev=cpu]
vit_model.vision_model.encoder.layers.20.self_attn.out_proj.weight:  84%|████████▎ | 1024/1223 [00:05<00:01, 196.62w/s, dev=cpu]
vit_model.vision_model.encoder.layers.20.self_attn.q_proj.bias:  84%|████████▍ | 1025/1223 [00:05<00:01, 196.81w/s, dev=cpu]    
vit_model.vision_model.encoder.layers.20.self_attn.q_proj.weight:  84%|████████▍ | 1026/1223 [00:05<00:01, 197.00w/s, dev=cpu]
vit_model.vision_model.encoder.layers.20.self_attn.v_proj.bias:  84%|████████▍ | 1027/1223 [00:05<00:00, 197.19w/s, dev=cpu]  
vit_model.vision_model.encoder.layers.20.self_attn.v_proj.weight:  84%|████████▍ | 1028/1223 [00:05<00:00, 197.38w/s, dev=cpu]
vit_model.vision_model.encoder.layers.21.layer_norm1.bias:  84%|████████▍ | 1029/1223 [00:05<00:00, 197.57w/s, dev=cpu]       
vit_model.vision_model.encoder.layers.21.layer_norm1.weight:  84%|████████▍ | 1030/1223 [00:05<00:00, 197.76w/s, dev=cpu]
vit_model.vision_model.encoder.layers.21.layer_norm2.bias:  84%|████████▍ | 1031/1223 [00:05<00:00, 197.94w/s, dev=cpu]  
vit_model.vision_model.encoder.layers.21.layer_norm2.weight:  84%|████████▍ | 1032/1223 [00:05<00:00, 198.13w/s, dev=cpu]
vit_model.vision_model.encoder.layers.21.mlp.fc1.bias:  84%|████████▍ | 1033/1223 [00:05<00:00, 198.32w/s, dev=cpu]      
vit_model.vision_model.encoder.layers.21.mlp.fc1.weight:  85%|████████▍ | 1034/1223 [00:05<00:00, 198.51w/s, dev=cpu]
vit_model.vision_model.encoder.layers.21.mlp.fc2.bias:  85%|████████▍ | 1035/1223 [00:05<00:00, 198.70w/s, dev=cpu]  
vit_model.vision_model.encoder.layers.21.mlp.fc2.weight:  85%|████████▍ | 1036/1223 [00:05<00:00, 198.89w/s, dev=cpu]
vit_model.vision_model.encoder.layers.21.self_attn.k_proj.bias:  85%|████████▍ | 1037/1223 [00:05<00:00, 199.08w/s, dev=cpu]
vit_model.vision_model.encoder.layers.21.self_attn.k_proj.weight:  85%|████████▍ | 1038/1223 [00:05<00:00, 199.27w/s, dev=cpu]
vit_model.vision_model.encoder.layers.21.self_attn.out_proj.bias:  85%|████████▍ | 1039/1223 [00:05<00:00, 199.46w/s, dev=cpu]
vit_model.vision_model.encoder.layers.21.self_attn.out_proj.weight:  85%|████████▌ | 1040/1223 [00:05<00:00, 199.65w/s, dev=cpu]
vit_model.vision_model.encoder.layers.21.self_attn.q_proj.bias:  85%|████████▌ | 1041/1223 [00:05<00:00, 199.84w/s, dev=cpu]    
vit_model.vision_model.encoder.layers.21.self_attn.q_proj.weight:  85%|████████▌ | 1042/1223 [00:05<00:00, 200.02w/s, dev=cpu]
vit_model.vision_model.encoder.layers.21.self_attn.v_proj.bias:  85%|████████▌ | 1043/1223 [00:05<00:00, 200.21w/s, dev=cpu]  
vit_model.vision_model.encoder.layers.21.self_attn.v_proj.weight:  85%|████████▌ | 1044/1223 [00:05<00:00, 200.40w/s, dev=cpu]
vit_model.vision_model.encoder.layers.22.layer_norm1.bias:  85%|████████▌ | 1045/1223 [00:05<00:00, 200.59w/s, dev=cpu]       
vit_model.vision_model.encoder.layers.22.layer_norm1.weight:  86%|████████▌ | 1046/1223 [00:05<00:00, 200.78w/s, dev=cpu]
vit_model.vision_model.encoder.layers.22.layer_norm2.bias:  86%|████████▌ | 1047/1223 [00:05<00:00, 200.97w/s, dev=cpu]  
vit_model.vision_model.encoder.layers.22.layer_norm2.weight:  86%|████████▌ | 1048/1223 [00:05<00:00, 201.16w/s, dev=cpu]
vit_model.vision_model.encoder.layers.22.mlp.fc1.bias:  86%|████████▌ | 1049/1223 [00:05<00:00, 201.35w/s, dev=cpu]      
vit_model.vision_model.encoder.layers.22.mlp.fc1.weight:  86%|████████▌ | 1050/1223 [00:05<00:00, 201.54w/s, dev=cpu]
vit_model.vision_model.encoder.layers.22.mlp.fc2.bias:  86%|████████▌ | 1051/1223 [00:05<00:00, 201.73w/s, dev=cpu]  
vit_model.vision_model.encoder.layers.22.mlp.fc2.weight:  86%|████████▌ | 1052/1223 [00:05<00:00, 201.91w/s, dev=cpu]
vit_model.vision_model.encoder.layers.22.self_attn.k_proj.bias:  86%|████████▌ | 1053/1223 [00:05<00:00, 202.10w/s, dev=cpu]
vit_model.vision_model.encoder.layers.22.self_attn.k_proj.weight:  86%|████████▌ | 1054/1223 [00:05<00:00, 202.29w/s, dev=cpu]
vit_model.vision_model.encoder.layers.22.self_attn.out_proj.bias:  86%|████████▋ | 1055/1223 [00:05<00:00, 202.48w/s, dev=cpu]
vit_model.vision_model.encoder.layers.22.self_attn.out_proj.weight:  86%|████████▋ | 1056/1223 [00:05<00:00, 202.67w/s, dev=cpu]
vit_model.vision_model.encoder.layers.22.self_attn.q_proj.bias:  86%|████████▋ | 1057/1223 [00:05<00:00, 202.86w/s, dev=cpu]    
vit_model.vision_model.encoder.layers.22.self_attn.q_proj.weight:  87%|████████▋ | 1058/1223 [00:05<00:00, 203.05w/s, dev=cpu]
vit_model.vision_model.encoder.layers.22.self_attn.v_proj.bias:  87%|████████▋ | 1059/1223 [00:05<00:00, 203.24w/s, dev=cpu]  
vit_model.vision_model.encoder.layers.22.self_attn.v_proj.weight:  87%|████████▋ | 1060/1223 [00:05<00:00, 203.43w/s, dev=cpu]
vit_model.vision_model.encoder.layers.23.layer_norm1.bias:  87%|████████▋ | 1061/1223 [00:05<00:00, 203.62w/s, dev=cpu]       
vit_model.vision_model.encoder.layers.23.layer_norm1.weight:  87%|████████▋ | 1062/1223 [00:05<00:00, 203.80w/s, dev=cpu]
vit_model.vision_model.encoder.layers.23.layer_norm2.bias:  87%|████████▋ | 1063/1223 [00:05<00:00, 203.99w/s, dev=cpu]  
vit_model.vision_model.encoder.layers.23.layer_norm2.weight:  87%|████████▋ | 1064/1223 [00:05<00:00, 204.18w/s, dev=cpu]
vit_model.vision_model.encoder.layers.23.mlp.fc1.bias:  87%|████████▋ | 1065/1223 [00:05<00:00, 204.37w/s, dev=cpu]      
vit_model.vision_model.encoder.layers.23.mlp.fc1.weight:  87%|████████▋ | 1066/1223 [00:05<00:00, 204.56w/s, dev=cpu]
vit_model.vision_model.encoder.layers.23.mlp.fc2.bias:  87%|████████▋ | 1067/1223 [00:05<00:00, 204.75w/s, dev=cpu]  
vit_model.vision_model.encoder.layers.23.mlp.fc2.weight:  87%|████████▋ | 1068/1223 [00:05<00:00, 204.94w/s, dev=cpu]
vit_model.vision_model.encoder.layers.23.self_attn.k_proj.bias:  87%|████████▋ | 1069/1223 [00:05<00:00, 205.13w/s, dev=cpu]
vit_model.vision_model.encoder.layers.23.self_attn.k_proj.weight:  87%|████████▋ | 1070/1223 [00:05<00:00, 205.32w/s, dev=cpu]
vit_model.vision_model.encoder.layers.23.self_attn.out_proj.bias:  88%|████████▊ | 1071/1223 [00:05<00:00, 205.51w/s, dev=cpu]
vit_model.vision_model.encoder.layers.23.self_attn.out_proj.weight:  88%|████████▊ | 1072/1223 [00:05<00:00, 205.69w/s, dev=cpu]
vit_model.vision_model.encoder.layers.23.self_attn.q_proj.bias:  88%|████████▊ | 1073/1223 [00:05<00:00, 205.88w/s, dev=cpu]    
vit_model.vision_model.encoder.layers.23.self_attn.q_proj.weight:  88%|████████▊ | 1074/1223 [00:05<00:00, 206.07w/s, dev=cpu]
vit_model.vision_model.encoder.layers.23.self_attn.v_proj.bias:  88%|████████▊ | 1075/1223 [00:05<00:00, 206.26w/s, dev=cpu]  
vit_model.vision_model.encoder.layers.23.self_attn.v_proj.weight:  88%|████████▊ | 1076/1223 [00:05<00:00, 206.45w/s, dev=cpu]
vit_model.vision_model.encoder.layers.24.layer_norm1.bias:  88%|████████▊ | 1077/1223 [00:05<00:00, 206.64w/s, dev=cpu]       
vit_model.vision_model.encoder.layers.24.layer_norm1.weight:  88%|████████▊ | 1078/1223 [00:05<00:00, 206.83w/s, dev=cpu]
vit_model.vision_model.encoder.layers.24.layer_norm2.bias:  88%|████████▊ | 1079/1223 [00:05<00:00, 207.02w/s, dev=cpu]  
vit_model.vision_model.encoder.layers.24.layer_norm2.weight:  88%|████████▊ | 1080/1223 [00:05<00:00, 207.21w/s, dev=cpu]
vit_model.vision_model.encoder.layers.24.mlp.fc1.bias:  88%|████████▊ | 1081/1223 [00:05<00:00, 207.39w/s, dev=cpu]      
vit_model.vision_model.encoder.layers.24.mlp.fc1.weight:  88%|████████▊ | 1082/1223 [00:05<00:00, 207.58w/s, dev=cpu]
vit_model.vision_model.encoder.layers.24.mlp.fc2.bias:  89%|████████▊ | 1083/1223 [00:05<00:00, 207.77w/s, dev=cpu]  
vit_model.vision_model.encoder.layers.24.mlp.fc2.weight:  89%|████████▊ | 1084/1223 [00:05<00:00, 207.96w/s, dev=cpu]
vit_model.vision_model.encoder.layers.24.self_attn.k_proj.bias:  89%|████████▊ | 1085/1223 [00:05<00:00, 208.15w/s, dev=cpu]
vit_model.vision_model.encoder.layers.24.self_attn.k_proj.weight:  89%|████████▉ | 1086/1223 [00:05<00:00, 208.34w/s, dev=cpu]
vit_model.vision_model.encoder.layers.24.self_attn.out_proj.bias:  89%|████████▉ | 1087/1223 [00:05<00:00, 208.53w/s, dev=cpu]
vit_model.vision_model.encoder.layers.24.self_attn.out_proj.weight:  89%|████████▉ | 1088/1223 [00:05<00:00, 208.72w/s, dev=cpu]
vit_model.vision_model.encoder.layers.24.self_attn.q_proj.bias:  89%|████████▉ | 1089/1223 [00:05<00:00, 208.90w/s, dev=cpu]    
vit_model.vision_model.encoder.layers.24.self_attn.q_proj.weight:  89%|████████▉ | 1090/1223 [00:05<00:00, 209.09w/s, dev=cpu]
vit_model.vision_model.encoder.layers.24.self_attn.v_proj.bias:  89%|████████▉ | 1091/1223 [00:05<00:00, 209.28w/s, dev=cpu]  
vit_model.vision_model.encoder.layers.24.self_attn.v_proj.weight:  89%|████████▉ | 1092/1223 [00:05<00:00, 209.47w/s, dev=cpu]
vit_model.vision_model.encoder.layers.25.layer_norm1.bias:  89%|████████▉ | 1093/1223 [00:05<00:00, 209.66w/s, dev=cpu]       
vit_model.vision_model.encoder.layers.25.layer_norm1.weight:  89%|████████▉ | 1094/1223 [00:05<00:00, 209.85w/s, dev=cpu]
vit_model.vision_model.encoder.layers.25.layer_norm2.bias:  90%|████████▉ | 1095/1223 [00:05<00:00, 210.04w/s, dev=cpu]  
vit_model.vision_model.encoder.layers.25.layer_norm2.weight:  90%|████████▉ | 1096/1223 [00:05<00:00, 210.23w/s, dev=cpu]
vit_model.vision_model.encoder.layers.25.mlp.fc1.bias:  90%|████████▉ | 1097/1223 [00:05<00:00, 210.42w/s, dev=cpu]      
vit_model.vision_model.encoder.layers.25.mlp.fc1.weight:  90%|████████▉ | 1098/1223 [00:05<00:00, 210.60w/s, dev=cpu]
vit_model.vision_model.encoder.layers.25.mlp.fc2.bias:  90%|████████▉ | 1099/1223 [00:05<00:00, 210.79w/s, dev=cpu]  
vit_model.vision_model.encoder.layers.25.mlp.fc2.weight:  90%|████████▉ | 1100/1223 [00:05<00:00, 210.98w/s, dev=cpu]
vit_model.vision_model.encoder.layers.25.self_attn.k_proj.bias:  90%|█████████ | 1101/1223 [00:05<00:00, 211.17w/s, dev=cpu]
vit_model.vision_model.encoder.layers.25.self_attn.k_proj.weight:  90%|█████████ | 1102/1223 [00:05<00:00, 211.36w/s, dev=cpu]
vit_model.vision_model.encoder.layers.25.self_attn.out_proj.bias:  90%|█████████ | 1103/1223 [00:05<00:00, 211.55w/s, dev=cpu]
vit_model.vision_model.encoder.layers.25.self_attn.out_proj.weight:  90%|█████████ | 1104/1223 [00:05<00:00, 211.74w/s, dev=cpu]
vit_model.vision_model.encoder.layers.25.self_attn.q_proj.bias:  90%|█████████ | 1105/1223 [00:05<00:00, 211.93w/s, dev=cpu]    
vit_model.vision_model.encoder.layers.25.self_attn.q_proj.weight:  90%|█████████ | 1106/1223 [00:05<00:00, 212.11w/s, dev=cpu]
vit_model.vision_model.encoder.layers.25.self_attn.v_proj.bias:  91%|█████████ | 1107/1223 [00:05<00:00, 212.30w/s, dev=cpu]  
vit_model.vision_model.encoder.layers.25.self_attn.v_proj.weight:  91%|█████████ | 1108/1223 [00:05<00:00, 212.49w/s, dev=cpu]
vit_model.vision_model.encoder.layers.3.layer_norm1.bias:  91%|█████████ | 1109/1223 [00:05<00:00, 212.68w/s, dev=cpu]        
vit_model.vision_model.encoder.layers.3.layer_norm1.weight:  91%|█████████ | 1110/1223 [00:05<00:00, 212.87w/s, dev=cpu]
vit_model.vision_model.encoder.layers.3.layer_norm2.bias:  91%|█████████ | 1111/1223 [00:05<00:00, 213.06w/s, dev=cpu]  
vit_model.vision_model.encoder.layers.3.layer_norm2.weight:  91%|█████████ | 1112/1223 [00:05<00:00, 213.25w/s, dev=cpu]
vit_model.vision_model.encoder.layers.3.mlp.fc1.bias:  91%|█████████ | 1113/1223 [00:05<00:00, 213.44w/s, dev=cpu]      
vit_model.vision_model.encoder.layers.3.mlp.fc1.weight:  91%|█████████ | 1114/1223 [00:05<00:00, 213.62w/s, dev=cpu]
vit_model.vision_model.encoder.layers.3.mlp.fc2.bias:  91%|█████████ | 1115/1223 [00:05<00:00, 213.81w/s, dev=cpu]  
vit_model.vision_model.encoder.layers.3.mlp.fc2.weight:  91%|█████████▏| 1116/1223 [00:05<00:00, 214.00w/s, dev=cpu]
vit_model.vision_model.encoder.layers.3.self_attn.k_proj.bias:  91%|█████████▏| 1117/1223 [00:05<00:00, 214.19w/s, dev=cpu]
vit_model.vision_model.encoder.layers.3.self_attn.k_proj.weight:  91%|█████████▏| 1118/1223 [00:05<00:00, 214.38w/s, dev=cpu]
vit_model.vision_model.encoder.layers.3.self_attn.out_proj.bias:  91%|█████████▏| 1119/1223 [00:05<00:00, 214.57w/s, dev=cpu]
vit_model.vision_model.encoder.layers.3.self_attn.out_proj.weight:  92%|█████████▏| 1120/1223 [00:05<00:00, 214.76w/s, dev=cpu]
vit_model.vision_model.encoder.layers.3.self_attn.q_proj.bias:  92%|█████████▏| 1121/1223 [00:05<00:00, 214.94w/s, dev=cpu]    
vit_model.vision_model.encoder.layers.3.self_attn.q_proj.weight:  92%|█████████▏| 1122/1223 [00:05<00:00, 215.13w/s, dev=cpu]
vit_model.vision_model.encoder.layers.3.self_attn.v_proj.bias:  92%|█████████▏| 1123/1223 [00:05<00:00, 215.32w/s, dev=cpu]  
vit_model.vision_model.encoder.layers.3.self_attn.v_proj.weight:  92%|█████████▏| 1124/1223 [00:05<00:00, 215.51w/s, dev=cpu]
vit_model.vision_model.encoder.layers.4.layer_norm1.bias:  92%|█████████▏| 1125/1223 [00:05<00:00, 215.70w/s, dev=cpu]       
vit_model.vision_model.encoder.layers.4.layer_norm1.weight:  92%|█████████▏| 1126/1223 [00:05<00:00, 215.89w/s, dev=cpu]
vit_model.vision_model.encoder.layers.4.layer_norm2.bias:  92%|█████████▏| 1127/1223 [00:05<00:00, 216.08w/s, dev=cpu]  
vit_model.vision_model.encoder.layers.4.layer_norm2.weight:  92%|█████████▏| 1128/1223 [00:05<00:00, 216.26w/s, dev=cpu]
vit_model.vision_model.encoder.layers.4.mlp.fc1.bias:  92%|█████████▏| 1129/1223 [00:05<00:00, 216.45w/s, dev=cpu]      
vit_model.vision_model.encoder.layers.4.mlp.fc1.weight:  92%|█████████▏| 1130/1223 [00:05<00:00, 216.64w/s, dev=cpu]
vit_model.vision_model.encoder.layers.4.mlp.fc2.bias:  92%|█████████▏| 1131/1223 [00:05<00:00, 216.83w/s, dev=cpu]  
vit_model.vision_model.encoder.layers.4.mlp.fc2.weight:  93%|█████████▎| 1132/1223 [00:05<00:00, 217.02w/s, dev=cpu]
vit_model.vision_model.encoder.layers.4.self_attn.k_proj.bias:  93%|█████████▎| 1133/1223 [00:05<00:00, 217.21w/s, dev=cpu]
vit_model.vision_model.encoder.layers.4.self_attn.k_proj.weight:  93%|█████████▎| 1134/1223 [00:05<00:00, 217.40w/s, dev=cpu]
vit_model.vision_model.encoder.layers.4.self_attn.out_proj.bias:  93%|█████████▎| 1135/1223 [00:05<00:00, 217.58w/s, dev=cpu]
vit_model.vision_model.encoder.layers.4.self_attn.out_proj.weight:  93%|█████████▎| 1136/1223 [00:05<00:00, 217.77w/s, dev=cpu]
vit_model.vision_model.encoder.layers.4.self_attn.q_proj.bias:  93%|█████████▎| 1137/1223 [00:05<00:00, 217.96w/s, dev=cpu]    
vit_model.vision_model.encoder.layers.4.self_attn.q_proj.weight:  93%|█████████▎| 1138/1223 [00:05<00:00, 218.15w/s, dev=cpu]
vit_model.vision_model.encoder.layers.4.self_attn.v_proj.bias:  93%|█████████▎| 1139/1223 [00:05<00:00, 218.34w/s, dev=cpu]  
vit_model.vision_model.encoder.layers.4.self_attn.v_proj.weight:  93%|█████████▎| 1140/1223 [00:05<00:00, 218.53w/s, dev=cpu]
vit_model.vision_model.encoder.layers.5.layer_norm1.bias:  93%|█████████▎| 1141/1223 [00:05<00:00, 218.72w/s, dev=cpu]       
vit_model.vision_model.encoder.layers.5.layer_norm1.weight:  93%|█████████▎| 1142/1223 [00:05<00:00, 218.90w/s, dev=cpu]
vit_model.vision_model.encoder.layers.5.layer_norm2.bias:  93%|█████████▎| 1143/1223 [00:05<00:00, 219.09w/s, dev=cpu]  
vit_model.vision_model.encoder.layers.5.layer_norm2.weight:  94%|█████████▎| 1144/1223 [00:05<00:00, 219.28w/s, dev=cpu]
vit_model.vision_model.encoder.layers.5.mlp.fc1.bias:  94%|█████████▎| 1145/1223 [00:05<00:00, 219.47w/s, dev=cpu]      
vit_model.vision_model.encoder.layers.5.mlp.fc1.weight:  94%|█████████▎| 1146/1223 [00:05<00:00, 219.66w/s, dev=cpu]
vit_model.vision_model.encoder.layers.5.mlp.fc2.bias:  94%|█████████▍| 1147/1223 [00:05<00:00, 219.85w/s, dev=cpu]  
vit_model.vision_model.encoder.layers.5.mlp.fc2.weight:  94%|█████████▍| 1148/1223 [00:05<00:00, 220.03w/s, dev=cpu]
vit_model.vision_model.encoder.layers.5.self_attn.k_proj.bias:  94%|█████████▍| 1149/1223 [00:05<00:00, 220.22w/s, dev=cpu]
vit_model.vision_model.encoder.layers.5.self_attn.k_proj.weight:  94%|█████████▍| 1150/1223 [00:05<00:00, 220.41w/s, dev=cpu]
vit_model.vision_model.encoder.layers.5.self_attn.out_proj.bias:  94%|█████████▍| 1151/1223 [00:05<00:00, 220.60w/s, dev=cpu]
vit_model.vision_model.encoder.layers.5.self_attn.out_proj.weight:  94%|█████████▍| 1152/1223 [00:05<00:00, 220.79w/s, dev=cpu]
vit_model.vision_model.encoder.layers.5.self_attn.q_proj.bias:  94%|█████████▍| 1153/1223 [00:05<00:00, 220.98w/s, dev=cpu]    
vit_model.vision_model.encoder.layers.5.self_attn.q_proj.weight:  94%|█████████▍| 1154/1223 [00:05<00:00, 221.16w/s, dev=cpu]
vit_model.vision_model.encoder.layers.5.self_attn.v_proj.bias:  94%|█████████▍| 1155/1223 [00:05<00:00, 221.35w/s, dev=cpu]  
vit_model.vision_model.encoder.layers.5.self_attn.v_proj.weight:  95%|█████████▍| 1156/1223 [00:05<00:00, 221.54w/s, dev=cpu]
vit_model.vision_model.encoder.layers.6.layer_norm1.bias:  95%|█████████▍| 1157/1223 [00:05<00:00, 221.73w/s, dev=cpu]       
vit_model.vision_model.encoder.layers.6.layer_norm1.weight:  95%|█████████▍| 1158/1223 [00:05<00:00, 221.92w/s, dev=cpu]
vit_model.vision_model.encoder.layers.6.layer_norm2.bias:  95%|█████████▍| 1159/1223 [00:05<00:00, 222.11w/s, dev=cpu]  
vit_model.vision_model.encoder.layers.6.layer_norm2.weight:  95%|█████████▍| 1160/1223 [00:05<00:00, 222.30w/s, dev=cpu]
vit_model.vision_model.encoder.layers.6.mlp.fc1.bias:  95%|█████████▍| 1161/1223 [00:05<00:00, 222.48w/s, dev=cpu]      
vit_model.vision_model.encoder.layers.6.mlp.fc1.weight:  95%|█████████▌| 1162/1223 [00:05<00:00, 222.67w/s, dev=cpu]
vit_model.vision_model.encoder.layers.6.mlp.fc2.bias:  95%|█████████▌| 1163/1223 [00:05<00:00, 222.86w/s, dev=cpu]  
vit_model.vision_model.encoder.layers.6.mlp.fc2.weight:  95%|█████████▌| 1164/1223 [00:05<00:00, 223.05w/s, dev=cpu]
vit_model.vision_model.encoder.layers.6.self_attn.k_proj.bias:  95%|█████████▌| 1165/1223 [00:05<00:00, 223.24w/s, dev=cpu]
vit_model.vision_model.encoder.layers.6.self_attn.k_proj.weight:  95%|█████████▌| 1166/1223 [00:05<00:00, 223.43w/s, dev=cpu]
vit_model.vision_model.encoder.layers.6.self_attn.out_proj.bias:  95%|█████████▌| 1167/1223 [00:05<00:00, 223.61w/s, dev=cpu]
vit_model.vision_model.encoder.layers.6.self_attn.out_proj.weight:  96%|█████████▌| 1168/1223 [00:05<00:00, 223.80w/s, dev=cpu]
vit_model.vision_model.encoder.layers.6.self_attn.q_proj.bias:  96%|█████████▌| 1169/1223 [00:05<00:00, 223.99w/s, dev=cpu]    
vit_model.vision_model.encoder.layers.6.self_attn.q_proj.weight:  96%|█████████▌| 1170/1223 [00:05<00:00, 224.18w/s, dev=cpu]
vit_model.vision_model.encoder.layers.6.self_attn.v_proj.bias:  96%|█████████▌| 1171/1223 [00:05<00:00, 224.37w/s, dev=cpu]  
vit_model.vision_model.encoder.layers.6.self_attn.v_proj.weight:  96%|█████████▌| 1172/1223 [00:05<00:00, 224.56w/s, dev=cpu]
vit_model.vision_model.encoder.layers.7.layer_norm1.bias:  96%|█████████▌| 1173/1223 [00:05<00:00, 224.74w/s, dev=cpu]       
vit_model.vision_model.encoder.layers.7.layer_norm1.weight:  96%|█████████▌| 1174/1223 [00:05<00:00, 224.93w/s, dev=cpu]
vit_model.vision_model.encoder.layers.7.layer_norm2.bias:  96%|█████████▌| 1175/1223 [00:05<00:00, 225.12w/s, dev=cpu]  
vit_model.vision_model.encoder.layers.7.layer_norm2.weight:  96%|█████████▌| 1176/1223 [00:05<00:00, 225.31w/s, dev=cpu]
vit_model.vision_model.encoder.layers.7.mlp.fc1.bias:  96%|█████████▌| 1177/1223 [00:05<00:00, 225.50w/s, dev=cpu]      
vit_model.vision_model.encoder.layers.7.mlp.fc1.weight:  96%|█████████▋| 1178/1223 [00:05<00:00, 225.69w/s, dev=cpu]
vit_model.vision_model.encoder.layers.7.mlp.fc2.bias:  96%|█████████▋| 1179/1223 [00:05<00:00, 225.87w/s, dev=cpu]  
vit_model.vision_model.encoder.layers.7.mlp.fc2.weight:  96%|█████████▋| 1180/1223 [00:05<00:00, 226.06w/s, dev=cpu]
vit_model.vision_model.encoder.layers.7.self_attn.k_proj.bias:  97%|█████████▋| 1181/1223 [00:05<00:00, 226.25w/s, dev=cpu]
vit_model.vision_model.encoder.layers.7.self_attn.k_proj.weight:  97%|█████████▋| 1182/1223 [00:05<00:00, 226.44w/s, dev=cpu]
vit_model.vision_model.encoder.layers.7.self_attn.out_proj.bias:  97%|█████████▋| 1183/1223 [00:05<00:00, 226.63w/s, dev=cpu]
vit_model.vision_model.encoder.layers.7.self_attn.out_proj.weight:  97%|█████████▋| 1184/1223 [00:05<00:00, 226.82w/s, dev=cpu]
vit_model.vision_model.encoder.layers.7.self_attn.q_proj.bias:  97%|█████████▋| 1185/1223 [00:05<00:00, 227.00w/s, dev=cpu]    
vit_model.vision_model.encoder.layers.7.self_attn.q_proj.weight:  97%|█████████▋| 1186/1223 [00:05<00:00, 227.19w/s, dev=cpu]
vit_model.vision_model.encoder.layers.7.self_attn.v_proj.bias:  97%|█████████▋| 1187/1223 [00:05<00:00, 227.38w/s, dev=cpu]  
vit_model.vision_model.encoder.layers.7.self_attn.v_proj.weight:  97%|█████████▋| 1188/1223 [00:05<00:00, 227.57w/s, dev=cpu]
vit_model.vision_model.encoder.layers.8.layer_norm1.bias:  97%|█████████▋| 1189/1223 [00:05<00:00, 227.76w/s, dev=cpu]       
vit_model.vision_model.encoder.layers.8.layer_norm1.weight:  97%|█████████▋| 1190/1223 [00:05<00:00, 227.94w/s, dev=cpu]
vit_model.vision_model.encoder.layers.8.layer_norm2.bias:  97%|█████████▋| 1191/1223 [00:05<00:00, 228.13w/s, dev=cpu]  
vit_model.vision_model.encoder.layers.8.layer_norm2.weight:  97%|█████████▋| 1192/1223 [00:05<00:00, 228.32w/s, dev=cpu]
vit_model.vision_model.encoder.layers.8.mlp.fc1.bias:  98%|█████████▊| 1193/1223 [00:05<00:00, 228.51w/s, dev=cpu]      
vit_model.vision_model.encoder.layers.8.mlp.fc1.weight:  98%|█████████▊| 1194/1223 [00:05<00:00, 228.70w/s, dev=cpu]
vit_model.vision_model.encoder.layers.8.mlp.fc2.bias:  98%|█████████▊| 1195/1223 [00:05<00:00, 228.89w/s, dev=cpu]  
vit_model.vision_model.encoder.layers.8.mlp.fc2.weight:  98%|█████████▊| 1196/1223 [00:05<00:00, 229.07w/s, dev=cpu]
vit_model.vision_model.encoder.layers.8.self_attn.k_proj.bias:  98%|█████████▊| 1197/1223 [00:05<00:00, 229.26w/s, dev=cpu]
vit_model.vision_model.encoder.layers.8.self_attn.k_proj.weight:  98%|█████████▊| 1198/1223 [00:05<00:00, 229.45w/s, dev=cpu]
vit_model.vision_model.encoder.layers.8.self_attn.out_proj.bias:  98%|█████████▊| 1199/1223 [00:05<00:00, 229.64w/s, dev=cpu]
vit_model.vision_model.encoder.layers.8.self_attn.out_proj.weight:  98%|█████████▊| 1200/1223 [00:05<00:00, 229.83w/s, dev=cpu]
vit_model.vision_model.encoder.layers.8.self_attn.q_proj.bias:  98%|█████████▊| 1201/1223 [00:05<00:00, 230.01w/s, dev=cpu]    
vit_model.vision_model.encoder.layers.8.self_attn.q_proj.weight:  98%|█████████▊| 1202/1223 [00:05<00:00, 230.20w/s, dev=cpu]
vit_model.vision_model.encoder.layers.8.self_attn.v_proj.bias:  98%|█████████▊| 1203/1223 [00:05<00:00, 230.39w/s, dev=cpu]  
vit_model.vision_model.encoder.layers.8.self_attn.v_proj.weight:  98%|█████████▊| 1204/1223 [00:05<00:00, 230.58w/s, dev=cpu]
vit_model.vision_model.encoder.layers.9.layer_norm1.bias:  99%|█████████▊| 1205/1223 [00:05<00:00, 230.77w/s, dev=cpu]       
vit_model.vision_model.encoder.layers.9.layer_norm1.weight:  99%|█████████▊| 1206/1223 [00:05<00:00, 230.95w/s, dev=cpu]
vit_model.vision_model.encoder.layers.9.layer_norm2.bias:  99%|█████████▊| 1207/1223 [00:05<00:00, 231.14w/s, dev=cpu]  
vit_model.vision_model.encoder.layers.9.layer_norm2.weight:  99%|█████████▉| 1208/1223 [00:05<00:00, 231.33w/s, dev=cpu]
vit_model.vision_model.encoder.layers.9.mlp.fc1.bias:  99%|█████████▉| 1209/1223 [00:05<00:00, 231.52w/s, dev=cpu]      
vit_model.vision_model.encoder.layers.9.mlp.fc1.weight:  99%|█████████▉| 1210/1223 [00:05<00:00, 231.71w/s, dev=cpu]
vit_model.vision_model.encoder.layers.9.mlp.fc2.bias:  99%|█████████▉| 1211/1223 [00:05<00:00, 231.89w/s, dev=cpu]  
vit_model.vision_model.encoder.layers.9.mlp.fc2.weight:  99%|█████████▉| 1212/1223 [00:05<00:00, 232.08w/s, dev=cpu]
vit_model.vision_model.encoder.layers.9.self_attn.k_proj.bias:  99%|█████████▉| 1213/1223 [00:05<00:00, 232.27w/s, dev=cpu]
vit_model.vision_model.encoder.layers.9.self_attn.k_proj.weight:  99%|█████████▉| 1214/1223 [00:05<00:00, 232.46w/s, dev=cpu]
vit_model.vision_model.encoder.layers.9.self_attn.out_proj.bias:  99%|█████████▉| 1215/1223 [00:05<00:00, 232.65w/s, dev=cpu]
vit_model.vision_model.encoder.layers.9.self_attn.out_proj.weight:  99%|█████████▉| 1216/1223 [00:05<00:00, 232.84w/s, dev=cpu]
vit_model.vision_model.encoder.layers.9.self_attn.q_proj.bias: 100%|█████████▉| 1217/1223 [00:05<00:00, 233.02w/s, dev=cpu]    
vit_model.vision_model.encoder.layers.9.self_attn.q_proj.weight: 100%|█████████▉| 1218/1223 [00:05<00:00, 233.21w/s, dev=cpu]
vit_model.vision_model.encoder.layers.9.self_attn.v_proj.bias: 100%|█████████▉| 1219/1223 [00:05<00:00, 233.40w/s, dev=cpu]  
vit_model.vision_model.encoder.layers.9.self_attn.v_proj.weight: 100%|█████████▉| 1220/1223 [00:05<00:00, 233.59w/s, dev=cpu]
vit_model.vision_model.post_layernorm.bias: 100%|█████████▉| 1221/1223 [00:05<00:00, 233.78w/s, dev=cpu]                     
vit_model.vision_model.post_layernorm.weight: 100%|█████████▉| 1222/1223 [00:05<00:00, 233.96w/s, dev=cpu]
                                                                                                          
Some parameters are on the meta device because they were offloaded to the cpu.

  0%|          | 0/29 [00:00<?, ?it/s]
  3%|▎         | 1/29 [00:05<02:23,  5.14s/it]
  7%|▋         | 2/29 [00:09<02:10,  4.83s/it]
 10%|█         | 3/29 [00:14<02:05,  4.81s/it]
 14%|█▍        | 4/29 [00:19<01:59,  4.78s/it]
 17%|█▋        | 5/29 [00:24<01:54,  4.77s/it]
 21%|██        | 6/29 [00:28<01:49,  4.76s/it]
 24%|██▍       | 7/29 [00:33<01:44,  4.73s/it]
 28%|██▊       | 8/29 [00:38<01:39,  4.73s/it]
 31%|███       | 9/29 [00:42<01:34,  4.75s/it]
 34%|███▍      | 10/29 [00:47<01:29,  4.71s/it]
 38%|███▊      | 11/29 [00:52<01:24,  4.69s/it]
 41%|████▏     | 12/29 [00:56<01:19,  4.69s/it]
 45%|████▍     | 13/29 [01:01<01:15,  4.69s/it]
 48%|████▊     | 14/29 [01:06<01:10,  4.70s/it]
 52%|█████▏    | 15/29 [01:11<01:06,  4.74s/it]
 55%|█████▌    | 16/29 [01:15<01:01,  4.73s/it]
 59%|█████▊    | 17/29 [01:20<00:56,  4.73s/it]
 62%|██████▏   | 18/29 [01:25<00:52,  4.77s/it]
 66%|██████▌   | 19/29 [01:30<00:47,  4.78s/it]
 69%|██████▉   | 20/29 [01:35<00:43,  4.82s/it]
 72%|███████▏  | 21/29 [01:40<00:38,  4.83s/it]
 76%|███████▌  | 22/29 [01:44<00:33,  4.83s/it]
 79%|███████▉  | 23/29 [01:49<00:29,  4.84s/it]
 83%|████████▎ | 24/29 [01:54<00:24,  4.82s/it]
 86%|████████▌ | 25/29 [01:56<00:15,  3.85s/it]
 90%|████████▉ | 26/29 [01:57<00:09,  3.16s/it]
 93%|█████████▎| 27/29 [01:59<00:05,  2.69s/it]
 97%|█████████▋| 28/29 [02:00<00:02,  2.36s/it]
100%|██████████| 29/29 [02:02<00:00,  2.12s/it]
100%|██████████| 29/29 [02:02<00:00,  4.22s/it]

task=text-to-image
prompt=a robot chef cooking noodles in a futuristic kitchen, with a cat watching nearby
input_image=
output=repro_records/task09/outputs/think_false.png
model_path=models/BAGEL-7B-MoT
mode=2
seed=42
think=False
num_timesteps=30
cfg_text_scale=4.0
cfg_img_scale=2.0
cfg_interval=[0.4, 1.0]
timestep_shift=3.0
gpu_memory_before=cuda:0 torch_allocated=0.00GiB torch_reserved=0.00GiB torch_peak=0.00GiB; cuda:1 torch_allocated=0.00GiB torch_reserved=0.00GiB torch_peak=0.00GiB; nvidia_smi=0, 4, 24564 | 1, 672, 24564
model_load_seconds=24.55
gpu_memory_after_load=cuda:0 torch_allocated=3.29GiB torch_reserved=3.51GiB torch_peak=11.27GiB; cuda:1 torch_allocated=2.69GiB torch_reserved=2.94GiB torch_peak=12.36GiB; nvidia_smi=0, 4052, 24564 | 1, 4140, 24564
inference_seconds=136.26
total_seconds=161.71
gpu_memory_after_inference=cuda:0 torch_allocated=3.30GiB torch_reserved=3.85GiB torch_peak=11.27GiB; cuda:1 torch_allocated=2.69GiB torch_reserved=2.94GiB torch_peak=12.36GiB; nvidia_smi=0, 4412, 24564 | 1, 4156, 24564
status=success

