task=10 cfg_text_scale ablation
start_utc=2026-06-01T12:21:54Z
repo_root=/root/autodl-tmp/BAGEL
record_dir=/root/autodl-tmp/BAGEL/repro_records/task10_20260601_102643
python_cmd=/root/miniconda3/bin/conda run -n bagel python
model_path=models/BAGEL-7B-MoT
prompt=a blue glass castle floating above the ocean at sunset
seed=42
num_timesteps=30
mode=2
think=false

===== cfg_text_scale=1.0 =====
output=/root/autodl-tmp/BAGEL/repro_records/task10_20260601_102643/outputs/cfg_text_1.png
before_gpu:
Mon Jun  1 20:21:54 2026       
+-----------------------------------------------------------------------------------------+
| NVIDIA-SMI 595.58.03              Driver Version: 595.58.03      CUDA Version: 13.2     |
+-----------------------------------------+------------------------+----------------------+
| GPU  Name                 Persistence-M | Bus-Id          Disp.A | Volatile Uncorr. ECC |
| Fan  Temp   Perf          Pwr:Usage/Cap |           Memory-Usage | GPU-Util  Compute M. |
|                                         |                        |               MIG M. |
|=========================================+========================+======================|
|   0  NVIDIA GeForce RTX 4090        On  |   00000000:16:00.0 Off |                  Off |
| 30%   28C    P8             21W /  450W |       1MiB /  24564MiB |      0%      Default |
|                                         |                        |                  N/A |
+-----------------------------------------+------------------------+----------------------+
|   1  NVIDIA GeForce RTX 4090        On  |   00000000:5A:00.0 Off |                  Off |
| 30%   28C    P8             27W /  450W |     672MiB /  24564MiB |      0%      Default |
|                                         |                        |                  N/A |
+-----------------------------------------+------------------------+----------------------+

+-----------------------------------------------------------------------------------------+
| Processes:                                                                              |
|  GPU   GI   CI              PID   Type   Process name                        GPU Memory |
|        ID   ID                                                               Usage      |
|=========================================================================================|
|  No running processes found                                                             |
+-----------------------------------------------------------------------------------------+
command=/root/miniconda3/bin/conda run -n bagel python scripts/run_bagel_minimal.py --task t2i --prompt a blue glass castle floating above the ocean at sunset --output /root/autodl-tmp/BAGEL/repro_records/task10_20260601_102643/outputs/cfg_text_1.png --mode 2 --seed 42 --think false --num_timesteps 30 --cfg_text_scale 1.0 --model_path models/BAGEL-7B-MoT
The safetensors archive passed at models/BAGEL-7B-MoT/ema.safetensors does not contain metadata. Make sure to save your model with the `save_pretrained` method. Defaulting to 'pt' metadata.

  0%|          | 0/1223 [00:00<?, ?w/s]
language_model.model.embed_tokens.weight:   0%|          | 0/1223 [00:00<?, ?w/s, dev=0]
language_model.model.embed_tokens.weight:   0%|          | 1/1223 [00:00<06:53,  2.96w/s, dev=0]
language_model.model.layers.0.input_layernorm.weight:   0%|          | 1/1223 [00:00<06:53,  2.96w/s, dev=0]
language_model.model.layers.0.input_layernorm_moe_gen.weight:   0%|          | 2/1223 [00:00<03:26,  5.91w/s, dev=0]
language_model.model.layers.0.mlp.down_proj.weight:   0%|          | 3/1223 [00:00<02:17,  8.85w/s, dev=0]          
language_model.model.layers.0.mlp.gate_proj.weight:   0%|          | 4/1223 [00:00<01:51, 10.97w/s, dev=0]
language_model.model.layers.0.mlp.up_proj.weight:   0%|          | 5/1223 [00:00<01:35, 12.81w/s, dev=0]  
language_model.model.layers.0.mlp_moe_gen.down_proj.weight:   0%|          | 6/1223 [00:00<01:24, 14.41w/s, dev=0]
language_model.model.layers.0.mlp_moe_gen.down_proj.weight:   1%|          | 7/1223 [00:00<01:16, 15.83w/s, dev=0]
language_model.model.layers.0.mlp_moe_gen.gate_proj.weight:   1%|          | 7/1223 [00:00<01:16, 15.82w/s, dev=0]
language_model.model.layers.0.mlp_moe_gen.up_proj.weight:   1%|          | 8/1223 [00:00<01:11, 17.09w/s, dev=0]  
language_model.model.layers.0.post_attention_layernorm.weight:   1%|          | 9/1223 [00:00<01:06, 18.22w/s, dev=0]
language_model.model.layers.0.post_attention_layernorm_moe_gen.weight:   1%|          | 10/1223 [00:00<00:59, 20.24w/s, dev=0]
language_model.model.layers.0.self_attn.k_norm.weight:   1%|          | 11/1223 [00:00<00:54, 22.26w/s, dev=0]                
language_model.model.layers.0.self_attn.k_norm_moe_gen.weight:   1%|          | 12/1223 [00:00<00:49, 24.27w/s, dev=0]
language_model.model.layers.0.self_attn.k_proj.bias:   1%|          | 13/1223 [00:00<00:46, 26.29w/s, dev=0]          
language_model.model.layers.0.self_attn.k_proj.weight:   1%|          | 14/1223 [00:00<00:42, 28.31w/s, dev=0]
language_model.model.layers.0.self_attn.k_proj_moe_gen.bias:   1%|          | 15/1223 [00:00<00:39, 30.27w/s, dev=0]
language_model.model.layers.0.self_attn.k_proj_moe_gen.weight:   1%|▏         | 16/1223 [00:00<00:37, 32.27w/s, dev=0]
language_model.model.layers.0.self_attn.o_proj.weight:   1%|▏         | 17/1223 [00:00<00:35, 34.23w/s, dev=0]        
language_model.model.layers.0.self_attn.o_proj_moe_gen.weight:   1%|▏         | 18/1223 [00:00<00:33, 35.87w/s, dev=0]
language_model.model.layers.0.self_attn.q_norm.weight:   2%|▏         | 19/1223 [00:00<00:32, 37.48w/s, dev=0]        
language_model.model.layers.0.self_attn.q_norm_moe_gen.weight:   2%|▏         | 20/1223 [00:00<00:30, 39.43w/s, dev=0]
language_model.model.layers.0.self_attn.q_proj.bias:   2%|▏         | 21/1223 [00:00<00:29, 41.40w/s, dev=0]          
language_model.model.layers.0.self_attn.q_proj.weight:   2%|▏         | 22/1223 [00:00<00:27, 43.36w/s, dev=0]
language_model.model.layers.0.self_attn.q_proj_moe_gen.bias:   2%|▏         | 23/1223 [00:00<00:26, 44.88w/s, dev=0]
language_model.model.layers.0.self_attn.q_proj_moe_gen.weight:   2%|▏         | 24/1223 [00:00<00:25, 46.81w/s, dev=0]
language_model.model.layers.0.self_attn.v_proj.bias:   2%|▏         | 25/1223 [00:00<00:24, 48.28w/s, dev=0]          
language_model.model.layers.0.self_attn.v_proj.weight:   2%|▏         | 26/1223 [00:00<00:23, 50.19w/s, dev=0]
language_model.model.layers.0.self_attn.v_proj_moe_gen.bias:   2%|▏         | 27/1223 [00:00<00:22, 52.04w/s, dev=0]
language_model.model.layers.0.self_attn.v_proj_moe_gen.weight:   2%|▏         | 28/1223 [00:00<00:22, 53.95w/s, dev=0]
language_model.model.layers.1.input_layernorm.weight:   2%|▏         | 29/1223 [00:00<00:21, 55.78w/s, dev=0]         
language_model.model.layers.1.input_layernorm_moe_gen.weight:   2%|▏         | 30/1223 [00:00<00:20, 57.69w/s, dev=0]
language_model.model.layers.1.mlp.down_proj.weight:   3%|▎         | 31/1223 [00:00<00:19, 59.60w/s, dev=0]          
language_model.model.layers.1.mlp.down_proj.weight:   3%|▎         | 32/1223 [00:00<00:20, 58.63w/s, dev=0]
language_model.model.layers.1.mlp.gate_proj.weight:   3%|▎         | 32/1223 [00:00<00:20, 58.61w/s, dev=0]
language_model.model.layers.1.mlp.up_proj.weight:   3%|▎         | 33/1223 [00:00<00:20, 57.71w/s, dev=0]  
language_model.model.layers.1.mlp_moe_gen.down_proj.weight:   3%|▎         | 34/1223 [00:00<00:20, 56.86w/s, dev=0]
language_model.model.layers.1.mlp_moe_gen.gate_proj.weight:   3%|▎         | 35/1223 [00:00<00:21, 56.11w/s, dev=0]
language_model.model.layers.1.mlp_moe_gen.up_proj.weight:   3%|▎         | 36/1223 [00:00<00:21, 55.42w/s, dev=0]  
language_model.model.layers.1.post_attention_layernorm.weight:   3%|▎         | 37/1223 [00:00<00:21, 54.79w/s, dev=0]
language_model.model.layers.1.post_attention_layernorm_moe_gen.weight:   3%|▎         | 38/1223 [00:00<00:21, 56.25w/s, dev=0]
language_model.model.layers.1.self_attn.k_norm.weight:   3%|▎         | 39/1223 [00:00<00:20, 57.72w/s, dev=0]                
language_model.model.layers.1.self_attn.k_norm_moe_gen.weight:   3%|▎         | 40/1223 [00:00<00:19, 59.19w/s, dev=0]
language_model.model.layers.1.self_attn.k_proj.bias:   3%|▎         | 41/1223 [00:00<00:19, 60.66w/s, dev=0]          
language_model.model.layers.1.self_attn.k_proj.weight:   3%|▎         | 42/1223 [00:00<00:19, 62.13w/s, dev=0]
language_model.model.layers.1.self_attn.k_proj_moe_gen.bias:   4%|▎         | 43/1223 [00:00<00:18, 63.53w/s, dev=0]
language_model.model.layers.1.self_attn.k_proj_moe_gen.weight:   4%|▎         | 44/1223 [00:00<00:18, 64.99w/s, dev=0]
language_model.model.layers.1.self_attn.o_proj.weight:   4%|▎         | 45/1223 [00:00<00:17, 66.37w/s, dev=0]        
language_model.model.layers.1.self_attn.o_proj_moe_gen.weight:   4%|▍         | 46/1223 [00:00<00:17, 67.33w/s, dev=0]
language_model.model.layers.1.self_attn.q_norm.weight:   4%|▍         | 47/1223 [00:00<00:17, 68.27w/s, dev=0]        
language_model.model.layers.1.self_attn.q_norm_moe_gen.weight:   4%|▍         | 48/1223 [00:00<00:16, 69.71w/s, dev=0]
language_model.model.layers.1.self_attn.q_proj.bias:   4%|▍         | 49/1223 [00:00<00:16, 71.15w/s, dev=0]          
language_model.model.layers.1.self_attn.q_proj.weight:   4%|▍         | 50/1223 [00:00<00:16, 72.59w/s, dev=0]
language_model.model.layers.1.self_attn.q_proj_moe_gen.bias:   4%|▍         | 51/1223 [00:00<00:15, 73.50w/s, dev=0]
language_model.model.layers.1.self_attn.q_proj_moe_gen.weight:   4%|▍         | 52/1223 [00:00<00:15, 74.92w/s, dev=0]
language_model.model.layers.1.self_attn.v_proj.bias:   4%|▍         | 53/1223 [00:00<00:15, 75.80w/s, dev=0]          
language_model.model.layers.1.self_attn.v_proj.weight:   4%|▍         | 54/1223 [00:00<00:15, 77.21w/s, dev=0]
language_model.model.layers.1.self_attn.v_proj_moe_gen.bias:   4%|▍         | 55/1223 [00:00<00:14, 78.54w/s, dev=0]
language_model.model.layers.1.self_attn.v_proj_moe_gen.weight:   5%|▍         | 56/1223 [00:00<00:14, 79.95w/s, dev=0]
language_model.model.layers.1.self_attn.v_proj_moe_gen.weight:   5%|▍         | 57/1223 [00:00<00:14, 81.28w/s, dev=0]
language_model.model.layers.2.input_layernorm.weight:   5%|▍         | 57/1223 [00:00<00:14, 81.27w/s, dev=0]         
language_model.model.layers.2.input_layernorm_moe_gen.weight:   5%|▍         | 58/1223 [00:00<00:14, 82.68w/s, dev=0]
language_model.model.layers.2.mlp.down_proj.weight:   5%|▍         | 59/1223 [00:00<00:13, 84.09w/s, dev=0]          
language_model.model.layers.2.mlp.gate_proj.weight:   5%|▍         | 60/1223 [00:00<00:14, 82.49w/s, dev=0]
language_model.model.layers.2.mlp.up_proj.weight:   5%|▍         | 61/1223 [00:00<00:14, 81.00w/s, dev=0]  
language_model.model.layers.2.mlp_moe_gen.down_proj.weight:   5%|▌         | 62/1223 [00:00<00:14, 79.62w/s, dev=0]
language_model.model.layers.2.mlp_moe_gen.gate_proj.weight:   5%|▌         | 63/1223 [00:00<00:14, 78.32w/s, dev=0]
language_model.model.layers.2.mlp_moe_gen.up_proj.weight:   5%|▌         | 64/1223 [00:00<00:15, 77.10w/s, dev=0]  
language_model.model.layers.2.post_attention_layernorm.weight:   5%|▌         | 65/1223 [00:00<00:15, 75.96w/s, dev=0]
language_model.model.layers.2.post_attention_layernorm_moe_gen.weight:   5%|▌         | 66/1223 [00:00<00:15, 77.11w/s, dev=0]
language_model.model.layers.2.self_attn.k_norm.weight:   5%|▌         | 67/1223 [00:00<00:14, 78.27w/s, dev=0]                
language_model.model.layers.2.self_attn.k_norm_moe_gen.weight:   6%|▌         | 68/1223 [00:00<00:14, 79.43w/s, dev=0]
language_model.model.layers.2.self_attn.k_proj.bias:   6%|▌         | 69/1223 [00:00<00:14, 80.59w/s, dev=0]          
language_model.model.layers.2.self_attn.k_proj.weight:   6%|▌         | 70/1223 [00:00<00:14, 81.75w/s, dev=0]
language_model.model.layers.2.self_attn.k_proj_moe_gen.bias:   6%|▌         | 71/1223 [00:00<00:13, 82.83w/s, dev=0]
language_model.model.layers.2.self_attn.k_proj_moe_gen.weight:   6%|▌         | 72/1223 [00:00<00:13, 83.98w/s, dev=0]
language_model.model.layers.2.self_attn.o_proj.weight:   6%|▌         | 73/1223 [00:00<00:13, 85.06w/s, dev=0]        
language_model.model.layers.2.self_attn.o_proj_moe_gen.weight:   6%|▌         | 74/1223 [00:00<00:13, 85.70w/s, dev=0]
language_model.model.layers.2.self_attn.q_norm.weight:   6%|▌         | 75/1223 [00:00<00:13, 86.34w/s, dev=0]        
language_model.model.layers.2.self_attn.q_norm_moe_gen.weight:   6%|▌         | 76/1223 [00:00<00:13, 87.48w/s, dev=0]
language_model.model.layers.2.self_attn.q_proj.bias:   6%|▋         | 77/1223 [00:00<00:12, 88.62w/s, dev=0]          
language_model.model.layers.2.self_attn.q_proj.weight:   6%|▋         | 78/1223 [00:00<00:12, 89.76w/s, dev=0]
language_model.model.layers.2.self_attn.q_proj_moe_gen.bias:   6%|▋         | 79/1223 [00:00<00:12, 90.38w/s, dev=0]
language_model.model.layers.2.self_attn.q_proj_moe_gen.weight:   7%|▋         | 80/1223 [00:00<00:12, 91.50w/s, dev=0]
language_model.model.layers.2.self_attn.v_proj.bias:   7%|▋         | 81/1223 [00:00<00:12, 92.10w/s, dev=0]          
language_model.model.layers.2.self_attn.v_proj.bias:   7%|▋         | 82/1223 [00:00<00:12, 93.22w/s, dev=0]
language_model.model.layers.2.self_attn.v_proj.weight:   7%|▋         | 82/1223 [00:00<00:12, 93.22w/s, dev=0]
language_model.model.layers.2.self_attn.v_proj_moe_gen.bias:   7%|▋         | 83/1223 [00:00<00:12, 94.24w/s, dev=0]
language_model.model.layers.2.self_attn.v_proj_moe_gen.weight:   7%|▋         | 84/1223 [00:00<00:11, 95.36w/s, dev=0]
language_model.model.layers.3.input_layernorm.weight:   7%|▋         | 85/1223 [00:00<00:11, 96.40w/s, dev=0]         
language_model.model.layers.3.input_layernorm_moe_gen.weight:   7%|▋         | 86/1223 [00:00<00:11, 97.52w/s, dev=0]
language_model.model.layers.3.mlp.down_proj.weight:   7%|▋         | 87/1223 [00:00<00:11, 98.64w/s, dev=0]          
language_model.model.layers.3.mlp.gate_proj.weight:   7%|▋         | 88/1223 [00:00<00:11, 96.95w/s, dev=0]
language_model.model.layers.3.mlp.up_proj.weight:   7%|▋         | 89/1223 [00:00<00:11, 95.35w/s, dev=0]  
language_model.model.layers.3.mlp_moe_gen.down_proj.weight:   7%|▋         | 90/1223 [00:00<00:12, 93.84w/s, dev=0]
language_model.model.layers.3.mlp_moe_gen.gate_proj.weight:   7%|▋         | 91/1223 [00:00<00:12, 92.35w/s, dev=0]
language_model.model.layers.3.mlp_moe_gen.up_proj.weight:   8%|▊         | 92/1223 [00:01<00:12, 90.99w/s, dev=0]  
language_model.model.layers.3.post_attention_layernorm.weight:   8%|▊         | 93/1223 [00:01<00:12, 89.68w/s, dev=0]
language_model.model.layers.3.post_attention_layernorm_moe_gen.weight:   8%|▊         | 94/1223 [00:01<00:12, 90.63w/s, dev=0]
language_model.model.layers.3.self_attn.k_norm.weight:   8%|▊         | 95/1223 [00:01<00:12, 91.58w/s, dev=0]                
language_model.model.layers.3.self_attn.k_norm_moe_gen.weight:   8%|▊         | 96/1223 [00:01<00:12, 92.54w/s, dev=0]
language_model.model.layers.3.self_attn.k_proj.bias:   8%|▊         | 97/1223 [00:01<00:12, 93.49w/s, dev=0]          
language_model.model.layers.3.self_attn.k_proj.weight:   8%|▊         | 98/1223 [00:01<00:11, 94.45w/s, dev=0]
language_model.model.layers.3.self_attn.k_proj_moe_gen.bias:   8%|▊         | 99/1223 [00:01<00:11, 95.33w/s, dev=0]
language_model.model.layers.3.self_attn.k_proj_moe_gen.weight:   8%|▊         | 100/1223 [00:01<00:11, 96.28w/s, dev=0]
language_model.model.layers.3.self_attn.o_proj.weight:   8%|▊         | 101/1223 [00:01<00:11, 97.17w/s, dev=0]        
language_model.model.layers.3.self_attn.o_proj_moe_gen.weight:   8%|▊         | 102/1223 [00:01<00:11, 97.64w/s, dev=0]
language_model.model.layers.3.self_attn.q_norm.weight:   8%|▊         | 103/1223 [00:01<00:11, 98.12w/s, dev=0]        
language_model.model.layers.3.self_attn.q_norm_moe_gen.weight:   9%|▊         | 104/1223 [00:01<00:11, 99.05w/s, dev=0]
language_model.model.layers.3.self_attn.q_proj.bias:   9%|▊         | 105/1223 [00:01<00:11, 99.99w/s, dev=0]          
language_model.model.layers.3.self_attn.q_proj.weight:   9%|▊         | 106/1223 [00:01<00:11, 100.94w/s, dev=0]
language_model.model.layers.3.self_attn.q_proj.weight:   9%|▊         | 107/1223 [00:01<00:11, 101.39w/s, dev=0]
language_model.model.layers.3.self_attn.q_proj_moe_gen.bias:   9%|▊         | 107/1223 [00:01<00:11, 101.38w/s, dev=0]
language_model.model.layers.3.self_attn.q_proj_moe_gen.weight:   9%|▉         | 108/1223 [00:01<00:10, 102.32w/s, dev=0]
language_model.model.layers.3.self_attn.v_proj.bias:   9%|▉         | 109/1223 [00:01<00:10, 102.76w/s, dev=0]          
language_model.model.layers.3.self_attn.v_proj.weight:   9%|▉         | 110/1223 [00:01<00:10, 103.69w/s, dev=0]
language_model.model.layers.3.self_attn.v_proj_moe_gen.bias:   9%|▉         | 111/1223 [00:01<00:10, 104.55w/s, dev=0]
language_model.model.layers.3.self_attn.v_proj_moe_gen.weight:   9%|▉         | 112/1223 [00:01<00:10, 105.47w/s, dev=0]
language_model.model.layers.4.input_layernorm.weight:   9%|▉         | 113/1223 [00:01<00:10, 106.32w/s, dev=0]         
language_model.model.layers.4.input_layernorm_moe_gen.weight:   9%|▉         | 114/1223 [00:01<00:10, 107.24w/s, dev=0]
language_model.model.layers.4.mlp.down_proj.weight:   9%|▉         | 115/1223 [00:01<00:10, 108.17w/s, dev=0]          
language_model.model.layers.4.mlp.gate_proj.weight:   9%|▉         | 116/1223 [00:01<00:10, 106.54w/s, dev=0]
language_model.model.layers.4.mlp.up_proj.weight:  10%|▉         | 117/1223 [00:01<00:10, 104.99w/s, dev=0]  
language_model.model.layers.4.mlp_moe_gen.down_proj.weight:  10%|▉         | 118/1223 [00:01<00:10, 103.49w/s, dev=0]
language_model.model.layers.4.mlp_moe_gen.gate_proj.weight:  10%|▉         | 119/1223 [00:01<00:10, 102.05w/s, dev=0]
language_model.model.layers.4.mlp_moe_gen.up_proj.weight:  10%|▉         | 120/1223 [00:01<00:10, 100.68w/s, dev=0]  
language_model.model.layers.4.post_attention_layernorm.weight:  10%|▉         | 121/1223 [00:01<00:11, 99.36w/s, dev=0]
language_model.model.layers.4.post_attention_layernorm_moe_gen.weight:  10%|▉         | 122/1223 [00:01<00:10, 100.17w/s, dev=0]
language_model.model.layers.4.self_attn.k_norm.weight:  10%|█         | 123/1223 [00:01<00:10, 100.98w/s, dev=0]                
language_model.model.layers.4.self_attn.k_norm_moe_gen.weight:  10%|█         | 124/1223 [00:01<00:10, 101.79w/s, dev=0]
language_model.model.layers.4.self_attn.k_proj.bias:  10%|█         | 125/1223 [00:01<00:10, 102.61w/s, dev=0]          
language_model.model.layers.4.self_attn.k_proj.weight:  10%|█         | 126/1223 [00:01<00:10, 103.42w/s, dev=0]
language_model.model.layers.4.self_attn.k_proj_moe_gen.bias:  10%|█         | 127/1223 [00:01<00:10, 104.17w/s, dev=0]
language_model.model.layers.4.self_attn.k_proj_moe_gen.weight:  10%|█         | 128/1223 [00:01<00:10, 104.98w/s, dev=0]
language_model.model.layers.4.self_attn.o_proj.weight:  11%|█         | 129/1223 [00:01<00:10, 105.72w/s, dev=0]        
language_model.model.layers.4.self_attn.o_proj_moe_gen.weight:  11%|█         | 130/1223 [00:01<00:10, 106.09w/s, dev=0]
language_model.model.layers.4.self_attn.q_norm.weight:  11%|█         | 131/1223 [00:01<00:10, 106.46w/s, dev=0]        
language_model.model.layers.4.self_attn.q_norm.weight:  11%|█         | 132/1223 [00:01<00:10, 107.26w/s, dev=0]
language_model.model.layers.4.self_attn.q_norm_moe_gen.weight:  11%|█         | 132/1223 [00:01<00:10, 107.25w/s, dev=0]
language_model.model.layers.4.self_attn.q_proj.bias:  11%|█         | 133/1223 [00:01<00:10, 108.05w/s, dev=0]          
language_model.model.layers.4.self_attn.q_proj.weight:  11%|█         | 134/1223 [00:01<00:10, 108.86w/s, dev=0]
language_model.model.layers.4.self_attn.q_proj_moe_gen.bias:  11%|█         | 135/1223 [00:01<00:09, 109.22w/s, dev=0]
language_model.model.layers.4.self_attn.q_proj_moe_gen.weight:  11%|█         | 136/1223 [00:01<00:09, 110.01w/s, dev=0]
language_model.model.layers.4.self_attn.v_proj.bias:  11%|█         | 137/1223 [00:01<00:09, 110.36w/s, dev=0]          
language_model.model.layers.4.self_attn.v_proj.weight:  11%|█▏        | 138/1223 [00:01<00:09, 111.15w/s, dev=0]
language_model.model.layers.4.self_attn.v_proj_moe_gen.bias:  11%|█▏        | 139/1223 [00:01<00:09, 111.88w/s, dev=0]
language_model.model.layers.4.self_attn.v_proj_moe_gen.weight:  11%|█▏        | 140/1223 [00:01<00:09, 112.68w/s, dev=0]
language_model.model.layers.5.input_layernorm.weight:  12%|█▏        | 141/1223 [00:01<00:09, 113.40w/s, dev=0]         
language_model.model.layers.5.input_layernorm_moe_gen.weight:  12%|█▏        | 142/1223 [00:01<00:09, 114.19w/s, dev=0]
language_model.model.layers.5.mlp.down_proj.weight:  12%|█▏        | 143/1223 [00:01<00:09, 114.99w/s, dev=0]          
language_model.model.layers.5.mlp.gate_proj.weight:  12%|█▏        | 144/1223 [00:01<00:09, 113.45w/s, dev=0]
language_model.model.layers.5.mlp.up_proj.weight:  12%|█▏        | 145/1223 [00:01<00:09, 111.96w/s, dev=0]  
language_model.model.layers.5.mlp_moe_gen.down_proj.weight:  12%|█▏        | 146/1223 [00:01<00:09, 110.52w/s, dev=0]
language_model.model.layers.5.mlp_moe_gen.gate_proj.weight:  12%|█▏        | 147/1223 [00:01<00:09, 109.14w/s, dev=0]
language_model.model.layers.5.mlp_moe_gen.up_proj.weight:  12%|█▏        | 148/1223 [00:01<00:09, 107.82w/s, dev=0]  
language_model.model.layers.5.post_attention_layernorm.weight:  12%|█▏        | 149/1223 [00:01<00:10, 106.55w/s, dev=0]
language_model.model.layers.5.post_attention_layernorm_moe_gen.weight:  12%|█▏        | 150/1223 [00:01<00:10, 107.25w/s, dev=0]
language_model.model.layers.5.self_attn.k_norm.weight:  12%|█▏        | 151/1223 [00:01<00:09, 107.96w/s, dev=0]                
language_model.model.layers.5.self_attn.k_norm_moe_gen.weight:  12%|█▏        | 152/1223 [00:01<00:09, 108.67w/s, dev=0]
language_model.model.layers.5.self_attn.k_proj.bias:  13%|█▎        | 153/1223 [00:01<00:09, 109.37w/s, dev=0]          
language_model.model.layers.5.self_attn.k_proj.weight:  13%|█▎        | 154/1223 [00:01<00:09, 110.08w/s, dev=0]
language_model.model.layers.5.self_attn.k_proj_moe_gen.bias:  13%|█▎        | 155/1223 [00:01<00:09, 110.71w/s, dev=0]
language_model.model.layers.5.self_attn.k_proj_moe_gen.weight:  13%|█▎        | 156/1223 [00:01<00:09, 111.41w/s, dev=0]
language_model.model.layers.5.self_attn.k_proj_moe_gen.weight:  13%|█▎        | 157/1223 [00:01<00:09, 112.06w/s, dev=0]
language_model.model.layers.5.self_attn.o_proj.weight:  13%|█▎        | 157/1223 [00:01<00:09, 112.05w/s, dev=0]        
language_model.model.layers.5.self_attn.o_proj_moe_gen.weight:  13%|█▎        | 158/1223 [00:01<00:09, 112.35w/s, dev=0]
language_model.model.layers.5.self_attn.q_norm.weight:  13%|█▎        | 159/1223 [00:01<00:09, 112.65w/s, dev=0]        
language_model.model.layers.5.self_attn.q_norm_moe_gen.weight:  13%|█▎        | 160/1223 [00:01<00:09, 113.35w/s, dev=0]
language_model.model.layers.5.self_attn.q_proj.bias:  13%|█▎        | 161/1223 [00:01<00:09, 114.05w/s, dev=0]          
language_model.model.layers.5.self_attn.q_proj.weight:  13%|█▎        | 162/1223 [00:01<00:09, 114.75w/s, dev=0]
language_model.model.layers.5.self_attn.q_proj_moe_gen.bias:  13%|█▎        | 163/1223 [00:01<00:09, 115.04w/s, dev=0]
language_model.model.layers.5.self_attn.q_proj_moe_gen.weight:  13%|█▎        | 164/1223 [00:01<00:09, 115.73w/s, dev=0]
language_model.model.layers.5.self_attn.v_proj.bias:  13%|█▎        | 165/1223 [00:01<00:09, 116.02w/s, dev=0]          
language_model.model.layers.5.self_attn.v_proj.weight:  14%|█▎        | 166/1223 [00:01<00:09, 116.71w/s, dev=0]
language_model.model.layers.5.self_attn.v_proj_moe_gen.bias:  14%|█▎        | 167/1223 [00:01<00:08, 117.34w/s, dev=0]
language_model.model.layers.5.self_attn.v_proj_moe_gen.weight:  14%|█▎        | 168/1223 [00:01<00:08, 118.03w/s, dev=0]
language_model.model.layers.6.input_layernorm.weight:  14%|█▍        | 169/1223 [00:01<00:08, 118.66w/s, dev=0]         
language_model.model.layers.6.input_layernorm_moe_gen.weight:  14%|█▍        | 170/1223 [00:01<00:08, 119.35w/s, dev=0]
language_model.model.layers.6.mlp.down_proj.weight:  14%|█▍        | 171/1223 [00:01<00:08, 120.04w/s, dev=0]          
language_model.model.layers.6.mlp.gate_proj.weight:  14%|█▍        | 172/1223 [00:01<00:08, 118.60w/s, dev=0]
language_model.model.layers.6.mlp.up_proj.weight:  14%|█▍        | 173/1223 [00:01<00:08, 117.22w/s, dev=0]  
language_model.model.layers.6.mlp_moe_gen.down_proj.weight:  14%|█▍        | 174/1223 [00:01<00:09, 115.88w/s, dev=0]
language_model.model.layers.6.mlp_moe_gen.gate_proj.weight:  14%|█▍        | 175/1223 [00:01<00:09, 114.58w/s, dev=0]
language_model.model.layers.6.mlp_moe_gen.up_proj.weight:  14%|█▍        | 176/1223 [00:01<00:09, 113.32w/s, dev=0]  
language_model.model.layers.6.post_attention_layernorm.weight:  14%|█▍        | 177/1223 [00:01<00:09, 112.11w/s, dev=0]
language_model.model.layers.6.post_attention_layernorm_moe_gen.weight:  15%|█▍        | 178/1223 [00:01<00:09, 112.73w/s, dev=0]
language_model.model.layers.6.self_attn.k_norm.weight:  15%|█▍        | 179/1223 [00:01<00:09, 113.35w/s, dev=0]                
language_model.model.layers.6.self_attn.k_norm_moe_gen.weight:  15%|█▍        | 180/1223 [00:01<00:09, 113.98w/s, dev=0]
language_model.model.layers.6.self_attn.k_proj.bias:  15%|█▍        | 181/1223 [00:01<00:09, 114.60w/s, dev=0]          
language_model.model.layers.6.self_attn.k_proj.bias:  15%|█▍        | 182/1223 [00:01<00:09, 115.23w/s, dev=0]
language_model.model.layers.6.self_attn.k_proj.weight:  15%|█▍        | 182/1223 [00:01<00:09, 115.23w/s, dev=0]
language_model.model.layers.6.self_attn.k_proj_moe_gen.bias:  15%|█▍        | 183/1223 [00:01<00:08, 115.80w/s, dev=0]
language_model.model.layers.6.self_attn.k_proj_moe_gen.weight:  15%|█▌        | 184/1223 [00:01<00:08, 116.42w/s, dev=0]
language_model.model.layers.6.self_attn.o_proj.weight:  15%|█▌        | 185/1223 [00:01<00:08, 116.97w/s, dev=0]        
language_model.model.layers.6.self_attn.o_proj_moe_gen.weight:  15%|█▌        | 186/1223 [00:01<00:08, 117.22w/s, dev=0]
language_model.model.layers.6.self_attn.q_norm.weight:  15%|█▌        | 187/1223 [00:01<00:08, 117.47w/s, dev=0]        
language_model.model.layers.6.self_attn.q_norm_moe_gen.weight:  15%|█▌        | 188/1223 [00:01<00:08, 118.09w/s, dev=0]
language_model.model.layers.6.self_attn.q_proj.bias:  15%|█▌        | 189/1223 [00:01<00:08, 118.71w/s, dev=0]          
language_model.model.layers.6.self_attn.q_proj.weight:  16%|█▌        | 190/1223 [00:01<00:08, 119.33w/s, dev=0]
language_model.model.layers.6.self_attn.q_proj_moe_gen.bias:  16%|█▌        | 191/1223 [00:01<00:08, 119.57w/s, dev=0]
language_model.model.layers.6.self_attn.q_proj_moe_gen.weight:  16%|█▌        | 192/1223 [00:01<00:08, 120.19w/s, dev=0]
language_model.model.layers.6.self_attn.v_proj.bias:  16%|█▌        | 193/1223 [00:01<00:08, 120.43w/s, dev=0]          
language_model.model.layers.6.self_attn.v_proj.weight:  16%|█▌        | 194/1223 [00:01<00:08, 121.04w/s, dev=0]
language_model.model.layers.6.self_attn.v_proj_moe_gen.bias:  16%|█▌        | 195/1223 [00:01<00:08, 121.60w/s, dev=0]
language_model.model.layers.6.self_attn.v_proj_moe_gen.weight:  16%|█▌        | 196/1223 [00:01<00:08, 122.21w/s, dev=0]
language_model.model.layers.7.input_layernorm.weight:  16%|█▌        | 197/1223 [00:01<00:08, 122.77w/s, dev=0]         
language_model.model.layers.7.input_layernorm_moe_gen.weight:  16%|█▌        | 198/1223 [00:01<00:08, 123.38w/s, dev=0]
language_model.model.layers.7.mlp.down_proj.weight:  16%|█▋        | 199/1223 [00:01<00:08, 123.99w/s, dev=0]          
language_model.model.layers.7.mlp.gate_proj.weight:  16%|█▋        | 200/1223 [00:01<00:08, 122.65w/s, dev=0]
language_model.model.layers.7.mlp.up_proj.weight:  16%|█▋        | 201/1223 [00:01<00:08, 121.21w/s, dev=0]  
language_model.model.layers.7.mlp_moe_gen.down_proj.weight:  17%|█▋        | 202/1223 [00:01<00:08, 119.93w/s, dev=0]
language_model.model.layers.7.mlp_moe_gen.gate_proj.weight:  17%|█▋        | 203/1223 [00:01<00:08, 118.70w/s, dev=0]
language_model.model.layers.7.mlp_moe_gen.up_proj.weight:  17%|█▋        | 204/1223 [00:01<00:08, 117.51w/s, dev=0]  
language_model.model.layers.7.post_attention_layernorm.weight:  17%|█▋        | 205/1223 [00:01<00:08, 116.33w/s, dev=0]
language_model.model.layers.7.post_attention_layernorm_moe_gen.weight:  17%|█▋        | 206/1223 [00:01<00:08, 116.89w/s, dev=0]
language_model.model.layers.7.post_attention_layernorm_moe_gen.weight:  17%|█▋        | 207/1223 [00:01<00:08, 117.44w/s, dev=0]
language_model.model.layers.7.self_attn.k_norm.weight:  17%|█▋        | 207/1223 [00:01<00:08, 117.44w/s, dev=0]                
language_model.model.layers.7.self_attn.k_norm_moe_gen.weight:  17%|█▋        | 208/1223 [00:01<00:08, 118.00w/s, dev=0]
language_model.model.layers.7.self_attn.k_proj.bias:  17%|█▋        | 209/1223 [00:01<00:08, 118.56w/s, dev=0]          
language_model.model.layers.7.self_attn.k_proj.weight:  17%|█▋        | 210/1223 [00:01<00:08, 119.12w/s, dev=0]
language_model.model.layers.7.self_attn.k_proj_moe_gen.bias:  17%|█▋        | 211/1223 [00:01<00:08, 119.63w/s, dev=0]
language_model.model.layers.7.self_attn.k_proj_moe_gen.weight:  17%|█▋        | 212/1223 [00:01<00:08, 120.19w/s, dev=0]
language_model.model.layers.7.self_attn.o_proj.weight:  17%|█▋        | 213/1223 [00:01<00:08, 120.70w/s, dev=0]        
language_model.model.layers.7.self_attn.o_proj_moe_gen.weight:  17%|█▋        | 214/1223 [00:01<00:08, 120.91w/s, dev=0]
language_model.model.layers.7.self_attn.q_norm.weight:  18%|█▊        | 215/1223 [00:01<00:08, 121.11w/s, dev=0]        
language_model.model.layers.7.self_attn.q_norm_moe_gen.weight:  18%|█▊        | 216/1223 [00:01<00:08, 121.66w/s, dev=0]
language_model.model.layers.7.self_attn.q_proj.bias:  18%|█▊        | 217/1223 [00:01<00:08, 122.21w/s, dev=0]          
language_model.model.layers.7.self_attn.q_proj.weight:  18%|█▊        | 218/1223 [00:01<00:08, 122.77w/s, dev=0]
language_model.model.layers.7.self_attn.q_proj_moe_gen.bias:  18%|█▊        | 219/1223 [00:01<00:08, 122.98w/s, dev=0]
language_model.model.layers.7.self_attn.q_proj_moe_gen.weight:  18%|█▊        | 220/1223 [00:01<00:08, 123.53w/s, dev=0]
language_model.model.layers.7.self_attn.v_proj.bias:  18%|█▊        | 221/1223 [00:01<00:08, 123.70w/s, dev=0]          
language_model.model.layers.7.self_attn.v_proj.weight:  18%|█▊        | 222/1223 [00:01<00:08, 124.24w/s, dev=0]
language_model.model.layers.7.self_attn.v_proj_moe_gen.bias:  18%|█▊        | 223/1223 [00:01<00:08, 124.73w/s, dev=0]
language_model.model.layers.7.self_attn.v_proj_moe_gen.weight:  18%|█▊        | 224/1223 [00:01<00:07, 125.28w/s, dev=0]
language_model.model.layers.8.input_layernorm.weight:  18%|█▊        | 225/1223 [00:01<00:07, 125.78w/s, dev=0]         
language_model.model.layers.8.input_layernorm_moe_gen.weight:  18%|█▊        | 226/1223 [00:01<00:07, 126.32w/s, dev=0]
language_model.model.layers.8.mlp.down_proj.weight:  19%|█▊        | 227/1223 [00:01<00:07, 126.88w/s, dev=0]          
language_model.model.layers.8.mlp.gate_proj.weight:  19%|█▊        | 228/1223 [00:01<00:07, 125.46w/s, dev=0]
language_model.model.layers.8.mlp.up_proj.weight:  19%|█▊        | 229/1223 [00:01<00:08, 124.11w/s, dev=0]  
language_model.model.layers.8.mlp_moe_gen.down_proj.weight:  19%|█▉        | 230/1223 [00:01<00:08, 122.93w/s, dev=0]
language_model.model.layers.8.mlp_moe_gen.gate_proj.weight:  19%|█▉        | 231/1223 [00:01<00:08, 121.79w/s, dev=0]
language_model.model.layers.8.mlp_moe_gen.gate_proj.weight:  19%|█▉        | 232/1223 [00:01<00:08, 120.68w/s, dev=0]
language_model.model.layers.8.mlp_moe_gen.up_proj.weight:  19%|█▉        | 232/1223 [00:01<00:08, 120.67w/s, dev=0]  
language_model.model.layers.8.post_attention_layernorm.weight:  19%|█▉        | 233/1223 [00:01<00:08, 119.59w/s, dev=0]
language_model.model.layers.8.post_attention_layernorm_moe_gen.weight:  19%|█▉        | 234/1223 [00:01<00:08, 120.09w/s, dev=0]
language_model.model.layers.8.self_attn.k_norm.weight:  19%|█▉        | 235/1223 [00:01<00:08, 120.59w/s, dev=0]                
language_model.model.layers.8.self_attn.k_norm_moe_gen.weight:  19%|█▉        | 236/1223 [00:01<00:08, 121.10w/s, dev=0]
language_model.model.layers.8.self_attn.k_proj.bias:  19%|█▉        | 237/1223 [00:01<00:08, 121.61w/s, dev=0]          
language_model.model.layers.8.self_attn.k_proj.weight:  19%|█▉        | 238/1223 [00:01<00:08, 122.12w/s, dev=0]
language_model.model.layers.8.self_attn.k_proj_moe_gen.bias:  20%|█▉        | 239/1223 [00:01<00:08, 122.57w/s, dev=0]
language_model.model.layers.8.self_attn.k_proj_moe_gen.weight:  20%|█▉        | 240/1223 [00:01<00:07, 123.08w/s, dev=0]
language_model.model.layers.8.self_attn.o_proj.weight:  20%|█▉        | 241/1223 [00:01<00:07, 123.54w/s, dev=0]        
language_model.model.layers.8.self_attn.o_proj_moe_gen.weight:  20%|█▉        | 242/1223 [00:01<00:07, 123.72w/s, dev=0]
language_model.model.layers.8.self_attn.q_norm.weight:  20%|█▉        | 243/1223 [00:01<00:07, 123.90w/s, dev=0]        
language_model.model.layers.8.self_attn.q_norm_moe_gen.weight:  20%|█▉        | 244/1223 [00:01<00:07, 124.40w/s, dev=0]
language_model.model.layers.8.self_attn.q_proj.bias:  20%|██        | 245/1223 [00:01<00:07, 124.90w/s, dev=0]          
language_model.model.layers.8.self_attn.q_proj.weight:  20%|██        | 246/1223 [00:01<00:07, 125.40w/s, dev=0]
language_model.model.layers.8.self_attn.q_proj_moe_gen.bias:  20%|██        | 247/1223 [00:01<00:07, 125.58w/s, dev=0]
language_model.model.layers.8.self_attn.q_proj_moe_gen.weight:  20%|██        | 248/1223 [00:01<00:07, 126.07w/s, dev=0]
language_model.model.layers.8.self_attn.v_proj.bias:  20%|██        | 249/1223 [00:01<00:07, 126.25w/s, dev=0]          
language_model.model.layers.8.self_attn.v_proj.weight:  20%|██        | 250/1223 [00:01<00:07, 126.75w/s, dev=0]
language_model.model.layers.8.self_attn.v_proj_moe_gen.bias:  21%|██        | 251/1223 [00:01<00:07, 127.20w/s, dev=0]
language_model.model.layers.8.self_attn.v_proj_moe_gen.weight:  21%|██        | 252/1223 [00:01<00:07, 127.70w/s, dev=0]
time_embedder.mlp.0.bias:  21%|██        | 253/1223 [00:01<00:07, 128.14w/s, dev=0]                                     
time_embedder.mlp.0.weight:  21%|██        | 254/1223 [00:01<00:07, 128.64w/s, dev=0]
time_embedder.mlp.2.bias:  21%|██        | 255/1223 [00:01<00:07, 129.11w/s, dev=0]  
time_embedder.mlp.2.weight:  21%|██        | 256/1223 [00:01<00:07, 129.61w/s, dev=0]
vae2llm.bias:  21%|██        | 257/1223 [00:01<00:07, 129.77w/s, dev=0]              
vae2llm.weight:  21%|██        | 258/1223 [00:01<00:07, 130.26w/s, dev=0]
llm2vae.bias:  21%|██        | 259/1223 [00:01<00:07, 130.75w/s, dev=0]  
llm2vae.weight:  21%|██▏       | 260/1223 [00:01<00:07, 131.25w/s, dev=0]
latent_pos_embed.pos_embed:  21%|██▏       | 261/1223 [00:01<00:07, 131.74w/s, dev=0]
connector.fc1.bias:  21%|██▏       | 262/1223 [00:01<00:07, 131.85w/s, dev=0]        
connector.fc1.weight:  22%|██▏       | 263/1223 [00:01<00:07, 132.34w/s, dev=0]
connector.fc2.bias:  22%|██▏       | 264/1223 [00:01<00:07, 132.69w/s, dev=0]  
connector.fc2.weight:  22%|██▏       | 265/1223 [00:01<00:07, 133.19w/s, dev=0]
vit_pos_embed.pos_embed:  22%|██▏       | 266/1223 [00:01<00:07, 133.24w/s, dev=0]
language_model.model.layers.9.input_layernorm.weight:  22%|██▏       | 267/1223 [00:02<00:08, 107.83w/s, dev=1]
language_model.model.layers.9.input_layernorm.weight:  22%|██▏       | 268/1223 [00:02<00:09, 102.89w/s, dev=1]
language_model.model.layers.9.input_layernorm_moe_gen.weight:  22%|██▏       | 268/1223 [00:02<00:09, 102.88w/s, dev=1]
language_model.model.layers.9.mlp.down_proj.weight:  22%|██▏       | 269/1223 [00:02<00:09, 103.25w/s, dev=1]          
language_model.model.layers.9.mlp.gate_proj.weight:  22%|██▏       | 270/1223 [00:02<00:09, 102.62w/s, dev=1]
language_model.model.layers.9.mlp.up_proj.weight:  22%|██▏       | 271/1223 [00:02<00:09, 101.99w/s, dev=1]  
language_model.model.layers.9.mlp_moe_gen.down_proj.weight:  22%|██▏       | 272/1223 [00:02<00:09, 101.38w/s, dev=1]
language_model.model.layers.9.mlp_moe_gen.gate_proj.weight:  22%|██▏       | 273/1223 [00:02<00:09, 100.78w/s, dev=1]
language_model.model.layers.9.mlp_moe_gen.up_proj.weight:  22%|██▏       | 274/1223 [00:02<00:09, 100.19w/s, dev=1]  
language_model.model.layers.9.post_attention_layernorm.weight:  22%|██▏       | 275/1223 [00:02<00:09, 99.61w/s, dev=1]
language_model.model.layers.9.post_attention_layernorm_moe_gen.weight:  23%|██▎       | 276/1223 [00:02<00:09, 99.96w/s, dev=1]
language_model.model.layers.9.self_attn.k_norm.weight:  23%|██▎       | 277/1223 [00:02<00:09, 100.32w/s, dev=1]               
language_model.model.layers.9.self_attn.k_norm_moe_gen.weight:  23%|██▎       | 278/1223 [00:02<00:09, 100.68w/s, dev=1]
language_model.model.layers.9.self_attn.k_proj.bias:  23%|██▎       | 279/1223 [00:02<00:09, 101.04w/s, dev=1]          
language_model.model.layers.9.self_attn.k_proj.weight:  23%|██▎       | 280/1223 [00:02<00:09, 101.39w/s, dev=1]
language_model.model.layers.9.self_attn.k_proj_moe_gen.bias:  23%|██▎       | 281/1223 [00:02<00:09, 101.72w/s, dev=1]
language_model.model.layers.9.self_attn.k_proj_moe_gen.weight:  23%|██▎       | 282/1223 [00:02<00:09, 102.07w/s, dev=1]
language_model.model.layers.9.self_attn.o_proj.weight:  23%|██▎       | 283/1223 [00:02<00:09, 102.40w/s, dev=1]        
language_model.model.layers.9.self_attn.o_proj_moe_gen.weight:  23%|██▎       | 284/1223 [00:02<00:09, 102.57w/s, dev=1]
language_model.model.layers.9.self_attn.q_norm.weight:  23%|██▎       | 285/1223 [00:02<00:09, 102.74w/s, dev=1]        
language_model.model.layers.9.self_attn.q_norm_moe_gen.weight:  23%|██▎       | 286/1223 [00:02<00:09, 103.09w/s, dev=1]
language_model.model.layers.9.self_attn.q_proj.bias:  23%|██▎       | 287/1223 [00:02<00:09, 103.45w/s, dev=1]          
language_model.model.layers.9.self_attn.q_proj.weight:  24%|██▎       | 288/1223 [00:02<00:09, 103.81w/s, dev=1]
language_model.model.layers.9.self_attn.q_proj_moe_gen.bias:  24%|██▎       | 289/1223 [00:02<00:08, 103.97w/s, dev=1]
language_model.model.layers.9.self_attn.q_proj_moe_gen.weight:  24%|██▎       | 290/1223 [00:02<00:08, 104.32w/s, dev=1]
language_model.model.layers.9.self_attn.v_proj.bias:  24%|██▍       | 291/1223 [00:02<00:08, 104.49w/s, dev=1]          
language_model.model.layers.9.self_attn.v_proj.weight:  24%|██▍       | 292/1223 [00:02<00:08, 104.84w/s, dev=1]
language_model.model.layers.9.self_attn.v_proj_moe_gen.bias:  24%|██▍       | 293/1223 [00:02<00:08, 105.17w/s, dev=1]
language_model.model.layers.9.self_attn.v_proj_moe_gen.weight:  24%|██▍       | 294/1223 [00:02<00:08, 105.52w/s, dev=1]
language_model.model.layers.10.input_layernorm.weight:  24%|██▍       | 295/1223 [00:02<00:08, 105.85w/s, dev=1]        
language_model.model.layers.10.input_layernorm_moe_gen.weight:  24%|██▍       | 296/1223 [00:02<00:08, 106.20w/s, dev=1]
language_model.model.layers.10.mlp.down_proj.weight:  24%|██▍       | 297/1223 [00:02<00:08, 106.56w/s, dev=1]          
language_model.model.layers.10.mlp.gate_proj.weight:  24%|██▍       | 298/1223 [00:02<00:08, 105.94w/s, dev=1]
language_model.model.layers.10.mlp.up_proj.weight:  24%|██▍       | 299/1223 [00:02<00:08, 105.31w/s, dev=1]  
language_model.model.layers.10.mlp_moe_gen.down_proj.weight:  25%|██▍       | 300/1223 [00:02<00:08, 104.69w/s, dev=1]
language_model.model.layers.10.mlp_moe_gen.gate_proj.weight:  25%|██▍       | 301/1223 [00:02<00:08, 104.10w/s, dev=1]
language_model.model.layers.10.mlp_moe_gen.up_proj.weight:  25%|██▍       | 302/1223 [00:02<00:08, 103.51w/s, dev=1]  
language_model.model.layers.10.post_attention_layernorm.weight:  25%|██▍       | 303/1223 [00:02<00:08, 102.95w/s, dev=1]
language_model.model.layers.10.post_attention_layernorm.weight:  25%|██▍       | 304/1223 [00:02<00:08, 103.28w/s, dev=1]
language_model.model.layers.10.post_attention_layernorm_moe_gen.weight:  25%|██▍       | 304/1223 [00:02<00:08, 103.28w/s, dev=1]
language_model.model.layers.10.self_attn.k_norm.weight:  25%|██▍       | 305/1223 [00:02<00:08, 103.61w/s, dev=1]                
language_model.model.layers.10.self_attn.k_norm_moe_gen.weight:  25%|██▌       | 306/1223 [00:02<00:08, 103.95w/s, dev=1]
language_model.model.layers.10.self_attn.k_proj.bias:  25%|██▌       | 307/1223 [00:02<00:08, 104.28w/s, dev=1]          
language_model.model.layers.10.self_attn.k_proj.weight:  25%|██▌       | 308/1223 [00:02<00:08, 104.62w/s, dev=1]
language_model.model.layers.10.self_attn.k_proj_moe_gen.bias:  25%|██▌       | 309/1223 [00:02<00:08, 104.93w/s, dev=1]
language_model.model.layers.10.self_attn.k_proj_moe_gen.weight:  25%|██▌       | 310/1223 [00:02<00:08, 105.26w/s, dev=1]
language_model.model.layers.10.self_attn.o_proj.weight:  25%|██▌       | 311/1223 [00:02<00:08, 105.57w/s, dev=1]        
language_model.model.layers.10.self_attn.o_proj_moe_gen.weight:  26%|██▌       | 312/1223 [00:02<00:08, 105.72w/s, dev=1]
language_model.model.layers.10.self_attn.q_norm.weight:  26%|██▌       | 313/1223 [00:02<00:08, 105.87w/s, dev=1]        
language_model.model.layers.10.self_attn.q_norm_moe_gen.weight:  26%|██▌       | 314/1223 [00:02<00:08, 106.21w/s, dev=1]
language_model.model.layers.10.self_attn.q_proj.bias:  26%|██▌       | 315/1223 [00:02<00:08, 106.54w/s, dev=1]          
language_model.model.layers.10.self_attn.q_proj.weight:  26%|██▌       | 316/1223 [00:02<00:08, 106.87w/s, dev=1]
language_model.model.layers.10.self_attn.q_proj_moe_gen.bias:  26%|██▌       | 317/1223 [00:02<00:08, 107.03w/s, dev=1]
language_model.model.layers.10.self_attn.q_proj_moe_gen.weight:  26%|██▌       | 318/1223 [00:02<00:08, 107.36w/s, dev=1]
language_model.model.layers.10.self_attn.v_proj.bias:  26%|██▌       | 319/1223 [00:02<00:08, 107.51w/s, dev=1]          
language_model.model.layers.10.self_attn.v_proj.weight:  26%|██▌       | 320/1223 [00:02<00:08, 107.84w/s, dev=1]
language_model.model.layers.10.self_attn.v_proj_moe_gen.bias:  26%|██▌       | 321/1223 [00:02<00:08, 108.14w/s, dev=1]
language_model.model.layers.10.self_attn.v_proj_moe_gen.weight:  26%|██▋       | 322/1223 [00:02<00:08, 108.48w/s, dev=1]
language_model.model.layers.11.input_layernorm.weight:  26%|██▋       | 323/1223 [00:02<00:08, 108.78w/s, dev=1]         
language_model.model.layers.11.input_layernorm_moe_gen.weight:  26%|██▋       | 324/1223 [00:02<00:08, 109.11w/s, dev=1]
language_model.model.layers.11.mlp.down_proj.weight:  27%|██▋       | 325/1223 [00:02<00:08, 109.45w/s, dev=1]          
language_model.model.layers.11.mlp.gate_proj.weight:  27%|██▋       | 326/1223 [00:02<00:08, 108.84w/s, dev=1]
language_model.model.layers.11.mlp.up_proj.weight:  27%|██▋       | 327/1223 [00:03<00:08, 108.24w/s, dev=1]  
language_model.model.layers.11.mlp_moe_gen.down_proj.weight:  27%|██▋       | 328/1223 [00:03<00:08, 107.65w/s, dev=1]
language_model.model.layers.11.mlp_moe_gen.gate_proj.weight:  27%|██▋       | 329/1223 [00:03<00:08, 107.07w/s, dev=1]
language_model.model.layers.11.mlp_moe_gen.up_proj.weight:  27%|██▋       | 330/1223 [00:03<00:08, 106.51w/s, dev=1]  
language_model.model.layers.11.post_attention_layernorm.weight:  27%|██▋       | 331/1223 [00:03<00:08, 105.93w/s, dev=1]
language_model.model.layers.11.post_attention_layernorm_moe_gen.weight:  27%|██▋       | 332/1223 [00:03<00:08, 106.24w/s, dev=1]
language_model.model.layers.11.self_attn.k_norm.weight:  27%|██▋       | 333/1223 [00:03<00:08, 106.55w/s, dev=1]                
language_model.model.layers.11.self_attn.k_norm_moe_gen.weight:  27%|██▋       | 334/1223 [00:03<00:08, 106.87w/s, dev=1]
language_model.model.layers.11.self_attn.k_proj.bias:  27%|██▋       | 335/1223 [00:03<00:08, 107.19w/s, dev=1]          
language_model.model.layers.11.self_attn.k_proj.weight:  27%|██▋       | 336/1223 [00:03<00:08, 107.50w/s, dev=1]
language_model.model.layers.11.self_attn.k_proj_moe_gen.bias:  28%|██▊       | 337/1223 [00:03<00:08, 107.80w/s, dev=1]
language_model.model.layers.11.self_attn.k_proj_moe_gen.weight:  28%|██▊       | 338/1223 [00:03<00:08, 108.11w/s, dev=1]
language_model.model.layers.11.self_attn.o_proj.weight:  28%|██▊       | 339/1223 [00:03<00:08, 108.40w/s, dev=1]        
language_model.model.layers.11.self_attn.o_proj.weight:  28%|██▊       | 340/1223 [00:03<00:08, 108.54w/s, dev=1]
language_model.model.layers.11.self_attn.o_proj_moe_gen.weight:  28%|██▊       | 340/1223 [00:03<00:08, 108.54w/s, dev=1]
language_model.model.layers.11.self_attn.q_norm.weight:  28%|██▊       | 341/1223 [00:03<00:08, 108.68w/s, dev=1]        
language_model.model.layers.11.self_attn.q_norm_moe_gen.weight:  28%|██▊       | 342/1223 [00:03<00:08, 108.99w/s, dev=1]
language_model.model.layers.11.self_attn.q_proj.bias:  28%|██▊       | 343/1223 [00:03<00:08, 109.30w/s, dev=1]          
language_model.model.layers.11.self_attn.q_proj.weight:  28%|██▊       | 344/1223 [00:03<00:08, 109.62w/s, dev=1]
language_model.model.layers.11.self_attn.q_proj_moe_gen.bias:  28%|██▊       | 345/1223 [00:03<00:07, 109.76w/s, dev=1]
language_model.model.layers.11.self_attn.q_proj_moe_gen.weight:  28%|██▊       | 346/1223 [00:03<00:07, 110.07w/s, dev=1]
language_model.model.layers.11.self_attn.v_proj.bias:  28%|██▊       | 347/1223 [00:03<00:07, 110.21w/s, dev=1]          
language_model.model.layers.11.self_attn.v_proj.weight:  28%|██▊       | 348/1223 [00:03<00:07, 110.52w/s, dev=1]
language_model.model.layers.11.self_attn.v_proj_moe_gen.bias:  29%|██▊       | 349/1223 [00:03<00:07, 110.80w/s, dev=1]
language_model.model.layers.11.self_attn.v_proj_moe_gen.weight:  29%|██▊       | 350/1223 [00:03<00:07, 111.11w/s, dev=1]
language_model.model.layers.12.input_layernorm.weight:  29%|██▊       | 351/1223 [00:03<00:07, 111.40w/s, dev=1]         
language_model.model.layers.12.input_layernorm_moe_gen.weight:  29%|██▉       | 352/1223 [00:03<00:07, 111.71w/s, dev=1]
language_model.model.layers.12.mlp.down_proj.weight:  29%|██▉       | 353/1223 [00:03<00:07, 112.03w/s, dev=1]          
language_model.model.layers.12.mlp.gate_proj.weight:  29%|██▉       | 354/1223 [00:03<00:07, 111.44w/s, dev=1]
language_model.model.layers.12.mlp.up_proj.weight:  29%|██▉       | 355/1223 [00:03<00:07, 110.85w/s, dev=1]  
language_model.model.layers.12.mlp_moe_gen.down_proj.weight:  29%|██▉       | 356/1223 [00:03<00:07, 110.28w/s, dev=1]
language_model.model.layers.12.mlp_moe_gen.gate_proj.weight:  29%|██▉       | 357/1223 [00:03<00:07, 109.71w/s, dev=1]
language_model.model.layers.12.mlp_moe_gen.up_proj.weight:  29%|██▉       | 358/1223 [00:03<00:07, 109.15w/s, dev=1]  
language_model.model.layers.12.post_attention_layernorm.weight:  29%|██▉       | 359/1223 [00:03<00:07, 108.60w/s, dev=1]
language_model.model.layers.12.post_attention_layernorm_moe_gen.weight:  29%|██▉       | 360/1223 [00:03<00:07, 108.90w/s, dev=1]
language_model.model.layers.12.self_attn.k_norm.weight:  30%|██▉       | 361/1223 [00:03<00:07, 109.19w/s, dev=1]                
language_model.model.layers.12.self_attn.k_norm_moe_gen.weight:  30%|██▉       | 362/1223 [00:03<00:07, 109.49w/s, dev=1]
language_model.model.layers.12.self_attn.k_proj.bias:  30%|██▉       | 363/1223 [00:03<00:07, 109.79w/s, dev=1]          
language_model.model.layers.12.self_attn.k_proj.weight:  30%|██▉       | 364/1223 [00:03<00:07, 110.09w/s, dev=1]
language_model.model.layers.12.self_attn.k_proj_moe_gen.bias:  30%|██▉       | 365/1223 [00:03<00:07, 110.36w/s, dev=1]
language_model.model.layers.12.self_attn.k_proj_moe_gen.weight:  30%|██▉       | 366/1223 [00:03<00:07, 110.66w/s, dev=1]
language_model.model.layers.12.self_attn.o_proj.weight:  30%|███       | 367/1223 [00:03<00:07, 110.94w/s, dev=1]        
language_model.model.layers.12.self_attn.o_proj_moe_gen.weight:  30%|███       | 368/1223 [00:03<00:07, 111.06w/s, dev=1]
language_model.model.layers.12.self_attn.q_norm.weight:  30%|███       | 369/1223 [00:03<00:07, 111.19w/s, dev=1]        
language_model.model.layers.12.self_attn.q_norm_moe_gen.weight:  30%|███       | 370/1223 [00:03<00:07, 111.49w/s, dev=1]
language_model.model.layers.12.self_attn.q_proj.bias:  30%|███       | 371/1223 [00:03<00:07, 111.78w/s, dev=1]          
language_model.model.layers.12.self_attn.q_proj.weight:  30%|███       | 372/1223 [00:03<00:07, 112.08w/s, dev=1]
language_model.model.layers.12.self_attn.q_proj_moe_gen.bias:  30%|███       | 373/1223 [00:03<00:07, 112.21w/s, dev=1]
language_model.model.layers.12.self_attn.q_proj_moe_gen.weight:  31%|███       | 374/1223 [00:03<00:07, 112.51w/s, dev=1]
language_model.model.layers.12.self_attn.v_proj.bias:  31%|███       | 375/1223 [00:03<00:07, 112.63w/s, dev=1]          
language_model.model.layers.12.self_attn.v_proj.bias:  31%|███       | 376/1223 [00:03<00:07, 112.93w/s, dev=1]
language_model.model.layers.12.self_attn.v_proj.weight:  31%|███       | 376/1223 [00:03<00:07, 112.93w/s, dev=1]
language_model.model.layers.12.self_attn.v_proj_moe_gen.bias:  31%|███       | 377/1223 [00:03<00:07, 113.20w/s, dev=1]
language_model.model.layers.12.self_attn.v_proj_moe_gen.weight:  31%|███       | 378/1223 [00:03<00:07, 113.49w/s, dev=1]
language_model.model.layers.13.input_layernorm.weight:  31%|███       | 379/1223 [00:03<00:07, 113.76w/s, dev=1]         
language_model.model.layers.13.input_layernorm_moe_gen.weight:  31%|███       | 380/1223 [00:03<00:07, 114.05w/s, dev=1]
language_model.model.layers.13.mlp.down_proj.weight:  31%|███       | 381/1223 [00:03<00:07, 114.35w/s, dev=1]          
language_model.model.layers.13.mlp.gate_proj.weight:  31%|███       | 382/1223 [00:03<00:07, 113.77w/s, dev=1]
language_model.model.layers.13.mlp.up_proj.weight:  31%|███▏      | 383/1223 [00:03<00:07, 113.20w/s, dev=1]  
language_model.model.layers.13.mlp_moe_gen.down_proj.weight:  31%|███▏      | 384/1223 [00:03<00:07, 112.64w/s, dev=1]
language_model.model.layers.13.mlp_moe_gen.gate_proj.weight:  31%|███▏      | 385/1223 [00:03<00:07, 112.09w/s, dev=1]
language_model.model.layers.13.mlp_moe_gen.up_proj.weight:  32%|███▏      | 386/1223 [00:03<00:07, 111.54w/s, dev=1]  
language_model.model.layers.13.post_attention_layernorm.weight:  32%|███▏      | 387/1223 [00:03<00:07, 111.01w/s, dev=1]
language_model.model.layers.13.post_attention_layernorm_moe_gen.weight:  32%|███▏      | 388/1223 [00:03<00:07, 111.29w/s, dev=1]
language_model.model.layers.13.self_attn.k_norm.weight:  32%|███▏      | 389/1223 [00:03<00:07, 111.57w/s, dev=1]                
language_model.model.layers.13.self_attn.k_norm_moe_gen.weight:  32%|███▏      | 390/1223 [00:03<00:07, 111.86w/s, dev=1]
language_model.model.layers.13.self_attn.k_proj.bias:  32%|███▏      | 391/1223 [00:03<00:07, 112.14w/s, dev=1]          
language_model.model.layers.13.self_attn.k_proj.weight:  32%|███▏      | 392/1223 [00:03<00:07, 112.42w/s, dev=1]
language_model.model.layers.13.self_attn.k_proj_moe_gen.bias:  32%|███▏      | 393/1223 [00:03<00:07, 112.68w/s, dev=1]
language_model.model.layers.13.self_attn.k_proj_moe_gen.weight:  32%|███▏      | 394/1223 [00:03<00:07, 112.96w/s, dev=1]
language_model.model.layers.13.self_attn.o_proj.weight:  32%|███▏      | 395/1223 [00:03<00:07, 113.22w/s, dev=1]        
language_model.model.layers.13.self_attn.o_proj_moe_gen.weight:  32%|███▏      | 396/1223 [00:03<00:07, 113.34w/s, dev=1]
language_model.model.layers.13.self_attn.q_norm.weight:  32%|███▏      | 397/1223 [00:03<00:07, 113.46w/s, dev=1]        
language_model.model.layers.13.self_attn.q_norm_moe_gen.weight:  33%|███▎      | 398/1223 [00:03<00:07, 113.74w/s, dev=1]
language_model.model.layers.13.self_attn.q_proj.bias:  33%|███▎      | 399/1223 [00:03<00:07, 114.02w/s, dev=1]          
language_model.model.layers.13.self_attn.q_proj.weight:  33%|███▎      | 400/1223 [00:03<00:07, 114.26w/s, dev=1]
language_model.model.layers.13.self_attn.q_proj_moe_gen.bias:  33%|███▎      | 401/1223 [00:03<00:07, 114.37w/s, dev=1]
language_model.model.layers.13.self_attn.q_proj_moe_gen.weight:  33%|███▎      | 402/1223 [00:03<00:07, 114.65w/s, dev=1]
language_model.model.layers.13.self_attn.v_proj.bias:  33%|███▎      | 403/1223 [00:03<00:07, 114.77w/s, dev=1]          
language_model.model.layers.13.self_attn.v_proj.weight:  33%|███▎      | 404/1223 [00:03<00:07, 115.04w/s, dev=1]
language_model.model.layers.13.self_attn.v_proj_moe_gen.bias:  33%|███▎      | 405/1223 [00:03<00:07, 115.30w/s, dev=1]
language_model.model.layers.13.self_attn.v_proj_moe_gen.weight:  33%|███▎      | 406/1223 [00:03<00:07, 115.58w/s, dev=1]
language_model.model.layers.14.input_layernorm.weight:  33%|███▎      | 407/1223 [00:03<00:07, 115.84w/s, dev=1]         
language_model.model.layers.14.input_layernorm_moe_gen.weight:  33%|███▎      | 408/1223 [00:03<00:07, 116.12w/s, dev=1]
language_model.model.layers.14.mlp.down_proj.weight:  33%|███▎      | 409/1223 [00:03<00:06, 116.40w/s, dev=1]          
language_model.model.layers.14.mlp.gate_proj.weight:  34%|███▎      | 410/1223 [00:03<00:07, 115.84w/s, dev=1]
language_model.model.layers.14.mlp.up_proj.weight:  34%|███▎      | 411/1223 [00:03<00:07, 115.28w/s, dev=1]  
language_model.model.layers.14.mlp.up_proj.weight:  34%|███▎      | 412/1223 [00:03<00:07, 114.73w/s, dev=1]
language_model.model.layers.14.mlp_moe_gen.down_proj.weight:  34%|███▎      | 412/1223 [00:03<00:07, 114.73w/s, dev=1]
language_model.model.layers.14.mlp_moe_gen.gate_proj.weight:  34%|███▍      | 413/1223 [00:03<00:07, 114.18w/s, dev=1]
language_model.model.layers.14.mlp_moe_gen.up_proj.weight:  34%|███▍      | 414/1223 [00:03<00:07, 113.65w/s, dev=1]  
language_model.model.layers.14.post_attention_layernorm.weight:  34%|███▍      | 415/1223 [00:03<00:07, 113.13w/s, dev=1]
language_model.model.layers.14.post_attention_layernorm_moe_gen.weight:  34%|███▍      | 416/1223 [00:03<00:07, 113.39w/s, dev=1]
language_model.model.layers.14.self_attn.k_norm.weight:  34%|███▍      | 417/1223 [00:03<00:07, 113.66w/s, dev=1]                
language_model.model.layers.14.self_attn.k_norm_moe_gen.weight:  34%|███▍      | 418/1223 [00:03<00:07, 113.93w/s, dev=1]
language_model.model.layers.14.self_attn.k_proj.bias:  34%|███▍      | 419/1223 [00:03<00:07, 114.20w/s, dev=1]          
language_model.model.layers.14.self_attn.k_proj.weight:  34%|███▍      | 420/1223 [00:03<00:07, 114.47w/s, dev=1]
language_model.model.layers.14.self_attn.k_proj_moe_gen.bias:  34%|███▍      | 421/1223 [00:03<00:06, 114.71w/s, dev=1]
language_model.model.layers.14.self_attn.k_proj_moe_gen.weight:  35%|███▍      | 422/1223 [00:03<00:06, 114.98w/s, dev=1]
language_model.model.layers.14.self_attn.o_proj.weight:  35%|███▍      | 423/1223 [00:03<00:06, 115.22w/s, dev=1]        
language_model.model.layers.14.self_attn.o_proj_moe_gen.weight:  35%|███▍      | 424/1223 [00:03<00:06, 115.33w/s, dev=1]
language_model.model.layers.14.self_attn.q_norm.weight:  35%|███▍      | 425/1223 [00:03<00:06, 115.44w/s, dev=1]        
language_model.model.layers.14.self_attn.q_norm_moe_gen.weight:  35%|███▍      | 426/1223 [00:03<00:06, 115.71w/s, dev=1]
language_model.model.layers.14.self_attn.q_proj.bias:  35%|███▍      | 427/1223 [00:03<00:06, 115.98w/s, dev=1]          
language_model.model.layers.14.self_attn.q_proj.weight:  35%|███▍      | 428/1223 [00:03<00:06, 116.24w/s, dev=1]
language_model.model.layers.14.self_attn.q_proj_moe_gen.bias:  35%|███▌      | 429/1223 [00:03<00:06, 116.35w/s, dev=1]
language_model.model.layers.14.self_attn.q_proj_moe_gen.weight:  35%|███▌      | 430/1223 [00:03<00:06, 116.62w/s, dev=1]
language_model.model.layers.14.self_attn.v_proj.bias:  35%|███▌      | 431/1223 [00:03<00:06, 116.73w/s, dev=1]          
language_model.model.layers.14.self_attn.v_proj.weight:  35%|███▌      | 432/1223 [00:03<00:06, 117.00w/s, dev=1]
language_model.model.layers.14.self_attn.v_proj_moe_gen.bias:  35%|███▌      | 433/1223 [00:03<00:06, 117.24w/s, dev=1]
language_model.model.layers.14.self_attn.v_proj_moe_gen.weight:  35%|███▌      | 434/1223 [00:03<00:06, 117.51w/s, dev=1]
language_model.model.layers.15.input_layernorm.weight:  36%|███▌      | 435/1223 [00:03<00:06, 117.75w/s, dev=1]         
language_model.model.layers.15.input_layernorm_moe_gen.weight:  36%|███▌      | 436/1223 [00:03<00:06, 118.01w/s, dev=1]
language_model.model.layers.15.mlp.down_proj.weight:  36%|███▌      | 437/1223 [00:03<00:06, 118.28w/s, dev=1]          
language_model.model.layers.15.mlp.gate_proj.weight:  36%|███▌      | 438/1223 [00:03<00:06, 117.73w/s, dev=1]
language_model.model.layers.15.mlp.up_proj.weight:  36%|███▌      | 439/1223 [00:03<00:06, 117.19w/s, dev=1]  
language_model.model.layers.15.mlp_moe_gen.down_proj.weight:  36%|███▌      | 440/1223 [00:03<00:06, 116.66w/s, dev=1]
language_model.model.layers.15.mlp_moe_gen.gate_proj.weight:  36%|███▌      | 441/1223 [00:03<00:06, 116.13w/s, dev=1]
language_model.model.layers.15.mlp_moe_gen.up_proj.weight:  36%|███▌      | 442/1223 [00:03<00:06, 115.61w/s, dev=1]  
language_model.model.layers.15.post_attention_layernorm.weight:  36%|███▌      | 443/1223 [00:03<00:06, 115.10w/s, dev=1]
language_model.model.layers.15.post_attention_layernorm_moe_gen.weight:  36%|███▋      | 444/1223 [00:03<00:06, 115.35w/s, dev=1]
language_model.model.layers.15.self_attn.k_norm.weight:  36%|███▋      | 445/1223 [00:03<00:06, 115.61w/s, dev=1]                
language_model.model.layers.15.self_attn.k_norm_moe_gen.weight:  36%|███▋      | 446/1223 [00:03<00:06, 115.86w/s, dev=1]
language_model.model.layers.15.self_attn.k_proj.bias:  37%|███▋      | 447/1223 [00:03<00:06, 116.12w/s, dev=1]          
language_model.model.layers.15.self_attn.k_proj.bias:  37%|███▋      | 448/1223 [00:03<00:06, 116.38w/s, dev=1]
language_model.model.layers.15.self_attn.k_proj.weight:  37%|███▋      | 448/1223 [00:03<00:06, 116.37w/s, dev=1]
language_model.model.layers.15.self_attn.k_proj_moe_gen.bias:  37%|███▋      | 449/1223 [00:03<00:06, 116.61w/s, dev=1]
language_model.model.layers.15.self_attn.k_proj_moe_gen.weight:  37%|███▋      | 450/1223 [00:03<00:06, 116.86w/s, dev=1]
language_model.model.layers.15.self_attn.o_proj.weight:  37%|███▋      | 451/1223 [00:03<00:06, 117.09w/s, dev=1]        
language_model.model.layers.15.self_attn.o_proj_moe_gen.weight:  37%|███▋      | 452/1223 [00:03<00:06, 117.19w/s, dev=1]
language_model.model.layers.15.self_attn.q_norm.weight:  37%|███▋      | 453/1223 [00:03<00:06, 117.30w/s, dev=1]        
language_model.model.layers.15.self_attn.q_norm_moe_gen.weight:  37%|███▋      | 454/1223 [00:03<00:06, 117.55w/s, dev=1]
language_model.model.layers.15.self_attn.q_proj.bias:  37%|███▋      | 455/1223 [00:03<00:06, 117.81w/s, dev=1]          
language_model.model.layers.15.self_attn.q_proj.weight:  37%|███▋      | 456/1223 [00:03<00:06, 118.06w/s, dev=1]
language_model.model.layers.15.self_attn.q_proj_moe_gen.bias:  37%|███▋      | 457/1223 [00:03<00:06, 118.17w/s, dev=1]
language_model.model.layers.15.self_attn.q_proj_moe_gen.weight:  37%|███▋      | 458/1223 [00:03<00:06, 118.42w/s, dev=1]
language_model.model.layers.15.self_attn.v_proj.bias:  38%|███▊      | 459/1223 [00:03<00:06, 118.52w/s, dev=1]          
language_model.model.layers.15.self_attn.v_proj.weight:  38%|███▊      | 460/1223 [00:03<00:06, 118.77w/s, dev=1]
language_model.model.layers.15.self_attn.v_proj_moe_gen.bias:  38%|███▊      | 461/1223 [00:03<00:06, 119.00w/s, dev=1]
language_model.model.layers.15.self_attn.v_proj_moe_gen.weight:  38%|███▊      | 462/1223 [00:03<00:06, 119.26w/s, dev=1]
language_model.model.layers.16.input_layernorm.weight:  38%|███▊      | 463/1223 [00:03<00:06, 119.49w/s, dev=1]         
language_model.model.layers.16.input_layernorm_moe_gen.weight:  38%|███▊      | 464/1223 [00:03<00:06, 119.74w/s, dev=1]
language_model.model.layers.16.mlp.down_proj.weight:  38%|███▊      | 465/1223 [00:03<00:06, 120.00w/s, dev=1]          
language_model.model.layers.16.mlp.gate_proj.weight:  38%|███▊      | 466/1223 [00:03<00:06, 119.47w/s, dev=1]
language_model.model.layers.16.mlp.up_proj.weight:  38%|███▊      | 467/1223 [00:03<00:06, 118.94w/s, dev=1]  
language_model.model.layers.16.mlp_moe_gen.down_proj.weight:  38%|███▊      | 468/1223 [00:03<00:06, 118.42w/s, dev=1]
language_model.model.layers.16.mlp_moe_gen.gate_proj.weight:  38%|███▊      | 469/1223 [00:03<00:06, 117.91w/s, dev=1]
language_model.model.layers.16.mlp_moe_gen.up_proj.weight:  38%|███▊      | 470/1223 [00:04<00:06, 117.40w/s, dev=1]  
language_model.model.layers.16.post_attention_layernorm.weight:  39%|███▊      | 471/1223 [00:04<00:06, 116.89w/s, dev=1]
language_model.model.layers.16.post_attention_layernorm_moe_gen.weight:  39%|███▊      | 472/1223 [00:04<00:06, 117.14w/s, dev=1]
language_model.model.layers.16.self_attn.k_norm.weight:  39%|███▊      | 473/1223 [00:04<00:06, 117.38w/s, dev=1]                
language_model.model.layers.16.self_attn.k_norm_moe_gen.weight:  39%|███▉      | 474/1223 [00:04<00:06, 117.63w/s, dev=1]
language_model.model.layers.16.self_attn.k_proj.bias:  39%|███▉      | 475/1223 [00:04<00:06, 117.87w/s, dev=1]          
language_model.model.layers.16.self_attn.k_proj.weight:  39%|███▉      | 476/1223 [00:04<00:06, 118.12w/s, dev=1]
language_model.model.layers.16.self_attn.k_proj_moe_gen.bias:  39%|███▉      | 477/1223 [00:04<00:06, 118.34w/s, dev=1]
language_model.model.layers.16.self_attn.k_proj_moe_gen.weight:  39%|███▉      | 478/1223 [00:04<00:06, 118.58w/s, dev=1]
language_model.model.layers.16.self_attn.o_proj.weight:  39%|███▉      | 479/1223 [00:04<00:06, 118.81w/s, dev=1]        
language_model.model.layers.16.self_attn.o_proj_moe_gen.weight:  39%|███▉      | 480/1223 [00:04<00:06, 118.90w/s, dev=1]
language_model.model.layers.16.self_attn.q_norm.weight:  39%|███▉      | 481/1223 [00:04<00:06, 118.99w/s, dev=1]        
language_model.model.layers.16.self_attn.q_norm_moe_gen.weight:  39%|███▉      | 482/1223 [00:04<00:06, 119.23w/s, dev=1]
language_model.model.layers.16.self_attn.q_proj.bias:  39%|███▉      | 483/1223 [00:04<00:06, 119.48w/s, dev=1]          
language_model.model.layers.16.self_attn.q_proj.bias:  40%|███▉      | 484/1223 [00:04<00:06, 119.72w/s, dev=1]
language_model.model.layers.16.self_attn.q_proj.weight:  40%|███▉      | 484/1223 [00:04<00:06, 119.72w/s, dev=1]
language_model.model.layers.16.self_attn.q_proj_moe_gen.bias:  40%|███▉      | 485/1223 [00:04<00:06, 119.81w/s, dev=1]
language_model.model.layers.16.self_attn.q_proj_moe_gen.weight:  40%|███▉      | 486/1223 [00:04<00:06, 120.05w/s, dev=1]
language_model.model.layers.16.self_attn.v_proj.bias:  40%|███▉      | 487/1223 [00:04<00:06, 120.15w/s, dev=1]          
language_model.model.layers.16.self_attn.v_proj.weight:  40%|███▉      | 488/1223 [00:04<00:06, 120.39w/s, dev=1]
language_model.model.layers.16.self_attn.v_proj_moe_gen.bias:  40%|███▉      | 489/1223 [00:04<00:06, 120.60w/s, dev=1]
language_model.model.layers.16.self_attn.v_proj_moe_gen.weight:  40%|████      | 490/1223 [00:04<00:06, 120.84w/s, dev=1]
language_model.model.layers.17.input_layernorm.weight:  40%|████      | 491/1223 [00:04<00:06, 121.06w/s, dev=1]         
language_model.model.layers.17.input_layernorm_moe_gen.weight:  40%|████      | 492/1223 [00:04<00:06, 121.31w/s, dev=1]
language_model.model.layers.17.mlp.down_proj.weight:  40%|████      | 493/1223 [00:04<00:06, 121.55w/s, dev=1]          
language_model.model.layers.17.mlp.gate_proj.weight:  40%|████      | 494/1223 [00:04<00:06, 121.03w/s, dev=1]
language_model.model.layers.17.mlp.up_proj.weight:  40%|████      | 495/1223 [00:04<00:06, 120.51w/s, dev=1]  
language_model.model.layers.17.mlp_moe_gen.down_proj.weight:  41%|████      | 496/1223 [00:04<00:06, 120.00w/s, dev=1]
language_model.model.layers.17.mlp_moe_gen.gate_proj.weight:  41%|████      | 497/1223 [00:04<00:06, 119.50w/s, dev=1]
language_model.model.layers.17.mlp_moe_gen.up_proj.weight:  41%|████      | 498/1223 [00:04<00:06, 119.00w/s, dev=1]  
language_model.model.layers.17.post_attention_layernorm.weight:  41%|████      | 499/1223 [00:04<00:06, 118.51w/s, dev=1]
language_model.model.layers.17.post_attention_layernorm_moe_gen.weight:  41%|████      | 500/1223 [00:04<00:06, 118.74w/s, dev=1]
language_model.model.layers.17.self_attn.k_norm.weight:  41%|████      | 501/1223 [00:04<00:06, 118.97w/s, dev=1]                
language_model.model.layers.17.self_attn.k_norm_moe_gen.weight:  41%|████      | 502/1223 [00:04<00:06, 119.21w/s, dev=1]
language_model.model.layers.17.self_attn.k_proj.bias:  41%|████      | 503/1223 [00:04<00:06, 119.44w/s, dev=1]          
language_model.model.layers.17.self_attn.k_proj.weight:  41%|████      | 504/1223 [00:04<00:06, 119.68w/s, dev=1]
language_model.model.layers.17.self_attn.k_proj_moe_gen.bias:  41%|████▏     | 505/1223 [00:04<00:05, 119.89w/s, dev=1]
language_model.model.layers.17.self_attn.k_proj_moe_gen.weight:  41%|████▏     | 506/1223 [00:04<00:05, 120.12w/s, dev=1]
language_model.model.layers.17.self_attn.o_proj.weight:  41%|████▏     | 507/1223 [00:04<00:05, 120.34w/s, dev=1]        
language_model.model.layers.17.self_attn.o_proj_moe_gen.weight:  42%|████▏     | 508/1223 [00:04<00:05, 120.42w/s, dev=1]
language_model.model.layers.17.self_attn.q_norm.weight:  42%|████▏     | 509/1223 [00:04<00:05, 120.51w/s, dev=1]        
language_model.model.layers.17.self_attn.q_norm_moe_gen.weight:  42%|████▏     | 510/1223 [00:04<00:05, 120.74w/s, dev=1]
language_model.model.layers.17.self_attn.q_proj.bias:  42%|████▏     | 511/1223 [00:04<00:05, 120.98w/s, dev=1]          
language_model.model.layers.17.self_attn.q_proj.weight:  42%|████▏     | 512/1223 [00:04<00:05, 121.21w/s, dev=1]
language_model.model.layers.17.self_attn.q_proj_moe_gen.bias:  42%|████▏     | 513/1223 [00:04<00:05, 121.30w/s, dev=1]
language_model.model.layers.17.self_attn.q_proj_moe_gen.weight:  42%|████▏     | 514/1223 [00:04<00:05, 121.53w/s, dev=1]
language_model.model.layers.17.self_attn.v_proj.bias:  42%|████▏     | 515/1223 [00:04<00:05, 121.62w/s, dev=1]          
language_model.model.layers.17.self_attn.v_proj.weight:  42%|████▏     | 516/1223 [00:04<00:05, 121.85w/s, dev=1]
language_model.model.layers.17.self_attn.v_proj_moe_gen.bias:  42%|████▏     | 517/1223 [00:04<00:05, 122.06w/s, dev=1]
language_model.model.layers.17.self_attn.v_proj_moe_gen.weight:  42%|████▏     | 518/1223 [00:04<00:05, 122.29w/s, dev=1]
language_model.model.layers.18.input_layernorm.weight:  42%|████▏     | 519/1223 [00:04<00:05, 122.50w/s, dev=1]         
language_model.model.layers.18.input_layernorm.weight:  43%|████▎     | 520/1223 [00:04<00:05, 122.73w/s, dev=1]
language_model.model.layers.18.input_layernorm_moe_gen.weight:  43%|████▎     | 520/1223 [00:04<00:05, 122.73w/s, dev=1]
language_model.model.layers.18.mlp.down_proj.weight:  43%|████▎     | 521/1223 [00:04<00:05, 122.96w/s, dev=1]          
language_model.model.layers.18.mlp.gate_proj.weight:  43%|████▎     | 522/1223 [00:04<00:05, 122.46w/s, dev=1]
language_model.model.layers.18.mlp.up_proj.weight:  43%|████▎     | 523/1223 [00:04<00:05, 121.95w/s, dev=1]  
language_model.model.layers.18.mlp_moe_gen.down_proj.weight:  43%|████▎     | 524/1223 [00:04<00:05, 121.45w/s, dev=1]
language_model.model.layers.18.mlp_moe_gen.gate_proj.weight:  43%|████▎     | 525/1223 [00:04<00:05, 120.95w/s, dev=1]
language_model.model.layers.18.mlp_moe_gen.up_proj.weight:  43%|████▎     | 526/1223 [00:04<00:05, 120.47w/s, dev=1]  
language_model.model.layers.18.post_attention_layernorm.weight:  43%|████▎     | 527/1223 [00:04<00:05, 119.93w/s, dev=1]
language_model.model.layers.18.post_attention_layernorm_moe_gen.weight:  43%|████▎     | 528/1223 [00:04<00:05, 120.13w/s, dev=1]
language_model.model.layers.18.self_attn.k_norm.weight:  43%|████▎     | 529/1223 [00:04<00:05, 120.35w/s, dev=1]                
language_model.model.layers.18.self_attn.k_norm_moe_gen.weight:  43%|████▎     | 530/1223 [00:04<00:05, 120.57w/s, dev=1]
language_model.model.layers.18.self_attn.k_proj.bias:  43%|████▎     | 531/1223 [00:04<00:05, 120.79w/s, dev=1]          
language_model.model.layers.18.self_attn.k_proj.weight:  43%|████▎     | 532/1223 [00:04<00:05, 121.01w/s, dev=1]
language_model.model.layers.18.self_attn.k_proj_moe_gen.bias:  44%|████▎     | 533/1223 [00:04<00:05, 121.19w/s, dev=1]
language_model.model.layers.18.self_attn.k_proj_moe_gen.weight:  44%|████▎     | 534/1223 [00:04<00:05, 121.41w/s, dev=1]
language_model.model.layers.18.self_attn.o_proj.weight:  44%|████▎     | 535/1223 [00:04<00:05, 121.60w/s, dev=1]        
language_model.model.layers.18.self_attn.o_proj_moe_gen.weight:  44%|████▍     | 536/1223 [00:04<00:05, 121.68w/s, dev=1]
language_model.model.layers.18.self_attn.q_norm.weight:  44%|████▍     | 537/1223 [00:04<00:05, 121.77w/s, dev=1]        
language_model.model.layers.18.self_attn.q_norm_moe_gen.weight:  44%|████▍     | 538/1223 [00:04<00:05, 121.99w/s, dev=1]
language_model.model.layers.18.self_attn.q_proj.bias:  44%|████▍     | 539/1223 [00:04<00:05, 122.21w/s, dev=1]          
language_model.model.layers.18.self_attn.q_proj.weight:  44%|████▍     | 540/1223 [00:04<00:05, 122.44w/s, dev=1]
language_model.model.layers.18.self_attn.q_proj_moe_gen.bias:  44%|████▍     | 541/1223 [00:04<00:05, 122.52w/s, dev=1]
language_model.model.layers.18.self_attn.q_proj_moe_gen.weight:  44%|████▍     | 542/1223 [00:04<00:05, 122.74w/s, dev=1]
language_model.model.layers.18.self_attn.v_proj.bias:  44%|████▍     | 543/1223 [00:04<00:05, 122.82w/s, dev=1]          
language_model.model.layers.18.self_attn.v_proj.weight:  44%|████▍     | 544/1223 [00:04<00:05, 123.05w/s, dev=1]
language_model.model.layers.18.self_attn.v_proj_moe_gen.bias:  45%|████▍     | 545/1223 [00:04<00:05, 123.25w/s, dev=1]
language_model.model.layers.18.self_attn.v_proj_moe_gen.weight:  45%|████▍     | 546/1223 [00:04<00:05, 123.47w/s, dev=1]
language_model.model.layers.19.input_layernorm.weight:  45%|████▍     | 547/1223 [00:04<00:05, 123.67w/s, dev=1]         
language_model.model.layers.19.input_layernorm_moe_gen.weight:  45%|████▍     | 548/1223 [00:04<00:05, 123.89w/s, dev=1]
language_model.model.layers.19.mlp.down_proj.weight:  45%|████▍     | 549/1223 [00:04<00:05, 124.12w/s, dev=1]          
language_model.model.layers.19.mlp.gate_proj.weight:  45%|████▍     | 550/1223 [00:04<00:05, 123.62w/s, dev=1]
language_model.model.layers.19.mlp.up_proj.weight:  45%|████▌     | 551/1223 [00:04<00:05, 123.10w/s, dev=1]  
language_model.model.layers.19.mlp_moe_gen.down_proj.weight:  45%|████▌     | 552/1223 [00:04<00:05, 122.60w/s, dev=1]
language_model.model.layers.19.mlp_moe_gen.gate_proj.weight:  45%|████▌     | 553/1223 [00:04<00:05, 122.10w/s, dev=1]
language_model.model.layers.19.mlp_moe_gen.up_proj.weight:  45%|████▌     | 554/1223 [00:04<00:05, 121.62w/s, dev=1]  
language_model.model.layers.19.post_attention_layernorm.weight:  45%|████▌     | 555/1223 [00:04<00:05, 121.15w/s, dev=1]
language_model.model.layers.19.post_attention_layernorm.weight:  45%|████▌     | 556/1223 [00:04<00:05, 121.37w/s, dev=1]
language_model.model.layers.19.post_attention_layernorm_moe_gen.weight:  45%|████▌     | 556/1223 [00:04<00:05, 121.36w/s, dev=1]
language_model.model.layers.19.self_attn.k_norm.weight:  46%|████▌     | 557/1223 [00:04<00:05, 121.58w/s, dev=1]                
language_model.model.layers.19.self_attn.k_norm_moe_gen.weight:  46%|████▌     | 558/1223 [00:04<00:05, 121.80w/s, dev=1]
language_model.model.layers.19.self_attn.k_proj.bias:  46%|████▌     | 559/1223 [00:04<00:05, 122.01w/s, dev=1]          
language_model.model.layers.19.self_attn.k_proj.weight:  46%|████▌     | 560/1223 [00:04<00:05, 122.23w/s, dev=1]
language_model.model.layers.19.self_attn.k_proj_moe_gen.bias:  46%|████▌     | 561/1223 [00:04<00:05, 122.42w/s, dev=1]
language_model.model.layers.19.self_attn.k_proj_moe_gen.weight:  46%|████▌     | 562/1223 [00:04<00:05, 122.63w/s, dev=1]
language_model.model.layers.19.self_attn.o_proj.weight:  46%|████▌     | 563/1223 [00:04<00:05, 122.83w/s, dev=1]        
language_model.model.layers.19.self_attn.o_proj_moe_gen.weight:  46%|████▌     | 564/1223 [00:04<00:05, 122.90w/s, dev=1]
language_model.model.layers.19.self_attn.q_norm.weight:  46%|████▌     | 565/1223 [00:04<00:05, 122.98w/s, dev=1]        
language_model.model.layers.19.self_attn.q_norm_moe_gen.weight:  46%|████▋     | 566/1223 [00:04<00:05, 123.19w/s, dev=1]
language_model.model.layers.19.self_attn.q_proj.bias:  46%|████▋     | 567/1223 [00:04<00:05, 123.41w/s, dev=1]          
language_model.model.layers.19.self_attn.q_proj.weight:  46%|████▋     | 568/1223 [00:04<00:05, 123.62w/s, dev=1]
language_model.model.layers.19.self_attn.q_proj_moe_gen.bias:  47%|████▋     | 569/1223 [00:04<00:05, 123.70w/s, dev=1]
language_model.model.layers.19.self_attn.q_proj_moe_gen.weight:  47%|████▋     | 570/1223 [00:04<00:05, 123.92w/s, dev=1]
language_model.model.layers.19.self_attn.v_proj.bias:  47%|████▋     | 571/1223 [00:04<00:05, 124.00w/s, dev=1]          
language_model.model.layers.19.self_attn.v_proj.weight:  47%|████▋     | 572/1223 [00:04<00:05, 124.21w/s, dev=1]
language_model.model.layers.19.self_attn.v_proj_moe_gen.bias:  47%|████▋     | 573/1223 [00:04<00:05, 124.40w/s, dev=1]
language_model.model.layers.19.self_attn.v_proj_moe_gen.weight:  47%|████▋     | 574/1223 [00:04<00:05, 124.62w/s, dev=1]
language_model.model.layers.20.input_layernorm.weight:  47%|████▋     | 575/1223 [00:05<00:05, 112.56w/s, dev=cpu]       
language_model.model.layers.20.input_layernorm_moe_gen.weight:  47%|████▋     | 576/1223 [00:05<00:05, 112.75w/s, dev=cpu]
language_model.model.layers.20.mlp.down_proj.weight:  47%|████▋     | 577/1223 [00:05<00:05, 112.95w/s, dev=cpu]          
language_model.model.layers.20.mlp.gate_proj.weight:  47%|████▋     | 578/1223 [00:05<00:05, 113.14w/s, dev=cpu]
language_model.model.layers.20.mlp.up_proj.weight:  47%|████▋     | 579/1223 [00:05<00:05, 113.33w/s, dev=cpu]  
language_model.model.layers.20.mlp_moe_gen.down_proj.weight:  47%|████▋     | 580/1223 [00:05<00:05, 113.53w/s, dev=cpu]
language_model.model.layers.20.mlp_moe_gen.gate_proj.weight:  48%|████▊     | 581/1223 [00:05<00:05, 113.72w/s, dev=cpu]
language_model.model.layers.20.mlp_moe_gen.up_proj.weight:  48%|████▊     | 582/1223 [00:05<00:05, 113.91w/s, dev=cpu]  
language_model.model.layers.20.post_attention_layernorm.weight:  48%|████▊     | 583/1223 [00:05<00:05, 114.11w/s, dev=cpu]
language_model.model.layers.20.post_attention_layernorm_moe_gen.weight:  48%|████▊     | 584/1223 [00:05<00:05, 114.30w/s, dev=cpu]
language_model.model.layers.20.self_attn.k_norm.weight:  48%|████▊     | 585/1223 [00:05<00:05, 114.50w/s, dev=cpu]                
language_model.model.layers.20.self_attn.k_norm_moe_gen.weight:  48%|████▊     | 586/1223 [00:05<00:05, 114.69w/s, dev=cpu]
language_model.model.layers.20.self_attn.k_proj.bias:  48%|████▊     | 587/1223 [00:05<00:05, 114.88w/s, dev=cpu]          
language_model.model.layers.20.self_attn.k_proj.weight:  48%|████▊     | 588/1223 [00:05<00:05, 115.08w/s, dev=cpu]
language_model.model.layers.20.self_attn.k_proj_moe_gen.bias:  48%|████▊     | 589/1223 [00:05<00:05, 115.27w/s, dev=cpu]
language_model.model.layers.20.self_attn.k_proj_moe_gen.weight:  48%|████▊     | 590/1223 [00:05<00:05, 115.47w/s, dev=cpu]
language_model.model.layers.20.self_attn.o_proj.weight:  48%|████▊     | 591/1223 [00:05<00:05, 115.66w/s, dev=cpu]        
language_model.model.layers.20.self_attn.o_proj.weight:  48%|████▊     | 592/1223 [00:05<00:05, 115.85w/s, dev=cpu]
language_model.model.layers.20.self_attn.o_proj_moe_gen.weight:  48%|████▊     | 592/1223 [00:05<00:05, 115.85w/s, dev=cpu]
language_model.model.layers.20.self_attn.q_norm.weight:  48%|████▊     | 593/1223 [00:05<00:05, 116.05w/s, dev=cpu]        
language_model.model.layers.20.self_attn.q_norm_moe_gen.weight:  49%|████▊     | 594/1223 [00:05<00:05, 116.24w/s, dev=cpu]
language_model.model.layers.20.self_attn.q_proj.bias:  49%|████▊     | 595/1223 [00:05<00:05, 116.43w/s, dev=cpu]          
language_model.model.layers.20.self_attn.q_proj.weight:  49%|████▊     | 596/1223 [00:05<00:05, 116.63w/s, dev=cpu]
language_model.model.layers.20.self_attn.q_proj_moe_gen.bias:  49%|████▉     | 597/1223 [00:05<00:05, 116.82w/s, dev=cpu]
language_model.model.layers.20.self_attn.q_proj_moe_gen.weight:  49%|████▉     | 598/1223 [00:05<00:05, 117.01w/s, dev=cpu]
language_model.model.layers.20.self_attn.v_proj.bias:  49%|████▉     | 599/1223 [00:05<00:05, 117.21w/s, dev=cpu]          
language_model.model.layers.20.self_attn.v_proj.weight:  49%|████▉     | 600/1223 [00:05<00:05, 117.40w/s, dev=cpu]
language_model.model.layers.20.self_attn.v_proj_moe_gen.bias:  49%|████▉     | 601/1223 [00:05<00:05, 117.60w/s, dev=cpu]
language_model.model.layers.20.self_attn.v_proj_moe_gen.weight:  49%|████▉     | 602/1223 [00:05<00:05, 117.79w/s, dev=cpu]
language_model.model.layers.21.input_layernorm.weight:  49%|████▉     | 603/1223 [00:05<00:05, 117.98w/s, dev=cpu]         
language_model.model.layers.21.input_layernorm_moe_gen.weight:  49%|████▉     | 604/1223 [00:05<00:05, 118.18w/s, dev=cpu]
language_model.model.layers.21.mlp.down_proj.weight:  49%|████▉     | 605/1223 [00:05<00:05, 118.37w/s, dev=cpu]          
language_model.model.layers.21.mlp.gate_proj.weight:  50%|████▉     | 606/1223 [00:05<00:05, 118.57w/s, dev=cpu]
language_model.model.layers.21.mlp.up_proj.weight:  50%|████▉     | 607/1223 [00:05<00:05, 118.76w/s, dev=cpu]  
language_model.model.layers.21.mlp_moe_gen.down_proj.weight:  50%|████▉     | 608/1223 [00:05<00:05, 118.95w/s, dev=cpu]
language_model.model.layers.21.mlp_moe_gen.gate_proj.weight:  50%|████▉     | 609/1223 [00:05<00:05, 119.15w/s, dev=cpu]
language_model.model.layers.21.mlp_moe_gen.up_proj.weight:  50%|████▉     | 610/1223 [00:05<00:05, 119.34w/s, dev=cpu]  
language_model.model.layers.21.post_attention_layernorm.weight:  50%|████▉     | 611/1223 [00:05<00:05, 119.53w/s, dev=cpu]
language_model.model.layers.21.post_attention_layernorm_moe_gen.weight:  50%|█████     | 612/1223 [00:05<00:05, 119.73w/s, dev=cpu]
language_model.model.layers.21.self_attn.k_norm.weight:  50%|█████     | 613/1223 [00:05<00:05, 119.92w/s, dev=cpu]                
language_model.model.layers.21.self_attn.k_norm_moe_gen.weight:  50%|█████     | 614/1223 [00:05<00:05, 120.11w/s, dev=cpu]
language_model.model.layers.21.self_attn.k_proj.bias:  50%|█████     | 615/1223 [00:05<00:05, 120.31w/s, dev=cpu]          
language_model.model.layers.21.self_attn.k_proj.weight:  50%|█████     | 616/1223 [00:05<00:05, 120.50w/s, dev=cpu]
language_model.model.layers.21.self_attn.k_proj_moe_gen.bias:  50%|█████     | 617/1223 [00:05<00:05, 120.70w/s, dev=cpu]
language_model.model.layers.21.self_attn.k_proj_moe_gen.weight:  51%|█████     | 618/1223 [00:05<00:05, 120.89w/s, dev=cpu]
language_model.model.layers.21.self_attn.o_proj.weight:  51%|█████     | 619/1223 [00:05<00:04, 121.08w/s, dev=cpu]        
language_model.model.layers.21.self_attn.o_proj_moe_gen.weight:  51%|█████     | 620/1223 [00:05<00:04, 121.28w/s, dev=cpu]
language_model.model.layers.21.self_attn.q_norm.weight:  51%|█████     | 621/1223 [00:05<00:04, 121.47w/s, dev=cpu]        
language_model.model.layers.21.self_attn.q_norm_moe_gen.weight:  51%|█████     | 622/1223 [00:05<00:04, 121.66w/s, dev=cpu]
language_model.model.layers.21.self_attn.q_proj.bias:  51%|█████     | 623/1223 [00:05<00:04, 121.86w/s, dev=cpu]          
language_model.model.layers.21.self_attn.q_proj.weight:  51%|█████     | 624/1223 [00:05<00:04, 122.05w/s, dev=cpu]
language_model.model.layers.21.self_attn.q_proj_moe_gen.bias:  51%|█████     | 625/1223 [00:05<00:04, 122.25w/s, dev=cpu]
language_model.model.layers.21.self_attn.q_proj_moe_gen.weight:  51%|█████     | 626/1223 [00:05<00:04, 122.44w/s, dev=cpu]
language_model.model.layers.21.self_attn.v_proj.bias:  51%|█████▏    | 627/1223 [00:05<00:04, 122.63w/s, dev=cpu]          
language_model.model.layers.21.self_attn.v_proj.weight:  51%|█████▏    | 628/1223 [00:05<00:04, 122.83w/s, dev=cpu]
language_model.model.layers.21.self_attn.v_proj_moe_gen.bias:  51%|█████▏    | 629/1223 [00:05<00:04, 123.02w/s, dev=cpu]
language_model.model.layers.21.self_attn.v_proj_moe_gen.weight:  52%|█████▏    | 630/1223 [00:05<00:04, 123.21w/s, dev=cpu]
language_model.model.layers.22.input_layernorm.weight:  52%|█████▏    | 631/1223 [00:05<00:04, 123.41w/s, dev=cpu]         
language_model.model.layers.22.input_layernorm_moe_gen.weight:  52%|█████▏    | 632/1223 [00:05<00:04, 123.60w/s, dev=cpu]
language_model.model.layers.22.mlp.down_proj.weight:  52%|█████▏    | 633/1223 [00:05<00:04, 123.79w/s, dev=cpu]          
language_model.model.layers.22.mlp.gate_proj.weight:  52%|█████▏    | 634/1223 [00:05<00:04, 123.99w/s, dev=cpu]
language_model.model.layers.22.mlp.up_proj.weight:  52%|█████▏    | 635/1223 [00:05<00:04, 124.18w/s, dev=cpu]  
language_model.model.layers.22.mlp_moe_gen.down_proj.weight:  52%|█████▏    | 636/1223 [00:05<00:04, 124.37w/s, dev=cpu]
language_model.model.layers.22.mlp_moe_gen.gate_proj.weight:  52%|█████▏    | 637/1223 [00:05<00:04, 124.57w/s, dev=cpu]
language_model.model.layers.22.mlp_moe_gen.up_proj.weight:  52%|█████▏    | 638/1223 [00:05<00:04, 124.76w/s, dev=cpu]  
language_model.model.layers.22.post_attention_layernorm.weight:  52%|█████▏    | 639/1223 [00:05<00:04, 124.95w/s, dev=cpu]
language_model.model.layers.22.post_attention_layernorm_moe_gen.weight:  52%|█████▏    | 640/1223 [00:05<00:04, 125.15w/s, dev=cpu]
language_model.model.layers.22.self_attn.k_norm.weight:  52%|█████▏    | 641/1223 [00:05<00:04, 125.34w/s, dev=cpu]                
language_model.model.layers.22.self_attn.k_norm_moe_gen.weight:  52%|█████▏    | 642/1223 [00:05<00:04, 125.54w/s, dev=cpu]
language_model.model.layers.22.self_attn.k_proj.bias:  53%|█████▎    | 643/1223 [00:05<00:04, 125.73w/s, dev=cpu]          
language_model.model.layers.22.self_attn.k_proj.weight:  53%|█████▎    | 644/1223 [00:05<00:04, 125.92w/s, dev=cpu]
language_model.model.layers.22.self_attn.k_proj_moe_gen.bias:  53%|█████▎    | 645/1223 [00:05<00:04, 126.12w/s, dev=cpu]
language_model.model.layers.22.self_attn.k_proj_moe_gen.weight:  53%|█████▎    | 646/1223 [00:05<00:04, 126.31w/s, dev=cpu]
language_model.model.layers.22.self_attn.o_proj.weight:  53%|█████▎    | 647/1223 [00:05<00:04, 126.50w/s, dev=cpu]        
language_model.model.layers.22.self_attn.o_proj_moe_gen.weight:  53%|█████▎    | 648/1223 [00:05<00:04, 126.70w/s, dev=cpu]
language_model.model.layers.22.self_attn.q_norm.weight:  53%|█████▎    | 649/1223 [00:05<00:04, 126.89w/s, dev=cpu]        
language_model.model.layers.22.self_attn.q_norm_moe_gen.weight:  53%|█████▎    | 650/1223 [00:05<00:04, 127.08w/s, dev=cpu]
language_model.model.layers.22.self_attn.q_proj.bias:  53%|█████▎    | 651/1223 [00:05<00:04, 127.28w/s, dev=cpu]          
language_model.model.layers.22.self_attn.q_proj.weight:  53%|█████▎    | 652/1223 [00:05<00:04, 127.47w/s, dev=cpu]
language_model.model.layers.22.self_attn.q_proj_moe_gen.bias:  53%|█████▎    | 653/1223 [00:05<00:04, 127.66w/s, dev=cpu]
language_model.model.layers.22.self_attn.q_proj_moe_gen.weight:  53%|█████▎    | 654/1223 [00:05<00:04, 127.86w/s, dev=cpu]
language_model.model.layers.22.self_attn.v_proj.bias:  54%|█████▎    | 655/1223 [00:05<00:04, 128.05w/s, dev=cpu]          
language_model.model.layers.22.self_attn.v_proj.weight:  54%|█████▎    | 656/1223 [00:05<00:04, 128.25w/s, dev=cpu]
language_model.model.layers.22.self_attn.v_proj_moe_gen.bias:  54%|█████▎    | 657/1223 [00:05<00:04, 128.44w/s, dev=cpu]
language_model.model.layers.22.self_attn.v_proj_moe_gen.weight:  54%|█████▍    | 658/1223 [00:05<00:04, 128.63w/s, dev=cpu]
language_model.model.layers.23.input_layernorm.weight:  54%|█████▍    | 659/1223 [00:05<00:04, 128.83w/s, dev=cpu]         
language_model.model.layers.23.input_layernorm_moe_gen.weight:  54%|█████▍    | 660/1223 [00:05<00:04, 129.02w/s, dev=cpu]
language_model.model.layers.23.mlp.down_proj.weight:  54%|█████▍    | 661/1223 [00:05<00:04, 129.21w/s, dev=cpu]          
language_model.model.layers.23.mlp.gate_proj.weight:  54%|█████▍    | 662/1223 [00:05<00:04, 129.41w/s, dev=cpu]
language_model.model.layers.23.mlp.up_proj.weight:  54%|█████▍    | 663/1223 [00:05<00:04, 129.60w/s, dev=cpu]  
language_model.model.layers.23.mlp_moe_gen.down_proj.weight:  54%|█████▍    | 664/1223 [00:05<00:04, 129.79w/s, dev=cpu]
language_model.model.layers.23.mlp_moe_gen.gate_proj.weight:  54%|█████▍    | 665/1223 [00:05<00:04, 129.99w/s, dev=cpu]
language_model.model.layers.23.mlp_moe_gen.up_proj.weight:  54%|█████▍    | 666/1223 [00:05<00:04, 130.18w/s, dev=cpu]  
language_model.model.layers.23.post_attention_layernorm.weight:  55%|█████▍    | 667/1223 [00:05<00:04, 130.37w/s, dev=cpu]
language_model.model.layers.23.post_attention_layernorm_moe_gen.weight:  55%|█████▍    | 668/1223 [00:05<00:04, 130.56w/s, dev=cpu]
language_model.model.layers.23.self_attn.k_norm.weight:  55%|█████▍    | 669/1223 [00:05<00:04, 130.76w/s, dev=cpu]                
language_model.model.layers.23.self_attn.k_norm_moe_gen.weight:  55%|█████▍    | 670/1223 [00:05<00:04, 130.95w/s, dev=cpu]
language_model.model.layers.23.self_attn.k_proj.bias:  55%|█████▍    | 671/1223 [00:05<00:04, 131.14w/s, dev=cpu]          
language_model.model.layers.23.self_attn.k_proj.weight:  55%|█████▍    | 672/1223 [00:05<00:04, 131.34w/s, dev=cpu]
language_model.model.layers.23.self_attn.k_proj_moe_gen.bias:  55%|█████▌    | 673/1223 [00:05<00:04, 131.53w/s, dev=cpu]
language_model.model.layers.23.self_attn.k_proj_moe_gen.weight:  55%|█████▌    | 674/1223 [00:05<00:04, 131.72w/s, dev=cpu]
language_model.model.layers.23.self_attn.o_proj.weight:  55%|█████▌    | 675/1223 [00:05<00:04, 131.92w/s, dev=cpu]        
language_model.model.layers.23.self_attn.o_proj_moe_gen.weight:  55%|█████▌    | 676/1223 [00:05<00:04, 132.11w/s, dev=cpu]
language_model.model.layers.23.self_attn.q_norm.weight:  55%|█████▌    | 677/1223 [00:05<00:04, 132.31w/s, dev=cpu]        
language_model.model.layers.23.self_attn.q_norm_moe_gen.weight:  55%|█████▌    | 678/1223 [00:05<00:04, 132.50w/s, dev=cpu]
language_model.model.layers.23.self_attn.q_proj.bias:  56%|█████▌    | 679/1223 [00:05<00:04, 132.69w/s, dev=cpu]          
language_model.model.layers.23.self_attn.q_proj.weight:  56%|█████▌    | 680/1223 [00:05<00:04, 132.89w/s, dev=cpu]
language_model.model.layers.23.self_attn.q_proj_moe_gen.bias:  56%|█████▌    | 681/1223 [00:05<00:04, 133.08w/s, dev=cpu]
language_model.model.layers.23.self_attn.q_proj_moe_gen.weight:  56%|█████▌    | 682/1223 [00:05<00:04, 133.27w/s, dev=cpu]
language_model.model.layers.23.self_attn.v_proj.bias:  56%|█████▌    | 683/1223 [00:05<00:04, 133.47w/s, dev=cpu]          
language_model.model.layers.23.self_attn.v_proj.weight:  56%|█████▌    | 684/1223 [00:05<00:04, 133.66w/s, dev=cpu]
language_model.model.layers.23.self_attn.v_proj_moe_gen.bias:  56%|█████▌    | 685/1223 [00:05<00:04, 133.85w/s, dev=cpu]
language_model.model.layers.23.self_attn.v_proj_moe_gen.weight:  56%|█████▌    | 686/1223 [00:05<00:04, 134.05w/s, dev=cpu]
language_model.model.layers.24.input_layernorm.weight:  56%|█████▌    | 687/1223 [00:05<00:03, 134.24w/s, dev=cpu]         
language_model.model.layers.24.input_layernorm_moe_gen.weight:  56%|█████▋    | 688/1223 [00:05<00:03, 134.43w/s, dev=cpu]
language_model.model.layers.24.mlp.down_proj.weight:  56%|█████▋    | 689/1223 [00:05<00:03, 134.63w/s, dev=cpu]          
language_model.model.layers.24.mlp.gate_proj.weight:  56%|█████▋    | 690/1223 [00:05<00:03, 134.82w/s, dev=cpu]
language_model.model.layers.24.mlp.up_proj.weight:  57%|█████▋    | 691/1223 [00:05<00:03, 135.01w/s, dev=cpu]  
language_model.model.layers.24.mlp_moe_gen.down_proj.weight:  57%|█████▋    | 692/1223 [00:05<00:03, 135.20w/s, dev=cpu]
language_model.model.layers.24.mlp_moe_gen.gate_proj.weight:  57%|█████▋    | 693/1223 [00:05<00:03, 135.40w/s, dev=cpu]
language_model.model.layers.24.mlp_moe_gen.up_proj.weight:  57%|█████▋    | 694/1223 [00:05<00:03, 135.59w/s, dev=cpu]  
language_model.model.layers.24.post_attention_layernorm.weight:  57%|█████▋    | 695/1223 [00:05<00:03, 135.78w/s, dev=cpu]
language_model.model.layers.24.post_attention_layernorm_moe_gen.weight:  57%|█████▋    | 696/1223 [00:05<00:03, 135.98w/s, dev=cpu]
language_model.model.layers.24.self_attn.k_norm.weight:  57%|█████▋    | 697/1223 [00:05<00:03, 136.17w/s, dev=cpu]                
language_model.model.layers.24.self_attn.k_norm_moe_gen.weight:  57%|█████▋    | 698/1223 [00:05<00:03, 136.36w/s, dev=cpu]
language_model.model.layers.24.self_attn.k_proj.bias:  57%|█████▋    | 699/1223 [00:05<00:03, 136.56w/s, dev=cpu]          
language_model.model.layers.24.self_attn.k_proj.weight:  57%|█████▋    | 700/1223 [00:05<00:03, 136.75w/s, dev=cpu]
language_model.model.layers.24.self_attn.k_proj_moe_gen.bias:  57%|█████▋    | 701/1223 [00:05<00:03, 136.94w/s, dev=cpu]
language_model.model.layers.24.self_attn.k_proj_moe_gen.weight:  57%|█████▋    | 702/1223 [00:05<00:03, 137.14w/s, dev=cpu]
language_model.model.layers.24.self_attn.o_proj.weight:  57%|█████▋    | 703/1223 [00:05<00:03, 137.33w/s, dev=cpu]        
language_model.model.layers.24.self_attn.o_proj_moe_gen.weight:  58%|█████▊    | 704/1223 [00:05<00:03, 137.52w/s, dev=cpu]
language_model.model.layers.24.self_attn.q_norm.weight:  58%|█████▊    | 705/1223 [00:05<00:03, 137.72w/s, dev=cpu]        
language_model.model.layers.24.self_attn.q_norm_moe_gen.weight:  58%|█████▊    | 706/1223 [00:05<00:03, 137.91w/s, dev=cpu]
language_model.model.layers.24.self_attn.q_proj.bias:  58%|█████▊    | 707/1223 [00:05<00:03, 138.10w/s, dev=cpu]          
language_model.model.layers.24.self_attn.q_proj.weight:  58%|█████▊    | 708/1223 [00:05<00:03, 138.30w/s, dev=cpu]
language_model.model.layers.24.self_attn.q_proj_moe_gen.bias:  58%|█████▊    | 709/1223 [00:05<00:03, 138.49w/s, dev=cpu]
language_model.model.layers.24.self_attn.q_proj_moe_gen.weight:  58%|█████▊    | 710/1223 [00:05<00:03, 138.68w/s, dev=cpu]
language_model.model.layers.24.self_attn.v_proj.bias:  58%|█████▊    | 711/1223 [00:05<00:03, 138.88w/s, dev=cpu]          
language_model.model.layers.24.self_attn.v_proj.weight:  58%|█████▊    | 712/1223 [00:05<00:03, 139.07w/s, dev=cpu]
language_model.model.layers.24.self_attn.v_proj_moe_gen.bias:  58%|█████▊    | 713/1223 [00:05<00:03, 139.26w/s, dev=cpu]
language_model.model.layers.24.self_attn.v_proj_moe_gen.weight:  58%|█████▊    | 714/1223 [00:05<00:03, 139.46w/s, dev=cpu]
language_model.model.layers.25.input_layernorm.weight:  58%|█████▊    | 715/1223 [00:05<00:03, 139.65w/s, dev=cpu]         
language_model.model.layers.25.input_layernorm_moe_gen.weight:  59%|█████▊    | 716/1223 [00:05<00:03, 139.84w/s, dev=cpu]
language_model.model.layers.25.mlp.down_proj.weight:  59%|█████▊    | 717/1223 [00:05<00:03, 140.04w/s, dev=cpu]          
language_model.model.layers.25.mlp.gate_proj.weight:  59%|█████▊    | 718/1223 [00:05<00:03, 140.23w/s, dev=cpu]
language_model.model.layers.25.mlp.up_proj.weight:  59%|█████▉    | 719/1223 [00:05<00:03, 140.42w/s, dev=cpu]  
language_model.model.layers.25.mlp_moe_gen.down_proj.weight:  59%|█████▉    | 720/1223 [00:05<00:03, 140.57w/s, dev=cpu]
language_model.model.layers.25.mlp_moe_gen.gate_proj.weight:  59%|█████▉    | 721/1223 [00:05<00:03, 140.76w/s, dev=cpu]
language_model.model.layers.25.mlp_moe_gen.up_proj.weight:  59%|█████▉    | 722/1223 [00:05<00:03, 140.95w/s, dev=cpu]  
language_model.model.layers.25.post_attention_layernorm.weight:  59%|█████▉    | 723/1223 [00:05<00:03, 141.14w/s, dev=cpu]
language_model.model.layers.25.post_attention_layernorm_moe_gen.weight:  59%|█████▉    | 724/1223 [00:05<00:03, 141.34w/s, dev=cpu]
language_model.model.layers.25.self_attn.k_norm.weight:  59%|█████▉    | 725/1223 [00:05<00:03, 141.53w/s, dev=cpu]                
language_model.model.layers.25.self_attn.k_norm_moe_gen.weight:  59%|█████▉    | 726/1223 [00:05<00:03, 141.72w/s, dev=cpu]
language_model.model.layers.25.self_attn.k_proj.bias:  59%|█████▉    | 727/1223 [00:05<00:03, 141.92w/s, dev=cpu]          
language_model.model.layers.25.self_attn.k_proj.weight:  60%|█████▉    | 728/1223 [00:05<00:03, 142.11w/s, dev=cpu]
language_model.model.layers.25.self_attn.k_proj_moe_gen.bias:  60%|█████▉    | 729/1223 [00:05<00:03, 142.30w/s, dev=cpu]
language_model.model.layers.25.self_attn.k_proj_moe_gen.weight:  60%|█████▉    | 730/1223 [00:05<00:03, 142.50w/s, dev=cpu]
language_model.model.layers.25.self_attn.o_proj.weight:  60%|█████▉    | 731/1223 [00:05<00:03, 142.69w/s, dev=cpu]        
language_model.model.layers.25.self_attn.o_proj_moe_gen.weight:  60%|█████▉    | 732/1223 [00:05<00:03, 142.88w/s, dev=cpu]
language_model.model.layers.25.self_attn.q_norm.weight:  60%|█████▉    | 733/1223 [00:05<00:03, 143.07w/s, dev=cpu]        
language_model.model.layers.25.self_attn.q_norm_moe_gen.weight:  60%|██████    | 734/1223 [00:05<00:03, 143.27w/s, dev=cpu]
language_model.model.layers.25.self_attn.q_proj.bias:  60%|██████    | 735/1223 [00:05<00:03, 143.46w/s, dev=cpu]          
language_model.model.layers.25.self_attn.q_proj.weight:  60%|██████    | 736/1223 [00:05<00:03, 143.65w/s, dev=cpu]
language_model.model.layers.25.self_attn.q_proj_moe_gen.bias:  60%|██████    | 737/1223 [00:05<00:03, 143.85w/s, dev=cpu]
language_model.model.layers.25.self_attn.q_proj_moe_gen.weight:  60%|██████    | 738/1223 [00:05<00:03, 144.04w/s, dev=cpu]
language_model.model.layers.25.self_attn.v_proj.bias:  60%|██████    | 739/1223 [00:05<00:03, 144.23w/s, dev=cpu]          
language_model.model.layers.25.self_attn.v_proj.weight:  61%|██████    | 740/1223 [00:05<00:03, 144.42w/s, dev=cpu]
language_model.model.layers.25.self_attn.v_proj_moe_gen.bias:  61%|██████    | 741/1223 [00:05<00:03, 144.62w/s, dev=cpu]
language_model.model.layers.25.self_attn.v_proj_moe_gen.weight:  61%|██████    | 742/1223 [00:05<00:03, 144.81w/s, dev=cpu]
language_model.model.layers.26.input_layernorm.weight:  61%|██████    | 743/1223 [00:05<00:03, 145.00w/s, dev=cpu]         
language_model.model.layers.26.input_layernorm_moe_gen.weight:  61%|██████    | 744/1223 [00:05<00:03, 145.19w/s, dev=cpu]
language_model.model.layers.26.mlp.down_proj.weight:  61%|██████    | 745/1223 [00:05<00:03, 145.39w/s, dev=cpu]          
language_model.model.layers.26.mlp.gate_proj.weight:  61%|██████    | 746/1223 [00:05<00:03, 145.58w/s, dev=cpu]
language_model.model.layers.26.mlp.up_proj.weight:  61%|██████    | 747/1223 [00:05<00:03, 145.77w/s, dev=cpu]  
language_model.model.layers.26.mlp_moe_gen.down_proj.weight:  61%|██████    | 748/1223 [00:05<00:03, 145.96w/s, dev=cpu]
language_model.model.layers.26.mlp_moe_gen.gate_proj.weight:  61%|██████    | 749/1223 [00:05<00:03, 146.16w/s, dev=cpu]
language_model.model.layers.26.mlp_moe_gen.up_proj.weight:  61%|██████▏   | 750/1223 [00:05<00:03, 146.35w/s, dev=cpu]  
language_model.model.layers.26.post_attention_layernorm.weight:  61%|██████▏   | 751/1223 [00:05<00:03, 146.54w/s, dev=cpu]
language_model.model.layers.26.post_attention_layernorm_moe_gen.weight:  61%|██████▏   | 752/1223 [00:05<00:03, 146.73w/s, dev=cpu]
language_model.model.layers.26.self_attn.k_norm.weight:  62%|██████▏   | 753/1223 [00:05<00:03, 146.93w/s, dev=cpu]                
language_model.model.layers.26.self_attn.k_norm_moe_gen.weight:  62%|██████▏   | 754/1223 [00:05<00:03, 147.12w/s, dev=cpu]
language_model.model.layers.26.self_attn.k_proj.bias:  62%|██████▏   | 755/1223 [00:05<00:03, 147.31w/s, dev=cpu]          
language_model.model.layers.26.self_attn.k_proj.weight:  62%|██████▏   | 756/1223 [00:05<00:03, 147.51w/s, dev=cpu]
language_model.model.layers.26.self_attn.k_proj_moe_gen.bias:  62%|██████▏   | 757/1223 [00:05<00:03, 147.70w/s, dev=cpu]
language_model.model.layers.26.self_attn.k_proj_moe_gen.weight:  62%|██████▏   | 758/1223 [00:05<00:03, 147.89w/s, dev=cpu]
language_model.model.layers.26.self_attn.o_proj.weight:  62%|██████▏   | 759/1223 [00:05<00:03, 148.09w/s, dev=cpu]        
language_model.model.layers.26.self_attn.o_proj_moe_gen.weight:  62%|██████▏   | 760/1223 [00:05<00:03, 148.28w/s, dev=cpu]
language_model.model.layers.26.self_attn.q_norm.weight:  62%|██████▏   | 761/1223 [00:05<00:03, 148.47w/s, dev=cpu]        
language_model.model.layers.26.self_attn.q_norm_moe_gen.weight:  62%|██████▏   | 762/1223 [00:05<00:03, 148.66w/s, dev=cpu]
language_model.model.layers.26.self_attn.q_proj.bias:  62%|██████▏   | 763/1223 [00:05<00:03, 148.86w/s, dev=cpu]          
language_model.model.layers.26.self_attn.q_proj.weight:  62%|██████▏   | 764/1223 [00:05<00:03, 149.05w/s, dev=cpu]
language_model.model.layers.26.self_attn.q_proj_moe_gen.bias:  63%|██████▎   | 765/1223 [00:05<00:03, 149.24w/s, dev=cpu]
language_model.model.layers.26.self_attn.q_proj_moe_gen.weight:  63%|██████▎   | 766/1223 [00:05<00:03, 149.44w/s, dev=cpu]
language_model.model.layers.26.self_attn.v_proj.bias:  63%|██████▎   | 767/1223 [00:05<00:03, 149.63w/s, dev=cpu]          
language_model.model.layers.26.self_attn.v_proj.weight:  63%|██████▎   | 768/1223 [00:05<00:03, 149.82w/s, dev=cpu]
language_model.model.layers.26.self_attn.v_proj_moe_gen.bias:  63%|██████▎   | 769/1223 [00:05<00:03, 150.01w/s, dev=cpu]
language_model.model.layers.26.self_attn.v_proj_moe_gen.weight:  63%|██████▎   | 770/1223 [00:05<00:03, 150.21w/s, dev=cpu]
language_model.model.layers.27.input_layernorm.weight:  63%|██████▎   | 771/1223 [00:05<00:03, 150.40w/s, dev=cpu]         
language_model.model.layers.27.input_layernorm_moe_gen.weight:  63%|██████▎   | 772/1223 [00:05<00:02, 150.59w/s, dev=cpu]
language_model.model.layers.27.mlp.down_proj.weight:  63%|██████▎   | 773/1223 [00:05<00:02, 150.79w/s, dev=cpu]          
language_model.model.layers.27.mlp.gate_proj.weight:  63%|██████▎   | 774/1223 [00:05<00:02, 150.98w/s, dev=cpu]
language_model.model.layers.27.mlp.up_proj.weight:  63%|██████▎   | 775/1223 [00:05<00:02, 151.17w/s, dev=cpu]  
language_model.model.layers.27.mlp_moe_gen.down_proj.weight:  63%|██████▎   | 776/1223 [00:05<00:02, 151.36w/s, dev=cpu]
language_model.model.layers.27.mlp_moe_gen.gate_proj.weight:  64%|██████▎   | 777/1223 [00:05<00:02, 151.55w/s, dev=cpu]
language_model.model.layers.27.mlp_moe_gen.up_proj.weight:  64%|██████▎   | 778/1223 [00:05<00:02, 151.75w/s, dev=cpu]  
language_model.model.layers.27.post_attention_layernorm.weight:  64%|██████▎   | 779/1223 [00:05<00:02, 151.94w/s, dev=cpu]
language_model.model.layers.27.post_attention_layernorm_moe_gen.weight:  64%|██████▍   | 780/1223 [00:05<00:02, 152.13w/s, dev=cpu]
language_model.model.layers.27.self_attn.k_norm.weight:  64%|██████▍   | 781/1223 [00:05<00:02, 152.32w/s, dev=cpu]                
language_model.model.layers.27.self_attn.k_norm_moe_gen.weight:  64%|██████▍   | 782/1223 [00:05<00:02, 152.52w/s, dev=cpu]
language_model.model.layers.27.self_attn.k_proj.bias:  64%|██████▍   | 783/1223 [00:05<00:02, 152.71w/s, dev=cpu]          
language_model.model.layers.27.self_attn.k_proj.weight:  64%|██████▍   | 784/1223 [00:05<00:02, 152.90w/s, dev=cpu]
language_model.model.layers.27.self_attn.k_proj_moe_gen.bias:  64%|██████▍   | 785/1223 [00:05<00:02, 153.10w/s, dev=cpu]
language_model.model.layers.27.self_attn.k_proj_moe_gen.weight:  64%|██████▍   | 786/1223 [00:05<00:02, 153.29w/s, dev=cpu]
language_model.model.layers.27.self_attn.o_proj.weight:  64%|██████▍   | 787/1223 [00:05<00:02, 153.48w/s, dev=cpu]        
language_model.model.layers.27.self_attn.o_proj_moe_gen.weight:  64%|██████▍   | 788/1223 [00:05<00:02, 153.67w/s, dev=cpu]
language_model.model.layers.27.self_attn.q_norm.weight:  65%|██████▍   | 789/1223 [00:05<00:02, 153.87w/s, dev=cpu]        
language_model.model.layers.27.self_attn.q_norm_moe_gen.weight:  65%|██████▍   | 790/1223 [00:05<00:02, 154.06w/s, dev=cpu]
language_model.model.layers.27.self_attn.q_proj.bias:  65%|██████▍   | 791/1223 [00:05<00:02, 154.25w/s, dev=cpu]          
language_model.model.layers.27.self_attn.q_proj.weight:  65%|██████▍   | 792/1223 [00:05<00:02, 154.44w/s, dev=cpu]
language_model.model.layers.27.self_attn.q_proj_moe_gen.bias:  65%|██████▍   | 793/1223 [00:05<00:02, 154.64w/s, dev=cpu]
language_model.model.layers.27.self_attn.q_proj_moe_gen.weight:  65%|██████▍   | 794/1223 [00:05<00:02, 154.83w/s, dev=cpu]
language_model.model.layers.27.self_attn.v_proj.bias:  65%|██████▌   | 795/1223 [00:05<00:02, 155.02w/s, dev=cpu]          
language_model.model.layers.27.self_attn.v_proj.weight:  65%|██████▌   | 796/1223 [00:05<00:02, 155.22w/s, dev=cpu]
language_model.model.layers.27.self_attn.v_proj_moe_gen.bias:  65%|██████▌   | 797/1223 [00:05<00:02, 155.41w/s, dev=cpu]
language_model.model.layers.27.self_attn.v_proj_moe_gen.weight:  65%|██████▌   | 798/1223 [00:05<00:02, 155.60w/s, dev=cpu]
language_model.model.norm.weight:  65%|██████▌   | 799/1223 [00:05<00:02, 155.79w/s, dev=cpu]                              
language_model.model.norm_moe_gen.weight:  65%|██████▌   | 800/1223 [00:05<00:02, 155.99w/s, dev=cpu]
language_model.lm_head.weight:  65%|██████▌   | 801/1223 [00:05<00:02, 156.18w/s, dev=cpu]           
vit_model.vision_model.embeddings.patch_embedding.bias:  66%|██████▌   | 802/1223 [00:05<00:02, 156.37w/s, dev=cpu]
vit_model.vision_model.embeddings.patch_embedding.weight:  66%|██████▌   | 803/1223 [00:05<00:02, 156.56w/s, dev=cpu]
vit_model.vision_model.embeddings.position_embedding.weight:  66%|██████▌   | 804/1223 [00:05<00:02, 156.76w/s, dev=cpu]
vit_model.vision_model.encoder.layers.0.layer_norm1.bias:  66%|██████▌   | 805/1223 [00:05<00:02, 156.95w/s, dev=cpu]   
vit_model.vision_model.encoder.layers.0.layer_norm1.weight:  66%|██████▌   | 806/1223 [00:05<00:02, 157.14w/s, dev=cpu]
vit_model.vision_model.encoder.layers.0.layer_norm2.bias:  66%|██████▌   | 807/1223 [00:05<00:02, 157.33w/s, dev=cpu]  
vit_model.vision_model.encoder.layers.0.layer_norm2.weight:  66%|██████▌   | 808/1223 [00:05<00:02, 157.53w/s, dev=cpu]
vit_model.vision_model.encoder.layers.0.mlp.fc1.bias:  66%|██████▌   | 809/1223 [00:05<00:02, 157.72w/s, dev=cpu]      
vit_model.vision_model.encoder.layers.0.mlp.fc1.weight:  66%|██████▌   | 810/1223 [00:05<00:02, 157.91w/s, dev=cpu]
vit_model.vision_model.encoder.layers.0.mlp.fc2.bias:  66%|██████▋   | 811/1223 [00:05<00:02, 158.10w/s, dev=cpu]  
vit_model.vision_model.encoder.layers.0.mlp.fc2.weight:  66%|██████▋   | 812/1223 [00:05<00:02, 158.30w/s, dev=cpu]
vit_model.vision_model.encoder.layers.0.self_attn.k_proj.bias:  66%|██████▋   | 813/1223 [00:05<00:02, 158.49w/s, dev=cpu]
vit_model.vision_model.encoder.layers.0.self_attn.k_proj.weight:  67%|██████▋   | 814/1223 [00:05<00:02, 158.68w/s, dev=cpu]
vit_model.vision_model.encoder.layers.0.self_attn.out_proj.bias:  67%|██████▋   | 815/1223 [00:05<00:02, 158.87w/s, dev=cpu]
vit_model.vision_model.encoder.layers.0.self_attn.out_proj.weight:  67%|██████▋   | 816/1223 [00:05<00:02, 159.07w/s, dev=cpu]
vit_model.vision_model.encoder.layers.0.self_attn.q_proj.bias:  67%|██████▋   | 817/1223 [00:05<00:02, 159.26w/s, dev=cpu]    
vit_model.vision_model.encoder.layers.0.self_attn.q_proj.weight:  67%|██████▋   | 818/1223 [00:05<00:02, 159.45w/s, dev=cpu]
vit_model.vision_model.encoder.layers.0.self_attn.v_proj.bias:  67%|██████▋   | 819/1223 [00:05<00:02, 159.64w/s, dev=cpu]  
vit_model.vision_model.encoder.layers.0.self_attn.v_proj.weight:  67%|██████▋   | 820/1223 [00:05<00:02, 159.84w/s, dev=cpu]
vit_model.vision_model.encoder.layers.1.layer_norm1.bias:  67%|██████▋   | 821/1223 [00:05<00:02, 160.03w/s, dev=cpu]       
vit_model.vision_model.encoder.layers.1.layer_norm1.weight:  67%|██████▋   | 822/1223 [00:05<00:02, 160.22w/s, dev=cpu]
vit_model.vision_model.encoder.layers.1.layer_norm2.bias:  67%|██████▋   | 823/1223 [00:05<00:02, 160.41w/s, dev=cpu]  
vit_model.vision_model.encoder.layers.1.layer_norm2.weight:  67%|██████▋   | 824/1223 [00:05<00:02, 160.61w/s, dev=cpu]
vit_model.vision_model.encoder.layers.1.mlp.fc1.bias:  67%|██████▋   | 825/1223 [00:05<00:02, 160.80w/s, dev=cpu]      
vit_model.vision_model.encoder.layers.1.mlp.fc1.weight:  68%|██████▊   | 826/1223 [00:05<00:02, 160.99w/s, dev=cpu]
vit_model.vision_model.encoder.layers.1.mlp.fc2.bias:  68%|██████▊   | 827/1223 [00:05<00:02, 161.18w/s, dev=cpu]  
vit_model.vision_model.encoder.layers.1.mlp.fc2.weight:  68%|██████▊   | 828/1223 [00:05<00:02, 161.38w/s, dev=cpu]
vit_model.vision_model.encoder.layers.1.self_attn.k_proj.bias:  68%|██████▊   | 829/1223 [00:05<00:02, 161.57w/s, dev=cpu]
vit_model.vision_model.encoder.layers.1.self_attn.k_proj.weight:  68%|██████▊   | 830/1223 [00:05<00:02, 161.76w/s, dev=cpu]
vit_model.vision_model.encoder.layers.1.self_attn.out_proj.bias:  68%|██████▊   | 831/1223 [00:05<00:02, 161.95w/s, dev=cpu]
vit_model.vision_model.encoder.layers.1.self_attn.out_proj.weight:  68%|██████▊   | 832/1223 [00:05<00:02, 162.15w/s, dev=cpu]
vit_model.vision_model.encoder.layers.1.self_attn.q_proj.bias:  68%|██████▊   | 833/1223 [00:05<00:02, 162.34w/s, dev=cpu]    
vit_model.vision_model.encoder.layers.1.self_attn.q_proj.weight:  68%|██████▊   | 834/1223 [00:05<00:02, 162.53w/s, dev=cpu]
vit_model.vision_model.encoder.layers.1.self_attn.v_proj.bias:  68%|██████▊   | 835/1223 [00:05<00:02, 162.72w/s, dev=cpu]  
vit_model.vision_model.encoder.layers.1.self_attn.v_proj.weight:  68%|██████▊   | 836/1223 [00:05<00:02, 162.92w/s, dev=cpu]
vit_model.vision_model.encoder.layers.10.layer_norm1.bias:  68%|██████▊   | 837/1223 [00:05<00:02, 163.11w/s, dev=cpu]      
vit_model.vision_model.encoder.layers.10.layer_norm1.weight:  69%|██████▊   | 838/1223 [00:05<00:02, 163.30w/s, dev=cpu]
vit_model.vision_model.encoder.layers.10.layer_norm2.bias:  69%|██████▊   | 839/1223 [00:05<00:02, 163.49w/s, dev=cpu]  
vit_model.vision_model.encoder.layers.10.layer_norm2.weight:  69%|██████▊   | 840/1223 [00:05<00:02, 163.69w/s, dev=cpu]
vit_model.vision_model.encoder.layers.10.mlp.fc1.bias:  69%|██████▉   | 841/1223 [00:05<00:02, 163.88w/s, dev=cpu]      
vit_model.vision_model.encoder.layers.10.mlp.fc1.weight:  69%|██████▉   | 842/1223 [00:05<00:02, 164.07w/s, dev=cpu]
vit_model.vision_model.encoder.layers.10.mlp.fc2.bias:  69%|██████▉   | 843/1223 [00:05<00:02, 164.26w/s, dev=cpu]  
vit_model.vision_model.encoder.layers.10.mlp.fc2.weight:  69%|██████▉   | 844/1223 [00:05<00:02, 164.46w/s, dev=cpu]
vit_model.vision_model.encoder.layers.10.self_attn.k_proj.bias:  69%|██████▉   | 845/1223 [00:05<00:02, 164.65w/s, dev=cpu]
vit_model.vision_model.encoder.layers.10.self_attn.k_proj.weight:  69%|██████▉   | 846/1223 [00:05<00:02, 164.84w/s, dev=cpu]
vit_model.vision_model.encoder.layers.10.self_attn.out_proj.bias:  69%|██████▉   | 847/1223 [00:05<00:02, 165.03w/s, dev=cpu]
vit_model.vision_model.encoder.layers.10.self_attn.out_proj.weight:  69%|██████▉   | 848/1223 [00:05<00:02, 165.22w/s, dev=cpu]
vit_model.vision_model.encoder.layers.10.self_attn.q_proj.bias:  69%|██████▉   | 849/1223 [00:05<00:02, 165.42w/s, dev=cpu]    
vit_model.vision_model.encoder.layers.10.self_attn.q_proj.weight:  70%|██████▉   | 850/1223 [00:05<00:02, 165.61w/s, dev=cpu]
vit_model.vision_model.encoder.layers.10.self_attn.v_proj.bias:  70%|██████▉   | 851/1223 [00:05<00:02, 165.80w/s, dev=cpu]  
vit_model.vision_model.encoder.layers.10.self_attn.v_proj.weight:  70%|██████▉   | 852/1223 [00:05<00:02, 165.99w/s, dev=cpu]
vit_model.vision_model.encoder.layers.11.layer_norm1.bias:  70%|██████▉   | 853/1223 [00:05<00:02, 166.19w/s, dev=cpu]       
vit_model.vision_model.encoder.layers.11.layer_norm1.weight:  70%|██████▉   | 854/1223 [00:05<00:02, 166.38w/s, dev=cpu]
vit_model.vision_model.encoder.layers.11.layer_norm2.bias:  70%|██████▉   | 855/1223 [00:05<00:02, 166.57w/s, dev=cpu]  
vit_model.vision_model.encoder.layers.11.layer_norm2.weight:  70%|██████▉   | 856/1223 [00:05<00:02, 166.76w/s, dev=cpu]
vit_model.vision_model.encoder.layers.11.mlp.fc1.bias:  70%|███████   | 857/1223 [00:05<00:02, 166.96w/s, dev=cpu]      
vit_model.vision_model.encoder.layers.11.mlp.fc1.weight:  70%|███████   | 858/1223 [00:05<00:02, 167.15w/s, dev=cpu]
vit_model.vision_model.encoder.layers.11.mlp.fc2.bias:  70%|███████   | 859/1223 [00:05<00:02, 167.34w/s, dev=cpu]  
vit_model.vision_model.encoder.layers.11.mlp.fc2.weight:  70%|███████   | 860/1223 [00:05<00:02, 167.53w/s, dev=cpu]
vit_model.vision_model.encoder.layers.11.self_attn.k_proj.bias:  70%|███████   | 861/1223 [00:05<00:02, 167.73w/s, dev=cpu]
vit_model.vision_model.encoder.layers.11.self_attn.k_proj.weight:  70%|███████   | 862/1223 [00:05<00:02, 167.92w/s, dev=cpu]
vit_model.vision_model.encoder.layers.11.self_attn.out_proj.bias:  71%|███████   | 863/1223 [00:05<00:02, 168.11w/s, dev=cpu]
vit_model.vision_model.encoder.layers.11.self_attn.out_proj.weight:  71%|███████   | 864/1223 [00:05<00:02, 168.30w/s, dev=cpu]
vit_model.vision_model.encoder.layers.11.self_attn.q_proj.bias:  71%|███████   | 865/1223 [00:05<00:02, 168.49w/s, dev=cpu]    
vit_model.vision_model.encoder.layers.11.self_attn.q_proj.weight:  71%|███████   | 866/1223 [00:05<00:02, 168.69w/s, dev=cpu]
vit_model.vision_model.encoder.layers.11.self_attn.v_proj.bias:  71%|███████   | 867/1223 [00:05<00:02, 168.88w/s, dev=cpu]  
vit_model.vision_model.encoder.layers.11.self_attn.v_proj.weight:  71%|███████   | 868/1223 [00:05<00:02, 169.07w/s, dev=cpu]
vit_model.vision_model.encoder.layers.12.layer_norm1.bias:  71%|███████   | 869/1223 [00:05<00:02, 169.26w/s, dev=cpu]       
vit_model.vision_model.encoder.layers.12.layer_norm1.weight:  71%|███████   | 870/1223 [00:05<00:02, 169.46w/s, dev=cpu]
vit_model.vision_model.encoder.layers.12.layer_norm2.bias:  71%|███████   | 871/1223 [00:05<00:02, 169.65w/s, dev=cpu]  
vit_model.vision_model.encoder.layers.12.layer_norm2.weight:  71%|███████▏  | 872/1223 [00:05<00:02, 169.84w/s, dev=cpu]
vit_model.vision_model.encoder.layers.12.mlp.fc1.bias:  71%|███████▏  | 873/1223 [00:05<00:02, 170.03w/s, dev=cpu]      
vit_model.vision_model.encoder.layers.12.mlp.fc1.weight:  71%|███████▏  | 874/1223 [00:05<00:02, 170.23w/s, dev=cpu]
vit_model.vision_model.encoder.layers.12.mlp.fc2.bias:  72%|███████▏  | 875/1223 [00:05<00:02, 170.42w/s, dev=cpu]  
vit_model.vision_model.encoder.layers.12.mlp.fc2.weight:  72%|███████▏  | 876/1223 [00:05<00:02, 170.61w/s, dev=cpu]
vit_model.vision_model.encoder.layers.12.self_attn.k_proj.bias:  72%|███████▏  | 877/1223 [00:05<00:02, 170.80w/s, dev=cpu]
vit_model.vision_model.encoder.layers.12.self_attn.k_proj.weight:  72%|███████▏  | 878/1223 [00:05<00:02, 170.99w/s, dev=cpu]
vit_model.vision_model.encoder.layers.12.self_attn.out_proj.bias:  72%|███████▏  | 879/1223 [00:05<00:02, 171.19w/s, dev=cpu]
vit_model.vision_model.encoder.layers.12.self_attn.out_proj.weight:  72%|███████▏  | 880/1223 [00:05<00:02, 171.38w/s, dev=cpu]
vit_model.vision_model.encoder.layers.12.self_attn.q_proj.bias:  72%|███████▏  | 881/1223 [00:05<00:01, 171.57w/s, dev=cpu]    
vit_model.vision_model.encoder.layers.12.self_attn.q_proj.weight:  72%|███████▏  | 882/1223 [00:05<00:01, 171.76w/s, dev=cpu]
vit_model.vision_model.encoder.layers.12.self_attn.v_proj.bias:  72%|███████▏  | 883/1223 [00:05<00:01, 171.96w/s, dev=cpu]  
vit_model.vision_model.encoder.layers.12.self_attn.v_proj.weight:  72%|███████▏  | 884/1223 [00:05<00:01, 172.15w/s, dev=cpu]
vit_model.vision_model.encoder.layers.13.layer_norm1.bias:  72%|███████▏  | 885/1223 [00:05<00:01, 172.34w/s, dev=cpu]       
vit_model.vision_model.encoder.layers.13.layer_norm1.weight:  72%|███████▏  | 886/1223 [00:05<00:01, 172.53w/s, dev=cpu]
vit_model.vision_model.encoder.layers.13.layer_norm2.bias:  73%|███████▎  | 887/1223 [00:05<00:01, 172.72w/s, dev=cpu]  
vit_model.vision_model.encoder.layers.13.layer_norm2.weight:  73%|███████▎  | 888/1223 [00:05<00:01, 172.92w/s, dev=cpu]
vit_model.vision_model.encoder.layers.13.mlp.fc1.bias:  73%|███████▎  | 889/1223 [00:05<00:01, 173.11w/s, dev=cpu]      
vit_model.vision_model.encoder.layers.13.mlp.fc1.weight:  73%|███████▎  | 890/1223 [00:05<00:01, 173.30w/s, dev=cpu]
vit_model.vision_model.encoder.layers.13.mlp.fc2.bias:  73%|███████▎  | 891/1223 [00:05<00:01, 173.49w/s, dev=cpu]  
vit_model.vision_model.encoder.layers.13.mlp.fc2.weight:  73%|███████▎  | 892/1223 [00:05<00:01, 173.69w/s, dev=cpu]
vit_model.vision_model.encoder.layers.13.self_attn.k_proj.bias:  73%|███████▎  | 893/1223 [00:05<00:01, 173.88w/s, dev=cpu]
vit_model.vision_model.encoder.layers.13.self_attn.k_proj.weight:  73%|███████▎  | 894/1223 [00:05<00:01, 174.07w/s, dev=cpu]
vit_model.vision_model.encoder.layers.13.self_attn.out_proj.bias:  73%|███████▎  | 895/1223 [00:05<00:01, 174.26w/s, dev=cpu]
vit_model.vision_model.encoder.layers.13.self_attn.out_proj.weight:  73%|███████▎  | 896/1223 [00:05<00:01, 174.45w/s, dev=cpu]
vit_model.vision_model.encoder.layers.13.self_attn.q_proj.bias:  73%|███████▎  | 897/1223 [00:05<00:01, 174.65w/s, dev=cpu]    
vit_model.vision_model.encoder.layers.13.self_attn.q_proj.weight:  73%|███████▎  | 898/1223 [00:05<00:01, 174.84w/s, dev=cpu]
vit_model.vision_model.encoder.layers.13.self_attn.v_proj.bias:  74%|███████▎  | 899/1223 [00:05<00:01, 175.03w/s, dev=cpu]  
vit_model.vision_model.encoder.layers.13.self_attn.v_proj.weight:  74%|███████▎  | 900/1223 [00:05<00:01, 175.22w/s, dev=cpu]
vit_model.vision_model.encoder.layers.14.layer_norm1.bias:  74%|███████▎  | 901/1223 [00:05<00:01, 175.41w/s, dev=cpu]       
vit_model.vision_model.encoder.layers.14.layer_norm1.weight:  74%|███████▍  | 902/1223 [00:05<00:01, 175.61w/s, dev=cpu]
vit_model.vision_model.encoder.layers.14.layer_norm2.bias:  74%|███████▍  | 903/1223 [00:05<00:01, 175.80w/s, dev=cpu]  
vit_model.vision_model.encoder.layers.14.layer_norm2.weight:  74%|███████▍  | 904/1223 [00:05<00:01, 175.99w/s, dev=cpu]
vit_model.vision_model.encoder.layers.14.mlp.fc1.bias:  74%|███████▍  | 905/1223 [00:05<00:01, 176.18w/s, dev=cpu]      
vit_model.vision_model.encoder.layers.14.mlp.fc1.weight:  74%|███████▍  | 906/1223 [00:05<00:01, 176.37w/s, dev=cpu]
vit_model.vision_model.encoder.layers.14.mlp.fc2.bias:  74%|███████▍  | 907/1223 [00:05<00:01, 176.57w/s, dev=cpu]  
vit_model.vision_model.encoder.layers.14.mlp.fc2.weight:  74%|███████▍  | 908/1223 [00:05<00:01, 176.76w/s, dev=cpu]
vit_model.vision_model.encoder.layers.14.self_attn.k_proj.bias:  74%|███████▍  | 909/1223 [00:05<00:01, 176.95w/s, dev=cpu]
vit_model.vision_model.encoder.layers.14.self_attn.k_proj.weight:  74%|███████▍  | 910/1223 [00:05<00:01, 177.14w/s, dev=cpu]
vit_model.vision_model.encoder.layers.14.self_attn.out_proj.bias:  74%|███████▍  | 911/1223 [00:05<00:01, 177.33w/s, dev=cpu]
vit_model.vision_model.encoder.layers.14.self_attn.out_proj.weight:  75%|███████▍  | 912/1223 [00:05<00:01, 177.53w/s, dev=cpu]
vit_model.vision_model.encoder.layers.14.self_attn.q_proj.bias:  75%|███████▍  | 913/1223 [00:05<00:01, 177.72w/s, dev=cpu]    
vit_model.vision_model.encoder.layers.14.self_attn.q_proj.weight:  75%|███████▍  | 914/1223 [00:05<00:01, 177.91w/s, dev=cpu]
vit_model.vision_model.encoder.layers.14.self_attn.v_proj.bias:  75%|███████▍  | 915/1223 [00:05<00:01, 178.10w/s, dev=cpu]  
vit_model.vision_model.encoder.layers.14.self_attn.v_proj.weight:  75%|███████▍  | 916/1223 [00:05<00:01, 178.29w/s, dev=cpu]
vit_model.vision_model.encoder.layers.15.layer_norm1.bias:  75%|███████▍  | 917/1223 [00:05<00:01, 178.49w/s, dev=cpu]       
vit_model.vision_model.encoder.layers.15.layer_norm1.weight:  75%|███████▌  | 918/1223 [00:05<00:01, 178.68w/s, dev=cpu]
vit_model.vision_model.encoder.layers.15.layer_norm2.bias:  75%|███████▌  | 919/1223 [00:05<00:01, 178.87w/s, dev=cpu]  
vit_model.vision_model.encoder.layers.15.layer_norm2.weight:  75%|███████▌  | 920/1223 [00:05<00:01, 179.06w/s, dev=cpu]
vit_model.vision_model.encoder.layers.15.mlp.fc1.bias:  75%|███████▌  | 921/1223 [00:05<00:01, 179.25w/s, dev=cpu]      
vit_model.vision_model.encoder.layers.15.mlp.fc1.weight:  75%|███████▌  | 922/1223 [00:05<00:01, 179.45w/s, dev=cpu]
vit_model.vision_model.encoder.layers.15.mlp.fc2.bias:  75%|███████▌  | 923/1223 [00:05<00:01, 179.64w/s, dev=cpu]  
vit_model.vision_model.encoder.layers.15.mlp.fc2.weight:  76%|███████▌  | 924/1223 [00:05<00:01, 179.83w/s, dev=cpu]
vit_model.vision_model.encoder.layers.15.self_attn.k_proj.bias:  76%|███████▌  | 925/1223 [00:05<00:01, 180.02w/s, dev=cpu]
vit_model.vision_model.encoder.layers.15.self_attn.k_proj.weight:  76%|███████▌  | 926/1223 [00:05<00:01, 180.21w/s, dev=cpu]
vit_model.vision_model.encoder.layers.15.self_attn.out_proj.bias:  76%|███████▌  | 927/1223 [00:05<00:01, 180.41w/s, dev=cpu]
vit_model.vision_model.encoder.layers.15.self_attn.out_proj.weight:  76%|███████▌  | 928/1223 [00:05<00:01, 180.60w/s, dev=cpu]
vit_model.vision_model.encoder.layers.15.self_attn.q_proj.bias:  76%|███████▌  | 929/1223 [00:05<00:01, 180.79w/s, dev=cpu]    
vit_model.vision_model.encoder.layers.15.self_attn.q_proj.weight:  76%|███████▌  | 930/1223 [00:05<00:01, 180.98w/s, dev=cpu]
vit_model.vision_model.encoder.layers.15.self_attn.v_proj.bias:  76%|███████▌  | 931/1223 [00:05<00:01, 181.17w/s, dev=cpu]  
vit_model.vision_model.encoder.layers.15.self_attn.v_proj.weight:  76%|███████▌  | 932/1223 [00:05<00:01, 181.37w/s, dev=cpu]
vit_model.vision_model.encoder.layers.16.layer_norm1.bias:  76%|███████▋  | 933/1223 [00:05<00:01, 181.56w/s, dev=cpu]       
vit_model.vision_model.encoder.layers.16.layer_norm1.weight:  76%|███████▋  | 934/1223 [00:05<00:01, 181.75w/s, dev=cpu]
vit_model.vision_model.encoder.layers.16.layer_norm2.bias:  76%|███████▋  | 935/1223 [00:05<00:01, 181.94w/s, dev=cpu]  
vit_model.vision_model.encoder.layers.16.layer_norm2.weight:  77%|███████▋  | 936/1223 [00:05<00:01, 182.13w/s, dev=cpu]
vit_model.vision_model.encoder.layers.16.mlp.fc1.bias:  77%|███████▋  | 937/1223 [00:05<00:01, 182.33w/s, dev=cpu]      
vit_model.vision_model.encoder.layers.16.mlp.fc1.weight:  77%|███████▋  | 938/1223 [00:05<00:01, 182.52w/s, dev=cpu]
vit_model.vision_model.encoder.layers.16.mlp.fc2.bias:  77%|███████▋  | 939/1223 [00:05<00:01, 182.71w/s, dev=cpu]  
vit_model.vision_model.encoder.layers.16.mlp.fc2.weight:  77%|███████▋  | 940/1223 [00:05<00:01, 182.90w/s, dev=cpu]
vit_model.vision_model.encoder.layers.16.self_attn.k_proj.bias:  77%|███████▋  | 941/1223 [00:05<00:01, 183.09w/s, dev=cpu]
vit_model.vision_model.encoder.layers.16.self_attn.k_proj.weight:  77%|███████▋  | 942/1223 [00:05<00:01, 183.29w/s, dev=cpu]
vit_model.vision_model.encoder.layers.16.self_attn.out_proj.bias:  77%|███████▋  | 943/1223 [00:05<00:01, 183.48w/s, dev=cpu]
vit_model.vision_model.encoder.layers.16.self_attn.out_proj.weight:  77%|███████▋  | 944/1223 [00:05<00:01, 183.67w/s, dev=cpu]
vit_model.vision_model.encoder.layers.16.self_attn.q_proj.bias:  77%|███████▋  | 945/1223 [00:05<00:01, 183.86w/s, dev=cpu]    
vit_model.vision_model.encoder.layers.16.self_attn.q_proj.weight:  77%|███████▋  | 946/1223 [00:05<00:01, 184.05w/s, dev=cpu]
vit_model.vision_model.encoder.layers.16.self_attn.v_proj.bias:  77%|███████▋  | 947/1223 [00:05<00:01, 184.24w/s, dev=cpu]  
vit_model.vision_model.encoder.layers.16.self_attn.v_proj.weight:  78%|███████▊  | 948/1223 [00:05<00:01, 184.44w/s, dev=cpu]
vit_model.vision_model.encoder.layers.17.layer_norm1.bias:  78%|███████▊  | 949/1223 [00:05<00:01, 184.63w/s, dev=cpu]       
vit_model.vision_model.encoder.layers.17.layer_norm1.weight:  78%|███████▊  | 950/1223 [00:05<00:01, 184.82w/s, dev=cpu]
vit_model.vision_model.encoder.layers.17.layer_norm2.bias:  78%|███████▊  | 951/1223 [00:05<00:01, 185.01w/s, dev=cpu]  
vit_model.vision_model.encoder.layers.17.layer_norm2.weight:  78%|███████▊  | 952/1223 [00:05<00:01, 185.20w/s, dev=cpu]
vit_model.vision_model.encoder.layers.17.mlp.fc1.bias:  78%|███████▊  | 953/1223 [00:05<00:01, 185.40w/s, dev=cpu]      
vit_model.vision_model.encoder.layers.17.mlp.fc1.weight:  78%|███████▊  | 954/1223 [00:05<00:01, 185.59w/s, dev=cpu]
vit_model.vision_model.encoder.layers.17.mlp.fc2.bias:  78%|███████▊  | 955/1223 [00:05<00:01, 185.78w/s, dev=cpu]  
vit_model.vision_model.encoder.layers.17.mlp.fc2.weight:  78%|███████▊  | 956/1223 [00:05<00:01, 185.97w/s, dev=cpu]
vit_model.vision_model.encoder.layers.17.self_attn.k_proj.bias:  78%|███████▊  | 957/1223 [00:05<00:01, 186.16w/s, dev=cpu]
vit_model.vision_model.encoder.layers.17.self_attn.k_proj.weight:  78%|███████▊  | 958/1223 [00:05<00:01, 186.35w/s, dev=cpu]
vit_model.vision_model.encoder.layers.17.self_attn.out_proj.bias:  78%|███████▊  | 959/1223 [00:05<00:01, 186.55w/s, dev=cpu]
vit_model.vision_model.encoder.layers.17.self_attn.out_proj.weight:  78%|███████▊  | 960/1223 [00:05<00:01, 186.74w/s, dev=cpu]
vit_model.vision_model.encoder.layers.17.self_attn.q_proj.bias:  79%|███████▊  | 961/1223 [00:05<00:01, 186.93w/s, dev=cpu]    
vit_model.vision_model.encoder.layers.17.self_attn.q_proj.weight:  79%|███████▊  | 962/1223 [00:05<00:01, 187.12w/s, dev=cpu]
vit_model.vision_model.encoder.layers.17.self_attn.v_proj.bias:  79%|███████▊  | 963/1223 [00:05<00:01, 187.31w/s, dev=cpu]  
vit_model.vision_model.encoder.layers.17.self_attn.v_proj.weight:  79%|███████▉  | 964/1223 [00:05<00:01, 187.51w/s, dev=cpu]
vit_model.vision_model.encoder.layers.18.layer_norm1.bias:  79%|███████▉  | 965/1223 [00:05<00:01, 187.70w/s, dev=cpu]       
vit_model.vision_model.encoder.layers.18.layer_norm1.weight:  79%|███████▉  | 966/1223 [00:05<00:01, 187.89w/s, dev=cpu]
vit_model.vision_model.encoder.layers.18.layer_norm2.bias:  79%|███████▉  | 967/1223 [00:05<00:01, 188.08w/s, dev=cpu]  
vit_model.vision_model.encoder.layers.18.layer_norm2.weight:  79%|███████▉  | 968/1223 [00:05<00:01, 188.27w/s, dev=cpu]
vit_model.vision_model.encoder.layers.18.mlp.fc1.bias:  79%|███████▉  | 969/1223 [00:05<00:01, 188.46w/s, dev=cpu]      
vit_model.vision_model.encoder.layers.18.mlp.fc1.weight:  79%|███████▉  | 970/1223 [00:05<00:01, 188.66w/s, dev=cpu]
vit_model.vision_model.encoder.layers.18.mlp.fc2.bias:  79%|███████▉  | 971/1223 [00:05<00:01, 188.85w/s, dev=cpu]  
vit_model.vision_model.encoder.layers.18.mlp.fc2.weight:  79%|███████▉  | 972/1223 [00:05<00:01, 189.04w/s, dev=cpu]
vit_model.vision_model.encoder.layers.18.self_attn.k_proj.bias:  80%|███████▉  | 973/1223 [00:05<00:01, 189.23w/s, dev=cpu]
vit_model.vision_model.encoder.layers.18.self_attn.k_proj.weight:  80%|███████▉  | 974/1223 [00:05<00:01, 189.42w/s, dev=cpu]
vit_model.vision_model.encoder.layers.18.self_attn.out_proj.bias:  80%|███████▉  | 975/1223 [00:05<00:01, 189.61w/s, dev=cpu]
vit_model.vision_model.encoder.layers.18.self_attn.out_proj.weight:  80%|███████▉  | 976/1223 [00:05<00:01, 189.80w/s, dev=cpu]
vit_model.vision_model.encoder.layers.18.self_attn.q_proj.bias:  80%|███████▉  | 977/1223 [00:05<00:01, 190.00w/s, dev=cpu]    
vit_model.vision_model.encoder.layers.18.self_attn.q_proj.weight:  80%|███████▉  | 978/1223 [00:05<00:01, 190.19w/s, dev=cpu]
vit_model.vision_model.encoder.layers.18.self_attn.v_proj.bias:  80%|████████  | 979/1223 [00:05<00:01, 190.38w/s, dev=cpu]  
vit_model.vision_model.encoder.layers.18.self_attn.v_proj.weight:  80%|████████  | 980/1223 [00:05<00:01, 190.57w/s, dev=cpu]
vit_model.vision_model.encoder.layers.19.layer_norm1.bias:  80%|████████  | 981/1223 [00:05<00:01, 190.76w/s, dev=cpu]       
vit_model.vision_model.encoder.layers.19.layer_norm1.weight:  80%|████████  | 982/1223 [00:05<00:01, 190.95w/s, dev=cpu]
vit_model.vision_model.encoder.layers.19.layer_norm2.bias:  80%|████████  | 983/1223 [00:05<00:01, 191.15w/s, dev=cpu]  
vit_model.vision_model.encoder.layers.19.layer_norm2.weight:  80%|████████  | 984/1223 [00:05<00:01, 191.34w/s, dev=cpu]
vit_model.vision_model.encoder.layers.19.mlp.fc1.bias:  81%|████████  | 985/1223 [00:05<00:01, 191.53w/s, dev=cpu]      
vit_model.vision_model.encoder.layers.19.mlp.fc1.weight:  81%|████████  | 986/1223 [00:05<00:01, 191.72w/s, dev=cpu]
vit_model.vision_model.encoder.layers.19.mlp.fc2.bias:  81%|████████  | 987/1223 [00:05<00:01, 191.91w/s, dev=cpu]  
vit_model.vision_model.encoder.layers.19.mlp.fc2.weight:  81%|████████  | 988/1223 [00:05<00:01, 192.10w/s, dev=cpu]
vit_model.vision_model.encoder.layers.19.self_attn.k_proj.bias:  81%|████████  | 989/1223 [00:05<00:01, 192.30w/s, dev=cpu]
vit_model.vision_model.encoder.layers.19.self_attn.k_proj.weight:  81%|████████  | 990/1223 [00:05<00:01, 192.49w/s, dev=cpu]
vit_model.vision_model.encoder.layers.19.self_attn.out_proj.bias:  81%|████████  | 991/1223 [00:05<00:01, 192.68w/s, dev=cpu]
vit_model.vision_model.encoder.layers.19.self_attn.out_proj.weight:  81%|████████  | 992/1223 [00:05<00:01, 192.87w/s, dev=cpu]
vit_model.vision_model.encoder.layers.19.self_attn.q_proj.bias:  81%|████████  | 993/1223 [00:05<00:01, 193.06w/s, dev=cpu]    
vit_model.vision_model.encoder.layers.19.self_attn.q_proj.weight:  81%|████████▏ | 994/1223 [00:05<00:01, 193.25w/s, dev=cpu]
vit_model.vision_model.encoder.layers.19.self_attn.v_proj.bias:  81%|████████▏ | 995/1223 [00:05<00:01, 193.45w/s, dev=cpu]  
vit_model.vision_model.encoder.layers.19.self_attn.v_proj.weight:  81%|████████▏ | 996/1223 [00:05<00:01, 193.64w/s, dev=cpu]
vit_model.vision_model.encoder.layers.2.layer_norm1.bias:  82%|████████▏ | 997/1223 [00:05<00:01, 193.83w/s, dev=cpu]        
vit_model.vision_model.encoder.layers.2.layer_norm1.weight:  82%|████████▏ | 998/1223 [00:05<00:01, 194.02w/s, dev=cpu]
vit_model.vision_model.encoder.layers.2.layer_norm2.bias:  82%|████████▏ | 999/1223 [00:05<00:01, 194.21w/s, dev=cpu]  
vit_model.vision_model.encoder.layers.2.layer_norm2.weight:  82%|████████▏ | 1000/1223 [00:05<00:01, 194.40w/s, dev=cpu]
vit_model.vision_model.encoder.layers.2.mlp.fc1.bias:  82%|████████▏ | 1001/1223 [00:05<00:01, 194.59w/s, dev=cpu]      
vit_model.vision_model.encoder.layers.2.mlp.fc1.weight:  82%|████████▏ | 1002/1223 [00:05<00:01, 194.79w/s, dev=cpu]
vit_model.vision_model.encoder.layers.2.mlp.fc2.bias:  82%|████████▏ | 1003/1223 [00:05<00:01, 194.98w/s, dev=cpu]  
vit_model.vision_model.encoder.layers.2.mlp.fc2.weight:  82%|████████▏ | 1004/1223 [00:05<00:01, 195.17w/s, dev=cpu]
vit_model.vision_model.encoder.layers.2.self_attn.k_proj.bias:  82%|████████▏ | 1005/1223 [00:05<00:01, 195.36w/s, dev=cpu]
vit_model.vision_model.encoder.layers.2.self_attn.k_proj.weight:  82%|████████▏ | 1006/1223 [00:05<00:01, 195.55w/s, dev=cpu]
vit_model.vision_model.encoder.layers.2.self_attn.out_proj.bias:  82%|████████▏ | 1007/1223 [00:05<00:01, 195.74w/s, dev=cpu]
vit_model.vision_model.encoder.layers.2.self_attn.out_proj.weight:  82%|████████▏ | 1008/1223 [00:05<00:01, 195.93w/s, dev=cpu]
vit_model.vision_model.encoder.layers.2.self_attn.q_proj.bias:  83%|████████▎ | 1009/1223 [00:05<00:01, 196.12w/s, dev=cpu]    
vit_model.vision_model.encoder.layers.2.self_attn.q_proj.weight:  83%|████████▎ | 1010/1223 [00:05<00:01, 196.32w/s, dev=cpu]
vit_model.vision_model.encoder.layers.2.self_attn.v_proj.bias:  83%|████████▎ | 1011/1223 [00:05<00:01, 196.51w/s, dev=cpu]  
vit_model.vision_model.encoder.layers.2.self_attn.v_proj.weight:  83%|████████▎ | 1012/1223 [00:05<00:01, 196.70w/s, dev=cpu]
vit_model.vision_model.encoder.layers.20.layer_norm1.bias:  83%|████████▎ | 1013/1223 [00:05<00:01, 196.89w/s, dev=cpu]      
vit_model.vision_model.encoder.layers.20.layer_norm1.weight:  83%|████████▎ | 1014/1223 [00:05<00:01, 197.08w/s, dev=cpu]
vit_model.vision_model.encoder.layers.20.layer_norm2.bias:  83%|████████▎ | 1015/1223 [00:05<00:01, 197.27w/s, dev=cpu]  
vit_model.vision_model.encoder.layers.20.layer_norm2.weight:  83%|████████▎ | 1016/1223 [00:05<00:01, 197.47w/s, dev=cpu]
vit_model.vision_model.encoder.layers.20.mlp.fc1.bias:  83%|████████▎ | 1017/1223 [00:05<00:01, 197.66w/s, dev=cpu]      
vit_model.vision_model.encoder.layers.20.mlp.fc1.weight:  83%|████████▎ | 1018/1223 [00:05<00:01, 197.85w/s, dev=cpu]
vit_model.vision_model.encoder.layers.20.mlp.fc2.bias:  83%|████████▎ | 1019/1223 [00:05<00:01, 198.04w/s, dev=cpu]  
vit_model.vision_model.encoder.layers.20.mlp.fc2.weight:  83%|████████▎ | 1020/1223 [00:05<00:01, 198.23w/s, dev=cpu]
vit_model.vision_model.encoder.layers.20.self_attn.k_proj.bias:  83%|████████▎ | 1021/1223 [00:05<00:01, 198.42w/s, dev=cpu]
vit_model.vision_model.encoder.layers.20.self_attn.k_proj.weight:  84%|████████▎ | 1022/1223 [00:05<00:01, 198.61w/s, dev=cpu]
vit_model.vision_model.encoder.layers.20.self_attn.out_proj.bias:  84%|████████▎ | 1023/1223 [00:05<00:01, 198.81w/s, dev=cpu]
vit_model.vision_model.encoder.layers.20.self_attn.out_proj.weight:  84%|████████▎ | 1024/1223 [00:05<00:01, 199.00w/s, dev=cpu]
vit_model.vision_model.encoder.layers.20.self_attn.q_proj.bias:  84%|████████▍ | 1025/1223 [00:05<00:00, 199.19w/s, dev=cpu]    
vit_model.vision_model.encoder.layers.20.self_attn.q_proj.weight:  84%|████████▍ | 1026/1223 [00:05<00:00, 199.38w/s, dev=cpu]
vit_model.vision_model.encoder.layers.20.self_attn.v_proj.bias:  84%|████████▍ | 1027/1223 [00:05<00:00, 199.57w/s, dev=cpu]  
vit_model.vision_model.encoder.layers.20.self_attn.v_proj.weight:  84%|████████▍ | 1028/1223 [00:05<00:00, 199.76w/s, dev=cpu]
vit_model.vision_model.encoder.layers.21.layer_norm1.bias:  84%|████████▍ | 1029/1223 [00:05<00:00, 199.95w/s, dev=cpu]       
vit_model.vision_model.encoder.layers.21.layer_norm1.weight:  84%|████████▍ | 1030/1223 [00:05<00:00, 200.15w/s, dev=cpu]
vit_model.vision_model.encoder.layers.21.layer_norm2.bias:  84%|████████▍ | 1031/1223 [00:05<00:00, 200.34w/s, dev=cpu]  
vit_model.vision_model.encoder.layers.21.layer_norm2.weight:  84%|████████▍ | 1032/1223 [00:05<00:00, 200.53w/s, dev=cpu]
vit_model.vision_model.encoder.layers.21.mlp.fc1.bias:  84%|████████▍ | 1033/1223 [00:05<00:00, 200.72w/s, dev=cpu]      
vit_model.vision_model.encoder.layers.21.mlp.fc1.weight:  85%|████████▍ | 1034/1223 [00:05<00:00, 200.91w/s, dev=cpu]
vit_model.vision_model.encoder.layers.21.mlp.fc2.bias:  85%|████████▍ | 1035/1223 [00:05<00:00, 201.10w/s, dev=cpu]  
vit_model.vision_model.encoder.layers.21.mlp.fc2.weight:  85%|████████▍ | 1036/1223 [00:05<00:00, 201.29w/s, dev=cpu]
vit_model.vision_model.encoder.layers.21.self_attn.k_proj.bias:  85%|████████▍ | 1037/1223 [00:05<00:00, 201.49w/s, dev=cpu]
vit_model.vision_model.encoder.layers.21.self_attn.k_proj.weight:  85%|████████▍ | 1038/1223 [00:05<00:00, 201.68w/s, dev=cpu]
vit_model.vision_model.encoder.layers.21.self_attn.out_proj.bias:  85%|████████▍ | 1039/1223 [00:05<00:00, 201.87w/s, dev=cpu]
vit_model.vision_model.encoder.layers.21.self_attn.out_proj.weight:  85%|████████▌ | 1040/1223 [00:05<00:00, 202.06w/s, dev=cpu]
vit_model.vision_model.encoder.layers.21.self_attn.q_proj.bias:  85%|████████▌ | 1041/1223 [00:05<00:00, 202.25w/s, dev=cpu]    
vit_model.vision_model.encoder.layers.21.self_attn.q_proj.weight:  85%|████████▌ | 1042/1223 [00:05<00:00, 202.44w/s, dev=cpu]
vit_model.vision_model.encoder.layers.21.self_attn.v_proj.bias:  85%|████████▌ | 1043/1223 [00:05<00:00, 202.63w/s, dev=cpu]  
vit_model.vision_model.encoder.layers.21.self_attn.v_proj.weight:  85%|████████▌ | 1044/1223 [00:05<00:00, 202.83w/s, dev=cpu]
vit_model.vision_model.encoder.layers.22.layer_norm1.bias:  85%|████████▌ | 1045/1223 [00:05<00:00, 203.02w/s, dev=cpu]       
vit_model.vision_model.encoder.layers.22.layer_norm1.weight:  86%|████████▌ | 1046/1223 [00:05<00:00, 203.21w/s, dev=cpu]
vit_model.vision_model.encoder.layers.22.layer_norm2.bias:  86%|████████▌ | 1047/1223 [00:05<00:00, 203.40w/s, dev=cpu]  
vit_model.vision_model.encoder.layers.22.layer_norm2.weight:  86%|████████▌ | 1048/1223 [00:05<00:00, 203.59w/s, dev=cpu]
vit_model.vision_model.encoder.layers.22.mlp.fc1.bias:  86%|████████▌ | 1049/1223 [00:05<00:00, 203.78w/s, dev=cpu]      
vit_model.vision_model.encoder.layers.22.mlp.fc1.weight:  86%|████████▌ | 1050/1223 [00:05<00:00, 203.97w/s, dev=cpu]
vit_model.vision_model.encoder.layers.22.mlp.fc2.bias:  86%|████████▌ | 1051/1223 [00:05<00:00, 204.17w/s, dev=cpu]  
vit_model.vision_model.encoder.layers.22.mlp.fc2.weight:  86%|████████▌ | 1052/1223 [00:05<00:00, 204.36w/s, dev=cpu]
vit_model.vision_model.encoder.layers.22.self_attn.k_proj.bias:  86%|████████▌ | 1053/1223 [00:05<00:00, 204.55w/s, dev=cpu]
vit_model.vision_model.encoder.layers.22.self_attn.k_proj.weight:  86%|████████▌ | 1054/1223 [00:05<00:00, 204.74w/s, dev=cpu]
vit_model.vision_model.encoder.layers.22.self_attn.out_proj.bias:  86%|████████▋ | 1055/1223 [00:05<00:00, 204.93w/s, dev=cpu]
vit_model.vision_model.encoder.layers.22.self_attn.out_proj.weight:  86%|████████▋ | 1056/1223 [00:05<00:00, 205.12w/s, dev=cpu]
vit_model.vision_model.encoder.layers.22.self_attn.q_proj.bias:  86%|████████▋ | 1057/1223 [00:05<00:00, 205.31w/s, dev=cpu]    
vit_model.vision_model.encoder.layers.22.self_attn.q_proj.weight:  87%|████████▋ | 1058/1223 [00:05<00:00, 205.50w/s, dev=cpu]
vit_model.vision_model.encoder.layers.22.self_attn.v_proj.bias:  87%|████████▋ | 1059/1223 [00:05<00:00, 205.70w/s, dev=cpu]  
vit_model.vision_model.encoder.layers.22.self_attn.v_proj.weight:  87%|████████▋ | 1060/1223 [00:05<00:00, 205.89w/s, dev=cpu]
vit_model.vision_model.encoder.layers.23.layer_norm1.bias:  87%|████████▋ | 1061/1223 [00:05<00:00, 206.08w/s, dev=cpu]       
vit_model.vision_model.encoder.layers.23.layer_norm1.weight:  87%|████████▋ | 1062/1223 [00:05<00:00, 206.27w/s, dev=cpu]
vit_model.vision_model.encoder.layers.23.layer_norm2.bias:  87%|████████▋ | 1063/1223 [00:05<00:00, 206.46w/s, dev=cpu]  
vit_model.vision_model.encoder.layers.23.layer_norm2.weight:  87%|████████▋ | 1064/1223 [00:05<00:00, 206.65w/s, dev=cpu]
vit_model.vision_model.encoder.layers.23.mlp.fc1.bias:  87%|████████▋ | 1065/1223 [00:05<00:00, 206.84w/s, dev=cpu]      
vit_model.vision_model.encoder.layers.23.mlp.fc1.weight:  87%|████████▋ | 1066/1223 [00:05<00:00, 207.03w/s, dev=cpu]
vit_model.vision_model.encoder.layers.23.mlp.fc2.bias:  87%|████████▋ | 1067/1223 [00:05<00:00, 207.23w/s, dev=cpu]  
vit_model.vision_model.encoder.layers.23.mlp.fc2.weight:  87%|████████▋ | 1068/1223 [00:05<00:00, 207.42w/s, dev=cpu]
vit_model.vision_model.encoder.layers.23.self_attn.k_proj.bias:  87%|████████▋ | 1069/1223 [00:05<00:00, 207.61w/s, dev=cpu]
vit_model.vision_model.encoder.layers.23.self_attn.k_proj.weight:  87%|████████▋ | 1070/1223 [00:05<00:00, 207.80w/s, dev=cpu]
vit_model.vision_model.encoder.layers.23.self_attn.out_proj.bias:  88%|████████▊ | 1071/1223 [00:05<00:00, 207.99w/s, dev=cpu]
vit_model.vision_model.encoder.layers.23.self_attn.out_proj.weight:  88%|████████▊ | 1072/1223 [00:05<00:00, 208.18w/s, dev=cpu]
vit_model.vision_model.encoder.layers.23.self_attn.q_proj.bias:  88%|████████▊ | 1073/1223 [00:05<00:00, 208.37w/s, dev=cpu]    
vit_model.vision_model.encoder.layers.23.self_attn.q_proj.weight:  88%|████████▊ | 1074/1223 [00:05<00:00, 208.56w/s, dev=cpu]
vit_model.vision_model.encoder.layers.23.self_attn.v_proj.bias:  88%|████████▊ | 1075/1223 [00:05<00:00, 208.76w/s, dev=cpu]  
vit_model.vision_model.encoder.layers.23.self_attn.v_proj.weight:  88%|████████▊ | 1076/1223 [00:05<00:00, 208.95w/s, dev=cpu]
vit_model.vision_model.encoder.layers.24.layer_norm1.bias:  88%|████████▊ | 1077/1223 [00:05<00:00, 209.14w/s, dev=cpu]       
vit_model.vision_model.encoder.layers.24.layer_norm1.weight:  88%|████████▊ | 1078/1223 [00:05<00:00, 209.33w/s, dev=cpu]
vit_model.vision_model.encoder.layers.24.layer_norm2.bias:  88%|████████▊ | 1079/1223 [00:05<00:00, 209.52w/s, dev=cpu]  
vit_model.vision_model.encoder.layers.24.layer_norm2.weight:  88%|████████▊ | 1080/1223 [00:05<00:00, 209.71w/s, dev=cpu]
vit_model.vision_model.encoder.layers.24.mlp.fc1.bias:  88%|████████▊ | 1081/1223 [00:05<00:00, 209.90w/s, dev=cpu]      
vit_model.vision_model.encoder.layers.24.mlp.fc1.weight:  88%|████████▊ | 1082/1223 [00:05<00:00, 210.09w/s, dev=cpu]
vit_model.vision_model.encoder.layers.24.mlp.fc2.bias:  89%|████████▊ | 1083/1223 [00:05<00:00, 210.29w/s, dev=cpu]  
vit_model.vision_model.encoder.layers.24.mlp.fc2.weight:  89%|████████▊ | 1084/1223 [00:05<00:00, 210.48w/s, dev=cpu]
vit_model.vision_model.encoder.layers.24.self_attn.k_proj.bias:  89%|████████▊ | 1085/1223 [00:05<00:00, 210.67w/s, dev=cpu]
vit_model.vision_model.encoder.layers.24.self_attn.k_proj.weight:  89%|████████▉ | 1086/1223 [00:05<00:00, 210.86w/s, dev=cpu]
vit_model.vision_model.encoder.layers.24.self_attn.out_proj.bias:  89%|████████▉ | 1087/1223 [00:05<00:00, 211.05w/s, dev=cpu]
vit_model.vision_model.encoder.layers.24.self_attn.out_proj.weight:  89%|████████▉ | 1088/1223 [00:05<00:00, 211.24w/s, dev=cpu]
vit_model.vision_model.encoder.layers.24.self_attn.q_proj.bias:  89%|████████▉ | 1089/1223 [00:05<00:00, 211.43w/s, dev=cpu]    
vit_model.vision_model.encoder.layers.24.self_attn.q_proj.weight:  89%|████████▉ | 1090/1223 [00:05<00:00, 211.62w/s, dev=cpu]
vit_model.vision_model.encoder.layers.24.self_attn.v_proj.bias:  89%|████████▉ | 1091/1223 [00:05<00:00, 211.81w/s, dev=cpu]  
vit_model.vision_model.encoder.layers.24.self_attn.v_proj.weight:  89%|████████▉ | 1092/1223 [00:05<00:00, 212.01w/s, dev=cpu]
vit_model.vision_model.encoder.layers.25.layer_norm1.bias:  89%|████████▉ | 1093/1223 [00:05<00:00, 212.20w/s, dev=cpu]       
vit_model.vision_model.encoder.layers.25.layer_norm1.weight:  89%|████████▉ | 1094/1223 [00:05<00:00, 212.39w/s, dev=cpu]
vit_model.vision_model.encoder.layers.25.layer_norm2.bias:  90%|████████▉ | 1095/1223 [00:05<00:00, 212.58w/s, dev=cpu]  
vit_model.vision_model.encoder.layers.25.layer_norm2.weight:  90%|████████▉ | 1096/1223 [00:05<00:00, 212.77w/s, dev=cpu]
vit_model.vision_model.encoder.layers.25.mlp.fc1.bias:  90%|████████▉ | 1097/1223 [00:05<00:00, 212.96w/s, dev=cpu]      
vit_model.vision_model.encoder.layers.25.mlp.fc1.weight:  90%|████████▉ | 1098/1223 [00:05<00:00, 213.15w/s, dev=cpu]
vit_model.vision_model.encoder.layers.25.mlp.fc2.bias:  90%|████████▉ | 1099/1223 [00:05<00:00, 213.34w/s, dev=cpu]  
vit_model.vision_model.encoder.layers.25.mlp.fc2.weight:  90%|████████▉ | 1100/1223 [00:05<00:00, 213.54w/s, dev=cpu]
vit_model.vision_model.encoder.layers.25.self_attn.k_proj.bias:  90%|█████████ | 1101/1223 [00:05<00:00, 213.73w/s, dev=cpu]
vit_model.vision_model.encoder.layers.25.self_attn.k_proj.weight:  90%|█████████ | 1102/1223 [00:05<00:00, 213.92w/s, dev=cpu]
vit_model.vision_model.encoder.layers.25.self_attn.out_proj.bias:  90%|█████████ | 1103/1223 [00:05<00:00, 214.11w/s, dev=cpu]
vit_model.vision_model.encoder.layers.25.self_attn.out_proj.weight:  90%|█████████ | 1104/1223 [00:05<00:00, 214.30w/s, dev=cpu]
vit_model.vision_model.encoder.layers.25.self_attn.q_proj.bias:  90%|█████████ | 1105/1223 [00:05<00:00, 214.49w/s, dev=cpu]    
vit_model.vision_model.encoder.layers.25.self_attn.q_proj.weight:  90%|█████████ | 1106/1223 [00:05<00:00, 214.68w/s, dev=cpu]
vit_model.vision_model.encoder.layers.25.self_attn.v_proj.bias:  91%|█████████ | 1107/1223 [00:05<00:00, 214.87w/s, dev=cpu]  
vit_model.vision_model.encoder.layers.25.self_attn.v_proj.weight:  91%|█████████ | 1108/1223 [00:05<00:00, 215.06w/s, dev=cpu]
vit_model.vision_model.encoder.layers.3.layer_norm1.bias:  91%|█████████ | 1109/1223 [00:05<00:00, 215.25w/s, dev=cpu]        
vit_model.vision_model.encoder.layers.3.layer_norm1.weight:  91%|█████████ | 1110/1223 [00:05<00:00, 215.45w/s, dev=cpu]
vit_model.vision_model.encoder.layers.3.layer_norm2.bias:  91%|█████████ | 1111/1223 [00:05<00:00, 215.64w/s, dev=cpu]  
vit_model.vision_model.encoder.layers.3.layer_norm2.weight:  91%|█████████ | 1112/1223 [00:05<00:00, 215.83w/s, dev=cpu]
vit_model.vision_model.encoder.layers.3.mlp.fc1.bias:  91%|█████████ | 1113/1223 [00:05<00:00, 216.02w/s, dev=cpu]      
vit_model.vision_model.encoder.layers.3.mlp.fc1.weight:  91%|█████████ | 1114/1223 [00:05<00:00, 216.21w/s, dev=cpu]
vit_model.vision_model.encoder.layers.3.mlp.fc2.bias:  91%|█████████ | 1115/1223 [00:05<00:00, 216.40w/s, dev=cpu]  
vit_model.vision_model.encoder.layers.3.mlp.fc2.weight:  91%|█████████▏| 1116/1223 [00:05<00:00, 216.59w/s, dev=cpu]
vit_model.vision_model.encoder.layers.3.self_attn.k_proj.bias:  91%|█████████▏| 1117/1223 [00:05<00:00, 216.78w/s, dev=cpu]
vit_model.vision_model.encoder.layers.3.self_attn.k_proj.weight:  91%|█████████▏| 1118/1223 [00:05<00:00, 216.97w/s, dev=cpu]
vit_model.vision_model.encoder.layers.3.self_attn.out_proj.bias:  91%|█████████▏| 1119/1223 [00:05<00:00, 217.16w/s, dev=cpu]
vit_model.vision_model.encoder.layers.3.self_attn.out_proj.weight:  92%|█████████▏| 1120/1223 [00:05<00:00, 217.36w/s, dev=cpu]
vit_model.vision_model.encoder.layers.3.self_attn.q_proj.bias:  92%|█████████▏| 1121/1223 [00:05<00:00, 217.55w/s, dev=cpu]    
vit_model.vision_model.encoder.layers.3.self_attn.q_proj.weight:  92%|█████████▏| 1122/1223 [00:05<00:00, 217.74w/s, dev=cpu]
vit_model.vision_model.encoder.layers.3.self_attn.v_proj.bias:  92%|█████████▏| 1123/1223 [00:05<00:00, 217.93w/s, dev=cpu]  
vit_model.vision_model.encoder.layers.3.self_attn.v_proj.weight:  92%|█████████▏| 1124/1223 [00:05<00:00, 218.12w/s, dev=cpu]
vit_model.vision_model.encoder.layers.4.layer_norm1.bias:  92%|█████████▏| 1125/1223 [00:05<00:00, 218.31w/s, dev=cpu]       
vit_model.vision_model.encoder.layers.4.layer_norm1.weight:  92%|█████████▏| 1126/1223 [00:05<00:00, 218.50w/s, dev=cpu]
vit_model.vision_model.encoder.layers.4.layer_norm2.bias:  92%|█████████▏| 1127/1223 [00:05<00:00, 218.69w/s, dev=cpu]  
vit_model.vision_model.encoder.layers.4.layer_norm2.weight:  92%|█████████▏| 1128/1223 [00:05<00:00, 218.88w/s, dev=cpu]
vit_model.vision_model.encoder.layers.4.mlp.fc1.bias:  92%|█████████▏| 1129/1223 [00:05<00:00, 219.07w/s, dev=cpu]      
vit_model.vision_model.encoder.layers.4.mlp.fc1.weight:  92%|█████████▏| 1130/1223 [00:05<00:00, 219.27w/s, dev=cpu]
vit_model.vision_model.encoder.layers.4.mlp.fc2.bias:  92%|█████████▏| 1131/1223 [00:05<00:00, 219.46w/s, dev=cpu]  
vit_model.vision_model.encoder.layers.4.mlp.fc2.weight:  93%|█████████▎| 1132/1223 [00:05<00:00, 219.65w/s, dev=cpu]
vit_model.vision_model.encoder.layers.4.self_attn.k_proj.bias:  93%|█████████▎| 1133/1223 [00:05<00:00, 219.84w/s, dev=cpu]
vit_model.vision_model.encoder.layers.4.self_attn.k_proj.weight:  93%|█████████▎| 1134/1223 [00:05<00:00, 220.03w/s, dev=cpu]
vit_model.vision_model.encoder.layers.4.self_attn.out_proj.bias:  93%|█████████▎| 1135/1223 [00:05<00:00, 220.22w/s, dev=cpu]
vit_model.vision_model.encoder.layers.4.self_attn.out_proj.weight:  93%|█████████▎| 1136/1223 [00:05<00:00, 220.41w/s, dev=cpu]
vit_model.vision_model.encoder.layers.4.self_attn.q_proj.bias:  93%|█████████▎| 1137/1223 [00:05<00:00, 220.60w/s, dev=cpu]    
vit_model.vision_model.encoder.layers.4.self_attn.q_proj.weight:  93%|█████████▎| 1138/1223 [00:05<00:00, 220.79w/s, dev=cpu]
vit_model.vision_model.encoder.layers.4.self_attn.v_proj.bias:  93%|█████████▎| 1139/1223 [00:05<00:00, 220.98w/s, dev=cpu]  
vit_model.vision_model.encoder.layers.4.self_attn.v_proj.weight:  93%|█████████▎| 1140/1223 [00:05<00:00, 221.17w/s, dev=cpu]
vit_model.vision_model.encoder.layers.5.layer_norm1.bias:  93%|█████████▎| 1141/1223 [00:05<00:00, 221.36w/s, dev=cpu]       
vit_model.vision_model.encoder.layers.5.layer_norm1.weight:  93%|█████████▎| 1142/1223 [00:05<00:00, 221.56w/s, dev=cpu]
vit_model.vision_model.encoder.layers.5.layer_norm2.bias:  93%|█████████▎| 1143/1223 [00:05<00:00, 221.75w/s, dev=cpu]  
vit_model.vision_model.encoder.layers.5.layer_norm2.weight:  94%|█████████▎| 1144/1223 [00:05<00:00, 221.94w/s, dev=cpu]
vit_model.vision_model.encoder.layers.5.mlp.fc1.bias:  94%|█████████▎| 1145/1223 [00:05<00:00, 222.13w/s, dev=cpu]      
vit_model.vision_model.encoder.layers.5.mlp.fc1.weight:  94%|█████████▎| 1146/1223 [00:05<00:00, 222.32w/s, dev=cpu]
vit_model.vision_model.encoder.layers.5.mlp.fc2.bias:  94%|█████████▍| 1147/1223 [00:05<00:00, 222.51w/s, dev=cpu]  
vit_model.vision_model.encoder.layers.5.mlp.fc2.weight:  94%|█████████▍| 1148/1223 [00:05<00:00, 222.70w/s, dev=cpu]
vit_model.vision_model.encoder.layers.5.self_attn.k_proj.bias:  94%|█████████▍| 1149/1223 [00:05<00:00, 222.89w/s, dev=cpu]
vit_model.vision_model.encoder.layers.5.self_attn.k_proj.weight:  94%|█████████▍| 1150/1223 [00:05<00:00, 223.08w/s, dev=cpu]
vit_model.vision_model.encoder.layers.5.self_attn.out_proj.bias:  94%|█████████▍| 1151/1223 [00:05<00:00, 223.27w/s, dev=cpu]
vit_model.vision_model.encoder.layers.5.self_attn.out_proj.weight:  94%|█████████▍| 1152/1223 [00:05<00:00, 223.46w/s, dev=cpu]
vit_model.vision_model.encoder.layers.5.self_attn.q_proj.bias:  94%|█████████▍| 1153/1223 [00:05<00:00, 223.65w/s, dev=cpu]    
vit_model.vision_model.encoder.layers.5.self_attn.q_proj.weight:  94%|█████████▍| 1154/1223 [00:05<00:00, 223.85w/s, dev=cpu]
vit_model.vision_model.encoder.layers.5.self_attn.v_proj.bias:  94%|█████████▍| 1155/1223 [00:05<00:00, 224.04w/s, dev=cpu]  
vit_model.vision_model.encoder.layers.5.self_attn.v_proj.weight:  95%|█████████▍| 1156/1223 [00:05<00:00, 224.23w/s, dev=cpu]
vit_model.vision_model.encoder.layers.6.layer_norm1.bias:  95%|█████████▍| 1157/1223 [00:05<00:00, 224.42w/s, dev=cpu]       
vit_model.vision_model.encoder.layers.6.layer_norm1.weight:  95%|█████████▍| 1158/1223 [00:05<00:00, 224.61w/s, dev=cpu]
vit_model.vision_model.encoder.layers.6.layer_norm2.bias:  95%|█████████▍| 1159/1223 [00:05<00:00, 224.80w/s, dev=cpu]  
vit_model.vision_model.encoder.layers.6.layer_norm2.weight:  95%|█████████▍| 1160/1223 [00:05<00:00, 224.99w/s, dev=cpu]
vit_model.vision_model.encoder.layers.6.mlp.fc1.bias:  95%|█████████▍| 1161/1223 [00:05<00:00, 225.18w/s, dev=cpu]      
vit_model.vision_model.encoder.layers.6.mlp.fc1.weight:  95%|█████████▌| 1162/1223 [00:05<00:00, 225.37w/s, dev=cpu]
vit_model.vision_model.encoder.layers.6.mlp.fc2.bias:  95%|█████████▌| 1163/1223 [00:05<00:00, 225.56w/s, dev=cpu]  
vit_model.vision_model.encoder.layers.6.mlp.fc2.weight:  95%|█████████▌| 1164/1223 [00:05<00:00, 225.75w/s, dev=cpu]
vit_model.vision_model.encoder.layers.6.self_attn.k_proj.bias:  95%|█████████▌| 1165/1223 [00:05<00:00, 225.95w/s, dev=cpu]
vit_model.vision_model.encoder.layers.6.self_attn.k_proj.weight:  95%|█████████▌| 1166/1223 [00:05<00:00, 226.14w/s, dev=cpu]
vit_model.vision_model.encoder.layers.6.self_attn.out_proj.bias:  95%|█████████▌| 1167/1223 [00:05<00:00, 226.33w/s, dev=cpu]
vit_model.vision_model.encoder.layers.6.self_attn.out_proj.weight:  96%|█████████▌| 1168/1223 [00:05<00:00, 226.52w/s, dev=cpu]
vit_model.vision_model.encoder.layers.6.self_attn.q_proj.bias:  96%|█████████▌| 1169/1223 [00:05<00:00, 226.71w/s, dev=cpu]    
vit_model.vision_model.encoder.layers.6.self_attn.q_proj.weight:  96%|█████████▌| 1170/1223 [00:05<00:00, 226.90w/s, dev=cpu]
vit_model.vision_model.encoder.layers.6.self_attn.v_proj.bias:  96%|█████████▌| 1171/1223 [00:05<00:00, 227.09w/s, dev=cpu]  
vit_model.vision_model.encoder.layers.6.self_attn.v_proj.weight:  96%|█████████▌| 1172/1223 [00:05<00:00, 227.28w/s, dev=cpu]
vit_model.vision_model.encoder.layers.7.layer_norm1.bias:  96%|█████████▌| 1173/1223 [00:05<00:00, 227.47w/s, dev=cpu]       
vit_model.vision_model.encoder.layers.7.layer_norm1.weight:  96%|█████████▌| 1174/1223 [00:05<00:00, 227.66w/s, dev=cpu]
vit_model.vision_model.encoder.layers.7.layer_norm2.bias:  96%|█████████▌| 1175/1223 [00:05<00:00, 227.85w/s, dev=cpu]  
vit_model.vision_model.encoder.layers.7.layer_norm2.weight:  96%|█████████▌| 1176/1223 [00:05<00:00, 228.04w/s, dev=cpu]
vit_model.vision_model.encoder.layers.7.mlp.fc1.bias:  96%|█████████▌| 1177/1223 [00:05<00:00, 228.23w/s, dev=cpu]      
vit_model.vision_model.encoder.layers.7.mlp.fc1.weight:  96%|█████████▋| 1178/1223 [00:05<00:00, 228.42w/s, dev=cpu]
vit_model.vision_model.encoder.layers.7.mlp.fc2.bias:  96%|█████████▋| 1179/1223 [00:05<00:00, 228.61w/s, dev=cpu]  
vit_model.vision_model.encoder.layers.7.mlp.fc2.weight:  96%|█████████▋| 1180/1223 [00:05<00:00, 228.81w/s, dev=cpu]
vit_model.vision_model.encoder.layers.7.self_attn.k_proj.bias:  97%|█████████▋| 1181/1223 [00:05<00:00, 229.00w/s, dev=cpu]
vit_model.vision_model.encoder.layers.7.self_attn.k_proj.weight:  97%|█████████▋| 1182/1223 [00:05<00:00, 229.19w/s, dev=cpu]
vit_model.vision_model.encoder.layers.7.self_attn.out_proj.bias:  97%|█████████▋| 1183/1223 [00:05<00:00, 229.38w/s, dev=cpu]
vit_model.vision_model.encoder.layers.7.self_attn.out_proj.weight:  97%|█████████▋| 1184/1223 [00:05<00:00, 229.57w/s, dev=cpu]
vit_model.vision_model.encoder.layers.7.self_attn.q_proj.bias:  97%|█████████▋| 1185/1223 [00:05<00:00, 229.76w/s, dev=cpu]    
vit_model.vision_model.encoder.layers.7.self_attn.q_proj.weight:  97%|█████████▋| 1186/1223 [00:05<00:00, 229.95w/s, dev=cpu]
vit_model.vision_model.encoder.layers.7.self_attn.v_proj.bias:  97%|█████████▋| 1187/1223 [00:05<00:00, 230.14w/s, dev=cpu]  
vit_model.vision_model.encoder.layers.7.self_attn.v_proj.weight:  97%|█████████▋| 1188/1223 [00:05<00:00, 230.33w/s, dev=cpu]
vit_model.vision_model.encoder.layers.8.layer_norm1.bias:  97%|█████████▋| 1189/1223 [00:05<00:00, 230.52w/s, dev=cpu]       
vit_model.vision_model.encoder.layers.8.layer_norm1.weight:  97%|█████████▋| 1190/1223 [00:05<00:00, 230.71w/s, dev=cpu]
vit_model.vision_model.encoder.layers.8.layer_norm2.bias:  97%|█████████▋| 1191/1223 [00:05<00:00, 230.90w/s, dev=cpu]  
vit_model.vision_model.encoder.layers.8.layer_norm2.weight:  97%|█████████▋| 1192/1223 [00:05<00:00, 231.09w/s, dev=cpu]
vit_model.vision_model.encoder.layers.8.mlp.fc1.bias:  98%|█████████▊| 1193/1223 [00:05<00:00, 231.28w/s, dev=cpu]      
vit_model.vision_model.encoder.layers.8.mlp.fc1.weight:  98%|█████████▊| 1194/1223 [00:05<00:00, 231.47w/s, dev=cpu]
vit_model.vision_model.encoder.layers.8.mlp.fc2.bias:  98%|█████████▊| 1195/1223 [00:05<00:00, 231.66w/s, dev=cpu]  
vit_model.vision_model.encoder.layers.8.mlp.fc2.weight:  98%|█████████▊| 1196/1223 [00:05<00:00, 231.86w/s, dev=cpu]
vit_model.vision_model.encoder.layers.8.self_attn.k_proj.bias:  98%|█████████▊| 1197/1223 [00:05<00:00, 232.05w/s, dev=cpu]
vit_model.vision_model.encoder.layers.8.self_attn.k_proj.weight:  98%|█████████▊| 1198/1223 [00:05<00:00, 232.24w/s, dev=cpu]
vit_model.vision_model.encoder.layers.8.self_attn.out_proj.bias:  98%|█████████▊| 1199/1223 [00:05<00:00, 232.43w/s, dev=cpu]
vit_model.vision_model.encoder.layers.8.self_attn.out_proj.weight:  98%|█████████▊| 1200/1223 [00:05<00:00, 232.62w/s, dev=cpu]
vit_model.vision_model.encoder.layers.8.self_attn.q_proj.bias:  98%|█████████▊| 1201/1223 [00:05<00:00, 232.81w/s, dev=cpu]    
vit_model.vision_model.encoder.layers.8.self_attn.q_proj.weight:  98%|█████████▊| 1202/1223 [00:05<00:00, 233.00w/s, dev=cpu]
vit_model.vision_model.encoder.layers.8.self_attn.v_proj.bias:  98%|█████████▊| 1203/1223 [00:05<00:00, 233.19w/s, dev=cpu]  
vit_model.vision_model.encoder.layers.8.self_attn.v_proj.weight:  98%|█████████▊| 1204/1223 [00:05<00:00, 233.38w/s, dev=cpu]
vit_model.vision_model.encoder.layers.9.layer_norm1.bias:  99%|█████████▊| 1205/1223 [00:05<00:00, 233.57w/s, dev=cpu]       
vit_model.vision_model.encoder.layers.9.layer_norm1.weight:  99%|█████████▊| 1206/1223 [00:05<00:00, 233.76w/s, dev=cpu]
vit_model.vision_model.encoder.layers.9.layer_norm2.bias:  99%|█████████▊| 1207/1223 [00:05<00:00, 233.95w/s, dev=cpu]  
vit_model.vision_model.encoder.layers.9.layer_norm2.weight:  99%|█████████▉| 1208/1223 [00:05<00:00, 234.14w/s, dev=cpu]
vit_model.vision_model.encoder.layers.9.mlp.fc1.bias:  99%|█████████▉| 1209/1223 [00:05<00:00, 234.33w/s, dev=cpu]      
vit_model.vision_model.encoder.layers.9.mlp.fc1.weight:  99%|█████████▉| 1210/1223 [00:05<00:00, 234.52w/s, dev=cpu]
vit_model.vision_model.encoder.layers.9.mlp.fc2.bias:  99%|█████████▉| 1211/1223 [00:05<00:00, 234.71w/s, dev=cpu]  
vit_model.vision_model.encoder.layers.9.mlp.fc2.weight:  99%|█████████▉| 1212/1223 [00:05<00:00, 234.90w/s, dev=cpu]
vit_model.vision_model.encoder.layers.9.self_attn.k_proj.bias:  99%|█████████▉| 1213/1223 [00:05<00:00, 235.09w/s, dev=cpu]
vit_model.vision_model.encoder.layers.9.self_attn.k_proj.weight:  99%|█████████▉| 1214/1223 [00:05<00:00, 235.28w/s, dev=cpu]
vit_model.vision_model.encoder.layers.9.self_attn.out_proj.bias:  99%|█████████▉| 1215/1223 [00:05<00:00, 235.47w/s, dev=cpu]
vit_model.vision_model.encoder.layers.9.self_attn.out_proj.weight:  99%|█████████▉| 1216/1223 [00:05<00:00, 235.66w/s, dev=cpu]
vit_model.vision_model.encoder.layers.9.self_attn.q_proj.bias: 100%|█████████▉| 1217/1223 [00:05<00:00, 235.85w/s, dev=cpu]    
vit_model.vision_model.encoder.layers.9.self_attn.q_proj.weight: 100%|█████████▉| 1218/1223 [00:05<00:00, 236.04w/s, dev=cpu]
vit_model.vision_model.encoder.layers.9.self_attn.v_proj.bias: 100%|█████████▉| 1219/1223 [00:05<00:00, 236.24w/s, dev=cpu]  
vit_model.vision_model.encoder.layers.9.self_attn.v_proj.weight: 100%|█████████▉| 1220/1223 [00:05<00:00, 236.43w/s, dev=cpu]
vit_model.vision_model.post_layernorm.bias: 100%|█████████▉| 1221/1223 [00:05<00:00, 236.62w/s, dev=cpu]                     
vit_model.vision_model.post_layernorm.weight: 100%|█████████▉| 1222/1223 [00:05<00:00, 236.81w/s, dev=cpu]
                                                                                                          
Some parameters are on the meta device because they were offloaded to the cpu.

  0%|          | 0/29 [00:00<?, ?it/s]
  3%|▎         | 1/29 [00:03<01:36,  3.46s/it]
  7%|▋         | 2/29 [00:06<01:28,  3.29s/it]
 10%|█         | 3/29 [00:09<01:24,  3.23s/it]
 14%|█▍        | 4/29 [00:12<01:20,  3.21s/it]
 17%|█▋        | 5/29 [00:16<01:16,  3.18s/it]
 21%|██        | 6/29 [00:19<01:12,  3.17s/it]
 24%|██▍       | 7/29 [00:22<01:09,  3.16s/it]
 28%|██▊       | 8/29 [00:25<01:06,  3.17s/it]
 31%|███       | 9/29 [00:28<01:03,  3.16s/it]
 34%|███▍      | 10/29 [00:31<00:59,  3.15s/it]
 38%|███▊      | 11/29 [00:34<00:56,  3.15s/it]
 41%|████▏     | 12/29 [00:38<00:53,  3.14s/it]
 45%|████▍     | 13/29 [00:41<00:50,  3.15s/it]
 48%|████▊     | 14/29 [00:44<00:47,  3.16s/it]
 52%|█████▏    | 15/29 [00:47<00:44,  3.15s/it]
 55%|█████▌    | 16/29 [00:50<00:40,  3.15s/it]
 59%|█████▊    | 17/29 [00:53<00:37,  3.14s/it]
 62%|██████▏   | 18/29 [00:57<00:34,  3.14s/it]
 66%|██████▌   | 19/29 [01:00<00:31,  3.15s/it]
 69%|██████▉   | 20/29 [01:03<00:28,  3.17s/it]
 72%|███████▏  | 21/29 [01:06<00:25,  3.19s/it]
 76%|███████▌  | 22/29 [01:09<00:22,  3.20s/it]
 79%|███████▉  | 23/29 [01:13<00:19,  3.20s/it]
 83%|████████▎ | 24/29 [01:16<00:16,  3.21s/it]
 86%|████████▌ | 25/29 [01:17<00:10,  2.74s/it]
 90%|████████▉ | 26/29 [01:19<00:07,  2.41s/it]
 93%|█████████▎| 27/29 [01:21<00:04,  2.17s/it]
 97%|█████████▋| 28/29 [01:22<00:02,  2.01s/it]
100%|██████████| 29/29 [01:24<00:00,  1.89s/it]
100%|██████████| 29/29 [01:24<00:00,  2.91s/it]

task=t2i
prompt=a blue glass castle floating above the ocean at sunset
input_image=
output=/root/autodl-tmp/BAGEL/repro_records/task10_20260601_102643/outputs/cfg_text_1.png
model_path=models/BAGEL-7B-MoT
mode=2
seed=42
think=False
num_timesteps=30
cfg_text_scale=1.0
cfg_img_scale=2.0
cfg_interval=[0.4, 1.0]
timestep_shift=3.0
gpu_memory_before=cuda:0 torch_allocated=0.00GiB torch_reserved=0.00GiB torch_peak=0.00GiB; cuda:1 torch_allocated=0.00GiB torch_reserved=0.00GiB torch_peak=0.00GiB; nvidia_smi=0, 4, 24564 | 1, 672, 24564
model_load_seconds=24.05
gpu_memory_after_load=cuda:0 torch_allocated=3.29GiB torch_reserved=3.51GiB torch_peak=11.27GiB; cuda:1 torch_allocated=2.69GiB torch_reserved=2.94GiB torch_peak=12.36GiB; nvidia_smi=0, 4052, 24564 | 1, 4140, 24564
inference_seconds=97.38
total_seconds=122.11
gpu_memory_after_inference=cuda:0 torch_allocated=3.30GiB torch_reserved=3.85GiB torch_peak=11.27GiB; cuda:1 torch_allocated=2.69GiB torch_reserved=2.94GiB torch_peak=12.36GiB; nvidia_smi=0, 4412, 24564 | 1, 4156, 24564
status=success

wall_seconds=130
after_gpu:
Mon Jun  1 20:24:04 2026       
+-----------------------------------------------------------------------------------------+
| NVIDIA-SMI 595.58.03              Driver Version: 595.58.03      CUDA Version: 13.2     |
+-----------------------------------------+------------------------+----------------------+
| GPU  Name                 Persistence-M | Bus-Id          Disp.A | Volatile Uncorr. ECC |
| Fan  Temp   Perf          Pwr:Usage/Cap |           Memory-Usage | GPU-Util  Compute M. |
|                                         |                        |               MIG M. |
|=========================================+========================+======================|
|   0  NVIDIA GeForce RTX 4090        On  |   00000000:16:00.0 Off |                  Off |
| 30%   38C    P0             58W /  450W |       1MiB /  24564MiB |     31%      Default |
|                                         |                        |                  N/A |
+-----------------------------------------+------------------------+----------------------+
|   1  NVIDIA GeForce RTX 4090        On  |   00000000:5A:00.0 Off |                  Off |
| 30%   36C    P0             64W /  450W |     672MiB /  24564MiB |      4%      Default |
|                                         |                        |                  N/A |
+-----------------------------------------+------------------------+----------------------+

+-----------------------------------------------------------------------------------------+
| Processes:                                                                              |
|  GPU   GI   CI              PID   Type   Process name                        GPU Memory |
|        ID   ID                                                               Usage      |
|=========================================================================================|
|  No running processes found                                                             |
+-----------------------------------------------------------------------------------------+

===== cfg_text_scale=4.0 =====
output=/root/autodl-tmp/BAGEL/repro_records/task10_20260601_102643/outputs/cfg_text_4.png
before_gpu:
Mon Jun  1 20:24:04 2026       
+-----------------------------------------------------------------------------------------+
| NVIDIA-SMI 595.58.03              Driver Version: 595.58.03      CUDA Version: 13.2     |
+-----------------------------------------+------------------------+----------------------+
| GPU  Name                 Persistence-M | Bus-Id          Disp.A | Volatile Uncorr. ECC |
| Fan  Temp   Perf          Pwr:Usage/Cap |           Memory-Usage | GPU-Util  Compute M. |
|                                         |                        |               MIG M. |
|=========================================+========================+======================|
|   0  NVIDIA GeForce RTX 4090        On  |   00000000:16:00.0 Off |                  Off |
| 30%   38C    P0             60W /  450W |       1MiB /  24564MiB |      0%      Default |
|                                         |                        |                  N/A |
+-----------------------------------------+------------------------+----------------------+
|   1  NVIDIA GeForce RTX 4090        On  |   00000000:5A:00.0 Off |                  Off |
| 30%   36C    P0             65W /  450W |     672MiB /  24564MiB |      0%      Default |
|                                         |                        |                  N/A |
+-----------------------------------------+------------------------+----------------------+

+-----------------------------------------------------------------------------------------+
| Processes:                                                                              |
|  GPU   GI   CI              PID   Type   Process name                        GPU Memory |
|        ID   ID                                                               Usage      |
|=========================================================================================|
|  No running processes found                                                             |
+-----------------------------------------------------------------------------------------+
command=/root/miniconda3/bin/conda run -n bagel python scripts/run_bagel_minimal.py --task t2i --prompt a blue glass castle floating above the ocean at sunset --output /root/autodl-tmp/BAGEL/repro_records/task10_20260601_102643/outputs/cfg_text_4.png --mode 2 --seed 42 --think false --num_timesteps 30 --cfg_text_scale 4.0 --model_path models/BAGEL-7B-MoT
The safetensors archive passed at models/BAGEL-7B-MoT/ema.safetensors does not contain metadata. Make sure to save your model with the `save_pretrained` method. Defaulting to 'pt' metadata.

  0%|          | 0/1223 [00:00<?, ?w/s]
language_model.model.embed_tokens.weight:   0%|          | 0/1223 [00:00<?, ?w/s, dev=0]
language_model.model.embed_tokens.weight:   0%|          | 1/1223 [00:00<07:39,  2.66w/s, dev=0]
language_model.model.layers.0.input_layernorm.weight:   0%|          | 1/1223 [00:00<07:40,  2.66w/s, dev=0]
language_model.model.layers.0.input_layernorm_moe_gen.weight:   0%|          | 2/1223 [00:00<03:50,  5.30w/s, dev=0]
language_model.model.layers.0.mlp.down_proj.weight:   0%|          | 3/1223 [00:00<02:33,  7.95w/s, dev=0]          
language_model.model.layers.0.mlp.gate_proj.weight:   0%|          | 4/1223 [00:00<02:03,  9.90w/s, dev=0]
language_model.model.layers.0.mlp.up_proj.weight:   0%|          | 5/1223 [00:00<01:45, 11.58w/s, dev=0]  
language_model.model.layers.0.mlp_moe_gen.down_proj.weight:   0%|          | 6/1223 [00:00<01:33, 13.08w/s, dev=0]
language_model.model.layers.0.mlp_moe_gen.down_proj.weight:   1%|          | 7/1223 [00:00<01:25, 14.23w/s, dev=0]
language_model.model.layers.0.mlp_moe_gen.gate_proj.weight:   1%|          | 7/1223 [00:00<01:25, 14.22w/s, dev=0]
language_model.model.layers.0.mlp_moe_gen.up_proj.weight:   1%|          | 8/1223 [00:00<01:18, 15.40w/s, dev=0]  
language_model.model.layers.0.post_attention_layernorm.weight:   1%|          | 9/1223 [00:00<01:13, 16.45w/s, dev=0]
language_model.model.layers.0.post_attention_layernorm_moe_gen.weight:   1%|          | 10/1223 [00:00<01:06, 18.26w/s, dev=0]
language_model.model.layers.0.self_attn.k_norm.weight:   1%|          | 11/1223 [00:00<01:00, 20.08w/s, dev=0]                
language_model.model.layers.0.self_attn.k_norm_moe_gen.weight:   1%|          | 12/1223 [00:00<00:55, 21.90w/s, dev=0]
language_model.model.layers.0.self_attn.k_proj.bias:   1%|          | 13/1223 [00:00<00:51, 23.72w/s, dev=0]          
language_model.model.layers.0.self_attn.k_proj.weight:   1%|          | 14/1223 [00:00<00:47, 25.54w/s, dev=0]
language_model.model.layers.0.self_attn.k_proj_moe_gen.bias:   1%|          | 15/1223 [00:00<00:44, 27.31w/s, dev=0]
language_model.model.layers.0.self_attn.k_proj_moe_gen.weight:   1%|▏         | 16/1223 [00:00<00:41, 29.12w/s, dev=0]
language_model.model.layers.0.self_attn.o_proj.weight:   1%|▏         | 17/1223 [00:00<00:39, 30.89w/s, dev=0]        
language_model.model.layers.0.self_attn.o_proj_moe_gen.weight:   1%|▏         | 18/1223 [00:00<00:37, 32.38w/s, dev=0]
language_model.model.layers.0.self_attn.q_norm.weight:   2%|▏         | 19/1223 [00:00<00:35, 33.84w/s, dev=0]        
language_model.model.layers.0.self_attn.q_norm_moe_gen.weight:   2%|▏         | 20/1223 [00:00<00:33, 35.61w/s, dev=0]
language_model.model.layers.0.self_attn.q_proj.bias:   2%|▏         | 21/1223 [00:00<00:32, 37.38w/s, dev=0]          
language_model.model.layers.0.self_attn.q_proj.weight:   2%|▏         | 22/1223 [00:00<00:30, 39.15w/s, dev=0]
language_model.model.layers.0.self_attn.q_proj_moe_gen.bias:   2%|▏         | 23/1223 [00:00<00:29, 40.55w/s, dev=0]
language_model.model.layers.0.self_attn.q_proj_moe_gen.weight:   2%|▏         | 24/1223 [00:00<00:28, 42.29w/s, dev=0]
language_model.model.layers.0.self_attn.v_proj.bias:   2%|▏         | 25/1223 [00:00<00:27, 43.63w/s, dev=0]          
language_model.model.layers.0.self_attn.v_proj.weight:   2%|▏         | 26/1223 [00:00<00:26, 45.35w/s, dev=0]
language_model.model.layers.0.self_attn.v_proj_moe_gen.bias:   2%|▏         | 27/1223 [00:00<00:25, 47.01w/s, dev=0]
language_model.model.layers.0.self_attn.v_proj_moe_gen.weight:   2%|▏         | 28/1223 [00:00<00:24, 48.74w/s, dev=0]
language_model.model.layers.1.input_layernorm.weight:   2%|▏         | 29/1223 [00:00<00:23, 50.40w/s, dev=0]         
language_model.model.layers.1.input_layernorm_moe_gen.weight:   2%|▏         | 30/1223 [00:00<00:22, 52.12w/s, dev=0]
language_model.model.layers.1.mlp.down_proj.weight:   3%|▎         | 31/1223 [00:00<00:22, 53.84w/s, dev=0]          
language_model.model.layers.1.mlp.down_proj.weight:   3%|▎         | 32/1223 [00:00<00:22, 53.09w/s, dev=0]
language_model.model.layers.1.mlp.gate_proj.weight:   3%|▎         | 32/1223 [00:00<00:22, 53.08w/s, dev=0]
language_model.model.layers.1.mlp.up_proj.weight:   3%|▎         | 33/1223 [00:00<00:22, 52.35w/s, dev=0]  
language_model.model.layers.1.mlp_moe_gen.down_proj.weight:   3%|▎         | 34/1223 [00:00<00:22, 51.71w/s, dev=0]
language_model.model.layers.1.mlp_moe_gen.gate_proj.weight:   3%|▎         | 35/1223 [00:00<00:23, 50.90w/s, dev=0]
language_model.model.layers.1.mlp_moe_gen.up_proj.weight:   3%|▎         | 36/1223 [00:00<00:23, 50.24w/s, dev=0]  
language_model.model.layers.1.post_attention_layernorm.weight:   3%|▎         | 37/1223 [00:00<00:23, 49.64w/s, dev=0]
language_model.model.layers.1.post_attention_layernorm_moe_gen.weight:   3%|▎         | 38/1223 [00:00<00:23, 50.96w/s, dev=0]
language_model.model.layers.1.self_attn.k_norm.weight:   3%|▎         | 39/1223 [00:00<00:22, 52.29w/s, dev=0]                
language_model.model.layers.1.self_attn.k_norm_moe_gen.weight:   3%|▎         | 40/1223 [00:00<00:22, 53.62w/s, dev=0]
language_model.model.layers.1.self_attn.k_proj.bias:   3%|▎         | 41/1223 [00:00<00:21, 54.95w/s, dev=0]          
language_model.model.layers.1.self_attn.k_proj.weight:   3%|▎         | 42/1223 [00:00<00:20, 56.28w/s, dev=0]
language_model.model.layers.1.self_attn.k_proj_moe_gen.bias:   4%|▎         | 43/1223 [00:00<00:20, 57.55w/s, dev=0]
language_model.model.layers.1.self_attn.k_proj_moe_gen.weight:   4%|▎         | 44/1223 [00:00<00:20, 58.87w/s, dev=0]
language_model.model.layers.1.self_attn.o_proj.weight:   4%|▎         | 45/1223 [00:00<00:19, 60.12w/s, dev=0]        
language_model.model.layers.1.self_attn.o_proj_moe_gen.weight:   4%|▍         | 46/1223 [00:00<00:19, 60.98w/s, dev=0]
language_model.model.layers.1.self_attn.q_norm.weight:   4%|▍         | 47/1223 [00:00<00:19, 61.83w/s, dev=0]        
language_model.model.layers.1.self_attn.q_norm_moe_gen.weight:   4%|▍         | 48/1223 [00:00<00:18, 63.13w/s, dev=0]
language_model.model.layers.1.self_attn.q_proj.bias:   4%|▍         | 49/1223 [00:00<00:18, 64.44w/s, dev=0]          
language_model.model.layers.1.self_attn.q_proj.weight:   4%|▍         | 50/1223 [00:00<00:17, 65.74w/s, dev=0]
language_model.model.layers.1.self_attn.q_proj_moe_gen.bias:   4%|▍         | 51/1223 [00:00<00:17, 66.56w/s, dev=0]
language_model.model.layers.1.self_attn.q_proj_moe_gen.weight:   4%|▍         | 52/1223 [00:00<00:17, 67.85w/s, dev=0]
language_model.model.layers.1.self_attn.v_proj.bias:   4%|▍         | 53/1223 [00:00<00:17, 68.65w/s, dev=0]          
language_model.model.layers.1.self_attn.v_proj.weight:   4%|▍         | 54/1223 [00:00<00:16, 69.92w/s, dev=0]
language_model.model.layers.1.self_attn.v_proj_moe_gen.bias:   4%|▍         | 55/1223 [00:00<00:16, 71.13w/s, dev=0]
language_model.model.layers.1.self_attn.v_proj_moe_gen.weight:   5%|▍         | 56/1223 [00:00<00:16, 72.41w/s, dev=0]
language_model.model.layers.1.self_attn.v_proj_moe_gen.weight:   5%|▍         | 57/1223 [00:00<00:15, 73.61w/s, dev=0]
language_model.model.layers.2.input_layernorm.weight:   5%|▍         | 57/1223 [00:00<00:15, 73.60w/s, dev=0]         
language_model.model.layers.2.input_layernorm_moe_gen.weight:   5%|▍         | 58/1223 [00:00<00:15, 74.88w/s, dev=0]
language_model.model.layers.2.mlp.down_proj.weight:   5%|▍         | 59/1223 [00:00<00:15, 76.16w/s, dev=0]          
language_model.model.layers.2.mlp.gate_proj.weight:   5%|▍         | 60/1223 [00:00<00:15, 74.77w/s, dev=0]
language_model.model.layers.2.mlp.up_proj.weight:   5%|▍         | 61/1223 [00:00<00:15, 73.54w/s, dev=0]  
language_model.model.layers.2.mlp_moe_gen.down_proj.weight:   5%|▌         | 62/1223 [00:00<00:16, 72.02w/s, dev=0]
language_model.model.layers.2.mlp_moe_gen.gate_proj.weight:   5%|▌         | 63/1223 [00:00<00:16, 70.95w/s, dev=0]
language_model.model.layers.2.mlp_moe_gen.up_proj.weight:   5%|▌         | 64/1223 [00:00<00:16, 69.95w/s, dev=0]  
language_model.model.layers.2.post_attention_layernorm.weight:   5%|▌         | 65/1223 [00:00<00:16, 68.99w/s, dev=0]
language_model.model.layers.2.post_attention_layernorm_moe_gen.weight:   5%|▌         | 66/1223 [00:00<00:16, 70.03w/s, dev=0]
language_model.model.layers.2.self_attn.k_norm.weight:   5%|▌         | 67/1223 [00:00<00:16, 71.08w/s, dev=0]                
language_model.model.layers.2.self_attn.k_norm_moe_gen.weight:   6%|▌         | 68/1223 [00:00<00:16, 72.13w/s, dev=0]
language_model.model.layers.2.self_attn.k_proj.bias:   6%|▌         | 69/1223 [00:00<00:15, 73.18w/s, dev=0]          
language_model.model.layers.2.self_attn.k_proj.weight:   6%|▌         | 70/1223 [00:00<00:15, 74.23w/s, dev=0]
language_model.model.layers.2.self_attn.k_proj_moe_gen.bias:   6%|▌         | 71/1223 [00:00<00:15, 75.22w/s, dev=0]
language_model.model.layers.2.self_attn.k_proj_moe_gen.weight:   6%|▌         | 72/1223 [00:00<00:15, 76.27w/s, dev=0]
language_model.model.layers.2.self_attn.o_proj.weight:   6%|▌         | 73/1223 [00:00<00:14, 77.25w/s, dev=0]        
language_model.model.layers.2.self_attn.o_proj_moe_gen.weight:   6%|▌         | 74/1223 [00:00<00:14, 77.83w/s, dev=0]
language_model.model.layers.2.self_attn.q_norm.weight:   6%|▌         | 75/1223 [00:00<00:14, 78.42w/s, dev=0]        
language_model.model.layers.2.self_attn.q_norm_moe_gen.weight:   6%|▌         | 76/1223 [00:00<00:14, 79.45w/s, dev=0]
language_model.model.layers.2.self_attn.q_proj.bias:   6%|▋         | 77/1223 [00:00<00:14, 80.48w/s, dev=0]          
language_model.model.layers.2.self_attn.q_proj.weight:   6%|▋         | 78/1223 [00:00<00:14, 81.52w/s, dev=0]
language_model.model.layers.2.self_attn.q_proj_moe_gen.bias:   6%|▋         | 79/1223 [00:00<00:13, 82.09w/s, dev=0]
language_model.model.layers.2.self_attn.q_proj_moe_gen.weight:   7%|▋         | 80/1223 [00:00<00:13, 83.11w/s, dev=0]
language_model.model.layers.2.self_attn.v_proj.bias:   7%|▋         | 81/1223 [00:00<00:13, 83.68w/s, dev=0]          
language_model.model.layers.2.self_attn.v_proj.bias:   7%|▋         | 82/1223 [00:00<00:13, 84.69w/s, dev=0]
language_model.model.layers.2.self_attn.v_proj.weight:   7%|▋         | 82/1223 [00:00<00:13, 84.68w/s, dev=0]
language_model.model.layers.2.self_attn.v_proj_moe_gen.bias:   7%|▋         | 83/1223 [00:00<00:13, 85.62w/s, dev=0]
language_model.model.layers.2.self_attn.v_proj_moe_gen.weight:   7%|▋         | 84/1223 [00:00<00:13, 86.64w/s, dev=0]
language_model.model.layers.3.input_layernorm.weight:   7%|▋         | 85/1223 [00:00<00:12, 87.59w/s, dev=0]         
language_model.model.layers.3.input_layernorm_moe_gen.weight:   7%|▋         | 86/1223 [00:00<00:12, 88.60w/s, dev=0]
language_model.model.layers.3.mlp.down_proj.weight:   7%|▋         | 87/1223 [00:00<00:12, 89.62w/s, dev=0]          
language_model.model.layers.3.mlp.gate_proj.weight:   7%|▋         | 88/1223 [00:00<00:12, 88.11w/s, dev=0]
language_model.model.layers.3.mlp.up_proj.weight:   7%|▋         | 89/1223 [00:01<00:13, 86.70w/s, dev=0]  
language_model.model.layers.3.mlp_moe_gen.down_proj.weight:   7%|▋         | 90/1223 [00:01<00:13, 84.98w/s, dev=0]
language_model.model.layers.3.mlp_moe_gen.gate_proj.weight:   7%|▋         | 91/1223 [00:01<00:13, 83.78w/s, dev=0]
language_model.model.layers.3.mlp_moe_gen.up_proj.weight:   8%|▊         | 92/1223 [00:01<00:13, 82.61w/s, dev=0]  
language_model.model.layers.3.post_attention_layernorm.weight:   8%|▊         | 93/1223 [00:01<00:13, 81.53w/s, dev=0]
language_model.model.layers.3.post_attention_layernorm_moe_gen.weight:   8%|▊         | 94/1223 [00:01<00:13, 82.38w/s, dev=0]
language_model.model.layers.3.self_attn.k_norm.weight:   8%|▊         | 95/1223 [00:01<00:13, 83.24w/s, dev=0]                
language_model.model.layers.3.self_attn.k_norm_moe_gen.weight:   8%|▊         | 96/1223 [00:01<00:13, 84.11w/s, dev=0]
language_model.model.layers.3.self_attn.k_proj.bias:   8%|▊         | 97/1223 [00:01<00:13, 84.98w/s, dev=0]          
language_model.model.layers.3.self_attn.k_proj.weight:   8%|▊         | 98/1223 [00:01<00:13, 85.84w/s, dev=0]
language_model.model.layers.3.self_attn.k_proj_moe_gen.bias:   8%|▊         | 99/1223 [00:01<00:12, 86.65w/s, dev=0]
language_model.model.layers.3.self_attn.k_proj_moe_gen.weight:   8%|▊         | 100/1223 [00:01<00:12, 87.51w/s, dev=0]
language_model.model.layers.3.self_attn.o_proj.weight:   8%|▊         | 101/1223 [00:01<00:12, 88.31w/s, dev=0]        
language_model.model.layers.3.self_attn.o_proj_moe_gen.weight:   8%|▊         | 102/1223 [00:01<00:12, 88.74w/s, dev=0]
language_model.model.layers.3.self_attn.q_norm.weight:   8%|▊         | 103/1223 [00:01<00:12, 89.18w/s, dev=0]        
language_model.model.layers.3.self_attn.q_norm_moe_gen.weight:   9%|▊         | 104/1223 [00:01<00:12, 90.03w/s, dev=0]
language_model.model.layers.3.self_attn.q_proj.bias:   9%|▊         | 105/1223 [00:01<00:12, 90.88w/s, dev=0]          
language_model.model.layers.3.self_attn.q_proj.weight:   9%|▊         | 106/1223 [00:01<00:12, 91.74w/s, dev=0]
language_model.model.layers.3.self_attn.q_proj.weight:   9%|▊         | 107/1223 [00:01<00:12, 92.17w/s, dev=0]
language_model.model.layers.3.self_attn.q_proj_moe_gen.bias:   9%|▊         | 107/1223 [00:01<00:12, 92.16w/s, dev=0]
language_model.model.layers.3.self_attn.q_proj_moe_gen.weight:   9%|▉         | 108/1223 [00:01<00:11, 93.01w/s, dev=0]
language_model.model.layers.3.self_attn.v_proj.bias:   9%|▉         | 109/1223 [00:01<00:11, 93.44w/s, dev=0]          
language_model.model.layers.3.self_attn.v_proj.weight:   9%|▉         | 110/1223 [00:01<00:11, 94.28w/s, dev=0]
language_model.model.layers.3.self_attn.v_proj_moe_gen.bias:   9%|▉         | 111/1223 [00:01<00:11, 95.06w/s, dev=0]
language_model.model.layers.3.self_attn.v_proj_moe_gen.weight:   9%|▉         | 112/1223 [00:01<00:11, 95.90w/s, dev=0]
language_model.model.layers.4.input_layernorm.weight:   9%|▉         | 113/1223 [00:01<00:11, 96.67w/s, dev=0]         
language_model.model.layers.4.input_layernorm_moe_gen.weight:   9%|▉         | 114/1223 [00:01<00:11, 97.50w/s, dev=0]
language_model.model.layers.4.mlp.down_proj.weight:   9%|▉         | 115/1223 [00:01<00:11, 98.35w/s, dev=0]          
language_model.model.layers.4.mlp.gate_proj.weight:   9%|▉         | 116/1223 [00:01<00:11, 96.95w/s, dev=0]
language_model.model.layers.4.mlp.up_proj.weight:  10%|▉         | 117/1223 [00:01<00:11, 95.10w/s, dev=0]  
language_model.model.layers.4.mlp_moe_gen.down_proj.weight:  10%|▉         | 118/1223 [00:01<00:11, 93.75w/s, dev=0]
language_model.model.layers.4.mlp_moe_gen.gate_proj.weight:  10%|▉         | 119/1223 [00:01<00:11, 92.55w/s, dev=0]
language_model.model.layers.4.mlp_moe_gen.up_proj.weight:  10%|▉         | 120/1223 [00:01<00:12, 91.33w/s, dev=0]  
language_model.model.layers.4.post_attention_layernorm.weight:  10%|▉         | 121/1223 [00:01<00:12, 90.20w/s, dev=0]
language_model.model.layers.4.post_attention_layernorm_moe_gen.weight:  10%|▉         | 122/1223 [00:01<00:12, 90.93w/s, dev=0]
language_model.model.layers.4.self_attn.k_norm.weight:  10%|█         | 123/1223 [00:01<00:12, 91.66w/s, dev=0]                
language_model.model.layers.4.self_attn.k_norm_moe_gen.weight:  10%|█         | 124/1223 [00:01<00:11, 92.39w/s, dev=0]
language_model.model.layers.4.self_attn.k_proj.bias:  10%|█         | 125/1223 [00:01<00:11, 93.13w/s, dev=0]          
language_model.model.layers.4.self_attn.k_proj.weight:  10%|█         | 126/1223 [00:01<00:11, 93.86w/s, dev=0]
language_model.model.layers.4.self_attn.k_proj_moe_gen.bias:  10%|█         | 127/1223 [00:01<00:11, 94.54w/s, dev=0]
language_model.model.layers.4.self_attn.k_proj_moe_gen.weight:  10%|█         | 128/1223 [00:01<00:11, 95.27w/s, dev=0]
language_model.model.layers.4.self_attn.o_proj.weight:  11%|█         | 129/1223 [00:01<00:11, 95.95w/s, dev=0]        
language_model.model.layers.4.self_attn.o_proj_moe_gen.weight:  11%|█         | 130/1223 [00:01<00:11, 96.32w/s, dev=0]
language_model.model.layers.4.self_attn.q_norm.weight:  11%|█         | 131/1223 [00:01<00:11, 96.70w/s, dev=0]        
language_model.model.layers.4.self_attn.q_norm.weight:  11%|█         | 132/1223 [00:01<00:11, 97.43w/s, dev=0]
language_model.model.layers.4.self_attn.q_norm_moe_gen.weight:  11%|█         | 132/1223 [00:01<00:11, 97.42w/s, dev=0]
language_model.model.layers.4.self_attn.q_proj.bias:  11%|█         | 133/1223 [00:01<00:11, 98.15w/s, dev=0]          
language_model.model.layers.4.self_attn.q_proj.weight:  11%|█         | 134/1223 [00:01<00:11, 98.89w/s, dev=0]
language_model.model.layers.4.self_attn.q_proj_moe_gen.bias:  11%|█         | 135/1223 [00:01<00:10, 99.26w/s, dev=0]
language_model.model.layers.4.self_attn.q_proj_moe_gen.weight:  11%|█         | 136/1223 [00:01<00:10, 99.98w/s, dev=0]
language_model.model.layers.4.self_attn.v_proj.bias:  11%|█         | 137/1223 [00:01<00:10, 100.35w/s, dev=0]         
language_model.model.layers.4.self_attn.v_proj.weight:  11%|█▏        | 138/1223 [00:01<00:10, 101.07w/s, dev=0]
language_model.model.layers.4.self_attn.v_proj_moe_gen.bias:  11%|█▏        | 139/1223 [00:01<00:10, 101.74w/s, dev=0]
language_model.model.layers.4.self_attn.v_proj_moe_gen.weight:  11%|█▏        | 140/1223 [00:01<00:10, 102.46w/s, dev=0]
language_model.model.layers.5.input_layernorm.weight:  12%|█▏        | 141/1223 [00:01<00:10, 103.13w/s, dev=0]         
language_model.model.layers.5.input_layernorm_moe_gen.weight:  12%|█▏        | 142/1223 [00:01<00:10, 103.85w/s, dev=0]
language_model.model.layers.5.mlp.down_proj.weight:  12%|█▏        | 143/1223 [00:01<00:10, 104.57w/s, dev=0]          
language_model.model.layers.5.mlp.gate_proj.weight:  12%|█▏        | 144/1223 [00:01<00:10, 103.09w/s, dev=0]
language_model.model.layers.5.mlp.up_proj.weight:  12%|█▏        | 145/1223 [00:01<00:10, 101.79w/s, dev=0]  
language_model.model.layers.5.mlp_moe_gen.down_proj.weight:  12%|█▏        | 146/1223 [00:01<00:10, 100.49w/s, dev=0]
language_model.model.layers.5.mlp_moe_gen.gate_proj.weight:  12%|█▏        | 147/1223 [00:01<00:10, 99.31w/s, dev=0] 
language_model.model.layers.5.mlp_moe_gen.up_proj.weight:  12%|█▏        | 148/1223 [00:01<00:10, 97.94w/s, dev=0]  
language_model.model.layers.5.post_attention_layernorm.weight:  12%|█▏        | 149/1223 [00:01<00:11, 96.97w/s, dev=0]
language_model.model.layers.5.post_attention_layernorm_moe_gen.weight:  12%|█▏        | 150/1223 [00:01<00:10, 97.60w/s, dev=0]
language_model.model.layers.5.self_attn.k_norm.weight:  12%|█▏        | 151/1223 [00:01<00:10, 98.25w/s, dev=0]                
language_model.model.layers.5.self_attn.k_norm_moe_gen.weight:  12%|█▏        | 152/1223 [00:01<00:10, 98.89w/s, dev=0]
language_model.model.layers.5.self_attn.k_proj.bias:  13%|█▎        | 153/1223 [00:01<00:10, 99.53w/s, dev=0]          
language_model.model.layers.5.self_attn.k_proj.weight:  13%|█▎        | 154/1223 [00:01<00:10, 100.18w/s, dev=0]
language_model.model.layers.5.self_attn.k_proj_moe_gen.bias:  13%|█▎        | 155/1223 [00:01<00:10, 100.76w/s, dev=0]
language_model.model.layers.5.self_attn.k_proj_moe_gen.weight:  13%|█▎        | 156/1223 [00:01<00:10, 101.40w/s, dev=0]
language_model.model.layers.5.self_attn.k_proj_moe_gen.weight:  13%|█▎        | 157/1223 [00:01<00:10, 101.99w/s, dev=0]
language_model.model.layers.5.self_attn.o_proj.weight:  13%|█▎        | 157/1223 [00:01<00:10, 101.98w/s, dev=0]        
language_model.model.layers.5.self_attn.o_proj_moe_gen.weight:  13%|█▎        | 158/1223 [00:01<00:10, 102.28w/s, dev=0]
language_model.model.layers.5.self_attn.q_norm.weight:  13%|█▎        | 159/1223 [00:01<00:10, 102.57w/s, dev=0]        
language_model.model.layers.5.self_attn.q_norm_moe_gen.weight:  13%|█▎        | 160/1223 [00:01<00:10, 103.20w/s, dev=0]
language_model.model.layers.5.self_attn.q_proj.bias:  13%|█▎        | 161/1223 [00:01<00:10, 103.84w/s, dev=0]          
language_model.model.layers.5.self_attn.q_proj.weight:  13%|█▎        | 162/1223 [00:01<00:10, 104.48w/s, dev=0]
language_model.model.layers.5.self_attn.q_proj_moe_gen.bias:  13%|█▎        | 163/1223 [00:01<00:10, 104.76w/s, dev=0]
language_model.model.layers.5.self_attn.q_proj_moe_gen.weight:  13%|█▎        | 164/1223 [00:01<00:10, 105.39w/s, dev=0]
language_model.model.layers.5.self_attn.v_proj.bias:  13%|█▎        | 165/1223 [00:01<00:10, 105.67w/s, dev=0]          
language_model.model.layers.5.self_attn.v_proj.weight:  14%|█▎        | 166/1223 [00:01<00:09, 106.30w/s, dev=0]
language_model.model.layers.5.self_attn.v_proj_moe_gen.bias:  14%|█▎        | 167/1223 [00:01<00:09, 106.88w/s, dev=0]
language_model.model.layers.5.self_attn.v_proj_moe_gen.weight:  14%|█▎        | 168/1223 [00:01<00:09, 107.51w/s, dev=0]
language_model.model.layers.6.input_layernorm.weight:  14%|█▍        | 169/1223 [00:01<00:09, 108.09w/s, dev=0]         
language_model.model.layers.6.input_layernorm_moe_gen.weight:  14%|█▍        | 170/1223 [00:01<00:09, 108.72w/s, dev=0]
language_model.model.layers.6.mlp.down_proj.weight:  14%|█▍        | 171/1223 [00:01<00:09, 109.35w/s, dev=0]          
language_model.model.layers.6.mlp.gate_proj.weight:  14%|█▍        | 172/1223 [00:01<00:09, 107.85w/s, dev=0]
language_model.model.layers.6.mlp.up_proj.weight:  14%|█▍        | 173/1223 [00:01<00:09, 106.68w/s, dev=0]  
language_model.model.layers.6.mlp_moe_gen.down_proj.weight:  14%|█▍        | 174/1223 [00:01<00:09, 105.52w/s, dev=0]
language_model.model.layers.6.mlp_moe_gen.gate_proj.weight:  14%|█▍        | 175/1223 [00:01<00:10, 104.41w/s, dev=0]
language_model.model.layers.6.mlp_moe_gen.up_proj.weight:  14%|█▍        | 176/1223 [00:01<00:10, 103.34w/s, dev=0]  
language_model.model.layers.6.post_attention_layernorm.weight:  14%|█▍        | 177/1223 [00:01<00:10, 102.32w/s, dev=0]
language_model.model.layers.6.post_attention_layernorm_moe_gen.weight:  15%|█▍        | 178/1223 [00:01<00:10, 102.87w/s, dev=0]
language_model.model.layers.6.self_attn.k_norm.weight:  15%|█▍        | 179/1223 [00:01<00:10, 103.44w/s, dev=0]                
language_model.model.layers.6.self_attn.k_norm_moe_gen.weight:  15%|█▍        | 180/1223 [00:01<00:10, 104.00w/s, dev=0]
language_model.model.layers.6.self_attn.k_proj.bias:  15%|█▍        | 181/1223 [00:01<00:09, 104.56w/s, dev=0]          
language_model.model.layers.6.self_attn.k_proj.bias:  15%|█▍        | 182/1223 [00:01<00:09, 105.12w/s, dev=0]
language_model.model.layers.6.self_attn.k_proj.weight:  15%|█▍        | 182/1223 [00:01<00:09, 105.11w/s, dev=0]
language_model.model.layers.6.self_attn.k_proj_moe_gen.bias:  15%|█▍        | 183/1223 [00:01<00:09, 105.58w/s, dev=0]
language_model.model.layers.6.self_attn.k_proj_moe_gen.weight:  15%|█▌        | 184/1223 [00:01<00:09, 106.13w/s, dev=0]
language_model.model.layers.6.self_attn.o_proj.weight:  15%|█▌        | 185/1223 [00:01<00:09, 106.56w/s, dev=0]        
language_model.model.layers.6.self_attn.o_proj_moe_gen.weight:  15%|█▌        | 186/1223 [00:01<00:09, 106.73w/s, dev=0]
language_model.model.layers.6.self_attn.q_norm.weight:  15%|█▌        | 187/1223 [00:01<00:09, 107.00w/s, dev=0]        
language_model.model.layers.6.self_attn.q_norm_moe_gen.weight:  15%|█▌        | 188/1223 [00:01<00:09, 107.56w/s, dev=0]
language_model.model.layers.6.self_attn.q_proj.bias:  15%|█▌        | 189/1223 [00:01<00:09, 108.12w/s, dev=0]          
language_model.model.layers.6.self_attn.q_proj.weight:  16%|█▌        | 190/1223 [00:01<00:09, 108.69w/s, dev=0]
language_model.model.layers.6.self_attn.q_proj_moe_gen.bias:  16%|█▌        | 191/1223 [00:01<00:09, 108.95w/s, dev=0]
language_model.model.layers.6.self_attn.q_proj_moe_gen.weight:  16%|█▌        | 192/1223 [00:01<00:09, 109.51w/s, dev=0]
language_model.model.layers.6.self_attn.v_proj.bias:  16%|█▌        | 193/1223 [00:01<00:09, 109.76w/s, dev=0]          
language_model.model.layers.6.self_attn.v_proj.weight:  16%|█▌        | 194/1223 [00:01<00:09, 110.32w/s, dev=0]
language_model.model.layers.6.self_attn.v_proj_moe_gen.bias:  16%|█▌        | 195/1223 [00:01<00:09, 110.83w/s, dev=0]
language_model.model.layers.6.self_attn.v_proj_moe_gen.weight:  16%|█▌        | 196/1223 [00:01<00:09, 111.39w/s, dev=0]
language_model.model.layers.7.input_layernorm.weight:  16%|█▌        | 197/1223 [00:01<00:09, 111.91w/s, dev=0]         
language_model.model.layers.7.input_layernorm_moe_gen.weight:  16%|█▌        | 198/1223 [00:01<00:09, 112.47w/s, dev=0]
language_model.model.layers.7.mlp.down_proj.weight:  16%|█▋        | 199/1223 [00:01<00:09, 113.03w/s, dev=0]          
language_model.model.layers.7.mlp.gate_proj.weight:  16%|█▋        | 200/1223 [00:01<00:09, 111.98w/s, dev=0]
language_model.model.layers.7.mlp.up_proj.weight:  16%|█▋        | 201/1223 [00:01<00:09, 110.97w/s, dev=0]  
language_model.model.layers.7.mlp_moe_gen.down_proj.weight:  17%|█▋        | 202/1223 [00:01<00:09, 109.98w/s, dev=0]
language_model.model.layers.7.mlp_moe_gen.gate_proj.weight:  17%|█▋        | 203/1223 [00:01<00:09, 109.03w/s, dev=0]
language_model.model.layers.7.mlp_moe_gen.up_proj.weight:  17%|█▋        | 204/1223 [00:01<00:09, 108.09w/s, dev=0]  
language_model.model.layers.7.post_attention_layernorm.weight:  17%|█▋        | 205/1223 [00:01<00:09, 107.17w/s, dev=0]
language_model.model.layers.7.post_attention_layernorm_moe_gen.weight:  17%|█▋        | 206/1223 [00:01<00:09, 107.66w/s, dev=0]
language_model.model.layers.7.post_attention_layernorm_moe_gen.weight:  17%|█▋        | 207/1223 [00:01<00:09, 108.17w/s, dev=0]
language_model.model.layers.7.self_attn.k_norm.weight:  17%|█▋        | 207/1223 [00:01<00:09, 108.15w/s, dev=0]                
language_model.model.layers.7.self_attn.k_norm_moe_gen.weight:  17%|█▋        | 208/1223 [00:01<00:09, 108.66w/s, dev=0]
language_model.model.layers.7.self_attn.k_proj.bias:  17%|█▋        | 209/1223 [00:01<00:09, 109.16w/s, dev=0]          
language_model.model.layers.7.self_attn.k_proj.weight:  17%|█▋        | 210/1223 [00:01<00:09, 109.66w/s, dev=0]
language_model.model.layers.7.self_attn.k_proj_moe_gen.bias:  17%|█▋        | 211/1223 [00:01<00:09, 110.09w/s, dev=0]
language_model.model.layers.7.self_attn.k_proj_moe_gen.weight:  17%|█▋        | 212/1223 [00:01<00:09, 110.59w/s, dev=0]
language_model.model.layers.7.self_attn.o_proj.weight:  17%|█▋        | 213/1223 [00:01<00:09, 111.00w/s, dev=0]        
language_model.model.layers.7.self_attn.o_proj_moe_gen.weight:  17%|█▋        | 214/1223 [00:01<00:09, 111.06w/s, dev=0]
language_model.model.layers.7.self_attn.q_norm.weight:  18%|█▊        | 215/1223 [00:01<00:09, 111.27w/s, dev=0]        
language_model.model.layers.7.self_attn.q_norm_moe_gen.weight:  18%|█▊        | 216/1223 [00:01<00:09, 111.78w/s, dev=0]
language_model.model.layers.7.self_attn.q_proj.bias:  18%|█▊        | 217/1223 [00:01<00:08, 112.29w/s, dev=0]          
language_model.model.layers.7.self_attn.q_proj.weight:  18%|█▊        | 218/1223 [00:01<00:08, 112.80w/s, dev=0]
language_model.model.layers.7.self_attn.q_proj_moe_gen.bias:  18%|█▊        | 219/1223 [00:01<00:08, 113.02w/s, dev=0]
language_model.model.layers.7.self_attn.q_proj_moe_gen.weight:  18%|█▊        | 220/1223 [00:01<00:08, 113.53w/s, dev=0]
language_model.model.layers.7.self_attn.v_proj.bias:  18%|█▊        | 221/1223 [00:01<00:08, 113.74w/s, dev=0]          
language_model.model.layers.7.self_attn.v_proj.weight:  18%|█▊        | 222/1223 [00:01<00:08, 114.25w/s, dev=0]
language_model.model.layers.7.self_attn.v_proj_moe_gen.bias:  18%|█▊        | 223/1223 [00:01<00:08, 114.71w/s, dev=0]
language_model.model.layers.7.self_attn.v_proj_moe_gen.weight:  18%|█▊        | 224/1223 [00:01<00:08, 115.21w/s, dev=0]
language_model.model.layers.8.input_layernorm.weight:  18%|█▊        | 225/1223 [00:01<00:08, 115.67w/s, dev=0]         
language_model.model.layers.8.input_layernorm_moe_gen.weight:  18%|█▊        | 226/1223 [00:01<00:08, 116.18w/s, dev=0]
language_model.model.layers.8.mlp.down_proj.weight:  19%|█▊        | 227/1223 [00:01<00:08, 116.69w/s, dev=0]          
language_model.model.layers.8.mlp.gate_proj.weight:  19%|█▊        | 228/1223 [00:01<00:08, 115.71w/s, dev=0]
language_model.model.layers.8.mlp.up_proj.weight:  19%|█▊        | 229/1223 [00:01<00:08, 114.63w/s, dev=0]  
language_model.model.layers.8.mlp_moe_gen.down_proj.weight:  19%|█▉        | 230/1223 [00:02<00:08, 113.69w/s, dev=0]
language_model.model.layers.8.mlp_moe_gen.gate_proj.weight:  19%|█▉        | 231/1223 [00:02<00:08, 112.78w/s, dev=0]
language_model.model.layers.8.mlp_moe_gen.gate_proj.weight:  19%|█▉        | 232/1223 [00:02<00:08, 111.66w/s, dev=0]
language_model.model.layers.8.mlp_moe_gen.up_proj.weight:  19%|█▉        | 232/1223 [00:02<00:08, 111.65w/s, dev=0]  
language_model.model.layers.8.post_attention_layernorm.weight:  19%|█▉        | 233/1223 [00:02<00:08, 110.80w/s, dev=0]
language_model.model.layers.8.post_attention_layernorm_moe_gen.weight:  19%|█▉        | 234/1223 [00:02<00:08, 111.26w/s, dev=0]
language_model.model.layers.8.self_attn.k_norm.weight:  19%|█▉        | 235/1223 [00:02<00:08, 111.73w/s, dev=0]                
language_model.model.layers.8.self_attn.k_norm_moe_gen.weight:  19%|█▉        | 236/1223 [00:02<00:08, 112.20w/s, dev=0]
language_model.model.layers.8.self_attn.k_proj.bias:  19%|█▉        | 237/1223 [00:02<00:08, 112.67w/s, dev=0]          
language_model.model.layers.8.self_attn.k_proj.weight:  19%|█▉        | 238/1223 [00:02<00:08, 113.14w/s, dev=0]
language_model.model.layers.8.self_attn.k_proj_moe_gen.bias:  20%|█▉        | 239/1223 [00:02<00:08, 113.57w/s, dev=0]
language_model.model.layers.8.self_attn.k_proj_moe_gen.weight:  20%|█▉        | 240/1223 [00:02<00:08, 114.04w/s, dev=0]
language_model.model.layers.8.self_attn.o_proj.weight:  20%|█▉        | 241/1223 [00:02<00:08, 114.47w/s, dev=0]        
language_model.model.layers.8.self_attn.o_proj_moe_gen.weight:  20%|█▉        | 242/1223 [00:02<00:08, 114.67w/s, dev=0]
language_model.model.layers.8.self_attn.q_norm.weight:  20%|█▉        | 243/1223 [00:02<00:08, 114.86w/s, dev=0]        
language_model.model.layers.8.self_attn.q_norm_moe_gen.weight:  20%|█▉        | 244/1223 [00:02<00:08, 115.33w/s, dev=0]
language_model.model.layers.8.self_attn.q_proj.bias:  20%|██        | 245/1223 [00:02<00:08, 115.79w/s, dev=0]          
language_model.model.layers.8.self_attn.q_proj.weight:  20%|██        | 246/1223 [00:02<00:08, 116.26w/s, dev=0]
language_model.model.layers.8.self_attn.q_proj_moe_gen.bias:  20%|██        | 247/1223 [00:02<00:08, 116.45w/s, dev=0]
language_model.model.layers.8.self_attn.q_proj_moe_gen.weight:  20%|██        | 248/1223 [00:02<00:08, 116.91w/s, dev=0]
language_model.model.layers.8.self_attn.v_proj.bias:  20%|██        | 249/1223 [00:02<00:08, 117.11w/s, dev=0]          
language_model.model.layers.8.self_attn.v_proj.weight:  20%|██        | 250/1223 [00:02<00:08, 117.57w/s, dev=0]
language_model.model.layers.8.self_attn.v_proj_moe_gen.bias:  21%|██        | 251/1223 [00:02<00:08, 117.99w/s, dev=0]
language_model.model.layers.8.self_attn.v_proj_moe_gen.weight:  21%|██        | 252/1223 [00:02<00:08, 118.46w/s, dev=0]
time_embedder.mlp.0.bias:  21%|██        | 253/1223 [00:02<00:08, 118.87w/s, dev=0]                                     
time_embedder.mlp.0.weight:  21%|██        | 254/1223 [00:02<00:08, 119.33w/s, dev=0]
time_embedder.mlp.2.bias:  21%|██        | 255/1223 [00:02<00:08, 119.77w/s, dev=0]  
time_embedder.mlp.2.weight:  21%|██        | 256/1223 [00:02<00:08, 120.23w/s, dev=0]
vae2llm.bias:  21%|██        | 257/1223 [00:02<00:08, 120.42w/s, dev=0]              
vae2llm.weight:  21%|██        | 258/1223 [00:02<00:07, 120.88w/s, dev=0]
llm2vae.bias:  21%|██        | 259/1223 [00:02<00:07, 121.33w/s, dev=0]  
llm2vae.weight:  21%|██▏       | 260/1223 [00:02<00:07, 121.79w/s, dev=0]
latent_pos_embed.pos_embed:  21%|██▏       | 261/1223 [00:02<00:07, 122.25w/s, dev=0]
connector.fc1.bias:  21%|██▏       | 262/1223 [00:02<00:07, 122.39w/s, dev=0]        
connector.fc1.weight:  22%|██▏       | 263/1223 [00:02<00:07, 122.85w/s, dev=0]
connector.fc2.bias:  22%|██▏       | 264/1223 [00:02<00:07, 123.19w/s, dev=0]  
connector.fc2.weight:  22%|██▏       | 265/1223 [00:02<00:07, 123.65w/s, dev=0]
vit_pos_embed.pos_embed:  22%|██▏       | 266/1223 [00:02<00:07, 123.74w/s, dev=0]
language_model.model.layers.9.input_layernorm.weight:  22%|██▏       | 267/1223 [00:02<00:09, 101.46w/s, dev=1]
language_model.model.layers.9.input_layernorm.weight:  22%|██▏       | 268/1223 [00:02<00:09, 97.00w/s, dev=1] 
language_model.model.layers.9.input_layernorm_moe_gen.weight:  22%|██▏       | 268/1223 [00:02<00:09, 96.99w/s, dev=1]
language_model.model.layers.9.mlp.down_proj.weight:  22%|██▏       | 269/1223 [00:02<00:09, 97.34w/s, dev=1]          
language_model.model.layers.9.mlp.gate_proj.weight:  22%|██▏       | 270/1223 [00:02<00:09, 96.82w/s, dev=1]
language_model.model.layers.9.mlp.up_proj.weight:  22%|██▏       | 271/1223 [00:02<00:09, 96.31w/s, dev=1]  
language_model.model.layers.9.mlp_moe_gen.down_proj.weight:  22%|██▏       | 272/1223 [00:02<00:09, 95.81w/s, dev=1]
language_model.model.layers.9.mlp_moe_gen.gate_proj.weight:  22%|██▏       | 273/1223 [00:02<00:09, 95.32w/s, dev=1]
language_model.model.layers.9.mlp_moe_gen.up_proj.weight:  22%|██▏       | 274/1223 [00:02<00:10, 94.83w/s, dev=1]  
language_model.model.layers.9.post_attention_layernorm.weight:  22%|██▏       | 275/1223 [00:02<00:10, 94.36w/s, dev=1]
language_model.model.layers.9.post_attention_layernorm_moe_gen.weight:  23%|██▎       | 276/1223 [00:02<00:10, 94.70w/s, dev=1]
language_model.model.layers.9.self_attn.k_norm.weight:  23%|██▎       | 277/1223 [00:02<00:09, 95.04w/s, dev=1]                
language_model.model.layers.9.self_attn.k_norm_moe_gen.weight:  23%|██▎       | 278/1223 [00:02<00:09, 95.37w/s, dev=1]
language_model.model.layers.9.self_attn.k_proj.bias:  23%|██▎       | 279/1223 [00:02<00:09, 95.71w/s, dev=1]          
language_model.model.layers.9.self_attn.k_proj.weight:  23%|██▎       | 280/1223 [00:02<00:09, 96.05w/s, dev=1]
language_model.model.layers.9.self_attn.k_proj_moe_gen.bias:  23%|██▎       | 281/1223 [00:02<00:09, 96.36w/s, dev=1]
language_model.model.layers.9.self_attn.k_proj_moe_gen.weight:  23%|██▎       | 282/1223 [00:02<00:09, 96.70w/s, dev=1]
language_model.model.layers.9.self_attn.o_proj.weight:  23%|██▎       | 283/1223 [00:02<00:09, 97.01w/s, dev=1]        
language_model.model.layers.9.self_attn.o_proj_moe_gen.weight:  23%|██▎       | 284/1223 [00:02<00:09, 97.18w/s, dev=1]
language_model.model.layers.9.self_attn.q_norm.weight:  23%|██▎       | 285/1223 [00:02<00:09, 97.35w/s, dev=1]        
language_model.model.layers.9.self_attn.q_norm_moe_gen.weight:  23%|██▎       | 286/1223 [00:02<00:09, 97.69w/s, dev=1]
language_model.model.layers.9.self_attn.q_proj.bias:  23%|██▎       | 287/1223 [00:02<00:09, 98.03w/s, dev=1]          
language_model.model.layers.9.self_attn.q_proj.weight:  24%|██▎       | 288/1223 [00:02<00:09, 98.36w/s, dev=1]
language_model.model.layers.9.self_attn.q_proj_moe_gen.bias:  24%|██▎       | 289/1223 [00:02<00:09, 98.47w/s, dev=1]
language_model.model.layers.9.self_attn.q_proj_moe_gen.weight:  24%|██▎       | 290/1223 [00:02<00:09, 98.80w/s, dev=1]
language_model.model.layers.9.self_attn.v_proj.bias:  24%|██▍       | 291/1223 [00:02<00:09, 98.95w/s, dev=1]          
language_model.model.layers.9.self_attn.v_proj.weight:  24%|██▍       | 292/1223 [00:02<00:09, 99.28w/s, dev=1]
language_model.model.layers.9.self_attn.v_proj_moe_gen.bias:  24%|██▍       | 293/1223 [00:02<00:09, 99.60w/s, dev=1]
language_model.model.layers.9.self_attn.v_proj_moe_gen.weight:  24%|██▍       | 294/1223 [00:02<00:09, 99.93w/s, dev=1]
language_model.model.layers.10.input_layernorm.weight:  24%|██▍       | 295/1223 [00:02<00:09, 100.24w/s, dev=1]       
language_model.model.layers.10.input_layernorm_moe_gen.weight:  24%|██▍       | 296/1223 [00:02<00:09, 100.58w/s, dev=1]
language_model.model.layers.10.mlp.down_proj.weight:  24%|██▍       | 297/1223 [00:02<00:09, 100.91w/s, dev=1]          
language_model.model.layers.10.mlp.gate_proj.weight:  24%|██▍       | 298/1223 [00:02<00:09, 100.40w/s, dev=1]
language_model.model.layers.10.mlp.up_proj.weight:  24%|██▍       | 299/1223 [00:02<00:09, 99.89w/s, dev=1]   
language_model.model.layers.10.mlp_moe_gen.down_proj.weight:  25%|██▍       | 300/1223 [00:03<00:09, 99.39w/s, dev=1]
language_model.model.layers.10.mlp_moe_gen.gate_proj.weight:  25%|██▍       | 301/1223 [00:03<00:09, 98.90w/s, dev=1]
language_model.model.layers.10.mlp_moe_gen.up_proj.weight:  25%|██▍       | 302/1223 [00:03<00:09, 98.42w/s, dev=1]  
language_model.model.layers.10.post_attention_layernorm.weight:  25%|██▍       | 303/1223 [00:03<00:09, 97.78w/s, dev=1]
language_model.model.layers.10.post_attention_layernorm.weight:  25%|██▍       | 304/1223 [00:03<00:09, 98.10w/s, dev=1]
language_model.model.layers.10.post_attention_layernorm_moe_gen.weight:  25%|██▍       | 304/1223 [00:03<00:09, 98.10w/s, dev=1]
language_model.model.layers.10.self_attn.k_norm.weight:  25%|██▍       | 305/1223 [00:03<00:09, 98.41w/s, dev=1]                
language_model.model.layers.10.self_attn.k_norm_moe_gen.weight:  25%|██▌       | 306/1223 [00:03<00:09, 98.73w/s, dev=1]
language_model.model.layers.10.self_attn.k_proj.bias:  25%|██▌       | 307/1223 [00:03<00:09, 99.05w/s, dev=1]          
language_model.model.layers.10.self_attn.k_proj.weight:  25%|██▌       | 308/1223 [00:03<00:09, 99.37w/s, dev=1]
language_model.model.layers.10.self_attn.k_proj_moe_gen.bias:  25%|██▌       | 309/1223 [00:03<00:09, 99.67w/s, dev=1]
language_model.model.layers.10.self_attn.k_proj_moe_gen.weight:  25%|██▌       | 310/1223 [00:03<00:09, 99.99w/s, dev=1]
language_model.model.layers.10.self_attn.o_proj.weight:  25%|██▌       | 311/1223 [00:03<00:09, 100.27w/s, dev=1]       
language_model.model.layers.10.self_attn.o_proj_moe_gen.weight:  26%|██▌       | 312/1223 [00:03<00:09, 100.42w/s, dev=1]
language_model.model.layers.10.self_attn.q_norm.weight:  26%|██▌       | 313/1223 [00:03<00:09, 100.57w/s, dev=1]        
language_model.model.layers.10.self_attn.q_norm_moe_gen.weight:  26%|██▌       | 314/1223 [00:03<00:09, 100.88w/s, dev=1]
language_model.model.layers.10.self_attn.q_proj.bias:  26%|██▌       | 315/1223 [00:03<00:08, 101.20w/s, dev=1]          
language_model.model.layers.10.self_attn.q_proj.weight:  26%|██▌       | 316/1223 [00:03<00:08, 101.52w/s, dev=1]
language_model.model.layers.10.self_attn.q_proj_moe_gen.bias:  26%|██▌       | 317/1223 [00:03<00:08, 101.66w/s, dev=1]
language_model.model.layers.10.self_attn.q_proj_moe_gen.weight:  26%|██▌       | 318/1223 [00:03<00:08, 101.98w/s, dev=1]
language_model.model.layers.10.self_attn.v_proj.bias:  26%|██▌       | 319/1223 [00:03<00:08, 102.13w/s, dev=1]          
language_model.model.layers.10.self_attn.v_proj.weight:  26%|██▌       | 320/1223 [00:03<00:08, 102.44w/s, dev=1]
language_model.model.layers.10.self_attn.v_proj_moe_gen.bias:  26%|██▌       | 321/1223 [00:03<00:08, 102.73w/s, dev=1]
language_model.model.layers.10.self_attn.v_proj_moe_gen.weight:  26%|██▋       | 322/1223 [00:03<00:08, 103.05w/s, dev=1]
language_model.model.layers.11.input_layernorm.weight:  26%|██▋       | 323/1223 [00:03<00:08, 103.34w/s, dev=1]         
language_model.model.layers.11.input_layernorm_moe_gen.weight:  26%|██▋       | 324/1223 [00:03<00:08, 103.65w/s, dev=1]
language_model.model.layers.11.mlp.down_proj.weight:  27%|██▋       | 325/1223 [00:03<00:08, 103.97w/s, dev=1]          
language_model.model.layers.11.mlp.gate_proj.weight:  27%|██▋       | 326/1223 [00:03<00:08, 103.40w/s, dev=1]
language_model.model.layers.11.mlp.up_proj.weight:  27%|██▋       | 327/1223 [00:03<00:08, 102.88w/s, dev=1]  
language_model.model.layers.11.mlp_moe_gen.down_proj.weight:  27%|██▋       | 328/1223 [00:03<00:08, 102.39w/s, dev=1]
language_model.model.layers.11.mlp_moe_gen.gate_proj.weight:  27%|██▋       | 329/1223 [00:03<00:08, 101.90w/s, dev=1]
language_model.model.layers.11.mlp_moe_gen.up_proj.weight:  27%|██▋       | 330/1223 [00:03<00:08, 101.42w/s, dev=1]  
language_model.model.layers.11.post_attention_layernorm.weight:  27%|██▋       | 331/1223 [00:03<00:08, 100.84w/s, dev=1]
language_model.model.layers.11.post_attention_layernorm_moe_gen.weight:  27%|██▋       | 332/1223 [00:03<00:08, 101.14w/s, dev=1]
language_model.model.layers.11.self_attn.k_norm.weight:  27%|██▋       | 333/1223 [00:03<00:08, 101.44w/s, dev=1]                
language_model.model.layers.11.self_attn.k_norm_moe_gen.weight:  27%|██▋       | 334/1223 [00:03<00:08, 101.74w/s, dev=1]
language_model.model.layers.11.self_attn.k_proj.bias:  27%|██▋       | 335/1223 [00:03<00:08, 102.04w/s, dev=1]          
language_model.model.layers.11.self_attn.k_proj.weight:  27%|██▋       | 336/1223 [00:03<00:08, 102.34w/s, dev=1]
language_model.model.layers.11.self_attn.k_proj_moe_gen.bias:  28%|██▊       | 337/1223 [00:03<00:08, 102.62w/s, dev=1]
language_model.model.layers.11.self_attn.k_proj_moe_gen.weight:  28%|██▊       | 338/1223 [00:03<00:08, 102.92w/s, dev=1]
language_model.model.layers.11.self_attn.o_proj.weight:  28%|██▊       | 339/1223 [00:03<00:08, 103.20w/s, dev=1]        
language_model.model.layers.11.self_attn.o_proj.weight:  28%|██▊       | 340/1223 [00:03<00:08, 103.33w/s, dev=1]
language_model.model.layers.11.self_attn.o_proj_moe_gen.weight:  28%|██▊       | 340/1223 [00:03<00:08, 103.33w/s, dev=1]
language_model.model.layers.11.self_attn.q_norm.weight:  28%|██▊       | 341/1223 [00:03<00:08, 103.47w/s, dev=1]        
language_model.model.layers.11.self_attn.q_norm_moe_gen.weight:  28%|██▊       | 342/1223 [00:03<00:08, 103.76w/s, dev=1]
language_model.model.layers.11.self_attn.q_proj.bias:  28%|██▊       | 343/1223 [00:03<00:08, 104.06w/s, dev=1]          
language_model.model.layers.11.self_attn.q_proj.weight:  28%|██▊       | 344/1223 [00:03<00:08, 104.36w/s, dev=1]
language_model.model.layers.11.self_attn.q_proj_moe_gen.bias:  28%|██▊       | 345/1223 [00:03<00:08, 104.50w/s, dev=1]
language_model.model.layers.11.self_attn.q_proj_moe_gen.weight:  28%|██▊       | 346/1223 [00:03<00:08, 104.79w/s, dev=1]
language_model.model.layers.11.self_attn.v_proj.bias:  28%|██▊       | 347/1223 [00:03<00:08, 104.93w/s, dev=1]          
language_model.model.layers.11.self_attn.v_proj.weight:  28%|██▊       | 348/1223 [00:03<00:08, 105.22w/s, dev=1]
language_model.model.layers.11.self_attn.v_proj_moe_gen.bias:  29%|██▊       | 349/1223 [00:03<00:08, 105.49w/s, dev=1]
language_model.model.layers.11.self_attn.v_proj_moe_gen.weight:  29%|██▊       | 350/1223 [00:03<00:08, 105.79w/s, dev=1]
language_model.model.layers.12.input_layernorm.weight:  29%|██▊       | 351/1223 [00:03<00:08, 106.07w/s, dev=1]         
language_model.model.layers.12.input_layernorm_moe_gen.weight:  29%|██▉       | 352/1223 [00:03<00:08, 106.36w/s, dev=1]
language_model.model.layers.12.mlp.down_proj.weight:  29%|██▉       | 353/1223 [00:03<00:08, 106.66w/s, dev=1]          
language_model.model.layers.12.mlp.gate_proj.weight:  29%|██▉       | 354/1223 [00:03<00:08, 106.11w/s, dev=1]
language_model.model.layers.12.mlp.up_proj.weight:  29%|██▉       | 355/1223 [00:03<00:08, 105.57w/s, dev=1]  
language_model.model.layers.12.mlp_moe_gen.down_proj.weight:  29%|██▉       | 356/1223 [00:03<00:08, 105.04w/s, dev=1]
language_model.model.layers.12.mlp_moe_gen.gate_proj.weight:  29%|██▉       | 357/1223 [00:03<00:08, 104.52w/s, dev=1]
language_model.model.layers.12.mlp_moe_gen.up_proj.weight:  29%|██▉       | 358/1223 [00:03<00:08, 103.90w/s, dev=1]  
language_model.model.layers.12.post_attention_layernorm.weight:  29%|██▉       | 359/1223 [00:03<00:08, 103.44w/s, dev=1]
language_model.model.layers.12.post_attention_layernorm_moe_gen.weight:  29%|██▉       | 360/1223 [00:03<00:08, 103.72w/s, dev=1]
language_model.model.layers.12.self_attn.k_norm.weight:  30%|██▉       | 361/1223 [00:03<00:08, 104.01w/s, dev=1]                
language_model.model.layers.12.self_attn.k_norm_moe_gen.weight:  30%|██▉       | 362/1223 [00:03<00:08, 104.29w/s, dev=1]
language_model.model.layers.12.self_attn.k_proj.bias:  30%|██▉       | 363/1223 [00:03<00:08, 104.58w/s, dev=1]          
language_model.model.layers.12.self_attn.k_proj.weight:  30%|██▉       | 364/1223 [00:03<00:08, 104.86w/s, dev=1]
language_model.model.layers.12.self_attn.k_proj_moe_gen.bias:  30%|██▉       | 365/1223 [00:03<00:08, 105.12w/s, dev=1]
language_model.model.layers.12.self_attn.k_proj_moe_gen.weight:  30%|██▉       | 366/1223 [00:03<00:08, 105.41w/s, dev=1]
language_model.model.layers.12.self_attn.o_proj.weight:  30%|███       | 367/1223 [00:03<00:08, 105.67w/s, dev=1]        
language_model.model.layers.12.self_attn.o_proj_moe_gen.weight:  30%|███       | 368/1223 [00:03<00:08, 105.80w/s, dev=1]
language_model.model.layers.12.self_attn.q_norm.weight:  30%|███       | 369/1223 [00:03<00:08, 105.94w/s, dev=1]        
language_model.model.layers.12.self_attn.q_norm_moe_gen.weight:  30%|███       | 370/1223 [00:03<00:08, 106.22w/s, dev=1]
language_model.model.layers.12.self_attn.q_proj.bias:  30%|███       | 371/1223 [00:03<00:07, 106.50w/s, dev=1]          
language_model.model.layers.12.self_attn.q_proj.weight:  30%|███       | 372/1223 [00:03<00:07, 106.79w/s, dev=1]
language_model.model.layers.12.self_attn.q_proj_moe_gen.bias:  30%|███       | 373/1223 [00:03<00:07, 106.92w/s, dev=1]
language_model.model.layers.12.self_attn.q_proj_moe_gen.weight:  31%|███       | 374/1223 [00:03<00:07, 107.20w/s, dev=1]
language_model.model.layers.12.self_attn.v_proj.bias:  31%|███       | 375/1223 [00:03<00:07, 107.33w/s, dev=1]          
language_model.model.layers.12.self_attn.v_proj.bias:  31%|███       | 376/1223 [00:03<00:07, 107.61w/s, dev=1]
language_model.model.layers.12.self_attn.v_proj.weight:  31%|███       | 376/1223 [00:03<00:07, 107.61w/s, dev=1]
language_model.model.layers.12.self_attn.v_proj_moe_gen.bias:  31%|███       | 377/1223 [00:03<00:07, 107.87w/s, dev=1]
language_model.model.layers.12.self_attn.v_proj_moe_gen.weight:  31%|███       | 378/1223 [00:03<00:07, 108.15w/s, dev=1]
language_model.model.layers.13.input_layernorm.weight:  31%|███       | 379/1223 [00:03<00:07, 108.41w/s, dev=1]         
language_model.model.layers.13.input_layernorm_moe_gen.weight:  31%|███       | 380/1223 [00:03<00:07, 108.69w/s, dev=1]
language_model.model.layers.13.mlp.down_proj.weight:  31%|███       | 381/1223 [00:03<00:07, 108.97w/s, dev=1]          
language_model.model.layers.13.mlp.gate_proj.weight:  31%|███       | 382/1223 [00:03<00:07, 108.48w/s, dev=1]
language_model.model.layers.13.mlp.up_proj.weight:  31%|███▏      | 383/1223 [00:03<00:07, 108.00w/s, dev=1]  
language_model.model.layers.13.mlp_moe_gen.down_proj.weight:  31%|███▏      | 384/1223 [00:03<00:07, 107.52w/s, dev=1]
language_model.model.layers.13.mlp_moe_gen.gate_proj.weight:  31%|███▏      | 385/1223 [00:03<00:07, 106.89w/s, dev=1]
language_model.model.layers.13.mlp_moe_gen.up_proj.weight:  32%|███▏      | 386/1223 [00:03<00:07, 106.39w/s, dev=1]  
language_model.model.layers.13.post_attention_layernorm.weight:  32%|███▏      | 387/1223 [00:03<00:07, 105.93w/s, dev=1]
language_model.model.layers.13.post_attention_layernorm_moe_gen.weight:  32%|███▏      | 388/1223 [00:03<00:07, 106.20w/s, dev=1]
language_model.model.layers.13.self_attn.k_norm.weight:  32%|███▏      | 389/1223 [00:03<00:07, 106.47w/s, dev=1]                
language_model.model.layers.13.self_attn.k_norm_moe_gen.weight:  32%|███▏      | 390/1223 [00:03<00:07, 106.74w/s, dev=1]
language_model.model.layers.13.self_attn.k_proj.bias:  32%|███▏      | 391/1223 [00:03<00:07, 107.01w/s, dev=1]          
language_model.model.layers.13.self_attn.k_proj.weight:  32%|███▏      | 392/1223 [00:03<00:07, 107.28w/s, dev=1]
language_model.model.layers.13.self_attn.k_proj_moe_gen.bias:  32%|███▏      | 393/1223 [00:03<00:07, 107.53w/s, dev=1]
language_model.model.layers.13.self_attn.k_proj_moe_gen.weight:  32%|███▏      | 394/1223 [00:03<00:07, 107.80w/s, dev=1]
language_model.model.layers.13.self_attn.o_proj.weight:  32%|███▏      | 395/1223 [00:03<00:07, 108.05w/s, dev=1]        
language_model.model.layers.13.self_attn.o_proj_moe_gen.weight:  32%|███▏      | 396/1223 [00:03<00:07, 108.17w/s, dev=1]
language_model.model.layers.13.self_attn.q_norm.weight:  32%|███▏      | 397/1223 [00:03<00:07, 108.30w/s, dev=1]        
language_model.model.layers.13.self_attn.q_norm_moe_gen.weight:  33%|███▎      | 398/1223 [00:03<00:07, 108.56w/s, dev=1]
language_model.model.layers.13.self_attn.q_proj.bias:  33%|███▎      | 399/1223 [00:03<00:07, 108.83w/s, dev=1]          
language_model.model.layers.13.self_attn.q_proj.weight:  33%|███▎      | 400/1223 [00:03<00:07, 109.06w/s, dev=1]
language_model.model.layers.13.self_attn.q_proj_moe_gen.bias:  33%|███▎      | 401/1223 [00:03<00:07, 109.18w/s, dev=1]
language_model.model.layers.13.self_attn.q_proj_moe_gen.weight:  33%|███▎      | 402/1223 [00:03<00:07, 109.45w/s, dev=1]
language_model.model.layers.13.self_attn.v_proj.bias:  33%|███▎      | 403/1223 [00:03<00:07, 109.57w/s, dev=1]          
language_model.model.layers.13.self_attn.v_proj.weight:  33%|███▎      | 404/1223 [00:03<00:07, 109.84w/s, dev=1]
language_model.model.layers.13.self_attn.v_proj_moe_gen.bias:  33%|███▎      | 405/1223 [00:03<00:07, 110.09w/s, dev=1]
language_model.model.layers.13.self_attn.v_proj_moe_gen.weight:  33%|███▎      | 406/1223 [00:03<00:07, 110.35w/s, dev=1]
language_model.model.layers.14.input_layernorm.weight:  33%|███▎      | 407/1223 [00:03<00:07, 110.60w/s, dev=1]         
language_model.model.layers.14.input_layernorm_moe_gen.weight:  33%|███▎      | 408/1223 [00:03<00:07, 110.87w/s, dev=1]
language_model.model.layers.14.mlp.down_proj.weight:  33%|███▎      | 409/1223 [00:03<00:07, 111.14w/s, dev=1]          
language_model.model.layers.14.mlp.gate_proj.weight:  34%|███▎      | 410/1223 [00:03<00:07, 110.65w/s, dev=1]
language_model.model.layers.14.mlp.up_proj.weight:  34%|███▎      | 411/1223 [00:03<00:07, 110.02w/s, dev=1]  
language_model.model.layers.14.mlp.up_proj.weight:  34%|███▎      | 412/1223 [00:03<00:07, 109.55w/s, dev=1]
language_model.model.layers.14.mlp_moe_gen.down_proj.weight:  34%|███▎      | 412/1223 [00:03<00:07, 109.55w/s, dev=1]
language_model.model.layers.14.mlp_moe_gen.gate_proj.weight:  34%|███▍      | 413/1223 [00:03<00:07, 109.08w/s, dev=1]
language_model.model.layers.14.mlp_moe_gen.up_proj.weight:  34%|███▍      | 414/1223 [00:03<00:07, 108.62w/s, dev=1]  
language_model.model.layers.14.post_attention_layernorm.weight:  34%|███▍      | 415/1223 [00:03<00:07, 108.01w/s, dev=1]
language_model.model.layers.14.post_attention_layernorm_moe_gen.weight:  34%|███▍      | 416/1223 [00:03<00:07, 108.26w/s, dev=1]
language_model.model.layers.14.self_attn.k_norm.weight:  34%|███▍      | 417/1223 [00:03<00:07, 108.52w/s, dev=1]                
language_model.model.layers.14.self_attn.k_norm_moe_gen.weight:  34%|███▍      | 418/1223 [00:03<00:07, 108.77w/s, dev=1]
language_model.model.layers.14.self_attn.k_proj.bias:  34%|███▍      | 419/1223 [00:03<00:07, 109.03w/s, dev=1]          
language_model.model.layers.14.self_attn.k_proj.weight:  34%|███▍      | 420/1223 [00:03<00:07, 109.29w/s, dev=1]
language_model.model.layers.14.self_attn.k_proj_moe_gen.bias:  34%|███▍      | 421/1223 [00:03<00:07, 109.52w/s, dev=1]
language_model.model.layers.14.self_attn.k_proj_moe_gen.weight:  35%|███▍      | 422/1223 [00:03<00:07, 109.77w/s, dev=1]
language_model.model.layers.14.self_attn.o_proj.weight:  35%|███▍      | 423/1223 [00:03<00:07, 110.01w/s, dev=1]        
language_model.model.layers.14.self_attn.o_proj_moe_gen.weight:  35%|███▍      | 424/1223 [00:03<00:07, 110.12w/s, dev=1]
language_model.model.layers.14.self_attn.q_norm.weight:  35%|███▍      | 425/1223 [00:03<00:07, 110.24w/s, dev=1]        
language_model.model.layers.14.self_attn.q_norm_moe_gen.weight:  35%|███▍      | 426/1223 [00:03<00:07, 110.49w/s, dev=1]
language_model.model.layers.14.self_attn.q_proj.bias:  35%|███▍      | 427/1223 [00:03<00:07, 110.75w/s, dev=1]          
language_model.model.layers.14.self_attn.q_proj.weight:  35%|███▍      | 428/1223 [00:03<00:07, 111.00w/s, dev=1]
language_model.model.layers.14.self_attn.q_proj_moe_gen.bias:  35%|███▌      | 429/1223 [00:03<00:07, 111.12w/s, dev=1]
language_model.model.layers.14.self_attn.q_proj_moe_gen.weight:  35%|███▌      | 430/1223 [00:03<00:07, 111.37w/s, dev=1]
language_model.model.layers.14.self_attn.v_proj.bias:  35%|███▌      | 431/1223 [00:03<00:07, 111.49w/s, dev=1]          
language_model.model.layers.14.self_attn.v_proj.weight:  35%|███▌      | 432/1223 [00:03<00:07, 111.74w/s, dev=1]
language_model.model.layers.14.self_attn.v_proj_moe_gen.bias:  35%|███▌      | 433/1223 [00:03<00:07, 111.97w/s, dev=1]
language_model.model.layers.14.self_attn.v_proj_moe_gen.weight:  35%|███▌      | 434/1223 [00:03<00:07, 112.23w/s, dev=1]
language_model.model.layers.15.input_layernorm.weight:  36%|███▌      | 435/1223 [00:03<00:07, 112.46w/s, dev=1]         
language_model.model.layers.15.input_layernorm_moe_gen.weight:  36%|███▌      | 436/1223 [00:03<00:06, 112.72w/s, dev=1]
language_model.model.layers.15.mlp.down_proj.weight:  36%|███▌      | 437/1223 [00:03<00:06, 112.97w/s, dev=1]          
language_model.model.layers.15.mlp.gate_proj.weight:  36%|███▌      | 438/1223 [00:03<00:06, 112.51w/s, dev=1]
language_model.model.layers.15.mlp.up_proj.weight:  36%|███▌      | 439/1223 [00:03<00:06, 112.05w/s, dev=1]  
language_model.model.layers.15.mlp_moe_gen.down_proj.weight:  36%|███▌      | 440/1223 [00:03<00:07, 111.36w/s, dev=1]
language_model.model.layers.15.mlp_moe_gen.gate_proj.weight:  36%|███▌      | 441/1223 [00:03<00:07, 110.91w/s, dev=1]
language_model.model.layers.15.mlp_moe_gen.up_proj.weight:  36%|███▌      | 442/1223 [00:04<00:07, 110.46w/s, dev=1]  
language_model.model.layers.15.post_attention_layernorm.weight:  36%|███▌      | 443/1223 [00:04<00:07, 110.02w/s, dev=1]
language_model.model.layers.15.post_attention_layernorm_moe_gen.weight:  36%|███▋      | 444/1223 [00:04<00:07, 110.26w/s, dev=1]
language_model.model.layers.15.self_attn.k_norm.weight:  36%|███▋      | 445/1223 [00:04<00:07, 110.51w/s, dev=1]                
language_model.model.layers.15.self_attn.k_norm_moe_gen.weight:  36%|███▋      | 446/1223 [00:04<00:07, 110.75w/s, dev=1]
language_model.model.layers.15.self_attn.k_proj.bias:  37%|███▋      | 447/1223 [00:04<00:06, 111.00w/s, dev=1]          
language_model.model.layers.15.self_attn.k_proj.bias:  37%|███▋      | 448/1223 [00:04<00:06, 111.24w/s, dev=1]
language_model.model.layers.15.self_attn.k_proj.weight:  37%|███▋      | 448/1223 [00:04<00:06, 111.24w/s, dev=1]
language_model.model.layers.15.self_attn.k_proj_moe_gen.bias:  37%|███▋      | 449/1223 [00:04<00:06, 111.47w/s, dev=1]
language_model.model.layers.15.self_attn.k_proj_moe_gen.weight:  37%|███▋      | 450/1223 [00:04<00:06, 111.71w/s, dev=1]
language_model.model.layers.15.self_attn.o_proj.weight:  37%|███▋      | 451/1223 [00:04<00:06, 111.93w/s, dev=1]        
language_model.model.layers.15.self_attn.o_proj_moe_gen.weight:  37%|███▋      | 452/1223 [00:04<00:06, 112.04w/s, dev=1]
language_model.model.layers.15.self_attn.q_norm.weight:  37%|███▋      | 453/1223 [00:04<00:06, 112.15w/s, dev=1]        
language_model.model.layers.15.self_attn.q_norm_moe_gen.weight:  37%|███▋      | 454/1223 [00:04<00:06, 112.39w/s, dev=1]
language_model.model.layers.15.self_attn.q_proj.bias:  37%|███▋      | 455/1223 [00:04<00:06, 112.63w/s, dev=1]          
language_model.model.layers.15.self_attn.q_proj.weight:  37%|███▋      | 456/1223 [00:04<00:06, 112.88w/s, dev=1]
language_model.model.layers.15.self_attn.q_proj_moe_gen.bias:  37%|███▋      | 457/1223 [00:04<00:06, 112.99w/s, dev=1]
language_model.model.layers.15.self_attn.q_proj_moe_gen.weight:  37%|███▋      | 458/1223 [00:04<00:06, 113.23w/s, dev=1]
language_model.model.layers.15.self_attn.v_proj.bias:  38%|███▊      | 459/1223 [00:04<00:06, 113.34w/s, dev=1]          
language_model.model.layers.15.self_attn.v_proj.weight:  38%|███▊      | 460/1223 [00:04<00:06, 113.58w/s, dev=1]
language_model.model.layers.15.self_attn.v_proj_moe_gen.bias:  38%|███▊      | 461/1223 [00:04<00:06, 113.80w/s, dev=1]
language_model.model.layers.15.self_attn.v_proj_moe_gen.weight:  38%|███▊      | 462/1223 [00:04<00:06, 114.05w/s, dev=1]
language_model.model.layers.16.input_layernorm.weight:  38%|███▊      | 463/1223 [00:04<00:06, 114.27w/s, dev=1]         
language_model.model.layers.16.input_layernorm_moe_gen.weight:  38%|███▊      | 464/1223 [00:04<00:06, 114.51w/s, dev=1]
language_model.model.layers.16.mlp.down_proj.weight:  38%|███▊      | 465/1223 [00:04<00:06, 114.76w/s, dev=1]          
language_model.model.layers.16.mlp.gate_proj.weight:  38%|███▊      | 466/1223 [00:04<00:06, 114.30w/s, dev=1]
language_model.model.layers.16.mlp.up_proj.weight:  38%|███▊      | 467/1223 [00:04<00:06, 113.85w/s, dev=1]  
language_model.model.layers.16.mlp_moe_gen.down_proj.weight:  38%|███▊      | 468/1223 [00:04<00:06, 113.26w/s, dev=1]
language_model.model.layers.16.mlp_moe_gen.gate_proj.weight:  38%|███▊      | 469/1223 [00:04<00:06, 112.77w/s, dev=1]
language_model.model.layers.16.mlp_moe_gen.up_proj.weight:  38%|███▊      | 470/1223 [00:04<00:06, 112.28w/s, dev=1]  
language_model.model.layers.16.post_attention_layernorm.weight:  39%|███▊      | 471/1223 [00:04<00:06, 111.80w/s, dev=1]
language_model.model.layers.16.post_attention_layernorm_moe_gen.weight:  39%|███▊      | 472/1223 [00:04<00:06, 112.04w/s, dev=1]
language_model.model.layers.16.self_attn.k_norm.weight:  39%|███▊      | 473/1223 [00:04<00:06, 112.27w/s, dev=1]                
language_model.model.layers.16.self_attn.k_norm_moe_gen.weight:  39%|███▉      | 474/1223 [00:04<00:06, 112.50w/s, dev=1]
language_model.model.layers.16.self_attn.k_proj.bias:  39%|███▉      | 475/1223 [00:04<00:06, 112.74w/s, dev=1]          
language_model.model.layers.16.self_attn.k_proj.weight:  39%|███▉      | 476/1223 [00:04<00:06, 112.97w/s, dev=1]
language_model.model.layers.16.self_attn.k_proj_moe_gen.bias:  39%|███▉      | 477/1223 [00:04<00:06, 113.19w/s, dev=1]
language_model.model.layers.16.self_attn.k_proj_moe_gen.weight:  39%|███▉      | 478/1223 [00:04<00:06, 113.42w/s, dev=1]
language_model.model.layers.16.self_attn.o_proj.weight:  39%|███▉      | 479/1223 [00:04<00:06, 113.64w/s, dev=1]        
language_model.model.layers.16.self_attn.o_proj_moe_gen.weight:  39%|███▉      | 480/1223 [00:04<00:06, 113.73w/s, dev=1]
language_model.model.layers.16.self_attn.q_norm.weight:  39%|███▉      | 481/1223 [00:04<00:06, 113.82w/s, dev=1]        
language_model.model.layers.16.self_attn.q_norm_moe_gen.weight:  39%|███▉      | 482/1223 [00:04<00:06, 114.05w/s, dev=1]
language_model.model.layers.16.self_attn.q_proj.bias:  39%|███▉      | 483/1223 [00:04<00:06, 114.29w/s, dev=1]          
language_model.model.layers.16.self_attn.q_proj.bias:  40%|███▉      | 484/1223 [00:04<00:06, 114.52w/s, dev=1]
language_model.model.layers.16.self_attn.q_proj.weight:  40%|███▉      | 484/1223 [00:04<00:06, 114.52w/s, dev=1]
language_model.model.layers.16.self_attn.q_proj_moe_gen.bias:  40%|███▉      | 485/1223 [00:04<00:06, 114.61w/s, dev=1]
language_model.model.layers.16.self_attn.q_proj_moe_gen.weight:  40%|███▉      | 486/1223 [00:04<00:06, 114.84w/s, dev=1]
language_model.model.layers.16.self_attn.v_proj.bias:  40%|███▉      | 487/1223 [00:04<00:06, 114.94w/s, dev=1]          
language_model.model.layers.16.self_attn.v_proj.weight:  40%|███▉      | 488/1223 [00:04<00:06, 115.17w/s, dev=1]
language_model.model.layers.16.self_attn.v_proj_moe_gen.bias:  40%|███▉      | 489/1223 [00:04<00:06, 115.38w/s, dev=1]
language_model.model.layers.16.self_attn.v_proj_moe_gen.weight:  40%|████      | 490/1223 [00:04<00:06, 115.61w/s, dev=1]
language_model.model.layers.17.input_layernorm.weight:  40%|████      | 491/1223 [00:04<00:06, 115.82w/s, dev=1]         
language_model.model.layers.17.input_layernorm_moe_gen.weight:  40%|████      | 492/1223 [00:04<00:06, 116.05w/s, dev=1]
language_model.model.layers.17.mlp.down_proj.weight:  40%|████      | 493/1223 [00:04<00:06, 116.29w/s, dev=1]          
language_model.model.layers.17.mlp.gate_proj.weight:  40%|████      | 494/1223 [00:04<00:06, 115.82w/s, dev=1]
language_model.model.layers.17.mlp.up_proj.weight:  40%|████      | 495/1223 [00:04<00:06, 115.29w/s, dev=1]  
language_model.model.layers.17.mlp_moe_gen.down_proj.weight:  41%|████      | 496/1223 [00:04<00:06, 114.84w/s, dev=1]
language_model.model.layers.17.mlp_moe_gen.gate_proj.weight:  41%|████      | 497/1223 [00:04<00:06, 114.40w/s, dev=1]
language_model.model.layers.17.mlp_moe_gen.up_proj.weight:  41%|████      | 498/1223 [00:04<00:06, 113.97w/s, dev=1]  
language_model.model.layers.17.post_attention_layernorm.weight:  41%|████      | 499/1223 [00:04<00:06, 113.55w/s, dev=1]
language_model.model.layers.17.post_attention_layernorm_moe_gen.weight:  41%|████      | 500/1223 [00:04<00:06, 113.77w/s, dev=1]
language_model.model.layers.17.self_attn.k_norm.weight:  41%|████      | 501/1223 [00:04<00:06, 113.99w/s, dev=1]                
language_model.model.layers.17.self_attn.k_norm_moe_gen.weight:  41%|████      | 502/1223 [00:04<00:06, 114.22w/s, dev=1]
language_model.model.layers.17.self_attn.k_proj.bias:  41%|████      | 503/1223 [00:04<00:06, 114.44w/s, dev=1]          
language_model.model.layers.17.self_attn.k_proj.weight:  41%|████      | 504/1223 [00:04<00:06, 114.67w/s, dev=1]
language_model.model.layers.17.self_attn.k_proj_moe_gen.bias:  41%|████▏     | 505/1223 [00:04<00:06, 114.87w/s, dev=1]
language_model.model.layers.17.self_attn.k_proj_moe_gen.weight:  41%|████▏     | 506/1223 [00:04<00:06, 115.10w/s, dev=1]
language_model.model.layers.17.self_attn.o_proj.weight:  41%|████▏     | 507/1223 [00:04<00:06, 115.30w/s, dev=1]        
language_model.model.layers.17.self_attn.o_proj_moe_gen.weight:  42%|████▏     | 508/1223 [00:04<00:06, 115.40w/s, dev=1]
language_model.model.layers.17.self_attn.q_norm.weight:  42%|████▏     | 509/1223 [00:04<00:06, 115.49w/s, dev=1]        
language_model.model.layers.17.self_attn.q_norm_moe_gen.weight:  42%|████▏     | 510/1223 [00:04<00:06, 115.72w/s, dev=1]
language_model.model.layers.17.self_attn.q_proj.bias:  42%|████▏     | 511/1223 [00:04<00:06, 115.94w/s, dev=1]          
language_model.model.layers.17.self_attn.q_proj.weight:  42%|████▏     | 512/1223 [00:04<00:06, 116.16w/s, dev=1]
language_model.model.layers.17.self_attn.q_proj_moe_gen.bias:  42%|████▏     | 513/1223 [00:04<00:06, 116.26w/s, dev=1]
language_model.model.layers.17.self_attn.q_proj_moe_gen.weight:  42%|████▏     | 514/1223 [00:04<00:06, 116.48w/s, dev=1]
language_model.model.layers.17.self_attn.v_proj.bias:  42%|████▏     | 515/1223 [00:04<00:06, 116.57w/s, dev=1]          
language_model.model.layers.17.self_attn.v_proj.weight:  42%|████▏     | 516/1223 [00:04<00:06, 116.79w/s, dev=1]
language_model.model.layers.17.self_attn.v_proj_moe_gen.bias:  42%|████▏     | 517/1223 [00:04<00:06, 117.00w/s, dev=1]
language_model.model.layers.17.self_attn.v_proj_moe_gen.weight:  42%|████▏     | 518/1223 [00:04<00:06, 117.22w/s, dev=1]
language_model.model.layers.18.input_layernorm.weight:  42%|████▏     | 519/1223 [00:04<00:05, 117.42w/s, dev=1]         
language_model.model.layers.18.input_layernorm.weight:  43%|████▎     | 520/1223 [00:04<00:05, 117.64w/s, dev=1]
language_model.model.layers.18.input_layernorm_moe_gen.weight:  43%|████▎     | 520/1223 [00:04<00:05, 117.64w/s, dev=1]
language_model.model.layers.18.mlp.down_proj.weight:  43%|████▎     | 521/1223 [00:04<00:05, 117.86w/s, dev=1]          
language_model.model.layers.18.mlp.gate_proj.weight:  43%|████▎     | 522/1223 [00:04<00:05, 117.43w/s, dev=1]
language_model.model.layers.18.mlp.up_proj.weight:  43%|████▎     | 523/1223 [00:04<00:05, 116.89w/s, dev=1]  
language_model.model.layers.18.mlp_moe_gen.down_proj.weight:  43%|████▎     | 524/1223 [00:04<00:06, 116.46w/s, dev=1]
language_model.model.layers.18.mlp_moe_gen.gate_proj.weight:  43%|████▎     | 525/1223 [00:04<00:06, 116.04w/s, dev=1]
language_model.model.layers.18.mlp_moe_gen.up_proj.weight:  43%|████▎     | 526/1223 [00:04<00:06, 115.62w/s, dev=1]  
language_model.model.layers.18.post_attention_layernorm.weight:  43%|████▎     | 527/1223 [00:04<00:06, 115.20w/s, dev=1]
language_model.model.layers.18.post_attention_layernorm_moe_gen.weight:  43%|████▎     | 528/1223 [00:04<00:06, 115.42w/s, dev=1]
language_model.model.layers.18.self_attn.k_norm.weight:  43%|████▎     | 529/1223 [00:04<00:06, 115.63w/s, dev=1]                
language_model.model.layers.18.self_attn.k_norm_moe_gen.weight:  43%|████▎     | 530/1223 [00:04<00:05, 115.85w/s, dev=1]
language_model.model.layers.18.self_attn.k_proj.bias:  43%|████▎     | 531/1223 [00:04<00:05, 116.06w/s, dev=1]          
language_model.model.layers.18.self_attn.k_proj.weight:  43%|████▎     | 532/1223 [00:04<00:05, 116.28w/s, dev=1]
language_model.model.layers.18.self_attn.k_proj_moe_gen.bias:  44%|████▎     | 533/1223 [00:04<00:05, 116.48w/s, dev=1]
language_model.model.layers.18.self_attn.k_proj_moe_gen.weight:  44%|████▎     | 534/1223 [00:04<00:05, 116.69w/s, dev=1]
language_model.model.layers.18.self_attn.o_proj.weight:  44%|████▎     | 535/1223 [00:04<00:05, 116.89w/s, dev=1]        
language_model.model.layers.18.self_attn.o_proj_moe_gen.weight:  44%|████▍     | 536/1223 [00:04<00:05, 116.98w/s, dev=1]
language_model.model.layers.18.self_attn.q_norm.weight:  44%|████▍     | 537/1223 [00:04<00:05, 117.07w/s, dev=1]        
language_model.model.layers.18.self_attn.q_norm_moe_gen.weight:  44%|████▍     | 538/1223 [00:04<00:05, 117.28w/s, dev=1]
language_model.model.layers.18.self_attn.q_proj.bias:  44%|████▍     | 539/1223 [00:04<00:05, 117.50w/s, dev=1]          
language_model.model.layers.18.self_attn.q_proj.weight:  44%|████▍     | 540/1223 [00:04<00:05, 117.71w/s, dev=1]
language_model.model.layers.18.self_attn.q_proj_moe_gen.bias:  44%|████▍     | 541/1223 [00:04<00:05, 117.80w/s, dev=1]
language_model.model.layers.18.self_attn.q_proj_moe_gen.weight:  44%|████▍     | 542/1223 [00:04<00:05, 118.01w/s, dev=1]
language_model.model.layers.18.self_attn.v_proj.bias:  44%|████▍     | 543/1223 [00:04<00:05, 118.10w/s, dev=1]          
language_model.model.layers.18.self_attn.v_proj.weight:  44%|████▍     | 544/1223 [00:04<00:05, 118.32w/s, dev=1]
language_model.model.layers.18.self_attn.v_proj_moe_gen.bias:  45%|████▍     | 545/1223 [00:04<00:05, 118.51w/s, dev=1]
language_model.model.layers.18.self_attn.v_proj_moe_gen.weight:  45%|████▍     | 546/1223 [00:04<00:05, 118.73w/s, dev=1]
language_model.model.layers.19.input_layernorm.weight:  45%|████▍     | 547/1223 [00:04<00:05, 118.92w/s, dev=1]         
language_model.model.layers.19.input_layernorm_moe_gen.weight:  45%|████▍     | 548/1223 [00:04<00:05, 119.14w/s, dev=1]
language_model.model.layers.19.mlp.down_proj.weight:  45%|████▍     | 549/1223 [00:04<00:05, 119.35w/s, dev=1]          
language_model.model.layers.19.mlp.gate_proj.weight:  45%|████▍     | 550/1223 [00:04<00:05, 118.77w/s, dev=1]
language_model.model.layers.19.mlp.up_proj.weight:  45%|████▌     | 551/1223 [00:04<00:05, 118.22w/s, dev=1]  
language_model.model.layers.19.mlp_moe_gen.down_proj.weight:  45%|████▌     | 552/1223 [00:04<00:05, 117.68w/s, dev=1]
language_model.model.layers.19.mlp_moe_gen.gate_proj.weight:  45%|████▌     | 553/1223 [00:04<00:05, 117.15w/s, dev=1]
language_model.model.layers.19.mlp_moe_gen.up_proj.weight:  45%|████▌     | 554/1223 [00:04<00:05, 116.63w/s, dev=1]  
language_model.model.layers.19.post_attention_layernorm.weight:  45%|████▌     | 555/1223 [00:04<00:05, 116.11w/s, dev=1]
language_model.model.layers.19.post_attention_layernorm.weight:  45%|████▌     | 556/1223 [00:04<00:05, 116.31w/s, dev=1]
language_model.model.layers.19.post_attention_layernorm_moe_gen.weight:  45%|████▌     | 556/1223 [00:04<00:05, 116.31w/s, dev=1]
language_model.model.layers.19.self_attn.k_norm.weight:  46%|████▌     | 557/1223 [00:04<00:05, 116.51w/s, dev=1]                
language_model.model.layers.19.self_attn.k_norm_moe_gen.weight:  46%|████▌     | 558/1223 [00:04<00:05, 116.72w/s, dev=1]
language_model.model.layers.19.self_attn.k_proj.bias:  46%|████▌     | 559/1223 [00:04<00:05, 116.92w/s, dev=1]          
language_model.model.layers.19.self_attn.k_proj.weight:  46%|████▌     | 560/1223 [00:04<00:05, 117.13w/s, dev=1]
language_model.model.layers.19.self_attn.k_proj_moe_gen.bias:  46%|████▌     | 561/1223 [00:04<00:05, 117.31w/s, dev=1]
language_model.model.layers.19.self_attn.k_proj_moe_gen.weight:  46%|████▌     | 562/1223 [00:04<00:05, 117.51w/s, dev=1]
language_model.model.layers.19.self_attn.o_proj.weight:  46%|████▌     | 563/1223 [00:04<00:05, 117.70w/s, dev=1]        
language_model.model.layers.19.self_attn.o_proj_moe_gen.weight:  46%|████▌     | 564/1223 [00:04<00:05, 117.76w/s, dev=1]
language_model.model.layers.19.self_attn.q_norm.weight:  46%|████▌     | 565/1223 [00:04<00:05, 117.82w/s, dev=1]        
language_model.model.layers.19.self_attn.q_norm_moe_gen.weight:  46%|████▋     | 566/1223 [00:04<00:05, 118.02w/s, dev=1]
language_model.model.layers.19.self_attn.q_proj.bias:  46%|████▋     | 567/1223 [00:04<00:05, 118.23w/s, dev=1]          
language_model.model.layers.19.self_attn.q_proj.weight:  46%|████▋     | 568/1223 [00:04<00:05, 118.43w/s, dev=1]
language_model.model.layers.19.self_attn.q_proj_moe_gen.bias:  47%|████▋     | 569/1223 [00:04<00:05, 118.42w/s, dev=1]
language_model.model.layers.19.self_attn.q_proj_moe_gen.weight:  47%|████▋     | 570/1223 [00:04<00:05, 118.62w/s, dev=1]
language_model.model.layers.19.self_attn.v_proj.bias:  47%|████▋     | 571/1223 [00:04<00:05, 118.69w/s, dev=1]          
language_model.model.layers.19.self_attn.v_proj.weight:  47%|████▋     | 572/1223 [00:04<00:05, 118.89w/s, dev=1]
language_model.model.layers.19.self_attn.v_proj_moe_gen.bias:  47%|████▋     | 573/1223 [00:04<00:05, 119.07w/s, dev=1]
language_model.model.layers.19.self_attn.v_proj_moe_gen.weight:  47%|████▋     | 574/1223 [00:04<00:05, 119.28w/s, dev=1]
language_model.model.layers.20.input_layernorm.weight:  47%|████▋     | 575/1223 [00:05<00:06, 106.81w/s, dev=cpu]       
language_model.model.layers.20.input_layernorm_moe_gen.weight:  47%|████▋     | 576/1223 [00:05<00:06, 106.99w/s, dev=cpu]
language_model.model.layers.20.mlp.down_proj.weight:  47%|████▋     | 577/1223 [00:05<00:06, 107.17w/s, dev=cpu]          
language_model.model.layers.20.mlp.gate_proj.weight:  47%|████▋     | 578/1223 [00:05<00:06, 107.36w/s, dev=cpu]
language_model.model.layers.20.mlp.up_proj.weight:  47%|████▋     | 579/1223 [00:05<00:05, 107.54w/s, dev=cpu]  
language_model.model.layers.20.mlp_moe_gen.down_proj.weight:  47%|████▋     | 580/1223 [00:05<00:05, 107.72w/s, dev=cpu]
language_model.model.layers.20.mlp_moe_gen.gate_proj.weight:  48%|████▊     | 581/1223 [00:05<00:05, 107.91w/s, dev=cpu]
language_model.model.layers.20.mlp_moe_gen.up_proj.weight:  48%|████▊     | 582/1223 [00:05<00:05, 108.09w/s, dev=cpu]  
language_model.model.layers.20.post_attention_layernorm.weight:  48%|████▊     | 583/1223 [00:05<00:05, 108.27w/s, dev=cpu]
language_model.model.layers.20.post_attention_layernorm_moe_gen.weight:  48%|████▊     | 584/1223 [00:05<00:05, 108.46w/s, dev=cpu]
language_model.model.layers.20.self_attn.k_norm.weight:  48%|████▊     | 585/1223 [00:05<00:05, 108.64w/s, dev=cpu]                
language_model.model.layers.20.self_attn.k_norm_moe_gen.weight:  48%|████▊     | 586/1223 [00:05<00:05, 108.82w/s, dev=cpu]
language_model.model.layers.20.self_attn.k_proj.bias:  48%|████▊     | 587/1223 [00:05<00:05, 109.01w/s, dev=cpu]          
language_model.model.layers.20.self_attn.k_proj.weight:  48%|████▊     | 588/1223 [00:05<00:05, 109.19w/s, dev=cpu]
language_model.model.layers.20.self_attn.k_proj_moe_gen.bias:  48%|████▊     | 589/1223 [00:05<00:05, 109.37w/s, dev=cpu]
language_model.model.layers.20.self_attn.k_proj_moe_gen.weight:  48%|████▊     | 590/1223 [00:05<00:05, 109.56w/s, dev=cpu]
language_model.model.layers.20.self_attn.o_proj.weight:  48%|████▊     | 591/1223 [00:05<00:05, 109.74w/s, dev=cpu]        
language_model.model.layers.20.self_attn.o_proj.weight:  48%|████▊     | 592/1223 [00:05<00:05, 109.93w/s, dev=cpu]
language_model.model.layers.20.self_attn.o_proj_moe_gen.weight:  48%|████▊     | 592/1223 [00:05<00:05, 109.92w/s, dev=cpu]
language_model.model.layers.20.self_attn.q_norm.weight:  48%|████▊     | 593/1223 [00:05<00:05, 110.11w/s, dev=cpu]        
language_model.model.layers.20.self_attn.q_norm_moe_gen.weight:  49%|████▊     | 594/1223 [00:05<00:05, 110.29w/s, dev=cpu]
language_model.model.layers.20.self_attn.q_proj.bias:  49%|████▊     | 595/1223 [00:05<00:05, 110.47w/s, dev=cpu]          
language_model.model.layers.20.self_attn.q_proj.weight:  49%|████▊     | 596/1223 [00:05<00:05, 110.66w/s, dev=cpu]
language_model.model.layers.20.self_attn.q_proj_moe_gen.bias:  49%|████▉     | 597/1223 [00:05<00:05, 110.84w/s, dev=cpu]
language_model.model.layers.20.self_attn.q_proj_moe_gen.weight:  49%|████▉     | 598/1223 [00:05<00:05, 111.03w/s, dev=cpu]
language_model.model.layers.20.self_attn.v_proj.bias:  49%|████▉     | 599/1223 [00:05<00:05, 111.21w/s, dev=cpu]          
language_model.model.layers.20.self_attn.v_proj.weight:  49%|████▉     | 600/1223 [00:05<00:05, 111.39w/s, dev=cpu]
language_model.model.layers.20.self_attn.v_proj_moe_gen.bias:  49%|████▉     | 601/1223 [00:05<00:05, 111.58w/s, dev=cpu]
language_model.model.layers.20.self_attn.v_proj_moe_gen.weight:  49%|████▉     | 602/1223 [00:05<00:05, 111.76w/s, dev=cpu]
language_model.model.layers.21.input_layernorm.weight:  49%|████▉     | 603/1223 [00:05<00:05, 111.94w/s, dev=cpu]         
language_model.model.layers.21.input_layernorm_moe_gen.weight:  49%|████▉     | 604/1223 [00:05<00:05, 112.13w/s, dev=cpu]
language_model.model.layers.21.mlp.down_proj.weight:  49%|████▉     | 605/1223 [00:05<00:05, 112.31w/s, dev=cpu]          
language_model.model.layers.21.mlp.gate_proj.weight:  50%|████▉     | 606/1223 [00:05<00:05, 112.49w/s, dev=cpu]
language_model.model.layers.21.mlp.up_proj.weight:  50%|████▉     | 607/1223 [00:05<00:05, 112.68w/s, dev=cpu]  
language_model.model.layers.21.mlp_moe_gen.down_proj.weight:  50%|████▉     | 608/1223 [00:05<00:05, 112.86w/s, dev=cpu]
language_model.model.layers.21.mlp_moe_gen.gate_proj.weight:  50%|████▉     | 609/1223 [00:05<00:05, 113.04w/s, dev=cpu]
language_model.model.layers.21.mlp_moe_gen.up_proj.weight:  50%|████▉     | 610/1223 [00:05<00:05, 113.23w/s, dev=cpu]  
language_model.model.layers.21.post_attention_layernorm.weight:  50%|████▉     | 611/1223 [00:05<00:05, 113.41w/s, dev=cpu]
language_model.model.layers.21.post_attention_layernorm_moe_gen.weight:  50%|█████     | 612/1223 [00:05<00:05, 113.59w/s, dev=cpu]
language_model.model.layers.21.self_attn.k_norm.weight:  50%|█████     | 613/1223 [00:05<00:05, 113.78w/s, dev=cpu]                
language_model.model.layers.21.self_attn.k_norm_moe_gen.weight:  50%|█████     | 614/1223 [00:05<00:05, 113.96w/s, dev=cpu]
language_model.model.layers.21.self_attn.k_proj.bias:  50%|█████     | 615/1223 [00:05<00:05, 114.14w/s, dev=cpu]          
language_model.model.layers.21.self_attn.k_proj.weight:  50%|█████     | 616/1223 [00:05<00:05, 114.33w/s, dev=cpu]
language_model.model.layers.21.self_attn.k_proj_moe_gen.bias:  50%|█████     | 617/1223 [00:05<00:05, 114.51w/s, dev=cpu]
language_model.model.layers.21.self_attn.k_proj_moe_gen.weight:  51%|█████     | 618/1223 [00:05<00:05, 114.69w/s, dev=cpu]
language_model.model.layers.21.self_attn.o_proj.weight:  51%|█████     | 619/1223 [00:05<00:05, 114.88w/s, dev=cpu]        
language_model.model.layers.21.self_attn.o_proj_moe_gen.weight:  51%|█████     | 620/1223 [00:05<00:05, 115.06w/s, dev=cpu]
language_model.model.layers.21.self_attn.q_norm.weight:  51%|█████     | 621/1223 [00:05<00:05, 115.24w/s, dev=cpu]        
language_model.model.layers.21.self_attn.q_norm_moe_gen.weight:  51%|█████     | 622/1223 [00:05<00:05, 115.43w/s, dev=cpu]
language_model.model.layers.21.self_attn.q_proj.bias:  51%|█████     | 623/1223 [00:05<00:05, 115.61w/s, dev=cpu]          
language_model.model.layers.21.self_attn.q_proj.weight:  51%|█████     | 624/1223 [00:05<00:05, 115.80w/s, dev=cpu]
language_model.model.layers.21.self_attn.q_proj_moe_gen.bias:  51%|█████     | 625/1223 [00:05<00:05, 115.98w/s, dev=cpu]
language_model.model.layers.21.self_attn.q_proj_moe_gen.weight:  51%|█████     | 626/1223 [00:05<00:05, 116.16w/s, dev=cpu]
language_model.model.layers.21.self_attn.v_proj.bias:  51%|█████▏    | 627/1223 [00:05<00:05, 116.35w/s, dev=cpu]          
language_model.model.layers.21.self_attn.v_proj.weight:  51%|█████▏    | 628/1223 [00:05<00:05, 116.53w/s, dev=cpu]
language_model.model.layers.21.self_attn.v_proj_moe_gen.bias:  51%|█████▏    | 629/1223 [00:05<00:05, 116.71w/s, dev=cpu]
language_model.model.layers.21.self_attn.v_proj_moe_gen.weight:  52%|█████▏    | 630/1223 [00:05<00:05, 116.90w/s, dev=cpu]
language_model.model.layers.22.input_layernorm.weight:  52%|█████▏    | 631/1223 [00:05<00:05, 117.08w/s, dev=cpu]         
language_model.model.layers.22.input_layernorm_moe_gen.weight:  52%|█████▏    | 632/1223 [00:05<00:05, 117.26w/s, dev=cpu]
language_model.model.layers.22.mlp.down_proj.weight:  52%|█████▏    | 633/1223 [00:05<00:05, 117.45w/s, dev=cpu]          
language_model.model.layers.22.mlp.gate_proj.weight:  52%|█████▏    | 634/1223 [00:05<00:05, 117.63w/s, dev=cpu]
language_model.model.layers.22.mlp.up_proj.weight:  52%|█████▏    | 635/1223 [00:05<00:04, 117.81w/s, dev=cpu]  
language_model.model.layers.22.mlp_moe_gen.down_proj.weight:  52%|█████▏    | 636/1223 [00:05<00:04, 117.99w/s, dev=cpu]
language_model.model.layers.22.mlp_moe_gen.gate_proj.weight:  52%|█████▏    | 637/1223 [00:05<00:04, 118.18w/s, dev=cpu]
language_model.model.layers.22.mlp_moe_gen.up_proj.weight:  52%|█████▏    | 638/1223 [00:05<00:04, 118.36w/s, dev=cpu]  
language_model.model.layers.22.post_attention_layernorm.weight:  52%|█████▏    | 639/1223 [00:05<00:04, 118.54w/s, dev=cpu]
language_model.model.layers.22.post_attention_layernorm_moe_gen.weight:  52%|█████▏    | 640/1223 [00:05<00:04, 118.73w/s, dev=cpu]
language_model.model.layers.22.self_attn.k_norm.weight:  52%|█████▏    | 641/1223 [00:05<00:04, 118.91w/s, dev=cpu]                
language_model.model.layers.22.self_attn.k_norm_moe_gen.weight:  52%|█████▏    | 642/1223 [00:05<00:04, 119.09w/s, dev=cpu]
language_model.model.layers.22.self_attn.k_proj.bias:  53%|█████▎    | 643/1223 [00:05<00:04, 119.28w/s, dev=cpu]          
language_model.model.layers.22.self_attn.k_proj.weight:  53%|█████▎    | 644/1223 [00:05<00:04, 119.46w/s, dev=cpu]
language_model.model.layers.22.self_attn.k_proj_moe_gen.bias:  53%|█████▎    | 645/1223 [00:05<00:04, 119.64w/s, dev=cpu]
language_model.model.layers.22.self_attn.k_proj_moe_gen.weight:  53%|█████▎    | 646/1223 [00:05<00:04, 119.83w/s, dev=cpu]
language_model.model.layers.22.self_attn.o_proj.weight:  53%|█████▎    | 647/1223 [00:05<00:04, 120.01w/s, dev=cpu]        
language_model.model.layers.22.self_attn.o_proj_moe_gen.weight:  53%|█████▎    | 648/1223 [00:05<00:04, 120.19w/s, dev=cpu]
language_model.model.layers.22.self_attn.q_norm.weight:  53%|█████▎    | 649/1223 [00:05<00:04, 120.38w/s, dev=cpu]        
language_model.model.layers.22.self_attn.q_norm_moe_gen.weight:  53%|█████▎    | 650/1223 [00:05<00:04, 120.56w/s, dev=cpu]
language_model.model.layers.22.self_attn.q_proj.bias:  53%|█████▎    | 651/1223 [00:05<00:04, 120.74w/s, dev=cpu]          
language_model.model.layers.22.self_attn.q_proj.weight:  53%|█████▎    | 652/1223 [00:05<00:04, 120.93w/s, dev=cpu]
language_model.model.layers.22.self_attn.q_proj_moe_gen.bias:  53%|█████▎    | 653/1223 [00:05<00:04, 121.11w/s, dev=cpu]
language_model.model.layers.22.self_attn.q_proj_moe_gen.weight:  53%|█████▎    | 654/1223 [00:05<00:04, 121.29w/s, dev=cpu]
language_model.model.layers.22.self_attn.v_proj.bias:  54%|█████▎    | 655/1223 [00:05<00:04, 121.47w/s, dev=cpu]          
language_model.model.layers.22.self_attn.v_proj.weight:  54%|█████▎    | 656/1223 [00:05<00:04, 121.66w/s, dev=cpu]
language_model.model.layers.22.self_attn.v_proj_moe_gen.bias:  54%|█████▎    | 657/1223 [00:05<00:04, 121.84w/s, dev=cpu]
language_model.model.layers.22.self_attn.v_proj_moe_gen.weight:  54%|█████▍    | 658/1223 [00:05<00:04, 122.02w/s, dev=cpu]
language_model.model.layers.23.input_layernorm.weight:  54%|█████▍    | 659/1223 [00:05<00:04, 122.21w/s, dev=cpu]         
language_model.model.layers.23.input_layernorm_moe_gen.weight:  54%|█████▍    | 660/1223 [00:05<00:04, 122.39w/s, dev=cpu]
language_model.model.layers.23.mlp.down_proj.weight:  54%|█████▍    | 661/1223 [00:05<00:04, 122.57w/s, dev=cpu]          
language_model.model.layers.23.mlp.gate_proj.weight:  54%|█████▍    | 662/1223 [00:05<00:04, 122.76w/s, dev=cpu]
language_model.model.layers.23.mlp.up_proj.weight:  54%|█████▍    | 663/1223 [00:05<00:04, 122.94w/s, dev=cpu]  
language_model.model.layers.23.mlp_moe_gen.down_proj.weight:  54%|█████▍    | 664/1223 [00:05<00:04, 123.12w/s, dev=cpu]
language_model.model.layers.23.mlp_moe_gen.gate_proj.weight:  54%|█████▍    | 665/1223 [00:05<00:04, 123.31w/s, dev=cpu]
language_model.model.layers.23.mlp_moe_gen.up_proj.weight:  54%|█████▍    | 666/1223 [00:05<00:04, 123.49w/s, dev=cpu]  
language_model.model.layers.23.post_attention_layernorm.weight:  55%|█████▍    | 667/1223 [00:05<00:04, 123.67w/s, dev=cpu]
language_model.model.layers.23.post_attention_layernorm_moe_gen.weight:  55%|█████▍    | 668/1223 [00:05<00:04, 123.85w/s, dev=cpu]
language_model.model.layers.23.self_attn.k_norm.weight:  55%|█████▍    | 669/1223 [00:05<00:04, 124.04w/s, dev=cpu]                
language_model.model.layers.23.self_attn.k_norm_moe_gen.weight:  55%|█████▍    | 670/1223 [00:05<00:04, 124.22w/s, dev=cpu]
language_model.model.layers.23.self_attn.k_proj.bias:  55%|█████▍    | 671/1223 [00:05<00:04, 124.40w/s, dev=cpu]          
language_model.model.layers.23.self_attn.k_proj.weight:  55%|█████▍    | 672/1223 [00:05<00:04, 124.59w/s, dev=cpu]
language_model.model.layers.23.self_attn.k_proj_moe_gen.bias:  55%|█████▌    | 673/1223 [00:05<00:04, 124.77w/s, dev=cpu]
language_model.model.layers.23.self_attn.k_proj_moe_gen.weight:  55%|█████▌    | 674/1223 [00:05<00:04, 124.95w/s, dev=cpu]
language_model.model.layers.23.self_attn.o_proj.weight:  55%|█████▌    | 675/1223 [00:05<00:04, 125.14w/s, dev=cpu]        
language_model.model.layers.23.self_attn.o_proj_moe_gen.weight:  55%|█████▌    | 676/1223 [00:05<00:04, 125.32w/s, dev=cpu]
language_model.model.layers.23.self_attn.q_norm.weight:  55%|█████▌    | 677/1223 [00:05<00:04, 125.50w/s, dev=cpu]        
language_model.model.layers.23.self_attn.q_norm_moe_gen.weight:  55%|█████▌    | 678/1223 [00:05<00:04, 125.69w/s, dev=cpu]
language_model.model.layers.23.self_attn.q_proj.bias:  56%|█████▌    | 679/1223 [00:05<00:04, 125.87w/s, dev=cpu]          
language_model.model.layers.23.self_attn.q_proj.weight:  56%|█████▌    | 680/1223 [00:05<00:04, 126.05w/s, dev=cpu]
language_model.model.layers.23.self_attn.q_proj_moe_gen.bias:  56%|█████▌    | 681/1223 [00:05<00:04, 126.24w/s, dev=cpu]
language_model.model.layers.23.self_attn.q_proj_moe_gen.weight:  56%|█████▌    | 682/1223 [00:05<00:04, 126.42w/s, dev=cpu]
language_model.model.layers.23.self_attn.v_proj.bias:  56%|█████▌    | 683/1223 [00:05<00:04, 126.60w/s, dev=cpu]          
language_model.model.layers.23.self_attn.v_proj.weight:  56%|█████▌    | 684/1223 [00:05<00:04, 126.78w/s, dev=cpu]
language_model.model.layers.23.self_attn.v_proj_moe_gen.bias:  56%|█████▌    | 685/1223 [00:05<00:04, 126.97w/s, dev=cpu]
language_model.model.layers.23.self_attn.v_proj_moe_gen.weight:  56%|█████▌    | 686/1223 [00:05<00:04, 127.15w/s, dev=cpu]
language_model.model.layers.24.input_layernorm.weight:  56%|█████▌    | 687/1223 [00:05<00:04, 127.33w/s, dev=cpu]         
language_model.model.layers.24.input_layernorm_moe_gen.weight:  56%|█████▋    | 688/1223 [00:05<00:04, 127.52w/s, dev=cpu]
language_model.model.layers.24.mlp.down_proj.weight:  56%|█████▋    | 689/1223 [00:05<00:04, 127.70w/s, dev=cpu]          
language_model.model.layers.24.mlp.gate_proj.weight:  56%|█████▋    | 690/1223 [00:05<00:04, 127.88w/s, dev=cpu]
language_model.model.layers.24.mlp.up_proj.weight:  57%|█████▋    | 691/1223 [00:05<00:04, 128.07w/s, dev=cpu]  
language_model.model.layers.24.mlp_moe_gen.down_proj.weight:  57%|█████▋    | 692/1223 [00:05<00:04, 128.25w/s, dev=cpu]
language_model.model.layers.24.mlp_moe_gen.gate_proj.weight:  57%|█████▋    | 693/1223 [00:05<00:04, 128.43w/s, dev=cpu]
language_model.model.layers.24.mlp_moe_gen.up_proj.weight:  57%|█████▋    | 694/1223 [00:05<00:04, 128.61w/s, dev=cpu]  
language_model.model.layers.24.post_attention_layernorm.weight:  57%|█████▋    | 695/1223 [00:05<00:04, 128.80w/s, dev=cpu]
language_model.model.layers.24.post_attention_layernorm_moe_gen.weight:  57%|█████▋    | 696/1223 [00:05<00:04, 128.98w/s, dev=cpu]
language_model.model.layers.24.self_attn.k_norm.weight:  57%|█████▋    | 697/1223 [00:05<00:04, 129.16w/s, dev=cpu]                
language_model.model.layers.24.self_attn.k_norm_moe_gen.weight:  57%|█████▋    | 698/1223 [00:05<00:04, 129.34w/s, dev=cpu]
language_model.model.layers.24.self_attn.k_proj.bias:  57%|█████▋    | 699/1223 [00:05<00:04, 129.53w/s, dev=cpu]          
language_model.model.layers.24.self_attn.k_proj.weight:  57%|█████▋    | 700/1223 [00:05<00:04, 129.71w/s, dev=cpu]
language_model.model.layers.24.self_attn.k_proj_moe_gen.bias:  57%|█████▋    | 701/1223 [00:05<00:04, 129.89w/s, dev=cpu]
language_model.model.layers.24.self_attn.k_proj_moe_gen.weight:  57%|█████▋    | 702/1223 [00:05<00:04, 130.08w/s, dev=cpu]
language_model.model.layers.24.self_attn.o_proj.weight:  57%|█████▋    | 703/1223 [00:05<00:03, 130.26w/s, dev=cpu]        
language_model.model.layers.24.self_attn.o_proj_moe_gen.weight:  58%|█████▊    | 704/1223 [00:05<00:03, 130.44w/s, dev=cpu]
language_model.model.layers.24.self_attn.q_norm.weight:  58%|█████▊    | 705/1223 [00:05<00:03, 130.62w/s, dev=cpu]        
language_model.model.layers.24.self_attn.q_norm_moe_gen.weight:  58%|█████▊    | 706/1223 [00:05<00:03, 130.81w/s, dev=cpu]
language_model.model.layers.24.self_attn.q_proj.bias:  58%|█████▊    | 707/1223 [00:05<00:03, 130.99w/s, dev=cpu]          
language_model.model.layers.24.self_attn.q_proj.weight:  58%|█████▊    | 708/1223 [00:05<00:03, 131.17w/s, dev=cpu]
language_model.model.layers.24.self_attn.q_proj_moe_gen.bias:  58%|█████▊    | 709/1223 [00:05<00:03, 131.36w/s, dev=cpu]
language_model.model.layers.24.self_attn.q_proj_moe_gen.weight:  58%|█████▊    | 710/1223 [00:05<00:03, 131.54w/s, dev=cpu]
language_model.model.layers.24.self_attn.v_proj.bias:  58%|█████▊    | 711/1223 [00:05<00:03, 131.72w/s, dev=cpu]          
language_model.model.layers.24.self_attn.v_proj.weight:  58%|█████▊    | 712/1223 [00:05<00:03, 131.91w/s, dev=cpu]
language_model.model.layers.24.self_attn.v_proj_moe_gen.bias:  58%|█████▊    | 713/1223 [00:05<00:03, 132.09w/s, dev=cpu]
language_model.model.layers.24.self_attn.v_proj_moe_gen.weight:  58%|█████▊    | 714/1223 [00:05<00:03, 132.27w/s, dev=cpu]
language_model.model.layers.25.input_layernorm.weight:  58%|█████▊    | 715/1223 [00:05<00:03, 132.45w/s, dev=cpu]         
language_model.model.layers.25.input_layernorm_moe_gen.weight:  59%|█████▊    | 716/1223 [00:05<00:03, 132.64w/s, dev=cpu]
language_model.model.layers.25.mlp.down_proj.weight:  59%|█████▊    | 717/1223 [00:05<00:03, 132.82w/s, dev=cpu]          
language_model.model.layers.25.mlp.gate_proj.weight:  59%|█████▊    | 718/1223 [00:05<00:03, 133.00w/s, dev=cpu]
language_model.model.layers.25.mlp.up_proj.weight:  59%|█████▉    | 719/1223 [00:05<00:03, 133.19w/s, dev=cpu]  
language_model.model.layers.25.mlp_moe_gen.down_proj.weight:  59%|█████▉    | 720/1223 [00:05<00:03, 133.37w/s, dev=cpu]
language_model.model.layers.25.mlp_moe_gen.gate_proj.weight:  59%|█████▉    | 721/1223 [00:05<00:03, 133.55w/s, dev=cpu]
language_model.model.layers.25.mlp_moe_gen.up_proj.weight:  59%|█████▉    | 722/1223 [00:05<00:03, 133.73w/s, dev=cpu]  
language_model.model.layers.25.post_attention_layernorm.weight:  59%|█████▉    | 723/1223 [00:05<00:03, 133.91w/s, dev=cpu]
language_model.model.layers.25.post_attention_layernorm_moe_gen.weight:  59%|█████▉    | 724/1223 [00:05<00:03, 134.10w/s, dev=cpu]
language_model.model.layers.25.self_attn.k_norm.weight:  59%|█████▉    | 725/1223 [00:05<00:03, 134.28w/s, dev=cpu]                
language_model.model.layers.25.self_attn.k_norm_moe_gen.weight:  59%|█████▉    | 726/1223 [00:05<00:03, 134.46w/s, dev=cpu]
language_model.model.layers.25.self_attn.k_proj.bias:  59%|█████▉    | 727/1223 [00:05<00:03, 134.65w/s, dev=cpu]          
language_model.model.layers.25.self_attn.k_proj.weight:  60%|█████▉    | 728/1223 [00:05<00:03, 134.83w/s, dev=cpu]
language_model.model.layers.25.self_attn.k_proj_moe_gen.bias:  60%|█████▉    | 729/1223 [00:05<00:03, 135.01w/s, dev=cpu]
language_model.model.layers.25.self_attn.k_proj_moe_gen.weight:  60%|█████▉    | 730/1223 [00:05<00:03, 135.19w/s, dev=cpu]
language_model.model.layers.25.self_attn.o_proj.weight:  60%|█████▉    | 731/1223 [00:05<00:03, 135.38w/s, dev=cpu]        
language_model.model.layers.25.self_attn.o_proj_moe_gen.weight:  60%|█████▉    | 732/1223 [00:05<00:03, 135.56w/s, dev=cpu]
language_model.model.layers.25.self_attn.q_norm.weight:  60%|█████▉    | 733/1223 [00:05<00:03, 135.74w/s, dev=cpu]        
language_model.model.layers.25.self_attn.q_norm_moe_gen.weight:  60%|██████    | 734/1223 [00:05<00:03, 135.92w/s, dev=cpu]
language_model.model.layers.25.self_attn.q_proj.bias:  60%|██████    | 735/1223 [00:05<00:03, 136.11w/s, dev=cpu]          
language_model.model.layers.25.self_attn.q_proj.weight:  60%|██████    | 736/1223 [00:05<00:03, 136.29w/s, dev=cpu]
language_model.model.layers.25.self_attn.q_proj_moe_gen.bias:  60%|██████    | 737/1223 [00:05<00:03, 136.47w/s, dev=cpu]
language_model.model.layers.25.self_attn.q_proj_moe_gen.weight:  60%|██████    | 738/1223 [00:05<00:03, 136.66w/s, dev=cpu]
language_model.model.layers.25.self_attn.v_proj.bias:  60%|██████    | 739/1223 [00:05<00:03, 136.84w/s, dev=cpu]          
language_model.model.layers.25.self_attn.v_proj.weight:  61%|██████    | 740/1223 [00:05<00:03, 137.02w/s, dev=cpu]
language_model.model.layers.25.self_attn.v_proj_moe_gen.bias:  61%|██████    | 741/1223 [00:05<00:03, 137.20w/s, dev=cpu]
language_model.model.layers.25.self_attn.v_proj_moe_gen.weight:  61%|██████    | 742/1223 [00:05<00:03, 137.38w/s, dev=cpu]
language_model.model.layers.26.input_layernorm.weight:  61%|██████    | 743/1223 [00:05<00:03, 137.57w/s, dev=cpu]         
language_model.model.layers.26.input_layernorm_moe_gen.weight:  61%|██████    | 744/1223 [00:05<00:03, 137.75w/s, dev=cpu]
language_model.model.layers.26.mlp.down_proj.weight:  61%|██████    | 745/1223 [00:05<00:03, 137.93w/s, dev=cpu]          
language_model.model.layers.26.mlp.gate_proj.weight:  61%|██████    | 746/1223 [00:05<00:03, 138.11w/s, dev=cpu]
language_model.model.layers.26.mlp.up_proj.weight:  61%|██████    | 747/1223 [00:05<00:03, 138.30w/s, dev=cpu]  
language_model.model.layers.26.mlp_moe_gen.down_proj.weight:  61%|██████    | 748/1223 [00:05<00:03, 138.48w/s, dev=cpu]
language_model.model.layers.26.mlp_moe_gen.gate_proj.weight:  61%|██████    | 749/1223 [00:05<00:03, 138.66w/s, dev=cpu]
language_model.model.layers.26.mlp_moe_gen.up_proj.weight:  61%|██████▏   | 750/1223 [00:05<00:03, 138.84w/s, dev=cpu]  
language_model.model.layers.26.post_attention_layernorm.weight:  61%|██████▏   | 751/1223 [00:05<00:03, 139.02w/s, dev=cpu]
language_model.model.layers.26.post_attention_layernorm_moe_gen.weight:  61%|██████▏   | 752/1223 [00:05<00:03, 139.21w/s, dev=cpu]
language_model.model.layers.26.self_attn.k_norm.weight:  62%|██████▏   | 753/1223 [00:05<00:03, 139.39w/s, dev=cpu]                
language_model.model.layers.26.self_attn.k_norm_moe_gen.weight:  62%|██████▏   | 754/1223 [00:05<00:03, 139.57w/s, dev=cpu]
language_model.model.layers.26.self_attn.k_proj.bias:  62%|██████▏   | 755/1223 [00:05<00:03, 139.75w/s, dev=cpu]          
language_model.model.layers.26.self_attn.k_proj.weight:  62%|██████▏   | 756/1223 [00:05<00:03, 139.94w/s, dev=cpu]
language_model.model.layers.26.self_attn.k_proj_moe_gen.bias:  62%|██████▏   | 757/1223 [00:05<00:03, 140.12w/s, dev=cpu]
language_model.model.layers.26.self_attn.k_proj_moe_gen.weight:  62%|██████▏   | 758/1223 [00:05<00:03, 140.30w/s, dev=cpu]
language_model.model.layers.26.self_attn.o_proj.weight:  62%|██████▏   | 759/1223 [00:05<00:03, 140.48w/s, dev=cpu]        
language_model.model.layers.26.self_attn.o_proj_moe_gen.weight:  62%|██████▏   | 760/1223 [00:05<00:03, 140.67w/s, dev=cpu]
language_model.model.layers.26.self_attn.q_norm.weight:  62%|██████▏   | 761/1223 [00:05<00:03, 140.85w/s, dev=cpu]        
language_model.model.layers.26.self_attn.q_norm_moe_gen.weight:  62%|██████▏   | 762/1223 [00:05<00:03, 141.03w/s, dev=cpu]
language_model.model.layers.26.self_attn.q_proj.bias:  62%|██████▏   | 763/1223 [00:05<00:03, 141.21w/s, dev=cpu]          
language_model.model.layers.26.self_attn.q_proj.weight:  62%|██████▏   | 764/1223 [00:05<00:03, 141.40w/s, dev=cpu]
language_model.model.layers.26.self_attn.q_proj_moe_gen.bias:  63%|██████▎   | 765/1223 [00:05<00:03, 141.58w/s, dev=cpu]
language_model.model.layers.26.self_attn.q_proj_moe_gen.weight:  63%|██████▎   | 766/1223 [00:05<00:03, 141.76w/s, dev=cpu]
language_model.model.layers.26.self_attn.v_proj.bias:  63%|██████▎   | 767/1223 [00:05<00:03, 141.95w/s, dev=cpu]          
language_model.model.layers.26.self_attn.v_proj.weight:  63%|██████▎   | 768/1223 [00:05<00:03, 142.13w/s, dev=cpu]
language_model.model.layers.26.self_attn.v_proj_moe_gen.bias:  63%|██████▎   | 769/1223 [00:05<00:03, 142.31w/s, dev=cpu]
language_model.model.layers.26.self_attn.v_proj_moe_gen.weight:  63%|██████▎   | 770/1223 [00:05<00:03, 142.49w/s, dev=cpu]
language_model.model.layers.27.input_layernorm.weight:  63%|██████▎   | 771/1223 [00:05<00:03, 142.68w/s, dev=cpu]         
language_model.model.layers.27.input_layernorm_moe_gen.weight:  63%|██████▎   | 772/1223 [00:05<00:03, 142.86w/s, dev=cpu]
language_model.model.layers.27.mlp.down_proj.weight:  63%|██████▎   | 773/1223 [00:05<00:03, 143.04w/s, dev=cpu]          
language_model.model.layers.27.mlp.gate_proj.weight:  63%|██████▎   | 774/1223 [00:05<00:03, 143.22w/s, dev=cpu]
language_model.model.layers.27.mlp.up_proj.weight:  63%|██████▎   | 775/1223 [00:05<00:03, 143.40w/s, dev=cpu]  
language_model.model.layers.27.mlp_moe_gen.down_proj.weight:  63%|██████▎   | 776/1223 [00:05<00:03, 143.59w/s, dev=cpu]
language_model.model.layers.27.mlp_moe_gen.gate_proj.weight:  64%|██████▎   | 777/1223 [00:05<00:03, 143.77w/s, dev=cpu]
language_model.model.layers.27.mlp_moe_gen.up_proj.weight:  64%|██████▎   | 778/1223 [00:05<00:03, 143.95w/s, dev=cpu]  
language_model.model.layers.27.post_attention_layernorm.weight:  64%|██████▎   | 779/1223 [00:05<00:03, 144.13w/s, dev=cpu]
language_model.model.layers.27.post_attention_layernorm_moe_gen.weight:  64%|██████▍   | 780/1223 [00:05<00:03, 144.31w/s, dev=cpu]
language_model.model.layers.27.self_attn.k_norm.weight:  64%|██████▍   | 781/1223 [00:05<00:03, 144.50w/s, dev=cpu]                
language_model.model.layers.27.self_attn.k_norm_moe_gen.weight:  64%|██████▍   | 782/1223 [00:05<00:03, 144.68w/s, dev=cpu]
language_model.model.layers.27.self_attn.k_proj.bias:  64%|██████▍   | 783/1223 [00:05<00:03, 144.86w/s, dev=cpu]          
language_model.model.layers.27.self_attn.k_proj.weight:  64%|██████▍   | 784/1223 [00:05<00:03, 145.04w/s, dev=cpu]
language_model.model.layers.27.self_attn.k_proj_moe_gen.bias:  64%|██████▍   | 785/1223 [00:05<00:03, 145.23w/s, dev=cpu]
language_model.model.layers.27.self_attn.k_proj_moe_gen.weight:  64%|██████▍   | 786/1223 [00:05<00:03, 145.41w/s, dev=cpu]
language_model.model.layers.27.self_attn.o_proj.weight:  64%|██████▍   | 787/1223 [00:05<00:02, 145.59w/s, dev=cpu]        
language_model.model.layers.27.self_attn.o_proj_moe_gen.weight:  64%|██████▍   | 788/1223 [00:05<00:02, 145.77w/s, dev=cpu]
language_model.model.layers.27.self_attn.q_norm.weight:  65%|██████▍   | 789/1223 [00:05<00:02, 145.96w/s, dev=cpu]        
language_model.model.layers.27.self_attn.q_norm_moe_gen.weight:  65%|██████▍   | 790/1223 [00:05<00:02, 146.14w/s, dev=cpu]
language_model.model.layers.27.self_attn.q_proj.bias:  65%|██████▍   | 791/1223 [00:05<00:02, 146.32w/s, dev=cpu]          
language_model.model.layers.27.self_attn.q_proj.weight:  65%|██████▍   | 792/1223 [00:05<00:02, 146.50w/s, dev=cpu]
language_model.model.layers.27.self_attn.q_proj_moe_gen.bias:  65%|██████▍   | 793/1223 [00:05<00:02, 146.68w/s, dev=cpu]
language_model.model.layers.27.self_attn.q_proj_moe_gen.weight:  65%|██████▍   | 794/1223 [00:05<00:02, 146.87w/s, dev=cpu]
language_model.model.layers.27.self_attn.v_proj.bias:  65%|██████▌   | 795/1223 [00:05<00:02, 147.05w/s, dev=cpu]          
language_model.model.layers.27.self_attn.v_proj.weight:  65%|██████▌   | 796/1223 [00:05<00:02, 147.23w/s, dev=cpu]
language_model.model.layers.27.self_attn.v_proj_moe_gen.bias:  65%|██████▌   | 797/1223 [00:05<00:02, 147.41w/s, dev=cpu]
language_model.model.layers.27.self_attn.v_proj_moe_gen.weight:  65%|██████▌   | 798/1223 [00:05<00:02, 147.60w/s, dev=cpu]
language_model.model.norm.weight:  65%|██████▌   | 799/1223 [00:05<00:02, 147.78w/s, dev=cpu]                              
language_model.model.norm_moe_gen.weight:  65%|██████▌   | 800/1223 [00:05<00:02, 147.96w/s, dev=cpu]
language_model.lm_head.weight:  65%|██████▌   | 801/1223 [00:05<00:02, 148.14w/s, dev=cpu]           
vit_model.vision_model.embeddings.patch_embedding.bias:  66%|██████▌   | 802/1223 [00:05<00:02, 148.32w/s, dev=cpu]
vit_model.vision_model.embeddings.patch_embedding.weight:  66%|██████▌   | 803/1223 [00:05<00:02, 148.51w/s, dev=cpu]
vit_model.vision_model.embeddings.position_embedding.weight:  66%|██████▌   | 804/1223 [00:05<00:02, 148.69w/s, dev=cpu]
vit_model.vision_model.encoder.layers.0.layer_norm1.bias:  66%|██████▌   | 805/1223 [00:05<00:02, 148.87w/s, dev=cpu]   
vit_model.vision_model.encoder.layers.0.layer_norm1.weight:  66%|██████▌   | 806/1223 [00:05<00:02, 149.05w/s, dev=cpu]
vit_model.vision_model.encoder.layers.0.layer_norm2.bias:  66%|██████▌   | 807/1223 [00:05<00:02, 149.24w/s, dev=cpu]  
vit_model.vision_model.encoder.layers.0.layer_norm2.weight:  66%|██████▌   | 808/1223 [00:05<00:02, 149.42w/s, dev=cpu]
vit_model.vision_model.encoder.layers.0.mlp.fc1.bias:  66%|██████▌   | 809/1223 [00:05<00:02, 149.60w/s, dev=cpu]      
vit_model.vision_model.encoder.layers.0.mlp.fc1.weight:  66%|██████▌   | 810/1223 [00:05<00:02, 149.78w/s, dev=cpu]
vit_model.vision_model.encoder.layers.0.mlp.fc2.bias:  66%|██████▋   | 811/1223 [00:05<00:02, 149.96w/s, dev=cpu]  
vit_model.vision_model.encoder.layers.0.mlp.fc2.weight:  66%|██████▋   | 812/1223 [00:05<00:02, 150.15w/s, dev=cpu]
vit_model.vision_model.encoder.layers.0.self_attn.k_proj.bias:  66%|██████▋   | 813/1223 [00:05<00:02, 150.33w/s, dev=cpu]
vit_model.vision_model.encoder.layers.0.self_attn.k_proj.weight:  67%|██████▋   | 814/1223 [00:05<00:02, 150.51w/s, dev=cpu]
vit_model.vision_model.encoder.layers.0.self_attn.out_proj.bias:  67%|██████▋   | 815/1223 [00:05<00:02, 150.69w/s, dev=cpu]
vit_model.vision_model.encoder.layers.0.self_attn.out_proj.weight:  67%|██████▋   | 816/1223 [00:05<00:02, 150.88w/s, dev=cpu]
vit_model.vision_model.encoder.layers.0.self_attn.q_proj.bias:  67%|██████▋   | 817/1223 [00:05<00:02, 151.06w/s, dev=cpu]    
vit_model.vision_model.encoder.layers.0.self_attn.q_proj.weight:  67%|██████▋   | 818/1223 [00:05<00:02, 151.24w/s, dev=cpu]
vit_model.vision_model.encoder.layers.0.self_attn.v_proj.bias:  67%|██████▋   | 819/1223 [00:05<00:02, 151.42w/s, dev=cpu]  
vit_model.vision_model.encoder.layers.0.self_attn.v_proj.weight:  67%|██████▋   | 820/1223 [00:05<00:02, 151.60w/s, dev=cpu]
vit_model.vision_model.encoder.layers.1.layer_norm1.bias:  67%|██████▋   | 821/1223 [00:05<00:02, 151.79w/s, dev=cpu]       
vit_model.vision_model.encoder.layers.1.layer_norm1.weight:  67%|██████▋   | 822/1223 [00:05<00:02, 151.97w/s, dev=cpu]
vit_model.vision_model.encoder.layers.1.layer_norm2.bias:  67%|██████▋   | 823/1223 [00:05<00:02, 152.15w/s, dev=cpu]  
vit_model.vision_model.encoder.layers.1.layer_norm2.weight:  67%|██████▋   | 824/1223 [00:05<00:02, 152.33w/s, dev=cpu]
vit_model.vision_model.encoder.layers.1.mlp.fc1.bias:  67%|██████▋   | 825/1223 [00:05<00:02, 152.51w/s, dev=cpu]      
vit_model.vision_model.encoder.layers.1.mlp.fc1.weight:  68%|██████▊   | 826/1223 [00:05<00:02, 152.70w/s, dev=cpu]
vit_model.vision_model.encoder.layers.1.mlp.fc2.bias:  68%|██████▊   | 827/1223 [00:05<00:02, 152.88w/s, dev=cpu]  
vit_model.vision_model.encoder.layers.1.mlp.fc2.weight:  68%|██████▊   | 828/1223 [00:05<00:02, 153.06w/s, dev=cpu]
vit_model.vision_model.encoder.layers.1.self_attn.k_proj.bias:  68%|██████▊   | 829/1223 [00:05<00:02, 153.24w/s, dev=cpu]
vit_model.vision_model.encoder.layers.1.self_attn.k_proj.weight:  68%|██████▊   | 830/1223 [00:05<00:02, 153.42w/s, dev=cpu]
vit_model.vision_model.encoder.layers.1.self_attn.out_proj.bias:  68%|██████▊   | 831/1223 [00:05<00:02, 153.61w/s, dev=cpu]
vit_model.vision_model.encoder.layers.1.self_attn.out_proj.weight:  68%|██████▊   | 832/1223 [00:05<00:02, 153.79w/s, dev=cpu]
vit_model.vision_model.encoder.layers.1.self_attn.q_proj.bias:  68%|██████▊   | 833/1223 [00:05<00:02, 153.97w/s, dev=cpu]    
vit_model.vision_model.encoder.layers.1.self_attn.q_proj.weight:  68%|██████▊   | 834/1223 [00:05<00:02, 154.15w/s, dev=cpu]
vit_model.vision_model.encoder.layers.1.self_attn.v_proj.bias:  68%|██████▊   | 835/1223 [00:05<00:02, 154.33w/s, dev=cpu]  
vit_model.vision_model.encoder.layers.1.self_attn.v_proj.weight:  68%|██████▊   | 836/1223 [00:05<00:02, 154.52w/s, dev=cpu]
vit_model.vision_model.encoder.layers.10.layer_norm1.bias:  68%|██████▊   | 837/1223 [00:05<00:02, 154.70w/s, dev=cpu]      
vit_model.vision_model.encoder.layers.10.layer_norm1.weight:  69%|██████▊   | 838/1223 [00:05<00:02, 154.88w/s, dev=cpu]
vit_model.vision_model.encoder.layers.10.layer_norm2.bias:  69%|██████▊   | 839/1223 [00:05<00:02, 155.06w/s, dev=cpu]  
vit_model.vision_model.encoder.layers.10.layer_norm2.weight:  69%|██████▊   | 840/1223 [00:05<00:02, 155.25w/s, dev=cpu]
vit_model.vision_model.encoder.layers.10.mlp.fc1.bias:  69%|██████▉   | 841/1223 [00:05<00:02, 155.43w/s, dev=cpu]      
vit_model.vision_model.encoder.layers.10.mlp.fc1.weight:  69%|██████▉   | 842/1223 [00:05<00:02, 155.61w/s, dev=cpu]
vit_model.vision_model.encoder.layers.10.mlp.fc2.bias:  69%|██████▉   | 843/1223 [00:05<00:02, 155.79w/s, dev=cpu]  
vit_model.vision_model.encoder.layers.10.mlp.fc2.weight:  69%|██████▉   | 844/1223 [00:05<00:02, 155.97w/s, dev=cpu]
vit_model.vision_model.encoder.layers.10.self_attn.k_proj.bias:  69%|██████▉   | 845/1223 [00:05<00:02, 156.16w/s, dev=cpu]
vit_model.vision_model.encoder.layers.10.self_attn.k_proj.weight:  69%|██████▉   | 846/1223 [00:05<00:02, 156.34w/s, dev=cpu]
vit_model.vision_model.encoder.layers.10.self_attn.out_proj.bias:  69%|██████▉   | 847/1223 [00:05<00:02, 156.52w/s, dev=cpu]
vit_model.vision_model.encoder.layers.10.self_attn.out_proj.weight:  69%|██████▉   | 848/1223 [00:05<00:02, 156.70w/s, dev=cpu]
vit_model.vision_model.encoder.layers.10.self_attn.q_proj.bias:  69%|██████▉   | 849/1223 [00:05<00:02, 156.88w/s, dev=cpu]    
vit_model.vision_model.encoder.layers.10.self_attn.q_proj.weight:  70%|██████▉   | 850/1223 [00:05<00:02, 157.07w/s, dev=cpu]
vit_model.vision_model.encoder.layers.10.self_attn.v_proj.bias:  70%|██████▉   | 851/1223 [00:05<00:02, 157.25w/s, dev=cpu]  
vit_model.vision_model.encoder.layers.10.self_attn.v_proj.weight:  70%|██████▉   | 852/1223 [00:05<00:02, 157.43w/s, dev=cpu]
vit_model.vision_model.encoder.layers.11.layer_norm1.bias:  70%|██████▉   | 853/1223 [00:05<00:02, 157.61w/s, dev=cpu]       
vit_model.vision_model.encoder.layers.11.layer_norm1.weight:  70%|██████▉   | 854/1223 [00:05<00:02, 157.79w/s, dev=cpu]
vit_model.vision_model.encoder.layers.11.layer_norm2.bias:  70%|██████▉   | 855/1223 [00:05<00:02, 157.97w/s, dev=cpu]  
vit_model.vision_model.encoder.layers.11.layer_norm2.weight:  70%|██████▉   | 856/1223 [00:05<00:02, 158.16w/s, dev=cpu]
vit_model.vision_model.encoder.layers.11.mlp.fc1.bias:  70%|███████   | 857/1223 [00:05<00:02, 158.34w/s, dev=cpu]      
vit_model.vision_model.encoder.layers.11.mlp.fc1.weight:  70%|███████   | 858/1223 [00:05<00:02, 158.52w/s, dev=cpu]
vit_model.vision_model.encoder.layers.11.mlp.fc2.bias:  70%|███████   | 859/1223 [00:05<00:02, 158.70w/s, dev=cpu]  
vit_model.vision_model.encoder.layers.11.mlp.fc2.weight:  70%|███████   | 860/1223 [00:05<00:02, 158.88w/s, dev=cpu]
vit_model.vision_model.encoder.layers.11.self_attn.k_proj.bias:  70%|███████   | 861/1223 [00:05<00:02, 159.07w/s, dev=cpu]
vit_model.vision_model.encoder.layers.11.self_attn.k_proj.weight:  70%|███████   | 862/1223 [00:05<00:02, 159.25w/s, dev=cpu]
vit_model.vision_model.encoder.layers.11.self_attn.out_proj.bias:  71%|███████   | 863/1223 [00:05<00:02, 159.43w/s, dev=cpu]
vit_model.vision_model.encoder.layers.11.self_attn.out_proj.weight:  71%|███████   | 864/1223 [00:05<00:02, 159.61w/s, dev=cpu]
vit_model.vision_model.encoder.layers.11.self_attn.q_proj.bias:  71%|███████   | 865/1223 [00:05<00:02, 159.79w/s, dev=cpu]    
vit_model.vision_model.encoder.layers.11.self_attn.q_proj.weight:  71%|███████   | 866/1223 [00:05<00:02, 159.97w/s, dev=cpu]
vit_model.vision_model.encoder.layers.11.self_attn.v_proj.bias:  71%|███████   | 867/1223 [00:05<00:02, 160.16w/s, dev=cpu]  
vit_model.vision_model.encoder.layers.11.self_attn.v_proj.weight:  71%|███████   | 868/1223 [00:05<00:02, 160.34w/s, dev=cpu]
vit_model.vision_model.encoder.layers.12.layer_norm1.bias:  71%|███████   | 869/1223 [00:05<00:02, 160.52w/s, dev=cpu]       
vit_model.vision_model.encoder.layers.12.layer_norm1.weight:  71%|███████   | 870/1223 [00:05<00:02, 160.70w/s, dev=cpu]
vit_model.vision_model.encoder.layers.12.layer_norm2.bias:  71%|███████   | 871/1223 [00:05<00:02, 160.88w/s, dev=cpu]  
vit_model.vision_model.encoder.layers.12.layer_norm2.weight:  71%|███████▏  | 872/1223 [00:05<00:02, 161.07w/s, dev=cpu]
vit_model.vision_model.encoder.layers.12.mlp.fc1.bias:  71%|███████▏  | 873/1223 [00:05<00:02, 161.25w/s, dev=cpu]      
vit_model.vision_model.encoder.layers.12.mlp.fc1.weight:  71%|███████▏  | 874/1223 [00:05<00:02, 161.43w/s, dev=cpu]
vit_model.vision_model.encoder.layers.12.mlp.fc2.bias:  72%|███████▏  | 875/1223 [00:05<00:02, 161.61w/s, dev=cpu]  
vit_model.vision_model.encoder.layers.12.mlp.fc2.weight:  72%|███████▏  | 876/1223 [00:05<00:02, 161.79w/s, dev=cpu]
vit_model.vision_model.encoder.layers.12.self_attn.k_proj.bias:  72%|███████▏  | 877/1223 [00:05<00:02, 161.98w/s, dev=cpu]
vit_model.vision_model.encoder.layers.12.self_attn.k_proj.weight:  72%|███████▏  | 878/1223 [00:05<00:02, 162.16w/s, dev=cpu]
vit_model.vision_model.encoder.layers.12.self_attn.out_proj.bias:  72%|███████▏  | 879/1223 [00:05<00:02, 162.34w/s, dev=cpu]
vit_model.vision_model.encoder.layers.12.self_attn.out_proj.weight:  72%|███████▏  | 880/1223 [00:05<00:02, 162.52w/s, dev=cpu]
vit_model.vision_model.encoder.layers.12.self_attn.q_proj.bias:  72%|███████▏  | 881/1223 [00:05<00:02, 162.70w/s, dev=cpu]    
vit_model.vision_model.encoder.layers.12.self_attn.q_proj.weight:  72%|███████▏  | 882/1223 [00:05<00:02, 162.88w/s, dev=cpu]
vit_model.vision_model.encoder.layers.12.self_attn.v_proj.bias:  72%|███████▏  | 883/1223 [00:05<00:02, 163.07w/s, dev=cpu]  
vit_model.vision_model.encoder.layers.12.self_attn.v_proj.weight:  72%|███████▏  | 884/1223 [00:05<00:02, 163.25w/s, dev=cpu]
vit_model.vision_model.encoder.layers.13.layer_norm1.bias:  72%|███████▏  | 885/1223 [00:05<00:02, 163.43w/s, dev=cpu]       
vit_model.vision_model.encoder.layers.13.layer_norm1.weight:  72%|███████▏  | 886/1223 [00:05<00:02, 163.61w/s, dev=cpu]
vit_model.vision_model.encoder.layers.13.layer_norm2.bias:  73%|███████▎  | 887/1223 [00:05<00:02, 163.79w/s, dev=cpu]  
vit_model.vision_model.encoder.layers.13.layer_norm2.weight:  73%|███████▎  | 888/1223 [00:05<00:02, 163.98w/s, dev=cpu]
vit_model.vision_model.encoder.layers.13.mlp.fc1.bias:  73%|███████▎  | 889/1223 [00:05<00:02, 164.16w/s, dev=cpu]      
vit_model.vision_model.encoder.layers.13.mlp.fc1.weight:  73%|███████▎  | 890/1223 [00:05<00:02, 164.34w/s, dev=cpu]
vit_model.vision_model.encoder.layers.13.mlp.fc2.bias:  73%|███████▎  | 891/1223 [00:05<00:02, 164.52w/s, dev=cpu]  
vit_model.vision_model.encoder.layers.13.mlp.fc2.weight:  73%|███████▎  | 892/1223 [00:05<00:02, 164.70w/s, dev=cpu]
vit_model.vision_model.encoder.layers.13.self_attn.k_proj.bias:  73%|███████▎  | 893/1223 [00:05<00:02, 164.88w/s, dev=cpu]
vit_model.vision_model.encoder.layers.13.self_attn.k_proj.weight:  73%|███████▎  | 894/1223 [00:05<00:01, 165.07w/s, dev=cpu]
vit_model.vision_model.encoder.layers.13.self_attn.out_proj.bias:  73%|███████▎  | 895/1223 [00:05<00:01, 165.25w/s, dev=cpu]
vit_model.vision_model.encoder.layers.13.self_attn.out_proj.weight:  73%|███████▎  | 896/1223 [00:05<00:01, 165.43w/s, dev=cpu]
vit_model.vision_model.encoder.layers.13.self_attn.q_proj.bias:  73%|███████▎  | 897/1223 [00:05<00:01, 165.61w/s, dev=cpu]    
vit_model.vision_model.encoder.layers.13.self_attn.q_proj.weight:  73%|███████▎  | 898/1223 [00:05<00:01, 165.79w/s, dev=cpu]
vit_model.vision_model.encoder.layers.13.self_attn.v_proj.bias:  74%|███████▎  | 899/1223 [00:05<00:01, 165.97w/s, dev=cpu]  
vit_model.vision_model.encoder.layers.13.self_attn.v_proj.weight:  74%|███████▎  | 900/1223 [00:05<00:01, 166.15w/s, dev=cpu]
vit_model.vision_model.encoder.layers.14.layer_norm1.bias:  74%|███████▎  | 901/1223 [00:05<00:01, 166.34w/s, dev=cpu]       
vit_model.vision_model.encoder.layers.14.layer_norm1.weight:  74%|███████▍  | 902/1223 [00:05<00:01, 166.52w/s, dev=cpu]
vit_model.vision_model.encoder.layers.14.layer_norm2.bias:  74%|███████▍  | 903/1223 [00:05<00:01, 166.70w/s, dev=cpu]  
vit_model.vision_model.encoder.layers.14.layer_norm2.weight:  74%|███████▍  | 904/1223 [00:05<00:01, 166.88w/s, dev=cpu]
vit_model.vision_model.encoder.layers.14.mlp.fc1.bias:  74%|███████▍  | 905/1223 [00:05<00:01, 167.06w/s, dev=cpu]      
vit_model.vision_model.encoder.layers.14.mlp.fc1.weight:  74%|███████▍  | 906/1223 [00:05<00:01, 167.24w/s, dev=cpu]
vit_model.vision_model.encoder.layers.14.mlp.fc2.bias:  74%|███████▍  | 907/1223 [00:05<00:01, 167.43w/s, dev=cpu]  
vit_model.vision_model.encoder.layers.14.mlp.fc2.weight:  74%|███████▍  | 908/1223 [00:05<00:01, 167.61w/s, dev=cpu]
vit_model.vision_model.encoder.layers.14.self_attn.k_proj.bias:  74%|███████▍  | 909/1223 [00:05<00:01, 167.79w/s, dev=cpu]
vit_model.vision_model.encoder.layers.14.self_attn.k_proj.weight:  74%|███████▍  | 910/1223 [00:05<00:01, 167.97w/s, dev=cpu]
vit_model.vision_model.encoder.layers.14.self_attn.out_proj.bias:  74%|███████▍  | 911/1223 [00:05<00:01, 168.15w/s, dev=cpu]
vit_model.vision_model.encoder.layers.14.self_attn.out_proj.weight:  75%|███████▍  | 912/1223 [00:05<00:01, 168.33w/s, dev=cpu]
vit_model.vision_model.encoder.layers.14.self_attn.q_proj.bias:  75%|███████▍  | 913/1223 [00:05<00:01, 168.52w/s, dev=cpu]    
vit_model.vision_model.encoder.layers.14.self_attn.q_proj.weight:  75%|███████▍  | 914/1223 [00:05<00:01, 168.70w/s, dev=cpu]
vit_model.vision_model.encoder.layers.14.self_attn.v_proj.bias:  75%|███████▍  | 915/1223 [00:05<00:01, 168.88w/s, dev=cpu]  
vit_model.vision_model.encoder.layers.14.self_attn.v_proj.weight:  75%|███████▍  | 916/1223 [00:05<00:01, 169.06w/s, dev=cpu]
vit_model.vision_model.encoder.layers.15.layer_norm1.bias:  75%|███████▍  | 917/1223 [00:05<00:01, 169.24w/s, dev=cpu]       
vit_model.vision_model.encoder.layers.15.layer_norm1.weight:  75%|███████▌  | 918/1223 [00:05<00:01, 169.42w/s, dev=cpu]
vit_model.vision_model.encoder.layers.15.layer_norm2.bias:  75%|███████▌  | 919/1223 [00:05<00:01, 169.61w/s, dev=cpu]  
vit_model.vision_model.encoder.layers.15.layer_norm2.weight:  75%|███████▌  | 920/1223 [00:05<00:01, 169.79w/s, dev=cpu]
vit_model.vision_model.encoder.layers.15.mlp.fc1.bias:  75%|███████▌  | 921/1223 [00:05<00:01, 169.97w/s, dev=cpu]      
vit_model.vision_model.encoder.layers.15.mlp.fc1.weight:  75%|███████▌  | 922/1223 [00:05<00:01, 170.15w/s, dev=cpu]
vit_model.vision_model.encoder.layers.15.mlp.fc2.bias:  75%|███████▌  | 923/1223 [00:05<00:01, 170.33w/s, dev=cpu]  
vit_model.vision_model.encoder.layers.15.mlp.fc2.weight:  76%|███████▌  | 924/1223 [00:05<00:01, 170.51w/s, dev=cpu]
vit_model.vision_model.encoder.layers.15.self_attn.k_proj.bias:  76%|███████▌  | 925/1223 [00:05<00:01, 170.69w/s, dev=cpu]
vit_model.vision_model.encoder.layers.15.self_attn.k_proj.weight:  76%|███████▌  | 926/1223 [00:05<00:01, 170.88w/s, dev=cpu]
vit_model.vision_model.encoder.layers.15.self_attn.out_proj.bias:  76%|███████▌  | 927/1223 [00:05<00:01, 171.06w/s, dev=cpu]
vit_model.vision_model.encoder.layers.15.self_attn.out_proj.weight:  76%|███████▌  | 928/1223 [00:05<00:01, 171.24w/s, dev=cpu]
vit_model.vision_model.encoder.layers.15.self_attn.q_proj.bias:  76%|███████▌  | 929/1223 [00:05<00:01, 171.42w/s, dev=cpu]    
vit_model.vision_model.encoder.layers.15.self_attn.q_proj.weight:  76%|███████▌  | 930/1223 [00:05<00:01, 171.60w/s, dev=cpu]
vit_model.vision_model.encoder.layers.15.self_attn.v_proj.bias:  76%|███████▌  | 931/1223 [00:05<00:01, 171.78w/s, dev=cpu]  
vit_model.vision_model.encoder.layers.15.self_attn.v_proj.weight:  76%|███████▌  | 932/1223 [00:05<00:01, 171.96w/s, dev=cpu]
vit_model.vision_model.encoder.layers.16.layer_norm1.bias:  76%|███████▋  | 933/1223 [00:05<00:01, 172.15w/s, dev=cpu]       
vit_model.vision_model.encoder.layers.16.layer_norm1.weight:  76%|███████▋  | 934/1223 [00:05<00:01, 172.33w/s, dev=cpu]
vit_model.vision_model.encoder.layers.16.layer_norm2.bias:  76%|███████▋  | 935/1223 [00:05<00:01, 172.51w/s, dev=cpu]  
vit_model.vision_model.encoder.layers.16.layer_norm2.weight:  77%|███████▋  | 936/1223 [00:05<00:01, 172.69w/s, dev=cpu]
vit_model.vision_model.encoder.layers.16.mlp.fc1.bias:  77%|███████▋  | 937/1223 [00:05<00:01, 172.87w/s, dev=cpu]      
vit_model.vision_model.encoder.layers.16.mlp.fc1.weight:  77%|███████▋  | 938/1223 [00:05<00:01, 173.05w/s, dev=cpu]
vit_model.vision_model.encoder.layers.16.mlp.fc2.bias:  77%|███████▋  | 939/1223 [00:05<00:01, 173.23w/s, dev=cpu]  
vit_model.vision_model.encoder.layers.16.mlp.fc2.weight:  77%|███████▋  | 940/1223 [00:05<00:01, 173.42w/s, dev=cpu]
vit_model.vision_model.encoder.layers.16.self_attn.k_proj.bias:  77%|███████▋  | 941/1223 [00:05<00:01, 173.60w/s, dev=cpu]
vit_model.vision_model.encoder.layers.16.self_attn.k_proj.weight:  77%|███████▋  | 942/1223 [00:05<00:01, 173.78w/s, dev=cpu]
vit_model.vision_model.encoder.layers.16.self_attn.out_proj.bias:  77%|███████▋  | 943/1223 [00:05<00:01, 173.96w/s, dev=cpu]
vit_model.vision_model.encoder.layers.16.self_attn.out_proj.weight:  77%|███████▋  | 944/1223 [00:05<00:01, 174.14w/s, dev=cpu]
vit_model.vision_model.encoder.layers.16.self_attn.q_proj.bias:  77%|███████▋  | 945/1223 [00:05<00:01, 174.32w/s, dev=cpu]    
vit_model.vision_model.encoder.layers.16.self_attn.q_proj.weight:  77%|███████▋  | 946/1223 [00:05<00:01, 174.50w/s, dev=cpu]
vit_model.vision_model.encoder.layers.16.self_attn.v_proj.bias:  77%|███████▋  | 947/1223 [00:05<00:01, 174.69w/s, dev=cpu]  
vit_model.vision_model.encoder.layers.16.self_attn.v_proj.weight:  78%|███████▊  | 948/1223 [00:05<00:01, 174.87w/s, dev=cpu]
vit_model.vision_model.encoder.layers.17.layer_norm1.bias:  78%|███████▊  | 949/1223 [00:05<00:01, 175.05w/s, dev=cpu]       
vit_model.vision_model.encoder.layers.17.layer_norm1.weight:  78%|███████▊  | 950/1223 [00:05<00:01, 175.23w/s, dev=cpu]
vit_model.vision_model.encoder.layers.17.layer_norm2.bias:  78%|███████▊  | 951/1223 [00:05<00:01, 175.41w/s, dev=cpu]  
vit_model.vision_model.encoder.layers.17.layer_norm2.weight:  78%|███████▊  | 952/1223 [00:05<00:01, 175.59w/s, dev=cpu]
vit_model.vision_model.encoder.layers.17.mlp.fc1.bias:  78%|███████▊  | 953/1223 [00:05<00:01, 175.77w/s, dev=cpu]      
vit_model.vision_model.encoder.layers.17.mlp.fc1.weight:  78%|███████▊  | 954/1223 [00:05<00:01, 175.96w/s, dev=cpu]
vit_model.vision_model.encoder.layers.17.mlp.fc2.bias:  78%|███████▊  | 955/1223 [00:05<00:01, 176.14w/s, dev=cpu]  
vit_model.vision_model.encoder.layers.17.mlp.fc2.weight:  78%|███████▊  | 956/1223 [00:05<00:01, 176.32w/s, dev=cpu]
vit_model.vision_model.encoder.layers.17.self_attn.k_proj.bias:  78%|███████▊  | 957/1223 [00:05<00:01, 176.50w/s, dev=cpu]
vit_model.vision_model.encoder.layers.17.self_attn.k_proj.weight:  78%|███████▊  | 958/1223 [00:05<00:01, 176.68w/s, dev=cpu]
vit_model.vision_model.encoder.layers.17.self_attn.out_proj.bias:  78%|███████▊  | 959/1223 [00:05<00:01, 176.86w/s, dev=cpu]
vit_model.vision_model.encoder.layers.17.self_attn.out_proj.weight:  78%|███████▊  | 960/1223 [00:05<00:01, 177.04w/s, dev=cpu]
vit_model.vision_model.encoder.layers.17.self_attn.q_proj.bias:  79%|███████▊  | 961/1223 [00:05<00:01, 177.22w/s, dev=cpu]    
vit_model.vision_model.encoder.layers.17.self_attn.q_proj.weight:  79%|███████▊  | 962/1223 [00:05<00:01, 177.40w/s, dev=cpu]
vit_model.vision_model.encoder.layers.17.self_attn.v_proj.bias:  79%|███████▊  | 963/1223 [00:05<00:01, 177.59w/s, dev=cpu]  
vit_model.vision_model.encoder.layers.17.self_attn.v_proj.weight:  79%|███████▉  | 964/1223 [00:05<00:01, 177.77w/s, dev=cpu]
vit_model.vision_model.encoder.layers.18.layer_norm1.bias:  79%|███████▉  | 965/1223 [00:05<00:01, 177.95w/s, dev=cpu]       
vit_model.vision_model.encoder.layers.18.layer_norm1.weight:  79%|███████▉  | 966/1223 [00:05<00:01, 178.13w/s, dev=cpu]
vit_model.vision_model.encoder.layers.18.layer_norm2.bias:  79%|███████▉  | 967/1223 [00:05<00:01, 178.31w/s, dev=cpu]  
vit_model.vision_model.encoder.layers.18.layer_norm2.weight:  79%|███████▉  | 968/1223 [00:05<00:01, 178.49w/s, dev=cpu]
vit_model.vision_model.encoder.layers.18.mlp.fc1.bias:  79%|███████▉  | 969/1223 [00:05<00:01, 178.67w/s, dev=cpu]      
vit_model.vision_model.encoder.layers.18.mlp.fc1.weight:  79%|███████▉  | 970/1223 [00:05<00:01, 178.85w/s, dev=cpu]
vit_model.vision_model.encoder.layers.18.mlp.fc2.bias:  79%|███████▉  | 971/1223 [00:05<00:01, 179.04w/s, dev=cpu]  
vit_model.vision_model.encoder.layers.18.mlp.fc2.weight:  79%|███████▉  | 972/1223 [00:05<00:01, 179.22w/s, dev=cpu]
vit_model.vision_model.encoder.layers.18.self_attn.k_proj.bias:  80%|███████▉  | 973/1223 [00:05<00:01, 179.40w/s, dev=cpu]
vit_model.vision_model.encoder.layers.18.self_attn.k_proj.weight:  80%|███████▉  | 974/1223 [00:05<00:01, 179.58w/s, dev=cpu]
vit_model.vision_model.encoder.layers.18.self_attn.out_proj.bias:  80%|███████▉  | 975/1223 [00:05<00:01, 179.76w/s, dev=cpu]
vit_model.vision_model.encoder.layers.18.self_attn.out_proj.weight:  80%|███████▉  | 976/1223 [00:05<00:01, 179.94w/s, dev=cpu]
vit_model.vision_model.encoder.layers.18.self_attn.q_proj.bias:  80%|███████▉  | 977/1223 [00:05<00:01, 180.12w/s, dev=cpu]    
vit_model.vision_model.encoder.layers.18.self_attn.q_proj.weight:  80%|███████▉  | 978/1223 [00:05<00:01, 180.30w/s, dev=cpu]
vit_model.vision_model.encoder.layers.18.self_attn.v_proj.bias:  80%|████████  | 979/1223 [00:05<00:01, 180.48w/s, dev=cpu]  
vit_model.vision_model.encoder.layers.18.self_attn.v_proj.weight:  80%|████████  | 980/1223 [00:05<00:01, 180.66w/s, dev=cpu]
vit_model.vision_model.encoder.layers.19.layer_norm1.bias:  80%|████████  | 981/1223 [00:05<00:01, 180.84w/s, dev=cpu]       
vit_model.vision_model.encoder.layers.19.layer_norm1.weight:  80%|████████  | 982/1223 [00:05<00:01, 181.03w/s, dev=cpu]
vit_model.vision_model.encoder.layers.19.layer_norm2.bias:  80%|████████  | 983/1223 [00:05<00:01, 181.21w/s, dev=cpu]  
vit_model.vision_model.encoder.layers.19.layer_norm2.weight:  80%|████████  | 984/1223 [00:05<00:01, 181.39w/s, dev=cpu]
vit_model.vision_model.encoder.layers.19.mlp.fc1.bias:  81%|████████  | 985/1223 [00:05<00:01, 181.57w/s, dev=cpu]      
vit_model.vision_model.encoder.layers.19.mlp.fc1.weight:  81%|████████  | 986/1223 [00:05<00:01, 181.75w/s, dev=cpu]
vit_model.vision_model.encoder.layers.19.mlp.fc2.bias:  81%|████████  | 987/1223 [00:05<00:01, 181.93w/s, dev=cpu]  
vit_model.vision_model.encoder.layers.19.mlp.fc2.weight:  81%|████████  | 988/1223 [00:05<00:01, 182.11w/s, dev=cpu]
vit_model.vision_model.encoder.layers.19.self_attn.k_proj.bias:  81%|████████  | 989/1223 [00:05<00:01, 182.29w/s, dev=cpu]
vit_model.vision_model.encoder.layers.19.self_attn.k_proj.weight:  81%|████████  | 990/1223 [00:05<00:01, 182.48w/s, dev=cpu]
vit_model.vision_model.encoder.layers.19.self_attn.out_proj.bias:  81%|████████  | 991/1223 [00:05<00:01, 182.66w/s, dev=cpu]
vit_model.vision_model.encoder.layers.19.self_attn.out_proj.weight:  81%|████████  | 992/1223 [00:05<00:01, 182.84w/s, dev=cpu]
vit_model.vision_model.encoder.layers.19.self_attn.q_proj.bias:  81%|████████  | 993/1223 [00:05<00:01, 183.02w/s, dev=cpu]    
vit_model.vision_model.encoder.layers.19.self_attn.q_proj.weight:  81%|████████▏ | 994/1223 [00:05<00:01, 183.20w/s, dev=cpu]
vit_model.vision_model.encoder.layers.19.self_attn.v_proj.bias:  81%|████████▏ | 995/1223 [00:05<00:01, 183.38w/s, dev=cpu]  
vit_model.vision_model.encoder.layers.19.self_attn.v_proj.weight:  81%|████████▏ | 996/1223 [00:05<00:01, 183.56w/s, dev=cpu]
vit_model.vision_model.encoder.layers.2.layer_norm1.bias:  82%|████████▏ | 997/1223 [00:05<00:01, 183.74w/s, dev=cpu]        
vit_model.vision_model.encoder.layers.2.layer_norm1.weight:  82%|████████▏ | 998/1223 [00:05<00:01, 183.92w/s, dev=cpu]
vit_model.vision_model.encoder.layers.2.layer_norm2.bias:  82%|████████▏ | 999/1223 [00:05<00:01, 184.11w/s, dev=cpu]  
vit_model.vision_model.encoder.layers.2.layer_norm2.weight:  82%|████████▏ | 1000/1223 [00:05<00:01, 184.29w/s, dev=cpu]
vit_model.vision_model.encoder.layers.2.mlp.fc1.bias:  82%|████████▏ | 1001/1223 [00:05<00:01, 184.47w/s, dev=cpu]      
vit_model.vision_model.encoder.layers.2.mlp.fc1.weight:  82%|████████▏ | 1002/1223 [00:05<00:01, 184.65w/s, dev=cpu]
vit_model.vision_model.encoder.layers.2.mlp.fc2.bias:  82%|████████▏ | 1003/1223 [00:05<00:01, 184.83w/s, dev=cpu]  
vit_model.vision_model.encoder.layers.2.mlp.fc2.weight:  82%|████████▏ | 1004/1223 [00:05<00:01, 185.01w/s, dev=cpu]
vit_model.vision_model.encoder.layers.2.self_attn.k_proj.bias:  82%|████████▏ | 1005/1223 [00:05<00:01, 185.19w/s, dev=cpu]
vit_model.vision_model.encoder.layers.2.self_attn.k_proj.weight:  82%|████████▏ | 1006/1223 [00:05<00:01, 185.37w/s, dev=cpu]
vit_model.vision_model.encoder.layers.2.self_attn.out_proj.bias:  82%|████████▏ | 1007/1223 [00:05<00:01, 185.55w/s, dev=cpu]
vit_model.vision_model.encoder.layers.2.self_attn.out_proj.weight:  82%|████████▏ | 1008/1223 [00:05<00:01, 185.73w/s, dev=cpu]
vit_model.vision_model.encoder.layers.2.self_attn.q_proj.bias:  83%|████████▎ | 1009/1223 [00:05<00:01, 185.91w/s, dev=cpu]    
vit_model.vision_model.encoder.layers.2.self_attn.q_proj.weight:  83%|████████▎ | 1010/1223 [00:05<00:01, 186.09w/s, dev=cpu]
vit_model.vision_model.encoder.layers.2.self_attn.v_proj.bias:  83%|████████▎ | 1011/1223 [00:05<00:01, 186.28w/s, dev=cpu]  
vit_model.vision_model.encoder.layers.2.self_attn.v_proj.weight:  83%|████████▎ | 1012/1223 [00:05<00:01, 186.46w/s, dev=cpu]
vit_model.vision_model.encoder.layers.20.layer_norm1.bias:  83%|████████▎ | 1013/1223 [00:05<00:01, 186.64w/s, dev=cpu]      
vit_model.vision_model.encoder.layers.20.layer_norm1.weight:  83%|████████▎ | 1014/1223 [00:05<00:01, 186.82w/s, dev=cpu]
vit_model.vision_model.encoder.layers.20.layer_norm2.bias:  83%|████████▎ | 1015/1223 [00:05<00:01, 187.00w/s, dev=cpu]  
vit_model.vision_model.encoder.layers.20.layer_norm2.weight:  83%|████████▎ | 1016/1223 [00:05<00:01, 187.18w/s, dev=cpu]
vit_model.vision_model.encoder.layers.20.mlp.fc1.bias:  83%|████████▎ | 1017/1223 [00:05<00:01, 187.36w/s, dev=cpu]      
vit_model.vision_model.encoder.layers.20.mlp.fc1.weight:  83%|████████▎ | 1018/1223 [00:05<00:01, 187.54w/s, dev=cpu]
vit_model.vision_model.encoder.layers.20.mlp.fc2.bias:  83%|████████▎ | 1019/1223 [00:05<00:01, 187.72w/s, dev=cpu]  
vit_model.vision_model.encoder.layers.20.mlp.fc2.weight:  83%|████████▎ | 1020/1223 [00:05<00:01, 187.90w/s, dev=cpu]
vit_model.vision_model.encoder.layers.20.self_attn.k_proj.bias:  83%|████████▎ | 1021/1223 [00:05<00:01, 188.08w/s, dev=cpu]
vit_model.vision_model.encoder.layers.20.self_attn.k_proj.weight:  84%|████████▎ | 1022/1223 [00:05<00:01, 188.27w/s, dev=cpu]
vit_model.vision_model.encoder.layers.20.self_attn.out_proj.bias:  84%|████████▎ | 1023/1223 [00:05<00:01, 188.45w/s, dev=cpu]
vit_model.vision_model.encoder.layers.20.self_attn.out_proj.weight:  84%|████████▎ | 1024/1223 [00:05<00:01, 188.63w/s, dev=cpu]
vit_model.vision_model.encoder.layers.20.self_attn.q_proj.bias:  84%|████████▍ | 1025/1223 [00:05<00:01, 188.81w/s, dev=cpu]    
vit_model.vision_model.encoder.layers.20.self_attn.q_proj.weight:  84%|████████▍ | 1026/1223 [00:05<00:01, 188.99w/s, dev=cpu]
vit_model.vision_model.encoder.layers.20.self_attn.v_proj.bias:  84%|████████▍ | 1027/1223 [00:05<00:01, 189.17w/s, dev=cpu]  
vit_model.vision_model.encoder.layers.20.self_attn.v_proj.weight:  84%|████████▍ | 1028/1223 [00:05<00:01, 189.35w/s, dev=cpu]
vit_model.vision_model.encoder.layers.21.layer_norm1.bias:  84%|████████▍ | 1029/1223 [00:05<00:01, 189.53w/s, dev=cpu]       
vit_model.vision_model.encoder.layers.21.layer_norm1.weight:  84%|████████▍ | 1030/1223 [00:05<00:01, 189.71w/s, dev=cpu]
vit_model.vision_model.encoder.layers.21.layer_norm2.bias:  84%|████████▍ | 1031/1223 [00:05<00:01, 189.89w/s, dev=cpu]  
vit_model.vision_model.encoder.layers.21.layer_norm2.weight:  84%|████████▍ | 1032/1223 [00:05<00:01, 190.07w/s, dev=cpu]
vit_model.vision_model.encoder.layers.21.mlp.fc1.bias:  84%|████████▍ | 1033/1223 [00:05<00:00, 190.25w/s, dev=cpu]      
vit_model.vision_model.encoder.layers.21.mlp.fc1.weight:  85%|████████▍ | 1034/1223 [00:05<00:00, 190.43w/s, dev=cpu]
vit_model.vision_model.encoder.layers.21.mlp.fc2.bias:  85%|████████▍ | 1035/1223 [00:05<00:00, 190.62w/s, dev=cpu]  
vit_model.vision_model.encoder.layers.21.mlp.fc2.weight:  85%|████████▍ | 1036/1223 [00:05<00:00, 190.80w/s, dev=cpu]
vit_model.vision_model.encoder.layers.21.self_attn.k_proj.bias:  85%|████████▍ | 1037/1223 [00:05<00:00, 190.98w/s, dev=cpu]
vit_model.vision_model.encoder.layers.21.self_attn.k_proj.weight:  85%|████████▍ | 1038/1223 [00:05<00:00, 191.16w/s, dev=cpu]
vit_model.vision_model.encoder.layers.21.self_attn.out_proj.bias:  85%|████████▍ | 1039/1223 [00:05<00:00, 191.34w/s, dev=cpu]
vit_model.vision_model.encoder.layers.21.self_attn.out_proj.weight:  85%|████████▌ | 1040/1223 [00:05<00:00, 191.52w/s, dev=cpu]
vit_model.vision_model.encoder.layers.21.self_attn.q_proj.bias:  85%|████████▌ | 1041/1223 [00:05<00:00, 191.70w/s, dev=cpu]    
vit_model.vision_model.encoder.layers.21.self_attn.q_proj.weight:  85%|████████▌ | 1042/1223 [00:05<00:00, 191.88w/s, dev=cpu]
vit_model.vision_model.encoder.layers.21.self_attn.v_proj.bias:  85%|████████▌ | 1043/1223 [00:05<00:00, 192.06w/s, dev=cpu]  
vit_model.vision_model.encoder.layers.21.self_attn.v_proj.weight:  85%|████████▌ | 1044/1223 [00:05<00:00, 192.24w/s, dev=cpu]
vit_model.vision_model.encoder.layers.22.layer_norm1.bias:  85%|████████▌ | 1045/1223 [00:05<00:00, 192.42w/s, dev=cpu]       
vit_model.vision_model.encoder.layers.22.layer_norm1.weight:  86%|████████▌ | 1046/1223 [00:05<00:00, 192.60w/s, dev=cpu]
vit_model.vision_model.encoder.layers.22.layer_norm2.bias:  86%|████████▌ | 1047/1223 [00:05<00:00, 192.78w/s, dev=cpu]  
vit_model.vision_model.encoder.layers.22.layer_norm2.weight:  86%|████████▌ | 1048/1223 [00:05<00:00, 192.97w/s, dev=cpu]
vit_model.vision_model.encoder.layers.22.mlp.fc1.bias:  86%|████████▌ | 1049/1223 [00:05<00:00, 193.15w/s, dev=cpu]      
vit_model.vision_model.encoder.layers.22.mlp.fc1.weight:  86%|████████▌ | 1050/1223 [00:05<00:00, 193.33w/s, dev=cpu]
vit_model.vision_model.encoder.layers.22.mlp.fc2.bias:  86%|████████▌ | 1051/1223 [00:05<00:00, 193.51w/s, dev=cpu]  
vit_model.vision_model.encoder.layers.22.mlp.fc2.weight:  86%|████████▌ | 1052/1223 [00:05<00:00, 193.69w/s, dev=cpu]
vit_model.vision_model.encoder.layers.22.self_attn.k_proj.bias:  86%|████████▌ | 1053/1223 [00:05<00:00, 193.87w/s, dev=cpu]
vit_model.vision_model.encoder.layers.22.self_attn.k_proj.weight:  86%|████████▌ | 1054/1223 [00:05<00:00, 194.05w/s, dev=cpu]
vit_model.vision_model.encoder.layers.22.self_attn.out_proj.bias:  86%|████████▋ | 1055/1223 [00:05<00:00, 194.23w/s, dev=cpu]
vit_model.vision_model.encoder.layers.22.self_attn.out_proj.weight:  86%|████████▋ | 1056/1223 [00:05<00:00, 194.41w/s, dev=cpu]
vit_model.vision_model.encoder.layers.22.self_attn.q_proj.bias:  86%|████████▋ | 1057/1223 [00:05<00:00, 194.59w/s, dev=cpu]    
vit_model.vision_model.encoder.layers.22.self_attn.q_proj.weight:  87%|████████▋ | 1058/1223 [00:05<00:00, 194.77w/s, dev=cpu]
vit_model.vision_model.encoder.layers.22.self_attn.v_proj.bias:  87%|████████▋ | 1059/1223 [00:05<00:00, 194.95w/s, dev=cpu]  
vit_model.vision_model.encoder.layers.22.self_attn.v_proj.weight:  87%|████████▋ | 1060/1223 [00:05<00:00, 195.13w/s, dev=cpu]
vit_model.vision_model.encoder.layers.23.layer_norm1.bias:  87%|████████▋ | 1061/1223 [00:05<00:00, 195.31w/s, dev=cpu]       
vit_model.vision_model.encoder.layers.23.layer_norm1.weight:  87%|████████▋ | 1062/1223 [00:05<00:00, 195.49w/s, dev=cpu]
vit_model.vision_model.encoder.layers.23.layer_norm2.bias:  87%|████████▋ | 1063/1223 [00:05<00:00, 195.67w/s, dev=cpu]  
vit_model.vision_model.encoder.layers.23.layer_norm2.weight:  87%|████████▋ | 1064/1223 [00:05<00:00, 195.85w/s, dev=cpu]
vit_model.vision_model.encoder.layers.23.mlp.fc1.bias:  87%|████████▋ | 1065/1223 [00:05<00:00, 196.04w/s, dev=cpu]      
vit_model.vision_model.encoder.layers.23.mlp.fc1.weight:  87%|████████▋ | 1066/1223 [00:05<00:00, 196.22w/s, dev=cpu]
vit_model.vision_model.encoder.layers.23.mlp.fc2.bias:  87%|████████▋ | 1067/1223 [00:05<00:00, 196.40w/s, dev=cpu]  
vit_model.vision_model.encoder.layers.23.mlp.fc2.weight:  87%|████████▋ | 1068/1223 [00:05<00:00, 196.58w/s, dev=cpu]
vit_model.vision_model.encoder.layers.23.self_attn.k_proj.bias:  87%|████████▋ | 1069/1223 [00:05<00:00, 196.76w/s, dev=cpu]
vit_model.vision_model.encoder.layers.23.self_attn.k_proj.weight:  87%|████████▋ | 1070/1223 [00:05<00:00, 196.94w/s, dev=cpu]
vit_model.vision_model.encoder.layers.23.self_attn.out_proj.bias:  88%|████████▊ | 1071/1223 [00:05<00:00, 197.12w/s, dev=cpu]
vit_model.vision_model.encoder.layers.23.self_attn.out_proj.weight:  88%|████████▊ | 1072/1223 [00:05<00:00, 197.30w/s, dev=cpu]
vit_model.vision_model.encoder.layers.23.self_attn.q_proj.bias:  88%|████████▊ | 1073/1223 [00:05<00:00, 197.48w/s, dev=cpu]    
vit_model.vision_model.encoder.layers.23.self_attn.q_proj.weight:  88%|████████▊ | 1074/1223 [00:05<00:00, 197.66w/s, dev=cpu]
vit_model.vision_model.encoder.layers.23.self_attn.v_proj.bias:  88%|████████▊ | 1075/1223 [00:05<00:00, 197.84w/s, dev=cpu]  
vit_model.vision_model.encoder.layers.23.self_attn.v_proj.weight:  88%|████████▊ | 1076/1223 [00:05<00:00, 198.02w/s, dev=cpu]
vit_model.vision_model.encoder.layers.24.layer_norm1.bias:  88%|████████▊ | 1077/1223 [00:05<00:00, 198.20w/s, dev=cpu]       
vit_model.vision_model.encoder.layers.24.layer_norm1.weight:  88%|████████▊ | 1078/1223 [00:05<00:00, 198.38w/s, dev=cpu]
vit_model.vision_model.encoder.layers.24.layer_norm2.bias:  88%|████████▊ | 1079/1223 [00:05<00:00, 198.56w/s, dev=cpu]  
vit_model.vision_model.encoder.layers.24.layer_norm2.weight:  88%|████████▊ | 1080/1223 [00:05<00:00, 198.75w/s, dev=cpu]
vit_model.vision_model.encoder.layers.24.mlp.fc1.bias:  88%|████████▊ | 1081/1223 [00:05<00:00, 198.93w/s, dev=cpu]      
vit_model.vision_model.encoder.layers.24.mlp.fc1.weight:  88%|████████▊ | 1082/1223 [00:05<00:00, 199.11w/s, dev=cpu]
vit_model.vision_model.encoder.layers.24.mlp.fc2.bias:  89%|████████▊ | 1083/1223 [00:05<00:00, 199.29w/s, dev=cpu]  
vit_model.vision_model.encoder.layers.24.mlp.fc2.weight:  89%|████████▊ | 1084/1223 [00:05<00:00, 199.47w/s, dev=cpu]
vit_model.vision_model.encoder.layers.24.self_attn.k_proj.bias:  89%|████████▊ | 1085/1223 [00:05<00:00, 199.65w/s, dev=cpu]
vit_model.vision_model.encoder.layers.24.self_attn.k_proj.weight:  89%|████████▉ | 1086/1223 [00:05<00:00, 199.83w/s, dev=cpu]
vit_model.vision_model.encoder.layers.24.self_attn.out_proj.bias:  89%|████████▉ | 1087/1223 [00:05<00:00, 200.01w/s, dev=cpu]
vit_model.vision_model.encoder.layers.24.self_attn.out_proj.weight:  89%|████████▉ | 1088/1223 [00:05<00:00, 200.19w/s, dev=cpu]
vit_model.vision_model.encoder.layers.24.self_attn.q_proj.bias:  89%|████████▉ | 1089/1223 [00:05<00:00, 200.37w/s, dev=cpu]    
vit_model.vision_model.encoder.layers.24.self_attn.q_proj.weight:  89%|████████▉ | 1090/1223 [00:05<00:00, 200.55w/s, dev=cpu]
vit_model.vision_model.encoder.layers.24.self_attn.v_proj.bias:  89%|████████▉ | 1091/1223 [00:05<00:00, 200.73w/s, dev=cpu]  
vit_model.vision_model.encoder.layers.24.self_attn.v_proj.weight:  89%|████████▉ | 1092/1223 [00:05<00:00, 200.91w/s, dev=cpu]
vit_model.vision_model.encoder.layers.25.layer_norm1.bias:  89%|████████▉ | 1093/1223 [00:05<00:00, 201.09w/s, dev=cpu]       
vit_model.vision_model.encoder.layers.25.layer_norm1.weight:  89%|████████▉ | 1094/1223 [00:05<00:00, 201.27w/s, dev=cpu]
vit_model.vision_model.encoder.layers.25.layer_norm2.bias:  90%|████████▉ | 1095/1223 [00:05<00:00, 201.45w/s, dev=cpu]  
vit_model.vision_model.encoder.layers.25.layer_norm2.weight:  90%|████████▉ | 1096/1223 [00:05<00:00, 201.63w/s, dev=cpu]
vit_model.vision_model.encoder.layers.25.mlp.fc1.bias:  90%|████████▉ | 1097/1223 [00:05<00:00, 201.81w/s, dev=cpu]      
vit_model.vision_model.encoder.layers.25.mlp.fc1.weight:  90%|████████▉ | 1098/1223 [00:05<00:00, 202.00w/s, dev=cpu]
vit_model.vision_model.encoder.layers.25.mlp.fc2.bias:  90%|████████▉ | 1099/1223 [00:05<00:00, 202.18w/s, dev=cpu]  
vit_model.vision_model.encoder.layers.25.mlp.fc2.weight:  90%|████████▉ | 1100/1223 [00:05<00:00, 202.36w/s, dev=cpu]
vit_model.vision_model.encoder.layers.25.self_attn.k_proj.bias:  90%|█████████ | 1101/1223 [00:05<00:00, 202.54w/s, dev=cpu]
vit_model.vision_model.encoder.layers.25.self_attn.k_proj.weight:  90%|█████████ | 1102/1223 [00:05<00:00, 202.72w/s, dev=cpu]
vit_model.vision_model.encoder.layers.25.self_attn.out_proj.bias:  90%|█████████ | 1103/1223 [00:05<00:00, 202.90w/s, dev=cpu]
vit_model.vision_model.encoder.layers.25.self_attn.out_proj.weight:  90%|█████████ | 1104/1223 [00:05<00:00, 203.08w/s, dev=cpu]
vit_model.vision_model.encoder.layers.25.self_attn.q_proj.bias:  90%|█████████ | 1105/1223 [00:05<00:00, 203.26w/s, dev=cpu]    
vit_model.vision_model.encoder.layers.25.self_attn.q_proj.weight:  90%|█████████ | 1106/1223 [00:05<00:00, 203.44w/s, dev=cpu]
vit_model.vision_model.encoder.layers.25.self_attn.v_proj.bias:  91%|█████████ | 1107/1223 [00:05<00:00, 203.62w/s, dev=cpu]  
vit_model.vision_model.encoder.layers.25.self_attn.v_proj.weight:  91%|█████████ | 1108/1223 [00:05<00:00, 203.80w/s, dev=cpu]
vit_model.vision_model.encoder.layers.3.layer_norm1.bias:  91%|█████████ | 1109/1223 [00:05<00:00, 203.98w/s, dev=cpu]        
vit_model.vision_model.encoder.layers.3.layer_norm1.weight:  91%|█████████ | 1110/1223 [00:05<00:00, 204.16w/s, dev=cpu]
vit_model.vision_model.encoder.layers.3.layer_norm2.bias:  91%|█████████ | 1111/1223 [00:05<00:00, 204.34w/s, dev=cpu]  
vit_model.vision_model.encoder.layers.3.layer_norm2.weight:  91%|█████████ | 1112/1223 [00:05<00:00, 204.52w/s, dev=cpu]
vit_model.vision_model.encoder.layers.3.mlp.fc1.bias:  91%|█████████ | 1113/1223 [00:05<00:00, 204.70w/s, dev=cpu]      
vit_model.vision_model.encoder.layers.3.mlp.fc1.weight:  91%|█████████ | 1114/1223 [00:05<00:00, 204.88w/s, dev=cpu]
vit_model.vision_model.encoder.layers.3.mlp.fc2.bias:  91%|█████████ | 1115/1223 [00:05<00:00, 205.06w/s, dev=cpu]  
vit_model.vision_model.encoder.layers.3.mlp.fc2.weight:  91%|█████████▏| 1116/1223 [00:05<00:00, 205.24w/s, dev=cpu]
vit_model.vision_model.encoder.layers.3.self_attn.k_proj.bias:  91%|█████████▏| 1117/1223 [00:05<00:00, 205.42w/s, dev=cpu]
vit_model.vision_model.encoder.layers.3.self_attn.k_proj.weight:  91%|█████████▏| 1118/1223 [00:05<00:00, 205.60w/s, dev=cpu]
vit_model.vision_model.encoder.layers.3.self_attn.out_proj.bias:  91%|█████████▏| 1119/1223 [00:05<00:00, 205.78w/s, dev=cpu]
vit_model.vision_model.encoder.layers.3.self_attn.out_proj.weight:  92%|█████████▏| 1120/1223 [00:05<00:00, 205.96w/s, dev=cpu]
vit_model.vision_model.encoder.layers.3.self_attn.q_proj.bias:  92%|█████████▏| 1121/1223 [00:05<00:00, 206.14w/s, dev=cpu]    
vit_model.vision_model.encoder.layers.3.self_attn.q_proj.weight:  92%|█████████▏| 1122/1223 [00:05<00:00, 206.32w/s, dev=cpu]
vit_model.vision_model.encoder.layers.3.self_attn.v_proj.bias:  92%|█████████▏| 1123/1223 [00:05<00:00, 206.50w/s, dev=cpu]  
vit_model.vision_model.encoder.layers.3.self_attn.v_proj.weight:  92%|█████████▏| 1124/1223 [00:05<00:00, 206.68w/s, dev=cpu]
vit_model.vision_model.encoder.layers.4.layer_norm1.bias:  92%|█████████▏| 1125/1223 [00:05<00:00, 206.86w/s, dev=cpu]       
vit_model.vision_model.encoder.layers.4.layer_norm1.weight:  92%|█████████▏| 1126/1223 [00:05<00:00, 207.04w/s, dev=cpu]
vit_model.vision_model.encoder.layers.4.layer_norm2.bias:  92%|█████████▏| 1127/1223 [00:05<00:00, 207.22w/s, dev=cpu]  
vit_model.vision_model.encoder.layers.4.layer_norm2.weight:  92%|█████████▏| 1128/1223 [00:05<00:00, 207.40w/s, dev=cpu]
vit_model.vision_model.encoder.layers.4.mlp.fc1.bias:  92%|█████████▏| 1129/1223 [00:05<00:00, 207.58w/s, dev=cpu]      
vit_model.vision_model.encoder.layers.4.mlp.fc1.weight:  92%|█████████▏| 1130/1223 [00:05<00:00, 207.77w/s, dev=cpu]
vit_model.vision_model.encoder.layers.4.mlp.fc2.bias:  92%|█████████▏| 1131/1223 [00:05<00:00, 207.95w/s, dev=cpu]  
vit_model.vision_model.encoder.layers.4.mlp.fc2.weight:  93%|█████████▎| 1132/1223 [00:05<00:00, 208.13w/s, dev=cpu]
vit_model.vision_model.encoder.layers.4.self_attn.k_proj.bias:  93%|█████████▎| 1133/1223 [00:05<00:00, 208.31w/s, dev=cpu]
vit_model.vision_model.encoder.layers.4.self_attn.k_proj.weight:  93%|█████████▎| 1134/1223 [00:05<00:00, 208.49w/s, dev=cpu]
vit_model.vision_model.encoder.layers.4.self_attn.out_proj.bias:  93%|█████████▎| 1135/1223 [00:05<00:00, 208.67w/s, dev=cpu]
vit_model.vision_model.encoder.layers.4.self_attn.out_proj.weight:  93%|█████████▎| 1136/1223 [00:05<00:00, 208.85w/s, dev=cpu]
vit_model.vision_model.encoder.layers.4.self_attn.q_proj.bias:  93%|█████████▎| 1137/1223 [00:05<00:00, 209.03w/s, dev=cpu]    
vit_model.vision_model.encoder.layers.4.self_attn.q_proj.weight:  93%|█████████▎| 1138/1223 [00:05<00:00, 209.21w/s, dev=cpu]
vit_model.vision_model.encoder.layers.4.self_attn.v_proj.bias:  93%|█████████▎| 1139/1223 [00:05<00:00, 209.39w/s, dev=cpu]  
vit_model.vision_model.encoder.layers.4.self_attn.v_proj.weight:  93%|█████████▎| 1140/1223 [00:05<00:00, 209.57w/s, dev=cpu]
vit_model.vision_model.encoder.layers.5.layer_norm1.bias:  93%|█████████▎| 1141/1223 [00:05<00:00, 209.75w/s, dev=cpu]       
vit_model.vision_model.encoder.layers.5.layer_norm1.weight:  93%|█████████▎| 1142/1223 [00:05<00:00, 209.93w/s, dev=cpu]
vit_model.vision_model.encoder.layers.5.layer_norm2.bias:  93%|█████████▎| 1143/1223 [00:05<00:00, 210.11w/s, dev=cpu]  
vit_model.vision_model.encoder.layers.5.layer_norm2.weight:  94%|█████████▎| 1144/1223 [00:05<00:00, 210.29w/s, dev=cpu]
vit_model.vision_model.encoder.layers.5.mlp.fc1.bias:  94%|█████████▎| 1145/1223 [00:05<00:00, 210.47w/s, dev=cpu]      
vit_model.vision_model.encoder.layers.5.mlp.fc1.weight:  94%|█████████▎| 1146/1223 [00:05<00:00, 210.65w/s, dev=cpu]
vit_model.vision_model.encoder.layers.5.mlp.fc2.bias:  94%|█████████▍| 1147/1223 [00:05<00:00, 210.83w/s, dev=cpu]  
vit_model.vision_model.encoder.layers.5.mlp.fc2.weight:  94%|█████████▍| 1148/1223 [00:05<00:00, 211.01w/s, dev=cpu]
vit_model.vision_model.encoder.layers.5.self_attn.k_proj.bias:  94%|█████████▍| 1149/1223 [00:05<00:00, 211.19w/s, dev=cpu]
vit_model.vision_model.encoder.layers.5.self_attn.k_proj.weight:  94%|█████████▍| 1150/1223 [00:05<00:00, 211.37w/s, dev=cpu]
vit_model.vision_model.encoder.layers.5.self_attn.out_proj.bias:  94%|█████████▍| 1151/1223 [00:05<00:00, 211.55w/s, dev=cpu]
vit_model.vision_model.encoder.layers.5.self_attn.out_proj.weight:  94%|█████████▍| 1152/1223 [00:05<00:00, 211.73w/s, dev=cpu]
vit_model.vision_model.encoder.layers.5.self_attn.q_proj.bias:  94%|█████████▍| 1153/1223 [00:05<00:00, 211.91w/s, dev=cpu]    
vit_model.vision_model.encoder.layers.5.self_attn.q_proj.weight:  94%|█████████▍| 1154/1223 [00:05<00:00, 212.09w/s, dev=cpu]
vit_model.vision_model.encoder.layers.5.self_attn.v_proj.bias:  94%|█████████▍| 1155/1223 [00:05<00:00, 212.27w/s, dev=cpu]  
vit_model.vision_model.encoder.layers.5.self_attn.v_proj.weight:  95%|█████████▍| 1156/1223 [00:05<00:00, 212.45w/s, dev=cpu]
vit_model.vision_model.encoder.layers.6.layer_norm1.bias:  95%|█████████▍| 1157/1223 [00:05<00:00, 212.63w/s, dev=cpu]       
vit_model.vision_model.encoder.layers.6.layer_norm1.weight:  95%|█████████▍| 1158/1223 [00:05<00:00, 212.81w/s, dev=cpu]
vit_model.vision_model.encoder.layers.6.layer_norm2.bias:  95%|█████████▍| 1159/1223 [00:05<00:00, 212.99w/s, dev=cpu]  
vit_model.vision_model.encoder.layers.6.layer_norm2.weight:  95%|█████████▍| 1160/1223 [00:05<00:00, 213.17w/s, dev=cpu]
vit_model.vision_model.encoder.layers.6.mlp.fc1.bias:  95%|█████████▍| 1161/1223 [00:05<00:00, 213.35w/s, dev=cpu]      
vit_model.vision_model.encoder.layers.6.mlp.fc1.weight:  95%|█████████▌| 1162/1223 [00:05<00:00, 213.53w/s, dev=cpu]
vit_model.vision_model.encoder.layers.6.mlp.fc2.bias:  95%|█████████▌| 1163/1223 [00:05<00:00, 213.71w/s, dev=cpu]  
vit_model.vision_model.encoder.layers.6.mlp.fc2.weight:  95%|█████████▌| 1164/1223 [00:05<00:00, 213.89w/s, dev=cpu]
vit_model.vision_model.encoder.layers.6.self_attn.k_proj.bias:  95%|█████████▌| 1165/1223 [00:05<00:00, 214.07w/s, dev=cpu]
vit_model.vision_model.encoder.layers.6.self_attn.k_proj.weight:  95%|█████████▌| 1166/1223 [00:05<00:00, 214.25w/s, dev=cpu]
vit_model.vision_model.encoder.layers.6.self_attn.out_proj.bias:  95%|█████████▌| 1167/1223 [00:05<00:00, 214.43w/s, dev=cpu]
vit_model.vision_model.encoder.layers.6.self_attn.out_proj.weight:  96%|█████████▌| 1168/1223 [00:05<00:00, 214.61w/s, dev=cpu]
vit_model.vision_model.encoder.layers.6.self_attn.q_proj.bias:  96%|█████████▌| 1169/1223 [00:05<00:00, 214.79w/s, dev=cpu]    
vit_model.vision_model.encoder.layers.6.self_attn.q_proj.weight:  96%|█████████▌| 1170/1223 [00:05<00:00, 214.97w/s, dev=cpu]
vit_model.vision_model.encoder.layers.6.self_attn.v_proj.bias:  96%|█████████▌| 1171/1223 [00:05<00:00, 215.15w/s, dev=cpu]  
vit_model.vision_model.encoder.layers.6.self_attn.v_proj.weight:  96%|█████████▌| 1172/1223 [00:05<00:00, 215.33w/s, dev=cpu]
vit_model.vision_model.encoder.layers.7.layer_norm1.bias:  96%|█████████▌| 1173/1223 [00:05<00:00, 215.51w/s, dev=cpu]       
vit_model.vision_model.encoder.layers.7.layer_norm1.weight:  96%|█████████▌| 1174/1223 [00:05<00:00, 215.69w/s, dev=cpu]
vit_model.vision_model.encoder.layers.7.layer_norm2.bias:  96%|█████████▌| 1175/1223 [00:05<00:00, 215.87w/s, dev=cpu]  
vit_model.vision_model.encoder.layers.7.layer_norm2.weight:  96%|█████████▌| 1176/1223 [00:05<00:00, 216.05w/s, dev=cpu]
vit_model.vision_model.encoder.layers.7.mlp.fc1.bias:  96%|█████████▌| 1177/1223 [00:05<00:00, 216.23w/s, dev=cpu]      
vit_model.vision_model.encoder.layers.7.mlp.fc1.weight:  96%|█████████▋| 1178/1223 [00:05<00:00, 216.41w/s, dev=cpu]
vit_model.vision_model.encoder.layers.7.mlp.fc2.bias:  96%|█████████▋| 1179/1223 [00:05<00:00, 216.59w/s, dev=cpu]  
vit_model.vision_model.encoder.layers.7.mlp.fc2.weight:  96%|█████████▋| 1180/1223 [00:05<00:00, 216.77w/s, dev=cpu]
vit_model.vision_model.encoder.layers.7.self_attn.k_proj.bias:  97%|█████████▋| 1181/1223 [00:05<00:00, 216.95w/s, dev=cpu]
vit_model.vision_model.encoder.layers.7.self_attn.k_proj.weight:  97%|█████████▋| 1182/1223 [00:05<00:00, 217.13w/s, dev=cpu]
vit_model.vision_model.encoder.layers.7.self_attn.out_proj.bias:  97%|█████████▋| 1183/1223 [00:05<00:00, 217.31w/s, dev=cpu]
vit_model.vision_model.encoder.layers.7.self_attn.out_proj.weight:  97%|█████████▋| 1184/1223 [00:05<00:00, 217.49w/s, dev=cpu]
vit_model.vision_model.encoder.layers.7.self_attn.q_proj.bias:  97%|█████████▋| 1185/1223 [00:05<00:00, 217.67w/s, dev=cpu]    
vit_model.vision_model.encoder.layers.7.self_attn.q_proj.weight:  97%|█████████▋| 1186/1223 [00:05<00:00, 217.85w/s, dev=cpu]
vit_model.vision_model.encoder.layers.7.self_attn.v_proj.bias:  97%|█████████▋| 1187/1223 [00:05<00:00, 218.03w/s, dev=cpu]  
vit_model.vision_model.encoder.layers.7.self_attn.v_proj.weight:  97%|█████████▋| 1188/1223 [00:05<00:00, 218.21w/s, dev=cpu]
vit_model.vision_model.encoder.layers.8.layer_norm1.bias:  97%|█████████▋| 1189/1223 [00:05<00:00, 218.39w/s, dev=cpu]       
vit_model.vision_model.encoder.layers.8.layer_norm1.weight:  97%|█████████▋| 1190/1223 [00:05<00:00, 218.57w/s, dev=cpu]
vit_model.vision_model.encoder.layers.8.layer_norm2.bias:  97%|█████████▋| 1191/1223 [00:05<00:00, 218.75w/s, dev=cpu]  
vit_model.vision_model.encoder.layers.8.layer_norm2.weight:  97%|█████████▋| 1192/1223 [00:05<00:00, 218.93w/s, dev=cpu]
vit_model.vision_model.encoder.layers.8.mlp.fc1.bias:  98%|█████████▊| 1193/1223 [00:05<00:00, 219.11w/s, dev=cpu]      
vit_model.vision_model.encoder.layers.8.mlp.fc1.weight:  98%|█████████▊| 1194/1223 [00:05<00:00, 219.29w/s, dev=cpu]
vit_model.vision_model.encoder.layers.8.mlp.fc2.bias:  98%|█████████▊| 1195/1223 [00:05<00:00, 219.47w/s, dev=cpu]  
vit_model.vision_model.encoder.layers.8.mlp.fc2.weight:  98%|█████████▊| 1196/1223 [00:05<00:00, 219.65w/s, dev=cpu]
vit_model.vision_model.encoder.layers.8.self_attn.k_proj.bias:  98%|█████████▊| 1197/1223 [00:05<00:00, 219.83w/s, dev=cpu]
vit_model.vision_model.encoder.layers.8.self_attn.k_proj.weight:  98%|█████████▊| 1198/1223 [00:05<00:00, 220.01w/s, dev=cpu]
vit_model.vision_model.encoder.layers.8.self_attn.out_proj.bias:  98%|█████████▊| 1199/1223 [00:05<00:00, 220.19w/s, dev=cpu]
vit_model.vision_model.encoder.layers.8.self_attn.out_proj.weight:  98%|█████████▊| 1200/1223 [00:05<00:00, 220.37w/s, dev=cpu]
vit_model.vision_model.encoder.layers.8.self_attn.q_proj.bias:  98%|█████████▊| 1201/1223 [00:05<00:00, 220.55w/s, dev=cpu]    
vit_model.vision_model.encoder.layers.8.self_attn.q_proj.weight:  98%|█████████▊| 1202/1223 [00:05<00:00, 220.73w/s, dev=cpu]
vit_model.vision_model.encoder.layers.8.self_attn.v_proj.bias:  98%|█████████▊| 1203/1223 [00:05<00:00, 220.91w/s, dev=cpu]  
vit_model.vision_model.encoder.layers.8.self_attn.v_proj.weight:  98%|█████████▊| 1204/1223 [00:05<00:00, 221.08w/s, dev=cpu]
vit_model.vision_model.encoder.layers.9.layer_norm1.bias:  99%|█████████▊| 1205/1223 [00:05<00:00, 221.26w/s, dev=cpu]       
vit_model.vision_model.encoder.layers.9.layer_norm1.weight:  99%|█████████▊| 1206/1223 [00:05<00:00, 221.44w/s, dev=cpu]
vit_model.vision_model.encoder.layers.9.layer_norm2.bias:  99%|█████████▊| 1207/1223 [00:05<00:00, 221.62w/s, dev=cpu]  
vit_model.vision_model.encoder.layers.9.layer_norm2.weight:  99%|█████████▉| 1208/1223 [00:05<00:00, 221.80w/s, dev=cpu]
vit_model.vision_model.encoder.layers.9.mlp.fc1.bias:  99%|█████████▉| 1209/1223 [00:05<00:00, 221.98w/s, dev=cpu]      
vit_model.vision_model.encoder.layers.9.mlp.fc1.weight:  99%|█████████▉| 1210/1223 [00:05<00:00, 222.16w/s, dev=cpu]
vit_model.vision_model.encoder.layers.9.mlp.fc2.bias:  99%|█████████▉| 1211/1223 [00:05<00:00, 222.34w/s, dev=cpu]  
vit_model.vision_model.encoder.layers.9.mlp.fc2.weight:  99%|█████████▉| 1212/1223 [00:05<00:00, 222.52w/s, dev=cpu]
vit_model.vision_model.encoder.layers.9.self_attn.k_proj.bias:  99%|█████████▉| 1213/1223 [00:05<00:00, 222.70w/s, dev=cpu]
vit_model.vision_model.encoder.layers.9.self_attn.k_proj.weight:  99%|█████████▉| 1214/1223 [00:05<00:00, 222.88w/s, dev=cpu]
vit_model.vision_model.encoder.layers.9.self_attn.out_proj.bias:  99%|█████████▉| 1215/1223 [00:05<00:00, 223.06w/s, dev=cpu]
vit_model.vision_model.encoder.layers.9.self_attn.out_proj.weight:  99%|█████████▉| 1216/1223 [00:05<00:00, 223.24w/s, dev=cpu]
vit_model.vision_model.encoder.layers.9.self_attn.q_proj.bias: 100%|█████████▉| 1217/1223 [00:05<00:00, 223.42w/s, dev=cpu]    
vit_model.vision_model.encoder.layers.9.self_attn.q_proj.weight: 100%|█████████▉| 1218/1223 [00:05<00:00, 223.60w/s, dev=cpu]
vit_model.vision_model.encoder.layers.9.self_attn.v_proj.bias: 100%|█████████▉| 1219/1223 [00:05<00:00, 223.78w/s, dev=cpu]  
vit_model.vision_model.encoder.layers.9.self_attn.v_proj.weight: 100%|█████████▉| 1220/1223 [00:05<00:00, 223.96w/s, dev=cpu]
vit_model.vision_model.post_layernorm.bias: 100%|█████████▉| 1221/1223 [00:05<00:00, 224.14w/s, dev=cpu]                     
vit_model.vision_model.post_layernorm.weight: 100%|█████████▉| 1222/1223 [00:05<00:00, 224.32w/s, dev=cpu]
                                                                                                          
Some parameters are on the meta device because they were offloaded to the cpu.

  0%|          | 0/29 [00:00<?, ?it/s]
  3%|▎         | 1/29 [00:05<02:20,  5.03s/it]
  7%|▋         | 2/29 [00:09<02:10,  4.82s/it]
 10%|█         | 3/29 [00:14<02:03,  4.75s/it]
 14%|█▍        | 4/29 [00:19<01:58,  4.74s/it]
 17%|█▋        | 5/29 [00:23<01:52,  4.70s/it]
 21%|██        | 6/29 [00:28<01:47,  4.69s/it]
 24%|██▍       | 7/29 [00:33<01:42,  4.67s/it]
 28%|██▊       | 8/29 [00:37<01:38,  4.67s/it]
 31%|███       | 9/29 [00:42<01:33,  4.67s/it]
 34%|███▍      | 10/29 [00:47<01:28,  4.67s/it]
 38%|███▊      | 11/29 [00:51<01:24,  4.67s/it]
 41%|████▏     | 12/29 [00:56<01:19,  4.67s/it]
 45%|████▍     | 13/29 [01:01<01:14,  4.66s/it]
 48%|████▊     | 14/29 [01:05<01:09,  4.65s/it]
 52%|█████▏    | 15/29 [01:10<01:05,  4.65s/it]
 55%|█████▌    | 16/29 [01:15<01:00,  4.67s/it]
 59%|█████▊    | 17/29 [01:19<00:56,  4.69s/it]
 62%|██████▏   | 18/29 [01:24<00:51,  4.71s/it]
 66%|██████▌   | 19/29 [01:29<00:47,  4.72s/it]
 69%|██████▉   | 20/29 [01:34<00:42,  4.74s/it]
 72%|███████▏  | 21/29 [01:38<00:38,  4.75s/it]
 76%|███████▌  | 22/29 [01:43<00:33,  4.75s/it]
 79%|███████▉  | 23/29 [01:48<00:28,  4.75s/it]
 83%|████████▎ | 24/29 [01:53<00:23,  4.76s/it]
 86%|████████▌ | 25/29 [01:54<00:15,  3.81s/it]
 90%|████████▉ | 26/29 [01:56<00:09,  3.14s/it]
 93%|█████████▎| 27/29 [01:57<00:05,  2.68s/it]
 97%|█████████▋| 28/29 [01:59<00:02,  2.36s/it]
100%|██████████| 29/29 [02:01<00:00,  2.13s/it]
100%|██████████| 29/29 [02:01<00:00,  4.18s/it]

task=t2i
prompt=a blue glass castle floating above the ocean at sunset
input_image=
output=/root/autodl-tmp/BAGEL/repro_records/task10_20260601_102643/outputs/cfg_text_4.png
model_path=models/BAGEL-7B-MoT
mode=2
seed=42
think=False
num_timesteps=30
cfg_text_scale=4.0
cfg_img_scale=2.0
cfg_interval=[0.4, 1.0]
timestep_shift=3.0
gpu_memory_before=cuda:0 torch_allocated=0.00GiB torch_reserved=0.00GiB torch_peak=0.00GiB; cuda:1 torch_allocated=0.00GiB torch_reserved=0.00GiB torch_peak=0.00GiB; nvidia_smi=0, 4, 24564 | 1, 672, 24564
model_load_seconds=24.80
gpu_memory_after_load=cuda:0 torch_allocated=3.29GiB torch_reserved=3.51GiB torch_peak=11.27GiB; cuda:1 torch_allocated=2.69GiB torch_reserved=2.94GiB torch_peak=12.36GiB; nvidia_smi=0, 4052, 24564 | 1, 4140, 24564
inference_seconds=134.05
total_seconds=159.50
gpu_memory_after_inference=cuda:0 torch_allocated=3.30GiB torch_reserved=3.85GiB torch_peak=11.27GiB; cuda:1 torch_allocated=2.69GiB torch_reserved=2.94GiB torch_peak=12.36GiB; nvidia_smi=0, 4412, 24564 | 1, 4156, 24564
status=success

wall_seconds=167
after_gpu:
Mon Jun  1 20:26:51 2026       
+-----------------------------------------------------------------------------------------+
| NVIDIA-SMI 595.58.03              Driver Version: 595.58.03      CUDA Version: 13.2     |
+-----------------------------------------+------------------------+----------------------+
| GPU  Name                 Persistence-M | Bus-Id          Disp.A | Volatile Uncorr. ECC |
| Fan  Temp   Perf          Pwr:Usage/Cap |           Memory-Usage | GPU-Util  Compute M. |
|                                         |                        |               MIG M. |
|=========================================+========================+======================|
|   0  NVIDIA GeForce RTX 4090        On  |   00000000:16:00.0 Off |                  Off |
| 30%   40C    P0             59W /  450W |       1MiB /  24564MiB |     70%      Default |
|                                         |                        |                  N/A |
+-----------------------------------------+------------------------+----------------------+
|   1  NVIDIA GeForce RTX 4090        On  |   00000000:5A:00.0 Off |                  Off |
| 30%   37C    P0             65W /  450W |     672MiB /  24564MiB |      0%      Default |
|                                         |                        |                  N/A |
+-----------------------------------------+------------------------+----------------------+

+-----------------------------------------------------------------------------------------+
| Processes:                                                                              |
|  GPU   GI   CI              PID   Type   Process name                        GPU Memory |
|        ID   ID                                                               Usage      |
|=========================================================================================|
|  No running processes found                                                             |
+-----------------------------------------------------------------------------------------+

===== cfg_text_scale=8.0 =====
output=/root/autodl-tmp/BAGEL/repro_records/task10_20260601_102643/outputs/cfg_text_8.png
before_gpu:
Mon Jun  1 20:26:52 2026       
+-----------------------------------------------------------------------------------------+
| NVIDIA-SMI 595.58.03              Driver Version: 595.58.03      CUDA Version: 13.2     |
+-----------------------------------------+------------------------+----------------------+
| GPU  Name                 Persistence-M | Bus-Id          Disp.A | Volatile Uncorr. ECC |
| Fan  Temp   Perf          Pwr:Usage/Cap |           Memory-Usage | GPU-Util  Compute M. |
|                                         |                        |               MIG M. |
|=========================================+========================+======================|
|   0  NVIDIA GeForce RTX 4090        On  |   00000000:16:00.0 Off |                  Off |
| 30%   40C    P0             60W /  450W |       1MiB /  24564MiB |      0%      Default |
|                                         |                        |                  N/A |
+-----------------------------------------+------------------------+----------------------+
|   1  NVIDIA GeForce RTX 4090        On  |   00000000:5A:00.0 Off |                  Off |
| 30%   37C    P0             65W /  450W |     672MiB /  24564MiB |      0%      Default |
|                                         |                        |                  N/A |
+-----------------------------------------+------------------------+----------------------+

+-----------------------------------------------------------------------------------------+
| Processes:                                                                              |
|  GPU   GI   CI              PID   Type   Process name                        GPU Memory |
|        ID   ID                                                               Usage      |
|=========================================================================================|
|  No running processes found                                                             |
+-----------------------------------------------------------------------------------------+
command=/root/miniconda3/bin/conda run -n bagel python scripts/run_bagel_minimal.py --task t2i --prompt a blue glass castle floating above the ocean at sunset --output /root/autodl-tmp/BAGEL/repro_records/task10_20260601_102643/outputs/cfg_text_8.png --mode 2 --seed 42 --think false --num_timesteps 30 --cfg_text_scale 8.0 --model_path models/BAGEL-7B-MoT
The safetensors archive passed at models/BAGEL-7B-MoT/ema.safetensors does not contain metadata. Make sure to save your model with the `save_pretrained` method. Defaulting to 'pt' metadata.

  0%|          | 0/1223 [00:00<?, ?w/s]
language_model.model.embed_tokens.weight:   0%|          | 0/1223 [00:00<?, ?w/s, dev=0]
language_model.model.embed_tokens.weight:   0%|          | 1/1223 [00:00<07:08,  2.85w/s, dev=0]
language_model.model.layers.0.input_layernorm.weight:   0%|          | 1/1223 [00:00<07:08,  2.85w/s, dev=0]
language_model.model.layers.0.input_layernorm_moe_gen.weight:   0%|          | 2/1223 [00:00<03:34,  5.69w/s, dev=0]
language_model.model.layers.0.mlp.down_proj.weight:   0%|          | 3/1223 [00:00<02:22,  8.53w/s, dev=0]          
language_model.model.layers.0.mlp.gate_proj.weight:   0%|          | 4/1223 [00:00<01:55, 10.59w/s, dev=0]
language_model.model.layers.0.mlp.up_proj.weight:   0%|          | 5/1223 [00:00<01:38, 12.39w/s, dev=0]  
language_model.model.layers.0.mlp_moe_gen.down_proj.weight:   0%|          | 6/1223 [00:00<01:27, 13.98w/s, dev=0]
language_model.model.layers.0.mlp_moe_gen.down_proj.weight:   1%|          | 7/1223 [00:00<01:19, 15.39w/s, dev=0]
language_model.model.layers.0.mlp_moe_gen.gate_proj.weight:   1%|          | 7/1223 [00:00<01:19, 15.38w/s, dev=0]
language_model.model.layers.0.mlp_moe_gen.up_proj.weight:   1%|          | 8/1223 [00:00<01:13, 16.64w/s, dev=0]  
language_model.model.layers.0.post_attention_layernorm.weight:   1%|          | 9/1223 [00:00<01:08, 17.78w/s, dev=0]
language_model.model.layers.0.post_attention_layernorm_moe_gen.weight:   1%|          | 10/1223 [00:00<01:01, 19.74w/s, dev=0]
language_model.model.layers.0.self_attn.k_norm.weight:   1%|          | 11/1223 [00:00<00:55, 21.71w/s, dev=0]                
language_model.model.layers.0.self_attn.k_norm_moe_gen.weight:   1%|          | 12/1223 [00:00<00:51, 23.68w/s, dev=0]
language_model.model.layers.0.self_attn.k_proj.bias:   1%|          | 13/1223 [00:00<00:47, 25.65w/s, dev=0]          
language_model.model.layers.0.self_attn.k_proj.weight:   1%|          | 14/1223 [00:00<00:43, 27.62w/s, dev=0]
language_model.model.layers.0.self_attn.k_proj_moe_gen.bias:   1%|          | 15/1223 [00:00<00:40, 29.53w/s, dev=0]
language_model.model.layers.0.self_attn.k_proj_moe_gen.weight:   1%|▏         | 16/1223 [00:00<00:38, 31.48w/s, dev=0]
language_model.model.layers.0.self_attn.o_proj.weight:   1%|▏         | 17/1223 [00:00<00:36, 33.40w/s, dev=0]        
language_model.model.layers.0.self_attn.o_proj_moe_gen.weight:   1%|▏         | 18/1223 [00:00<00:34, 35.00w/s, dev=0]
language_model.model.layers.0.self_attn.q_norm.weight:   2%|▏         | 19/1223 [00:00<00:32, 36.58w/s, dev=0]        
language_model.model.layers.0.self_attn.q_norm_moe_gen.weight:   2%|▏         | 20/1223 [00:00<00:31, 38.49w/s, dev=0]
language_model.model.layers.0.self_attn.q_proj.bias:   2%|▏         | 21/1223 [00:00<00:29, 40.41w/s, dev=0]          
language_model.model.layers.0.self_attn.q_proj.weight:   2%|▏         | 22/1223 [00:00<00:28, 42.32w/s, dev=0]
language_model.model.layers.0.self_attn.q_proj_moe_gen.bias:   2%|▏         | 23/1223 [00:00<00:27, 43.82w/s, dev=0]
language_model.model.layers.0.self_attn.q_proj_moe_gen.weight:   2%|▏         | 24/1223 [00:00<00:26, 45.71w/s, dev=0]
language_model.model.layers.0.self_attn.v_proj.bias:   2%|▏         | 25/1223 [00:00<00:25, 47.15w/s, dev=0]          
language_model.model.layers.0.self_attn.v_proj.weight:   2%|▏         | 26/1223 [00:00<00:24, 49.02w/s, dev=0]
language_model.model.layers.0.self_attn.v_proj_moe_gen.bias:   2%|▏         | 27/1223 [00:00<00:23, 50.82w/s, dev=0]
language_model.model.layers.0.self_attn.v_proj_moe_gen.weight:   2%|▏         | 28/1223 [00:00<00:22, 52.69w/s, dev=0]
language_model.model.layers.1.input_layernorm.weight:   2%|▏         | 29/1223 [00:00<00:21, 54.48w/s, dev=0]         
language_model.model.layers.1.input_layernorm_moe_gen.weight:   2%|▏         | 30/1223 [00:00<00:21, 56.34w/s, dev=0]
language_model.model.layers.1.mlp.down_proj.weight:   3%|▎         | 31/1223 [00:00<00:20, 58.21w/s, dev=0]          
language_model.model.layers.1.mlp.down_proj.weight:   3%|▎         | 32/1223 [00:00<00:20, 57.34w/s, dev=0]
language_model.model.layers.1.mlp.gate_proj.weight:   3%|▎         | 32/1223 [00:00<00:20, 57.33w/s, dev=0]
language_model.model.layers.1.mlp.up_proj.weight:   3%|▎         | 33/1223 [00:00<00:21, 56.53w/s, dev=0]  
language_model.model.layers.1.mlp_moe_gen.down_proj.weight:   3%|▎         | 34/1223 [00:00<00:21, 55.80w/s, dev=0]
language_model.model.layers.1.mlp_moe_gen.gate_proj.weight:   3%|▎         | 35/1223 [00:00<00:21, 55.12w/s, dev=0]
language_model.model.layers.1.mlp_moe_gen.up_proj.weight:   3%|▎         | 36/1223 [00:00<00:21, 54.50w/s, dev=0]  
language_model.model.layers.1.post_attention_layernorm.weight:   3%|▎         | 37/1223 [00:00<00:21, 53.92w/s, dev=0]
language_model.model.layers.1.post_attention_layernorm_moe_gen.weight:   3%|▎         | 38/1223 [00:00<00:21, 55.36w/s, dev=0]
language_model.model.layers.1.self_attn.k_norm.weight:   3%|▎         | 39/1223 [00:00<00:20, 56.80w/s, dev=0]                
language_model.model.layers.1.self_attn.k_norm_moe_gen.weight:   3%|▎         | 40/1223 [00:00<00:20, 58.25w/s, dev=0]
language_model.model.layers.1.self_attn.k_proj.bias:   3%|▎         | 41/1223 [00:00<00:19, 59.70w/s, dev=0]          
language_model.model.layers.1.self_attn.k_proj.weight:   3%|▎         | 42/1223 [00:00<00:19, 61.14w/s, dev=0]
language_model.model.layers.1.self_attn.k_proj_moe_gen.bias:   4%|▎         | 43/1223 [00:00<00:18, 62.52w/s, dev=0]
language_model.model.layers.1.self_attn.k_proj_moe_gen.weight:   4%|▎         | 44/1223 [00:00<00:18, 63.96w/s, dev=0]
language_model.model.layers.1.self_attn.o_proj.weight:   4%|▎         | 45/1223 [00:00<00:18, 65.32w/s, dev=0]        
language_model.model.layers.1.self_attn.o_proj_moe_gen.weight:   4%|▍         | 46/1223 [00:00<00:17, 66.27w/s, dev=0]
language_model.model.layers.1.self_attn.q_norm.weight:   4%|▍         | 47/1223 [00:00<00:17, 67.21w/s, dev=0]        
language_model.model.layers.1.self_attn.q_norm_moe_gen.weight:   4%|▍         | 48/1223 [00:00<00:17, 68.62w/s, dev=0]
language_model.model.layers.1.self_attn.q_proj.bias:   4%|▍         | 49/1223 [00:00<00:16, 70.04w/s, dev=0]          
language_model.model.layers.1.self_attn.q_proj.weight:   4%|▍         | 50/1223 [00:00<00:16, 71.46w/s, dev=0]
language_model.model.layers.1.self_attn.q_proj_moe_gen.bias:   4%|▍         | 51/1223 [00:00<00:16, 72.36w/s, dev=0]
language_model.model.layers.1.self_attn.q_proj_moe_gen.weight:   4%|▍         | 52/1223 [00:00<00:15, 73.76w/s, dev=0]
language_model.model.layers.1.self_attn.v_proj.bias:   4%|▍         | 53/1223 [00:00<00:15, 74.64w/s, dev=0]          
language_model.model.layers.1.self_attn.v_proj.weight:   4%|▍         | 54/1223 [00:00<00:15, 76.03w/s, dev=0]
language_model.model.layers.1.self_attn.v_proj_moe_gen.bias:   4%|▍         | 55/1223 [00:00<00:15, 77.35w/s, dev=0]
language_model.model.layers.1.self_attn.v_proj_moe_gen.weight:   5%|▍         | 56/1223 [00:00<00:14, 78.73w/s, dev=0]
language_model.model.layers.1.self_attn.v_proj_moe_gen.weight:   5%|▍         | 57/1223 [00:00<00:14, 80.05w/s, dev=0]
language_model.model.layers.2.input_layernorm.weight:   5%|▍         | 57/1223 [00:00<00:14, 80.04w/s, dev=0]         
language_model.model.layers.2.input_layernorm_moe_gen.weight:   5%|▍         | 58/1223 [00:00<00:14, 81.42w/s, dev=0]
language_model.model.layers.2.mlp.down_proj.weight:   5%|▍         | 59/1223 [00:00<00:14, 82.82w/s, dev=0]          
language_model.model.layers.2.mlp.gate_proj.weight:   5%|▍         | 60/1223 [00:00<00:14, 81.32w/s, dev=0]
language_model.model.layers.2.mlp.up_proj.weight:   5%|▍         | 61/1223 [00:00<00:14, 79.89w/s, dev=0]  
language_model.model.layers.2.mlp_moe_gen.down_proj.weight:   5%|▌         | 62/1223 [00:00<00:14, 78.58w/s, dev=0]
language_model.model.layers.2.mlp_moe_gen.gate_proj.weight:   5%|▌         | 63/1223 [00:00<00:14, 77.33w/s, dev=0]
language_model.model.layers.2.mlp_moe_gen.up_proj.weight:   5%|▌         | 64/1223 [00:00<00:15, 76.16w/s, dev=0]  
language_model.model.layers.2.post_attention_layernorm.weight:   5%|▌         | 65/1223 [00:00<00:15, 75.06w/s, dev=0]
language_model.model.layers.2.post_attention_layernorm_moe_gen.weight:   5%|▌         | 66/1223 [00:00<00:15, 76.19w/s, dev=0]
language_model.model.layers.2.self_attn.k_norm.weight:   5%|▌         | 67/1223 [00:00<00:14, 77.34w/s, dev=0]                
language_model.model.layers.2.self_attn.k_norm_moe_gen.weight:   6%|▌         | 68/1223 [00:00<00:14, 78.48w/s, dev=0]
language_model.model.layers.2.self_attn.k_proj.bias:   6%|▌         | 69/1223 [00:00<00:14, 79.63w/s, dev=0]          
language_model.model.layers.2.self_attn.k_proj.weight:   6%|▌         | 70/1223 [00:00<00:14, 80.77w/s, dev=0]
language_model.model.layers.2.self_attn.k_proj_moe_gen.bias:   6%|▌         | 71/1223 [00:00<00:14, 81.84w/s, dev=0]
language_model.model.layers.2.self_attn.k_proj_moe_gen.weight:   6%|▌         | 72/1223 [00:00<00:13, 82.98w/s, dev=0]
language_model.model.layers.2.self_attn.o_proj.weight:   6%|▌         | 73/1223 [00:00<00:13, 84.05w/s, dev=0]        
language_model.model.layers.2.self_attn.o_proj_moe_gen.weight:   6%|▌         | 74/1223 [00:00<00:13, 84.69w/s, dev=0]
language_model.model.layers.2.self_attn.q_norm.weight:   6%|▌         | 75/1223 [00:00<00:13, 85.32w/s, dev=0]        
language_model.model.layers.2.self_attn.q_norm_moe_gen.weight:   6%|▌         | 76/1223 [00:00<00:13, 86.44w/s, dev=0]
language_model.model.layers.2.self_attn.q_proj.bias:   6%|▋         | 77/1223 [00:00<00:13, 87.57w/s, dev=0]          
language_model.model.layers.2.self_attn.q_proj.weight:   6%|▋         | 78/1223 [00:00<00:12, 88.70w/s, dev=0]
language_model.model.layers.2.self_attn.q_proj_moe_gen.bias:   6%|▋         | 79/1223 [00:00<00:12, 89.32w/s, dev=0]
language_model.model.layers.2.self_attn.q_proj_moe_gen.weight:   7%|▋         | 80/1223 [00:00<00:12, 90.43w/s, dev=0]
language_model.model.layers.2.self_attn.v_proj.bias:   7%|▋         | 81/1223 [00:00<00:12, 91.03w/s, dev=0]          
language_model.model.layers.2.self_attn.v_proj.bias:   7%|▋         | 82/1223 [00:00<00:12, 92.14w/s, dev=0]
language_model.model.layers.2.self_attn.v_proj.weight:   7%|▋         | 82/1223 [00:00<00:12, 92.13w/s, dev=0]
language_model.model.layers.2.self_attn.v_proj_moe_gen.bias:   7%|▋         | 83/1223 [00:00<00:12, 93.15w/s, dev=0]
language_model.model.layers.2.self_attn.v_proj_moe_gen.weight:   7%|▋         | 84/1223 [00:00<00:12, 94.26w/s, dev=0]
language_model.model.layers.3.input_layernorm.weight:   7%|▋         | 85/1223 [00:00<00:11, 95.29w/s, dev=0]         
language_model.model.layers.3.input_layernorm_moe_gen.weight:   7%|▋         | 86/1223 [00:00<00:11, 96.39w/s, dev=0]
language_model.model.layers.3.mlp.down_proj.weight:   7%|▋         | 87/1223 [00:00<00:11, 97.50w/s, dev=0]          
language_model.model.layers.3.mlp.gate_proj.weight:   7%|▋         | 88/1223 [00:00<00:11, 95.88w/s, dev=0]
language_model.model.layers.3.mlp.up_proj.weight:   7%|▋         | 89/1223 [00:00<00:12, 94.34w/s, dev=0]  
language_model.model.layers.3.mlp_moe_gen.down_proj.weight:   7%|▋         | 90/1223 [00:00<00:12, 92.88w/s, dev=0]
language_model.model.layers.3.mlp_moe_gen.gate_proj.weight:   7%|▋         | 91/1223 [00:00<00:12, 91.49w/s, dev=0]
language_model.model.layers.3.mlp_moe_gen.up_proj.weight:   8%|▊         | 92/1223 [00:01<00:12, 90.17w/s, dev=0]  
language_model.model.layers.3.post_attention_layernorm.weight:   8%|▊         | 93/1223 [00:01<00:12, 88.92w/s, dev=0]
language_model.model.layers.3.post_attention_layernorm_moe_gen.weight:   8%|▊         | 94/1223 [00:01<00:12, 89.85w/s, dev=0]
language_model.model.layers.3.self_attn.k_norm.weight:   8%|▊         | 95/1223 [00:01<00:12, 90.80w/s, dev=0]                
language_model.model.layers.3.self_attn.k_norm_moe_gen.weight:   8%|▊         | 96/1223 [00:01<00:12, 91.74w/s, dev=0]
language_model.model.layers.3.self_attn.k_proj.bias:   8%|▊         | 97/1223 [00:01<00:12, 92.69w/s, dev=0]          
language_model.model.layers.3.self_attn.k_proj.weight:   8%|▊         | 98/1223 [00:01<00:12, 93.63w/s, dev=0]
language_model.model.layers.3.self_attn.k_proj_moe_gen.bias:   8%|▊         | 99/1223 [00:01<00:11, 94.51w/s, dev=0]
language_model.model.layers.3.self_attn.k_proj_moe_gen.weight:   8%|▊         | 100/1223 [00:01<00:11, 95.45w/s, dev=0]
language_model.model.layers.3.self_attn.o_proj.weight:   8%|▊         | 101/1223 [00:01<00:11, 96.33w/s, dev=0]        
language_model.model.layers.3.self_attn.o_proj_moe_gen.weight:   8%|▊         | 102/1223 [00:01<00:11, 96.81w/s, dev=0]
language_model.model.layers.3.self_attn.q_norm.weight:   8%|▊         | 103/1223 [00:01<00:11, 97.28w/s, dev=0]        
language_model.model.layers.3.self_attn.q_norm_moe_gen.weight:   9%|▊         | 104/1223 [00:01<00:11, 98.21w/s, dev=0]
language_model.model.layers.3.self_attn.q_proj.bias:   9%|▊         | 105/1223 [00:01<00:11, 99.14w/s, dev=0]          
language_model.model.layers.3.self_attn.q_proj.weight:   9%|▊         | 106/1223 [00:01<00:11, 100.08w/s, dev=0]
language_model.model.layers.3.self_attn.q_proj.weight:   9%|▊         | 107/1223 [00:01<00:11, 100.55w/s, dev=0]
language_model.model.layers.3.self_attn.q_proj_moe_gen.bias:   9%|▊         | 107/1223 [00:01<00:11, 100.53w/s, dev=0]
language_model.model.layers.3.self_attn.q_proj_moe_gen.weight:   9%|▉         | 108/1223 [00:01<00:10, 101.46w/s, dev=0]
language_model.model.layers.3.self_attn.v_proj.bias:   9%|▉         | 109/1223 [00:01<00:10, 101.91w/s, dev=0]          
language_model.model.layers.3.self_attn.v_proj.weight:   9%|▉         | 110/1223 [00:01<00:10, 102.83w/s, dev=0]
language_model.model.layers.3.self_attn.v_proj_moe_gen.bias:   9%|▉         | 111/1223 [00:01<00:10, 103.68w/s, dev=0]
language_model.model.layers.3.self_attn.v_proj_moe_gen.weight:   9%|▉         | 112/1223 [00:01<00:10, 104.60w/s, dev=0]
language_model.model.layers.4.input_layernorm.weight:   9%|▉         | 113/1223 [00:01<00:10, 105.43w/s, dev=0]         
language_model.model.layers.4.input_layernorm_moe_gen.weight:   9%|▉         | 114/1223 [00:01<00:10, 106.35w/s, dev=0]
language_model.model.layers.4.mlp.down_proj.weight:   9%|▉         | 115/1223 [00:01<00:10, 107.27w/s, dev=0]          
language_model.model.layers.4.mlp.gate_proj.weight:   9%|▉         | 116/1223 [00:01<00:10, 105.69w/s, dev=0]
language_model.model.layers.4.mlp.up_proj.weight:  10%|▉         | 117/1223 [00:01<00:10, 104.11w/s, dev=0]  
language_model.model.layers.4.mlp_moe_gen.down_proj.weight:  10%|▉         | 118/1223 [00:01<00:10, 102.65w/s, dev=0]
language_model.model.layers.4.mlp_moe_gen.gate_proj.weight:  10%|▉         | 119/1223 [00:01<00:10, 101.27w/s, dev=0]
language_model.model.layers.4.mlp_moe_gen.up_proj.weight:  10%|▉         | 120/1223 [00:01<00:11, 99.94w/s, dev=0]   
language_model.model.layers.4.post_attention_layernorm.weight:  10%|▉         | 121/1223 [00:01<00:11, 98.65w/s, dev=0]
language_model.model.layers.4.post_attention_layernorm_moe_gen.weight:  10%|▉         | 122/1223 [00:01<00:11, 99.45w/s, dev=0]
language_model.model.layers.4.self_attn.k_norm.weight:  10%|█         | 123/1223 [00:01<00:10, 100.25w/s, dev=0]               
language_model.model.layers.4.self_attn.k_norm_moe_gen.weight:  10%|█         | 124/1223 [00:01<00:10, 101.06w/s, dev=0]
language_model.model.layers.4.self_attn.k_proj.bias:  10%|█         | 125/1223 [00:01<00:10, 101.87w/s, dev=0]          
language_model.model.layers.4.self_attn.k_proj.weight:  10%|█         | 126/1223 [00:01<00:10, 102.67w/s, dev=0]
language_model.model.layers.4.self_attn.k_proj_moe_gen.bias:  10%|█         | 127/1223 [00:01<00:10, 103.42w/s, dev=0]
language_model.model.layers.4.self_attn.k_proj_moe_gen.weight:  10%|█         | 128/1223 [00:01<00:10, 104.22w/s, dev=0]
language_model.model.layers.4.self_attn.o_proj.weight:  11%|█         | 129/1223 [00:01<00:10, 104.96w/s, dev=0]        
language_model.model.layers.4.self_attn.o_proj_moe_gen.weight:  11%|█         | 130/1223 [00:01<00:10, 105.33w/s, dev=0]
language_model.model.layers.4.self_attn.q_norm.weight:  11%|█         | 131/1223 [00:01<00:10, 105.70w/s, dev=0]        
language_model.model.layers.4.self_attn.q_norm.weight:  11%|█         | 132/1223 [00:01<00:10, 106.49w/s, dev=0]
language_model.model.layers.4.self_attn.q_norm_moe_gen.weight:  11%|█         | 132/1223 [00:01<00:10, 106.49w/s, dev=0]
language_model.model.layers.4.self_attn.q_proj.bias:  11%|█         | 133/1223 [00:01<00:10, 107.28w/s, dev=0]          
language_model.model.layers.4.self_attn.q_proj.weight:  11%|█         | 134/1223 [00:01<00:10, 108.08w/s, dev=0]
language_model.model.layers.4.self_attn.q_proj_moe_gen.bias:  11%|█         | 135/1223 [00:01<00:10, 108.44w/s, dev=0]
language_model.model.layers.4.self_attn.q_proj_moe_gen.weight:  11%|█         | 136/1223 [00:01<00:09, 109.23w/s, dev=0]
language_model.model.layers.4.self_attn.v_proj.bias:  11%|█         | 137/1223 [00:01<00:09, 109.59w/s, dev=0]          
language_model.model.layers.4.self_attn.v_proj.weight:  11%|█▏        | 138/1223 [00:01<00:09, 110.37w/s, dev=0]
language_model.model.layers.4.self_attn.v_proj_moe_gen.bias:  11%|█▏        | 139/1223 [00:01<00:09, 111.09w/s, dev=0]
language_model.model.layers.4.self_attn.v_proj_moe_gen.weight:  11%|█▏        | 140/1223 [00:01<00:09, 111.88w/s, dev=0]
language_model.model.layers.5.input_layernorm.weight:  12%|█▏        | 141/1223 [00:01<00:09, 112.60w/s, dev=0]         
language_model.model.layers.5.input_layernorm_moe_gen.weight:  12%|█▏        | 142/1223 [00:01<00:09, 113.39w/s, dev=0]
language_model.model.layers.5.mlp.down_proj.weight:  12%|█▏        | 143/1223 [00:01<00:09, 114.18w/s, dev=0]          
language_model.model.layers.5.mlp.gate_proj.weight:  12%|█▏        | 144/1223 [00:01<00:09, 112.67w/s, dev=0]
language_model.model.layers.5.mlp.up_proj.weight:  12%|█▏        | 145/1223 [00:01<00:09, 111.23w/s, dev=0]  
language_model.model.layers.5.mlp_moe_gen.down_proj.weight:  12%|█▏        | 146/1223 [00:01<00:09, 109.83w/s, dev=0]
language_model.model.layers.5.mlp_moe_gen.gate_proj.weight:  12%|█▏        | 147/1223 [00:01<00:09, 108.50w/s, dev=0]
language_model.model.layers.5.mlp_moe_gen.up_proj.weight:  12%|█▏        | 148/1223 [00:01<00:10, 107.21w/s, dev=0]  
language_model.model.layers.5.post_attention_layernorm.weight:  12%|█▏        | 149/1223 [00:01<00:10, 105.98w/s, dev=0]
language_model.model.layers.5.post_attention_layernorm_moe_gen.weight:  12%|█▏        | 150/1223 [00:01<00:10, 106.67w/s, dev=0]
language_model.model.layers.5.self_attn.k_norm.weight:  12%|█▏        | 151/1223 [00:01<00:09, 107.37w/s, dev=0]                
language_model.model.layers.5.self_attn.k_norm_moe_gen.weight:  12%|█▏        | 152/1223 [00:01<00:09, 108.08w/s, dev=0]
language_model.model.layers.5.self_attn.k_proj.bias:  13%|█▎        | 153/1223 [00:01<00:09, 108.78w/s, dev=0]          
language_model.model.layers.5.self_attn.k_proj.weight:  13%|█▎        | 154/1223 [00:01<00:09, 109.48w/s, dev=0]
language_model.model.layers.5.self_attn.k_proj_moe_gen.bias:  13%|█▎        | 155/1223 [00:01<00:09, 110.11w/s, dev=0]
language_model.model.layers.5.self_attn.k_proj_moe_gen.weight:  13%|█▎        | 156/1223 [00:01<00:09, 110.81w/s, dev=0]
language_model.model.layers.5.self_attn.k_proj_moe_gen.weight:  13%|█▎        | 157/1223 [00:01<00:09, 111.45w/s, dev=0]
language_model.model.layers.5.self_attn.o_proj.weight:  13%|█▎        | 157/1223 [00:01<00:09, 111.45w/s, dev=0]        
language_model.model.layers.5.self_attn.o_proj_moe_gen.weight:  13%|█▎        | 158/1223 [00:01<00:09, 111.75w/s, dev=0]
language_model.model.layers.5.self_attn.q_norm.weight:  13%|█▎        | 159/1223 [00:01<00:09, 112.05w/s, dev=0]        
language_model.model.layers.5.self_attn.q_norm_moe_gen.weight:  13%|█▎        | 160/1223 [00:01<00:09, 112.74w/s, dev=0]
language_model.model.layers.5.self_attn.q_proj.bias:  13%|█▎        | 161/1223 [00:01<00:09, 113.44w/s, dev=0]          
language_model.model.layers.5.self_attn.q_proj.weight:  13%|█▎        | 162/1223 [00:01<00:09, 114.13w/s, dev=0]
language_model.model.layers.5.self_attn.q_proj_moe_gen.bias:  13%|█▎        | 163/1223 [00:01<00:09, 114.43w/s, dev=0]
language_model.model.layers.5.self_attn.q_proj_moe_gen.weight:  13%|█▎        | 164/1223 [00:01<00:09, 115.12w/s, dev=0]
language_model.model.layers.5.self_attn.v_proj.bias:  13%|█▎        | 165/1223 [00:01<00:09, 115.41w/s, dev=0]          
language_model.model.layers.5.self_attn.v_proj.weight:  14%|█▎        | 166/1223 [00:01<00:09, 116.09w/s, dev=0]
language_model.model.layers.5.self_attn.v_proj_moe_gen.bias:  14%|█▎        | 167/1223 [00:01<00:09, 116.72w/s, dev=0]
language_model.model.layers.5.self_attn.v_proj_moe_gen.weight:  14%|█▎        | 168/1223 [00:01<00:08, 117.41w/s, dev=0]
language_model.model.layers.6.input_layernorm.weight:  14%|█▍        | 169/1223 [00:01<00:08, 118.04w/s, dev=0]         
language_model.model.layers.6.input_layernorm_moe_gen.weight:  14%|█▍        | 170/1223 [00:01<00:08, 118.72w/s, dev=0]
language_model.model.layers.6.mlp.down_proj.weight:  14%|█▍        | 171/1223 [00:01<00:08, 119.41w/s, dev=0]          
language_model.model.layers.6.mlp.gate_proj.weight:  14%|█▍        | 172/1223 [00:01<00:08, 118.00w/s, dev=0]
language_model.model.layers.6.mlp.up_proj.weight:  14%|█▍        | 173/1223 [00:01<00:09, 116.64w/s, dev=0]  
language_model.model.layers.6.mlp_moe_gen.down_proj.weight:  14%|█▍        | 174/1223 [00:01<00:09, 115.33w/s, dev=0]
language_model.model.layers.6.mlp_moe_gen.gate_proj.weight:  14%|█▍        | 175/1223 [00:01<00:09, 114.06w/s, dev=0]
language_model.model.layers.6.mlp_moe_gen.up_proj.weight:  14%|█▍        | 176/1223 [00:01<00:09, 112.82w/s, dev=0]  
language_model.model.layers.6.post_attention_layernorm.weight:  14%|█▍        | 177/1223 [00:01<00:09, 111.63w/s, dev=0]
language_model.model.layers.6.post_attention_layernorm_moe_gen.weight:  15%|█▍        | 178/1223 [00:01<00:09, 112.25w/s, dev=0]
language_model.model.layers.6.self_attn.k_norm.weight:  15%|█▍        | 179/1223 [00:01<00:09, 112.87w/s, dev=0]                
language_model.model.layers.6.self_attn.k_norm_moe_gen.weight:  15%|█▍        | 180/1223 [00:01<00:09, 113.49w/s, dev=0]
language_model.model.layers.6.self_attn.k_proj.bias:  15%|█▍        | 181/1223 [00:01<00:09, 114.12w/s, dev=0]          
language_model.model.layers.6.self_attn.k_proj.bias:  15%|█▍        | 182/1223 [00:01<00:09, 114.74w/s, dev=0]
language_model.model.layers.6.self_attn.k_proj.weight:  15%|█▍        | 182/1223 [00:01<00:09, 114.74w/s, dev=0]
language_model.model.layers.6.self_attn.k_proj_moe_gen.bias:  15%|█▍        | 183/1223 [00:01<00:09, 115.31w/s, dev=0]
language_model.model.layers.6.self_attn.k_proj_moe_gen.weight:  15%|█▌        | 184/1223 [00:01<00:08, 115.92w/s, dev=0]
language_model.model.layers.6.self_attn.o_proj.weight:  15%|█▌        | 185/1223 [00:01<00:08, 116.48w/s, dev=0]        
language_model.model.layers.6.self_attn.o_proj_moe_gen.weight:  15%|█▌        | 186/1223 [00:01<00:08, 116.73w/s, dev=0]
language_model.model.layers.6.self_attn.q_norm.weight:  15%|█▌        | 187/1223 [00:01<00:08, 116.97w/s, dev=0]        
language_model.model.layers.6.self_attn.q_norm_moe_gen.weight:  15%|█▌        | 188/1223 [00:01<00:08, 117.58w/s, dev=0]
language_model.model.layers.6.self_attn.q_proj.bias:  15%|█▌        | 189/1223 [00:01<00:08, 118.20w/s, dev=0]          
language_model.model.layers.6.self_attn.q_proj.weight:  16%|█▌        | 190/1223 [00:01<00:08, 118.82w/s, dev=0]
language_model.model.layers.6.self_attn.q_proj_moe_gen.bias:  16%|█▌        | 191/1223 [00:01<00:08, 119.06w/s, dev=0]
language_model.model.layers.6.self_attn.q_proj_moe_gen.weight:  16%|█▌        | 192/1223 [00:01<00:08, 119.67w/s, dev=0]
language_model.model.layers.6.self_attn.v_proj.bias:  16%|█▌        | 193/1223 [00:01<00:08, 119.92w/s, dev=0]          
language_model.model.layers.6.self_attn.v_proj.weight:  16%|█▌        | 194/1223 [00:01<00:08, 120.53w/s, dev=0]
language_model.model.layers.6.self_attn.v_proj_moe_gen.bias:  16%|█▌        | 195/1223 [00:01<00:08, 121.08w/s, dev=0]
language_model.model.layers.6.self_attn.v_proj_moe_gen.weight:  16%|█▌        | 196/1223 [00:01<00:08, 121.69w/s, dev=0]
language_model.model.layers.7.input_layernorm.weight:  16%|█▌        | 197/1223 [00:01<00:08, 122.25w/s, dev=0]         
language_model.model.layers.7.input_layernorm_moe_gen.weight:  16%|█▌        | 198/1223 [00:01<00:08, 122.86w/s, dev=0]
language_model.model.layers.7.mlp.down_proj.weight:  16%|█▋        | 199/1223 [00:01<00:08, 123.47w/s, dev=0]          
language_model.model.layers.7.mlp.gate_proj.weight:  16%|█▋        | 200/1223 [00:01<00:08, 122.16w/s, dev=0]
language_model.model.layers.7.mlp.up_proj.weight:  16%|█▋        | 201/1223 [00:01<00:08, 120.88w/s, dev=0]  
language_model.model.layers.7.mlp_moe_gen.down_proj.weight:  17%|█▋        | 202/1223 [00:01<00:08, 119.64w/s, dev=0]
language_model.model.layers.7.mlp_moe_gen.gate_proj.weight:  17%|█▋        | 203/1223 [00:01<00:08, 118.44w/s, dev=0]
language_model.model.layers.7.mlp_moe_gen.up_proj.weight:  17%|█▋        | 204/1223 [00:01<00:08, 117.27w/s, dev=0]  
language_model.model.layers.7.post_attention_layernorm.weight:  17%|█▋        | 205/1223 [00:01<00:08, 116.13w/s, dev=0]
language_model.model.layers.7.post_attention_layernorm_moe_gen.weight:  17%|█▋        | 206/1223 [00:01<00:08, 116.68w/s, dev=0]
language_model.model.layers.7.post_attention_layernorm_moe_gen.weight:  17%|█▋        | 207/1223 [00:01<00:08, 117.24w/s, dev=0]
language_model.model.layers.7.self_attn.k_norm.weight:  17%|█▋        | 207/1223 [00:01<00:08, 117.24w/s, dev=0]                
language_model.model.layers.7.self_attn.k_norm_moe_gen.weight:  17%|█▋        | 208/1223 [00:01<00:08, 117.80w/s, dev=0]
language_model.model.layers.7.self_attn.k_proj.bias:  17%|█▋        | 209/1223 [00:01<00:08, 118.36w/s, dev=0]          
language_model.model.layers.7.self_attn.k_proj.weight:  17%|█▋        | 210/1223 [00:01<00:08, 118.92w/s, dev=0]
language_model.model.layers.7.self_attn.k_proj_moe_gen.bias:  17%|█▋        | 211/1223 [00:01<00:08, 119.43w/s, dev=0]
language_model.model.layers.7.self_attn.k_proj_moe_gen.weight:  17%|█▋        | 212/1223 [00:01<00:08, 119.98w/s, dev=0]
language_model.model.layers.7.self_attn.o_proj.weight:  17%|█▋        | 213/1223 [00:01<00:08, 120.49w/s, dev=0]        
language_model.model.layers.7.self_attn.o_proj_moe_gen.weight:  17%|█▋        | 214/1223 [00:01<00:08, 120.70w/s, dev=0]
language_model.model.layers.7.self_attn.q_norm.weight:  18%|█▊        | 215/1223 [00:01<00:08, 120.92w/s, dev=0]        
language_model.model.layers.7.self_attn.q_norm_moe_gen.weight:  18%|█▊        | 216/1223 [00:01<00:08, 121.47w/s, dev=0]
language_model.model.layers.7.self_attn.q_proj.bias:  18%|█▊        | 217/1223 [00:01<00:08, 122.02w/s, dev=0]          
language_model.model.layers.7.self_attn.q_proj.weight:  18%|█▊        | 218/1223 [00:01<00:08, 122.58w/s, dev=0]
language_model.model.layers.7.self_attn.q_proj_moe_gen.bias:  18%|█▊        | 219/1223 [00:01<00:08, 122.79w/s, dev=0]
language_model.model.layers.7.self_attn.q_proj_moe_gen.weight:  18%|█▊        | 220/1223 [00:01<00:08, 123.34w/s, dev=0]
language_model.model.layers.7.self_attn.v_proj.bias:  18%|█▊        | 221/1223 [00:01<00:08, 123.55w/s, dev=0]          
language_model.model.layers.7.self_attn.v_proj.weight:  18%|█▊        | 222/1223 [00:01<00:08, 124.09w/s, dev=0]
language_model.model.layers.7.self_attn.v_proj_moe_gen.bias:  18%|█▊        | 223/1223 [00:01<00:08, 124.58w/s, dev=0]
language_model.model.layers.7.self_attn.v_proj_moe_gen.weight:  18%|█▊        | 224/1223 [00:01<00:07, 125.13w/s, dev=0]
language_model.model.layers.8.input_layernorm.weight:  18%|█▊        | 225/1223 [00:01<00:07, 125.63w/s, dev=0]         
language_model.model.layers.8.input_layernorm_moe_gen.weight:  18%|█▊        | 226/1223 [00:01<00:07, 126.18w/s, dev=0]
language_model.model.layers.8.mlp.down_proj.weight:  19%|█▊        | 227/1223 [00:01<00:07, 126.72w/s, dev=0]          
language_model.model.layers.8.mlp.gate_proj.weight:  19%|█▊        | 228/1223 [00:01<00:07, 125.50w/s, dev=0]
language_model.model.layers.8.mlp.up_proj.weight:  19%|█▊        | 229/1223 [00:01<00:07, 124.29w/s, dev=0]  
language_model.model.layers.8.mlp_moe_gen.down_proj.weight:  19%|█▉        | 230/1223 [00:01<00:08, 123.10w/s, dev=0]
language_model.model.layers.8.mlp_moe_gen.gate_proj.weight:  19%|█▉        | 231/1223 [00:01<00:08, 121.97w/s, dev=0]
language_model.model.layers.8.mlp_moe_gen.gate_proj.weight:  19%|█▉        | 232/1223 [00:01<00:08, 120.86w/s, dev=0]
language_model.model.layers.8.mlp_moe_gen.up_proj.weight:  19%|█▉        | 232/1223 [00:01<00:08, 120.86w/s, dev=0]  
language_model.model.layers.8.post_attention_layernorm.weight:  19%|█▉        | 233/1223 [00:01<00:08, 119.78w/s, dev=0]
language_model.model.layers.8.post_attention_layernorm_moe_gen.weight:  19%|█▉        | 234/1223 [00:01<00:08, 120.28w/s, dev=0]
language_model.model.layers.8.self_attn.k_norm.weight:  19%|█▉        | 235/1223 [00:01<00:08, 120.78w/s, dev=0]                
language_model.model.layers.8.self_attn.k_norm_moe_gen.weight:  19%|█▉        | 236/1223 [00:01<00:08, 121.29w/s, dev=0]
language_model.model.layers.8.self_attn.k_proj.bias:  19%|█▉        | 237/1223 [00:01<00:08, 121.80w/s, dev=0]          
language_model.model.layers.8.self_attn.k_proj.weight:  19%|█▉        | 238/1223 [00:01<00:08, 122.31w/s, dev=0]
language_model.model.layers.8.self_attn.k_proj_moe_gen.bias:  20%|█▉        | 239/1223 [00:01<00:08, 122.77w/s, dev=0]
language_model.model.layers.8.self_attn.k_proj_moe_gen.weight:  20%|█▉        | 240/1223 [00:01<00:07, 123.27w/s, dev=0]
language_model.model.layers.8.self_attn.o_proj.weight:  20%|█▉        | 241/1223 [00:01<00:07, 123.73w/s, dev=0]        
language_model.model.layers.8.self_attn.o_proj_moe_gen.weight:  20%|█▉        | 242/1223 [00:01<00:07, 123.92w/s, dev=0]
language_model.model.layers.8.self_attn.q_norm.weight:  20%|█▉        | 243/1223 [00:01<00:07, 124.10w/s, dev=0]        
language_model.model.layers.8.self_attn.q_norm_moe_gen.weight:  20%|█▉        | 244/1223 [00:01<00:07, 124.60w/s, dev=0]
language_model.model.layers.8.self_attn.q_proj.bias:  20%|██        | 245/1223 [00:01<00:07, 125.11w/s, dev=0]          
language_model.model.layers.8.self_attn.q_proj.weight:  20%|██        | 246/1223 [00:01<00:07, 125.61w/s, dev=0]
language_model.model.layers.8.self_attn.q_proj_moe_gen.bias:  20%|██        | 247/1223 [00:01<00:07, 125.79w/s, dev=0]
language_model.model.layers.8.self_attn.q_proj_moe_gen.weight:  20%|██        | 248/1223 [00:01<00:07, 126.29w/s, dev=0]
language_model.model.layers.8.self_attn.v_proj.bias:  20%|██        | 249/1223 [00:01<00:07, 126.47w/s, dev=0]          
language_model.model.layers.8.self_attn.v_proj.weight:  20%|██        | 250/1223 [00:01<00:07, 126.96w/s, dev=0]
language_model.model.layers.8.self_attn.v_proj_moe_gen.bias:  21%|██        | 251/1223 [00:01<00:07, 127.42w/s, dev=0]
language_model.model.layers.8.self_attn.v_proj_moe_gen.weight:  21%|██        | 252/1223 [00:01<00:07, 127.91w/s, dev=0]
time_embedder.mlp.0.bias:  21%|██        | 253/1223 [00:01<00:07, 128.36w/s, dev=0]                                     
time_embedder.mlp.0.weight:  21%|██        | 254/1223 [00:01<00:07, 128.85w/s, dev=0]
time_embedder.mlp.2.bias:  21%|██        | 255/1223 [00:01<00:07, 129.33w/s, dev=0]  
time_embedder.mlp.2.weight:  21%|██        | 256/1223 [00:01<00:07, 129.82w/s, dev=0]
vae2llm.bias:  21%|██        | 257/1223 [00:01<00:07, 129.99w/s, dev=0]              
vae2llm.weight:  21%|██        | 258/1223 [00:01<00:07, 130.49w/s, dev=0]
llm2vae.bias:  21%|██        | 259/1223 [00:01<00:07, 130.98w/s, dev=0]  
llm2vae.weight:  21%|██▏       | 260/1223 [00:01<00:07, 131.48w/s, dev=0]
latent_pos_embed.pos_embed:  21%|██▏       | 261/1223 [00:01<00:07, 131.97w/s, dev=0]
connector.fc1.bias:  21%|██▏       | 262/1223 [00:01<00:07, 132.09w/s, dev=0]        
connector.fc1.weight:  22%|██▏       | 263/1223 [00:01<00:07, 132.58w/s, dev=0]
connector.fc2.bias:  22%|██▏       | 264/1223 [00:01<00:07, 132.94w/s, dev=0]  
connector.fc2.weight:  22%|██▏       | 265/1223 [00:01<00:07, 133.43w/s, dev=0]
vit_pos_embed.pos_embed:  22%|██▏       | 266/1223 [00:01<00:07, 133.49w/s, dev=0]
language_model.model.layers.9.input_layernorm.weight:  22%|██▏       | 267/1223 [00:02<00:08, 107.96w/s, dev=1]
language_model.model.layers.9.input_layernorm.weight:  22%|██▏       | 268/1223 [00:02<00:09, 102.97w/s, dev=1]
language_model.model.layers.9.input_layernorm_moe_gen.weight:  22%|██▏       | 268/1223 [00:02<00:09, 102.96w/s, dev=1]
language_model.model.layers.9.mlp.down_proj.weight:  22%|██▏       | 269/1223 [00:02<00:09, 103.34w/s, dev=1]          
language_model.model.layers.9.mlp.gate_proj.weight:  22%|██▏       | 270/1223 [00:02<00:09, 102.71w/s, dev=1]
language_model.model.layers.9.mlp.up_proj.weight:  22%|██▏       | 271/1223 [00:02<00:09, 102.10w/s, dev=1]  
language_model.model.layers.9.mlp_moe_gen.down_proj.weight:  22%|██▏       | 272/1223 [00:02<00:09, 101.49w/s, dev=1]
language_model.model.layers.9.mlp_moe_gen.gate_proj.weight:  22%|██▏       | 273/1223 [00:02<00:09, 100.90w/s, dev=1]
language_model.model.layers.9.mlp_moe_gen.up_proj.weight:  22%|██▏       | 274/1223 [00:02<00:09, 100.32w/s, dev=1]  
language_model.model.layers.9.post_attention_layernorm.weight:  22%|██▏       | 275/1223 [00:02<00:09, 99.75w/s, dev=1]
language_model.model.layers.9.post_attention_layernorm_moe_gen.weight:  23%|██▎       | 276/1223 [00:02<00:09, 100.10w/s, dev=1]
language_model.model.layers.9.self_attn.k_norm.weight:  23%|██▎       | 277/1223 [00:02<00:09, 100.46w/s, dev=1]                
language_model.model.layers.9.self_attn.k_norm_moe_gen.weight:  23%|██▎       | 278/1223 [00:02<00:09, 100.82w/s, dev=1]
language_model.model.layers.9.self_attn.k_proj.bias:  23%|██▎       | 279/1223 [00:02<00:09, 101.18w/s, dev=1]          
language_model.model.layers.9.self_attn.k_proj.weight:  23%|██▎       | 280/1223 [00:02<00:09, 101.54w/s, dev=1]
language_model.model.layers.9.self_attn.k_proj_moe_gen.bias:  23%|██▎       | 281/1223 [00:02<00:09, 101.86w/s, dev=1]
language_model.model.layers.9.self_attn.k_proj_moe_gen.weight:  23%|██▎       | 282/1223 [00:02<00:09, 102.21w/s, dev=1]
language_model.model.layers.9.self_attn.o_proj.weight:  23%|██▎       | 283/1223 [00:02<00:09, 102.55w/s, dev=1]        
language_model.model.layers.9.self_attn.o_proj_moe_gen.weight:  23%|██▎       | 284/1223 [00:02<00:09, 102.72w/s, dev=1]
language_model.model.layers.9.self_attn.q_norm.weight:  23%|██▎       | 285/1223 [00:02<00:09, 102.89w/s, dev=1]        
language_model.model.layers.9.self_attn.q_norm_moe_gen.weight:  23%|██▎       | 286/1223 [00:02<00:09, 103.24w/s, dev=1]
language_model.model.layers.9.self_attn.q_proj.bias:  23%|██▎       | 287/1223 [00:02<00:09, 103.60w/s, dev=1]          
language_model.model.layers.9.self_attn.q_proj.weight:  24%|██▎       | 288/1223 [00:02<00:08, 103.95w/s, dev=1]
language_model.model.layers.9.self_attn.q_proj_moe_gen.bias:  24%|██▎       | 289/1223 [00:02<00:08, 104.12w/s, dev=1]
language_model.model.layers.9.self_attn.q_proj_moe_gen.weight:  24%|██▎       | 290/1223 [00:02<00:08, 104.48w/s, dev=1]
language_model.model.layers.9.self_attn.v_proj.bias:  24%|██▍       | 291/1223 [00:02<00:08, 104.65w/s, dev=1]          
language_model.model.layers.9.self_attn.v_proj.weight:  24%|██▍       | 292/1223 [00:02<00:08, 105.00w/s, dev=1]
language_model.model.layers.9.self_attn.v_proj_moe_gen.bias:  24%|██▍       | 293/1223 [00:02<00:08, 105.33w/s, dev=1]
language_model.model.layers.9.self_attn.v_proj_moe_gen.weight:  24%|██▍       | 294/1223 [00:02<00:08, 105.68w/s, dev=1]
language_model.model.layers.10.input_layernorm.weight:  24%|██▍       | 295/1223 [00:02<00:08, 106.01w/s, dev=1]        
language_model.model.layers.10.input_layernorm_moe_gen.weight:  24%|██▍       | 296/1223 [00:02<00:08, 106.36w/s, dev=1]
language_model.model.layers.10.mlp.down_proj.weight:  24%|██▍       | 297/1223 [00:02<00:08, 106.71w/s, dev=1]          
language_model.model.layers.10.mlp.gate_proj.weight:  24%|██▍       | 298/1223 [00:02<00:08, 106.10w/s, dev=1]
language_model.model.layers.10.mlp.up_proj.weight:  24%|██▍       | 299/1223 [00:02<00:08, 105.49w/s, dev=1]  
language_model.model.layers.10.mlp_moe_gen.down_proj.weight:  25%|██▍       | 300/1223 [00:02<00:08, 104.89w/s, dev=1]
language_model.model.layers.10.mlp_moe_gen.gate_proj.weight:  25%|██▍       | 301/1223 [00:02<00:08, 104.30w/s, dev=1]
language_model.model.layers.10.mlp_moe_gen.up_proj.weight:  25%|██▍       | 302/1223 [00:02<00:08, 103.72w/s, dev=1]  
language_model.model.layers.10.post_attention_layernorm.weight:  25%|██▍       | 303/1223 [00:02<00:08, 103.16w/s, dev=1]
language_model.model.layers.10.post_attention_layernorm.weight:  25%|██▍       | 304/1223 [00:02<00:08, 103.49w/s, dev=1]
language_model.model.layers.10.post_attention_layernorm_moe_gen.weight:  25%|██▍       | 304/1223 [00:02<00:08, 103.49w/s, dev=1]
language_model.model.layers.10.self_attn.k_norm.weight:  25%|██▍       | 305/1223 [00:02<00:08, 103.82w/s, dev=1]                
language_model.model.layers.10.self_attn.k_norm_moe_gen.weight:  25%|██▌       | 306/1223 [00:02<00:08, 104.16w/s, dev=1]
language_model.model.layers.10.self_attn.k_proj.bias:  25%|██▌       | 307/1223 [00:02<00:08, 104.50w/s, dev=1]          
language_model.model.layers.10.self_attn.k_proj.weight:  25%|██▌       | 308/1223 [00:02<00:08, 104.83w/s, dev=1]
language_model.model.layers.10.self_attn.k_proj_moe_gen.bias:  25%|██▌       | 309/1223 [00:02<00:08, 105.14w/s, dev=1]
language_model.model.layers.10.self_attn.k_proj_moe_gen.weight:  25%|██▌       | 310/1223 [00:02<00:08, 105.48w/s, dev=1]
language_model.model.layers.10.self_attn.o_proj.weight:  25%|██▌       | 311/1223 [00:02<00:08, 105.78w/s, dev=1]        
language_model.model.layers.10.self_attn.o_proj_moe_gen.weight:  26%|██▌       | 312/1223 [00:02<00:08, 105.93w/s, dev=1]
language_model.model.layers.10.self_attn.q_norm.weight:  26%|██▌       | 313/1223 [00:02<00:08, 106.09w/s, dev=1]        
language_model.model.layers.10.self_attn.q_norm_moe_gen.weight:  26%|██▌       | 314/1223 [00:02<00:08, 106.42w/s, dev=1]
language_model.model.layers.10.self_attn.q_proj.bias:  26%|██▌       | 315/1223 [00:02<00:08, 106.75w/s, dev=1]          
language_model.model.layers.10.self_attn.q_proj.weight:  26%|██▌       | 316/1223 [00:02<00:08, 107.09w/s, dev=1]
language_model.model.layers.10.self_attn.q_proj_moe_gen.bias:  26%|██▌       | 317/1223 [00:02<00:08, 107.24w/s, dev=1]
language_model.model.layers.10.self_attn.q_proj_moe_gen.weight:  26%|██▌       | 318/1223 [00:02<00:08, 107.57w/s, dev=1]
language_model.model.layers.10.self_attn.v_proj.bias:  26%|██▌       | 319/1223 [00:02<00:08, 107.72w/s, dev=1]          
language_model.model.layers.10.self_attn.v_proj.weight:  26%|██▌       | 320/1223 [00:02<00:08, 108.05w/s, dev=1]
language_model.model.layers.10.self_attn.v_proj_moe_gen.bias:  26%|██▌       | 321/1223 [00:02<00:08, 108.36w/s, dev=1]
language_model.model.layers.10.self_attn.v_proj_moe_gen.weight:  26%|██▋       | 322/1223 [00:02<00:08, 108.69w/s, dev=1]
language_model.model.layers.11.input_layernorm.weight:  26%|██▋       | 323/1223 [00:02<00:08, 109.00w/s, dev=1]         
language_model.model.layers.11.input_layernorm_moe_gen.weight:  26%|██▋       | 324/1223 [00:02<00:08, 109.33w/s, dev=1]
language_model.model.layers.11.mlp.down_proj.weight:  27%|██▋       | 325/1223 [00:02<00:08, 109.66w/s, dev=1]          
language_model.model.layers.11.mlp.gate_proj.weight:  27%|██▋       | 326/1223 [00:02<00:08, 109.06w/s, dev=1]
language_model.model.layers.11.mlp.up_proj.weight:  27%|██▋       | 327/1223 [00:03<00:08, 108.47w/s, dev=1]  
language_model.model.layers.11.mlp_moe_gen.down_proj.weight:  27%|██▋       | 328/1223 [00:03<00:08, 107.88w/s, dev=1]
language_model.model.layers.11.mlp_moe_gen.gate_proj.weight:  27%|██▋       | 329/1223 [00:03<00:08, 107.31w/s, dev=1]
language_model.model.layers.11.mlp_moe_gen.up_proj.weight:  27%|██▋       | 330/1223 [00:03<00:08, 106.74w/s, dev=1]  
language_model.model.layers.11.post_attention_layernorm.weight:  27%|██▋       | 331/1223 [00:03<00:08, 106.16w/s, dev=1]
language_model.model.layers.11.post_attention_layernorm_moe_gen.weight:  27%|██▋       | 332/1223 [00:03<00:08, 106.48w/s, dev=1]
language_model.model.layers.11.self_attn.k_norm.weight:  27%|██▋       | 333/1223 [00:03<00:08, 106.80w/s, dev=1]                
language_model.model.layers.11.self_attn.k_norm_moe_gen.weight:  27%|██▋       | 334/1223 [00:03<00:08, 107.11w/s, dev=1]
language_model.model.layers.11.self_attn.k_proj.bias:  27%|██▋       | 335/1223 [00:03<00:08, 107.43w/s, dev=1]          
language_model.model.layers.11.self_attn.k_proj.weight:  27%|██▋       | 336/1223 [00:03<00:08, 107.75w/s, dev=1]
language_model.model.layers.11.self_attn.k_proj_moe_gen.bias:  28%|██▊       | 337/1223 [00:03<00:08, 108.04w/s, dev=1]
language_model.model.layers.11.self_attn.k_proj_moe_gen.weight:  28%|██▊       | 338/1223 [00:03<00:08, 108.35w/s, dev=1]
language_model.model.layers.11.self_attn.o_proj.weight:  28%|██▊       | 339/1223 [00:03<00:08, 108.64w/s, dev=1]        
language_model.model.layers.11.self_attn.o_proj.weight:  28%|██▊       | 340/1223 [00:03<00:08, 108.78w/s, dev=1]
language_model.model.layers.11.self_attn.o_proj_moe_gen.weight:  28%|██▊       | 340/1223 [00:03<00:08, 108.78w/s, dev=1]
language_model.model.layers.11.self_attn.q_norm.weight:  28%|██▊       | 341/1223 [00:03<00:08, 108.92w/s, dev=1]        
language_model.model.layers.11.self_attn.q_norm_moe_gen.weight:  28%|██▊       | 342/1223 [00:03<00:08, 109.23w/s, dev=1]
language_model.model.layers.11.self_attn.q_proj.bias:  28%|██▊       | 343/1223 [00:03<00:08, 109.55w/s, dev=1]          
language_model.model.layers.11.self_attn.q_proj.weight:  28%|██▊       | 344/1223 [00:03<00:08, 109.87w/s, dev=1]
language_model.model.layers.11.self_attn.q_proj_moe_gen.bias:  28%|██▊       | 345/1223 [00:03<00:07, 110.01w/s, dev=1]
language_model.model.layers.11.self_attn.q_proj_moe_gen.weight:  28%|██▊       | 346/1223 [00:03<00:07, 110.32w/s, dev=1]
language_model.model.layers.11.self_attn.v_proj.bias:  28%|██▊       | 347/1223 [00:03<00:07, 110.46w/s, dev=1]          
language_model.model.layers.11.self_attn.v_proj.weight:  28%|██▊       | 348/1223 [00:03<00:07, 110.77w/s, dev=1]
language_model.model.layers.11.self_attn.v_proj_moe_gen.bias:  29%|██▊       | 349/1223 [00:03<00:07, 111.05w/s, dev=1]
language_model.model.layers.11.self_attn.v_proj_moe_gen.weight:  29%|██▊       | 350/1223 [00:03<00:07, 111.37w/s, dev=1]
language_model.model.layers.12.input_layernorm.weight:  29%|██▊       | 351/1223 [00:03<00:07, 111.65w/s, dev=1]         
language_model.model.layers.12.input_layernorm_moe_gen.weight:  29%|██▉       | 352/1223 [00:03<00:07, 111.97w/s, dev=1]
language_model.model.layers.12.mlp.down_proj.weight:  29%|██▉       | 353/1223 [00:03<00:07, 112.28w/s, dev=1]          
language_model.model.layers.12.mlp.gate_proj.weight:  29%|██▉       | 354/1223 [00:03<00:07, 111.67w/s, dev=1]
language_model.model.layers.12.mlp.up_proj.weight:  29%|██▉       | 355/1223 [00:03<00:07, 111.08w/s, dev=1]  
language_model.model.layers.12.mlp_moe_gen.down_proj.weight:  29%|██▉       | 356/1223 [00:03<00:07, 110.50w/s, dev=1]
language_model.model.layers.12.mlp_moe_gen.gate_proj.weight:  29%|██▉       | 357/1223 [00:03<00:07, 109.93w/s, dev=1]
language_model.model.layers.12.mlp_moe_gen.up_proj.weight:  29%|██▉       | 358/1223 [00:03<00:07, 109.38w/s, dev=1]  
language_model.model.layers.12.post_attention_layernorm.weight:  29%|██▉       | 359/1223 [00:03<00:07, 108.83w/s, dev=1]
language_model.model.layers.12.post_attention_layernorm_moe_gen.weight:  29%|██▉       | 360/1223 [00:03<00:07, 109.13w/s, dev=1]
language_model.model.layers.12.self_attn.k_norm.weight:  30%|██▉       | 361/1223 [00:03<00:07, 109.43w/s, dev=1]                
language_model.model.layers.12.self_attn.k_norm_moe_gen.weight:  30%|██▉       | 362/1223 [00:03<00:07, 109.73w/s, dev=1]
language_model.model.layers.12.self_attn.k_proj.bias:  30%|██▉       | 363/1223 [00:03<00:07, 110.03w/s, dev=1]          
language_model.model.layers.12.self_attn.k_proj.weight:  30%|██▉       | 364/1223 [00:03<00:07, 110.33w/s, dev=1]
language_model.model.layers.12.self_attn.k_proj_moe_gen.bias:  30%|██▉       | 365/1223 [00:03<00:07, 110.60w/s, dev=1]
language_model.model.layers.12.self_attn.k_proj_moe_gen.weight:  30%|██▉       | 366/1223 [00:03<00:07, 110.90w/s, dev=1]
language_model.model.layers.12.self_attn.o_proj.weight:  30%|███       | 367/1223 [00:03<00:07, 111.18w/s, dev=1]        
language_model.model.layers.12.self_attn.o_proj_moe_gen.weight:  30%|███       | 368/1223 [00:03<00:07, 111.30w/s, dev=1]
language_model.model.layers.12.self_attn.q_norm.weight:  30%|███       | 369/1223 [00:03<00:07, 111.43w/s, dev=1]        
language_model.model.layers.12.self_attn.q_norm_moe_gen.weight:  30%|███       | 370/1223 [00:03<00:07, 111.73w/s, dev=1]
language_model.model.layers.12.self_attn.q_proj.bias:  30%|███       | 371/1223 [00:03<00:07, 112.03w/s, dev=1]          
language_model.model.layers.12.self_attn.q_proj.weight:  30%|███       | 372/1223 [00:03<00:07, 112.33w/s, dev=1]
language_model.model.layers.12.self_attn.q_proj_moe_gen.bias:  30%|███       | 373/1223 [00:03<00:07, 112.46w/s, dev=1]
language_model.model.layers.12.self_attn.q_proj_moe_gen.weight:  31%|███       | 374/1223 [00:03<00:07, 112.75w/s, dev=1]
language_model.model.layers.12.self_attn.v_proj.bias:  31%|███       | 375/1223 [00:03<00:07, 112.88w/s, dev=1]          
language_model.model.layers.12.self_attn.v_proj.bias:  31%|███       | 376/1223 [00:03<00:07, 113.17w/s, dev=1]
language_model.model.layers.12.self_attn.v_proj.weight:  31%|███       | 376/1223 [00:03<00:07, 113.17w/s, dev=1]
language_model.model.layers.12.self_attn.v_proj_moe_gen.bias:  31%|███       | 377/1223 [00:03<00:07, 113.44w/s, dev=1]
language_model.model.layers.12.self_attn.v_proj_moe_gen.weight:  31%|███       | 378/1223 [00:03<00:07, 113.74w/s, dev=1]
language_model.model.layers.13.input_layernorm.weight:  31%|███       | 379/1223 [00:03<00:07, 114.01w/s, dev=1]         
language_model.model.layers.13.input_layernorm_moe_gen.weight:  31%|███       | 380/1223 [00:03<00:07, 114.30w/s, dev=1]
language_model.model.layers.13.mlp.down_proj.weight:  31%|███       | 381/1223 [00:03<00:07, 114.60w/s, dev=1]          
language_model.model.layers.13.mlp.gate_proj.weight:  31%|███       | 382/1223 [00:03<00:07, 114.02w/s, dev=1]
language_model.model.layers.13.mlp.up_proj.weight:  31%|███▏      | 383/1223 [00:03<00:07, 113.46w/s, dev=1]  
language_model.model.layers.13.mlp_moe_gen.down_proj.weight:  31%|███▏      | 384/1223 [00:03<00:07, 112.90w/s, dev=1]
language_model.model.layers.13.mlp_moe_gen.gate_proj.weight:  31%|███▏      | 385/1223 [00:03<00:07, 112.35w/s, dev=1]
language_model.model.layers.13.mlp_moe_gen.up_proj.weight:  32%|███▏      | 386/1223 [00:03<00:07, 111.81w/s, dev=1]  
language_model.model.layers.13.post_attention_layernorm.weight:  32%|███▏      | 387/1223 [00:03<00:07, 111.27w/s, dev=1]
language_model.model.layers.13.post_attention_layernorm_moe_gen.weight:  32%|███▏      | 388/1223 [00:03<00:07, 111.55w/s, dev=1]
language_model.model.layers.13.self_attn.k_norm.weight:  32%|███▏      | 389/1223 [00:03<00:07, 111.84w/s, dev=1]                
language_model.model.layers.13.self_attn.k_norm_moe_gen.weight:  32%|███▏      | 390/1223 [00:03<00:07, 112.12w/s, dev=1]
language_model.model.layers.13.self_attn.k_proj.bias:  32%|███▏      | 391/1223 [00:03<00:07, 112.41w/s, dev=1]          
language_model.model.layers.13.self_attn.k_proj.weight:  32%|███▏      | 392/1223 [00:03<00:07, 112.69w/s, dev=1]
language_model.model.layers.13.self_attn.k_proj_moe_gen.bias:  32%|███▏      | 393/1223 [00:03<00:07, 112.95w/s, dev=1]
language_model.model.layers.13.self_attn.k_proj_moe_gen.weight:  32%|███▏      | 394/1223 [00:03<00:07, 113.23w/s, dev=1]
language_model.model.layers.13.self_attn.o_proj.weight:  32%|███▏      | 395/1223 [00:03<00:07, 113.49w/s, dev=1]        
language_model.model.layers.13.self_attn.o_proj_moe_gen.weight:  32%|███▏      | 396/1223 [00:03<00:07, 113.61w/s, dev=1]
language_model.model.layers.13.self_attn.q_norm.weight:  32%|███▏      | 397/1223 [00:03<00:07, 113.73w/s, dev=1]        
language_model.model.layers.13.self_attn.q_norm_moe_gen.weight:  33%|███▎      | 398/1223 [00:03<00:07, 114.01w/s, dev=1]
language_model.model.layers.13.self_attn.q_proj.bias:  33%|███▎      | 399/1223 [00:03<00:07, 114.29w/s, dev=1]          
language_model.model.layers.13.self_attn.q_proj.weight:  33%|███▎      | 400/1223 [00:03<00:07, 114.53w/s, dev=1]
language_model.model.layers.13.self_attn.q_proj_moe_gen.bias:  33%|███▎      | 401/1223 [00:03<00:07, 114.65w/s, dev=1]
language_model.model.layers.13.self_attn.q_proj_moe_gen.weight:  33%|███▎      | 402/1223 [00:03<00:07, 114.93w/s, dev=1]
language_model.model.layers.13.self_attn.v_proj.bias:  33%|███▎      | 403/1223 [00:03<00:07, 115.04w/s, dev=1]          
language_model.model.layers.13.self_attn.v_proj.weight:  33%|███▎      | 404/1223 [00:03<00:07, 115.32w/s, dev=1]
language_model.model.layers.13.self_attn.v_proj_moe_gen.bias:  33%|███▎      | 405/1223 [00:03<00:07, 115.58w/s, dev=1]
language_model.model.layers.13.self_attn.v_proj_moe_gen.weight:  33%|███▎      | 406/1223 [00:03<00:07, 115.86w/s, dev=1]
language_model.model.layers.14.input_layernorm.weight:  33%|███▎      | 407/1223 [00:03<00:07, 116.12w/s, dev=1]         
language_model.model.layers.14.input_layernorm_moe_gen.weight:  33%|███▎      | 408/1223 [00:03<00:07, 116.40w/s, dev=1]
language_model.model.layers.14.mlp.down_proj.weight:  33%|███▎      | 409/1223 [00:03<00:06, 116.68w/s, dev=1]          
language_model.model.layers.14.mlp.gate_proj.weight:  34%|███▎      | 410/1223 [00:03<00:07, 116.12w/s, dev=1]
language_model.model.layers.14.mlp.up_proj.weight:  34%|███▎      | 411/1223 [00:03<00:07, 115.57w/s, dev=1]  
language_model.model.layers.14.mlp.up_proj.weight:  34%|███▎      | 412/1223 [00:03<00:07, 115.02w/s, dev=1]
language_model.model.layers.14.mlp_moe_gen.down_proj.weight:  34%|███▎      | 412/1223 [00:03<00:07, 115.01w/s, dev=1]
language_model.model.layers.14.mlp_moe_gen.gate_proj.weight:  34%|███▍      | 413/1223 [00:03<00:07, 114.48w/s, dev=1]
language_model.model.layers.14.mlp_moe_gen.up_proj.weight:  34%|███▍      | 414/1223 [00:03<00:07, 113.95w/s, dev=1]  
language_model.model.layers.14.post_attention_layernorm.weight:  34%|███▍      | 415/1223 [00:03<00:07, 113.42w/s, dev=1]
language_model.model.layers.14.post_attention_layernorm_moe_gen.weight:  34%|███▍      | 416/1223 [00:03<00:07, 113.69w/s, dev=1]
language_model.model.layers.14.self_attn.k_norm.weight:  34%|███▍      | 417/1223 [00:03<00:07, 113.96w/s, dev=1]                
language_model.model.layers.14.self_attn.k_norm_moe_gen.weight:  34%|███▍      | 418/1223 [00:03<00:07, 114.23w/s, dev=1]
language_model.model.layers.14.self_attn.k_proj.bias:  34%|███▍      | 419/1223 [00:03<00:07, 114.50w/s, dev=1]          
language_model.model.layers.14.self_attn.k_proj.weight:  34%|███▍      | 420/1223 [00:03<00:06, 114.77w/s, dev=1]
language_model.model.layers.14.self_attn.k_proj_moe_gen.bias:  34%|███▍      | 421/1223 [00:03<00:06, 115.01w/s, dev=1]
language_model.model.layers.14.self_attn.k_proj_moe_gen.weight:  35%|███▍      | 422/1223 [00:03<00:06, 115.28w/s, dev=1]
language_model.model.layers.14.self_attn.o_proj.weight:  35%|███▍      | 423/1223 [00:03<00:06, 115.53w/s, dev=1]        
language_model.model.layers.14.self_attn.o_proj_moe_gen.weight:  35%|███▍      | 424/1223 [00:03<00:06, 115.64w/s, dev=1]
language_model.model.layers.14.self_attn.q_norm.weight:  35%|███▍      | 425/1223 [00:03<00:06, 115.75w/s, dev=1]        
language_model.model.layers.14.self_attn.q_norm_moe_gen.weight:  35%|███▍      | 426/1223 [00:03<00:06, 116.01w/s, dev=1]
language_model.model.layers.14.self_attn.q_proj.bias:  35%|███▍      | 427/1223 [00:03<00:06, 116.28w/s, dev=1]          
language_model.model.layers.14.self_attn.q_proj.weight:  35%|███▍      | 428/1223 [00:03<00:06, 116.55w/s, dev=1]
language_model.model.layers.14.self_attn.q_proj_moe_gen.bias:  35%|███▌      | 429/1223 [00:03<00:06, 116.66w/s, dev=1]
language_model.model.layers.14.self_attn.q_proj_moe_gen.weight:  35%|███▌      | 430/1223 [00:03<00:06, 116.93w/s, dev=1]
language_model.model.layers.14.self_attn.v_proj.bias:  35%|███▌      | 431/1223 [00:03<00:06, 117.04w/s, dev=1]          
language_model.model.layers.14.self_attn.v_proj.weight:  35%|███▌      | 432/1223 [00:03<00:06, 117.30w/s, dev=1]
language_model.model.layers.14.self_attn.v_proj_moe_gen.bias:  35%|███▌      | 433/1223 [00:03<00:06, 117.55w/s, dev=1]
language_model.model.layers.14.self_attn.v_proj_moe_gen.weight:  35%|███▌      | 434/1223 [00:03<00:06, 117.81w/s, dev=1]
language_model.model.layers.15.input_layernorm.weight:  36%|███▌      | 435/1223 [00:03<00:06, 118.06w/s, dev=1]         
language_model.model.layers.15.input_layernorm_moe_gen.weight:  36%|███▌      | 436/1223 [00:03<00:06, 118.32w/s, dev=1]
language_model.model.layers.15.mlp.down_proj.weight:  36%|███▌      | 437/1223 [00:03<00:06, 118.59w/s, dev=1]          
language_model.model.layers.15.mlp.gate_proj.weight:  36%|███▌      | 438/1223 [00:03<00:06, 118.05w/s, dev=1]
language_model.model.layers.15.mlp.up_proj.weight:  36%|███▌      | 439/1223 [00:03<00:06, 117.51w/s, dev=1]  
language_model.model.layers.15.mlp_moe_gen.down_proj.weight:  36%|███▌      | 440/1223 [00:03<00:06, 116.97w/s, dev=1]
language_model.model.layers.15.mlp_moe_gen.gate_proj.weight:  36%|███▌      | 441/1223 [00:03<00:06, 116.45w/s, dev=1]
language_model.model.layers.15.mlp_moe_gen.up_proj.weight:  36%|███▌      | 442/1223 [00:03<00:06, 115.89w/s, dev=1]  
language_model.model.layers.15.post_attention_layernorm.weight:  36%|███▌      | 443/1223 [00:03<00:06, 115.38w/s, dev=1]
language_model.model.layers.15.post_attention_layernorm_moe_gen.weight:  36%|███▋      | 444/1223 [00:03<00:06, 115.63w/s, dev=1]
language_model.model.layers.15.self_attn.k_norm.weight:  36%|███▋      | 445/1223 [00:03<00:06, 115.89w/s, dev=1]                
language_model.model.layers.15.self_attn.k_norm_moe_gen.weight:  36%|███▋      | 446/1223 [00:03<00:06, 116.15w/s, dev=1]
language_model.model.layers.15.self_attn.k_proj.bias:  37%|███▋      | 447/1223 [00:03<00:06, 116.41w/s, dev=1]          
language_model.model.layers.15.self_attn.k_proj.bias:  37%|███▋      | 448/1223 [00:03<00:06, 116.66w/s, dev=1]
language_model.model.layers.15.self_attn.k_proj.weight:  37%|███▋      | 448/1223 [00:03<00:06, 116.66w/s, dev=1]
language_model.model.layers.15.self_attn.k_proj_moe_gen.bias:  37%|███▋      | 449/1223 [00:03<00:06, 116.90w/s, dev=1]
language_model.model.layers.15.self_attn.k_proj_moe_gen.weight:  37%|███▋      | 450/1223 [00:03<00:06, 117.15w/s, dev=1]
language_model.model.layers.15.self_attn.o_proj.weight:  37%|███▋      | 451/1223 [00:03<00:06, 117.38w/s, dev=1]        
language_model.model.layers.15.self_attn.o_proj_moe_gen.weight:  37%|███▋      | 452/1223 [00:03<00:06, 117.48w/s, dev=1]
language_model.model.layers.15.self_attn.q_norm.weight:  37%|███▋      | 453/1223 [00:03<00:06, 117.58w/s, dev=1]        
language_model.model.layers.15.self_attn.q_norm_moe_gen.weight:  37%|███▋      | 454/1223 [00:03<00:06, 117.84w/s, dev=1]
language_model.model.layers.15.self_attn.q_proj.bias:  37%|███▋      | 455/1223 [00:03<00:06, 118.09w/s, dev=1]          
language_model.model.layers.15.self_attn.q_proj.weight:  37%|███▋      | 456/1223 [00:03<00:06, 118.35w/s, dev=1]
language_model.model.layers.15.self_attn.q_proj_moe_gen.bias:  37%|███▋      | 457/1223 [00:03<00:06, 118.45w/s, dev=1]
language_model.model.layers.15.self_attn.q_proj_moe_gen.weight:  37%|███▋      | 458/1223 [00:03<00:06, 118.70w/s, dev=1]
language_model.model.layers.15.self_attn.v_proj.bias:  38%|███▊      | 459/1223 [00:03<00:06, 118.80w/s, dev=1]          
language_model.model.layers.15.self_attn.v_proj.weight:  38%|███▊      | 460/1223 [00:03<00:06, 119.06w/s, dev=1]
language_model.model.layers.15.self_attn.v_proj_moe_gen.bias:  38%|███▊      | 461/1223 [00:03<00:06, 119.29w/s, dev=1]
language_model.model.layers.15.self_attn.v_proj_moe_gen.weight:  38%|███▊      | 462/1223 [00:03<00:06, 119.54w/s, dev=1]
language_model.model.layers.16.input_layernorm.weight:  38%|███▊      | 463/1223 [00:03<00:06, 119.78w/s, dev=1]         
language_model.model.layers.16.input_layernorm_moe_gen.weight:  38%|███▊      | 464/1223 [00:03<00:06, 120.03w/s, dev=1]
language_model.model.layers.16.mlp.down_proj.weight:  38%|███▊      | 465/1223 [00:03<00:06, 120.29w/s, dev=1]          
language_model.model.layers.16.mlp.gate_proj.weight:  38%|███▊      | 466/1223 [00:03<00:06, 119.75w/s, dev=1]
language_model.model.layers.16.mlp.up_proj.weight:  38%|███▊      | 467/1223 [00:03<00:06, 119.22w/s, dev=1]  
language_model.model.layers.16.mlp_moe_gen.down_proj.weight:  38%|███▊      | 468/1223 [00:03<00:06, 118.70w/s, dev=1]
language_model.model.layers.16.mlp_moe_gen.gate_proj.weight:  38%|███▊      | 469/1223 [00:03<00:06, 118.19w/s, dev=1]
language_model.model.layers.16.mlp_moe_gen.up_proj.weight:  38%|███▊      | 470/1223 [00:03<00:06, 117.69w/s, dev=1]  
language_model.model.layers.16.post_attention_layernorm.weight:  39%|███▊      | 471/1223 [00:04<00:06, 117.19w/s, dev=1]
language_model.model.layers.16.post_attention_layernorm_moe_gen.weight:  39%|███▊      | 472/1223 [00:04<00:06, 117.43w/s, dev=1]
language_model.model.layers.16.self_attn.k_norm.weight:  39%|███▊      | 473/1223 [00:04<00:06, 117.68w/s, dev=1]                
language_model.model.layers.16.self_attn.k_norm_moe_gen.weight:  39%|███▉      | 474/1223 [00:04<00:06, 117.92w/s, dev=1]
language_model.model.layers.16.self_attn.k_proj.bias:  39%|███▉      | 475/1223 [00:04<00:06, 118.17w/s, dev=1]          
language_model.model.layers.16.self_attn.k_proj.weight:  39%|███▉      | 476/1223 [00:04<00:06, 118.41w/s, dev=1]
language_model.model.layers.16.self_attn.k_proj_moe_gen.bias:  39%|███▉      | 477/1223 [00:04<00:06, 118.64w/s, dev=1]
language_model.model.layers.16.self_attn.k_proj_moe_gen.weight:  39%|███▉      | 478/1223 [00:04<00:06, 118.88w/s, dev=1]
language_model.model.layers.16.self_attn.o_proj.weight:  39%|███▉      | 479/1223 [00:04<00:06, 119.11w/s, dev=1]        
language_model.model.layers.16.self_attn.o_proj_moe_gen.weight:  39%|███▉      | 480/1223 [00:04<00:06, 119.20w/s, dev=1]
language_model.model.layers.16.self_attn.q_norm.weight:  39%|███▉      | 481/1223 [00:04<00:06, 119.30w/s, dev=1]        
language_model.model.layers.16.self_attn.q_norm_moe_gen.weight:  39%|███▉      | 482/1223 [00:04<00:06, 119.54w/s, dev=1]
language_model.model.layers.16.self_attn.q_proj.bias:  39%|███▉      | 483/1223 [00:04<00:06, 119.78w/s, dev=1]          
language_model.model.layers.16.self_attn.q_proj.bias:  40%|███▉      | 484/1223 [00:04<00:06, 120.03w/s, dev=1]
language_model.model.layers.16.self_attn.q_proj.weight:  40%|███▉      | 484/1223 [00:04<00:06, 120.03w/s, dev=1]
language_model.model.layers.16.self_attn.q_proj_moe_gen.bias:  40%|███▉      | 485/1223 [00:04<00:06, 120.12w/s, dev=1]
language_model.model.layers.16.self_attn.q_proj_moe_gen.weight:  40%|███▉      | 486/1223 [00:04<00:06, 120.37w/s, dev=1]
language_model.model.layers.16.self_attn.v_proj.bias:  40%|███▉      | 487/1223 [00:04<00:06, 120.46w/s, dev=1]          
language_model.model.layers.16.self_attn.v_proj.weight:  40%|███▉      | 488/1223 [00:04<00:06, 120.71w/s, dev=1]
language_model.model.layers.16.self_attn.v_proj_moe_gen.bias:  40%|███▉      | 489/1223 [00:04<00:06, 120.92w/s, dev=1]
language_model.model.layers.16.self_attn.v_proj_moe_gen.weight:  40%|████      | 490/1223 [00:04<00:06, 121.16w/s, dev=1]
language_model.model.layers.17.input_layernorm.weight:  40%|████      | 491/1223 [00:04<00:06, 121.39w/s, dev=1]         
language_model.model.layers.17.input_layernorm_moe_gen.weight:  40%|████      | 492/1223 [00:04<00:06, 121.63w/s, dev=1]
language_model.model.layers.17.mlp.down_proj.weight:  40%|████      | 493/1223 [00:04<00:05, 121.87w/s, dev=1]          
language_model.model.layers.17.mlp.gate_proj.weight:  40%|████      | 494/1223 [00:04<00:06, 121.36w/s, dev=1]
language_model.model.layers.17.mlp.up_proj.weight:  40%|████      | 495/1223 [00:04<00:06, 120.84w/s, dev=1]  
language_model.model.layers.17.mlp_moe_gen.down_proj.weight:  41%|████      | 496/1223 [00:04<00:06, 120.33w/s, dev=1]
language_model.model.layers.17.mlp_moe_gen.gate_proj.weight:  41%|████      | 497/1223 [00:04<00:06, 119.83w/s, dev=1]
language_model.model.layers.17.mlp_moe_gen.up_proj.weight:  41%|████      | 498/1223 [00:04<00:06, 119.34w/s, dev=1]  
language_model.model.layers.17.post_attention_layernorm.weight:  41%|████      | 499/1223 [00:04<00:06, 118.85w/s, dev=1]
language_model.model.layers.17.post_attention_layernorm_moe_gen.weight:  41%|████      | 500/1223 [00:04<00:06, 119.08w/s, dev=1]
language_model.model.layers.17.self_attn.k_norm.weight:  41%|████      | 501/1223 [00:04<00:06, 119.32w/s, dev=1]                
language_model.model.layers.17.self_attn.k_norm_moe_gen.weight:  41%|████      | 502/1223 [00:04<00:06, 119.55w/s, dev=1]
language_model.model.layers.17.self_attn.k_proj.bias:  41%|████      | 503/1223 [00:04<00:06, 119.79w/s, dev=1]          
language_model.model.layers.17.self_attn.k_proj.weight:  41%|████      | 504/1223 [00:04<00:05, 120.02w/s, dev=1]
language_model.model.layers.17.self_attn.k_proj_moe_gen.bias:  41%|████▏     | 505/1223 [00:04<00:05, 120.24w/s, dev=1]
language_model.model.layers.17.self_attn.k_proj_moe_gen.weight:  41%|████▏     | 506/1223 [00:04<00:05, 120.47w/s, dev=1]
language_model.model.layers.17.self_attn.o_proj.weight:  41%|████▏     | 507/1223 [00:04<00:05, 120.68w/s, dev=1]        
language_model.model.layers.17.self_attn.o_proj_moe_gen.weight:  42%|████▏     | 508/1223 [00:04<00:05, 120.77w/s, dev=1]
language_model.model.layers.17.self_attn.q_norm.weight:  42%|████▏     | 509/1223 [00:04<00:05, 120.86w/s, dev=1]        
language_model.model.layers.17.self_attn.q_norm_moe_gen.weight:  42%|████▏     | 510/1223 [00:04<00:05, 121.10w/s, dev=1]
language_model.model.layers.17.self_attn.q_proj.bias:  42%|████▏     | 511/1223 [00:04<00:05, 121.33w/s, dev=1]          
language_model.model.layers.17.self_attn.q_proj.weight:  42%|████▏     | 512/1223 [00:04<00:05, 121.57w/s, dev=1]
language_model.model.layers.17.self_attn.q_proj_moe_gen.bias:  42%|████▏     | 513/1223 [00:04<00:05, 121.66w/s, dev=1]
language_model.model.layers.17.self_attn.q_proj_moe_gen.weight:  42%|████▏     | 514/1223 [00:04<00:05, 121.89w/s, dev=1]
language_model.model.layers.17.self_attn.v_proj.bias:  42%|████▏     | 515/1223 [00:04<00:05, 121.98w/s, dev=1]          
language_model.model.layers.17.self_attn.v_proj.weight:  42%|████▏     | 516/1223 [00:04<00:05, 122.21w/s, dev=1]
language_model.model.layers.17.self_attn.v_proj_moe_gen.bias:  42%|████▏     | 517/1223 [00:04<00:05, 122.42w/s, dev=1]
language_model.model.layers.17.self_attn.v_proj_moe_gen.weight:  42%|████▏     | 518/1223 [00:04<00:05, 122.65w/s, dev=1]
language_model.model.layers.18.input_layernorm.weight:  42%|████▏     | 519/1223 [00:04<00:05, 122.86w/s, dev=1]         
language_model.model.layers.18.input_layernorm.weight:  43%|████▎     | 520/1223 [00:04<00:05, 123.09w/s, dev=1]
language_model.model.layers.18.input_layernorm_moe_gen.weight:  43%|████▎     | 520/1223 [00:04<00:05, 123.09w/s, dev=1]
language_model.model.layers.18.mlp.down_proj.weight:  43%|████▎     | 521/1223 [00:04<00:05, 123.33w/s, dev=1]          
language_model.model.layers.18.mlp.gate_proj.weight:  43%|████▎     | 522/1223 [00:04<00:05, 122.82w/s, dev=1]
language_model.model.layers.18.mlp.up_proj.weight:  43%|████▎     | 523/1223 [00:04<00:05, 122.32w/s, dev=1]  
language_model.model.layers.18.mlp_moe_gen.down_proj.weight:  43%|████▎     | 524/1223 [00:04<00:05, 121.81w/s, dev=1]
language_model.model.layers.18.mlp_moe_gen.gate_proj.weight:  43%|████▎     | 525/1223 [00:04<00:05, 121.32w/s, dev=1]
language_model.model.layers.18.mlp_moe_gen.up_proj.weight:  43%|████▎     | 526/1223 [00:04<00:05, 120.83w/s, dev=1]  
language_model.model.layers.18.post_attention_layernorm.weight:  43%|████▎     | 527/1223 [00:04<00:05, 120.34w/s, dev=1]
language_model.model.layers.18.post_attention_layernorm_moe_gen.weight:  43%|████▎     | 528/1223 [00:04<00:05, 120.56w/s, dev=1]
language_model.model.layers.18.self_attn.k_norm.weight:  43%|████▎     | 529/1223 [00:04<00:05, 120.79w/s, dev=1]                
language_model.model.layers.18.self_attn.k_norm_moe_gen.weight:  43%|████▎     | 530/1223 [00:04<00:05, 121.01w/s, dev=1]
language_model.model.layers.18.self_attn.k_proj.bias:  43%|████▎     | 531/1223 [00:04<00:05, 121.24w/s, dev=1]          
language_model.model.layers.18.self_attn.k_proj.weight:  43%|████▎     | 532/1223 [00:04<00:05, 121.47w/s, dev=1]
language_model.model.layers.18.self_attn.k_proj_moe_gen.bias:  44%|████▎     | 533/1223 [00:04<00:05, 121.67w/s, dev=1]
language_model.model.layers.18.self_attn.k_proj_moe_gen.weight:  44%|████▎     | 534/1223 [00:04<00:05, 121.90w/s, dev=1]
language_model.model.layers.18.self_attn.o_proj.weight:  44%|████▎     | 535/1223 [00:04<00:05, 122.10w/s, dev=1]        
language_model.model.layers.18.self_attn.o_proj_moe_gen.weight:  44%|████▍     | 536/1223 [00:04<00:05, 122.18w/s, dev=1]
language_model.model.layers.18.self_attn.q_norm.weight:  44%|████▍     | 537/1223 [00:04<00:05, 122.27w/s, dev=1]        
language_model.model.layers.18.self_attn.q_norm_moe_gen.weight:  44%|████▍     | 538/1223 [00:04<00:05, 122.49w/s, dev=1]
language_model.model.layers.18.self_attn.q_proj.bias:  44%|████▍     | 539/1223 [00:04<00:05, 122.72w/s, dev=1]          
language_model.model.layers.18.self_attn.q_proj.weight:  44%|████▍     | 540/1223 [00:04<00:05, 122.94w/s, dev=1]
language_model.model.layers.18.self_attn.q_proj_moe_gen.bias:  44%|████▍     | 541/1223 [00:04<00:05, 123.02w/s, dev=1]
language_model.model.layers.18.self_attn.q_proj_moe_gen.weight:  44%|████▍     | 542/1223 [00:04<00:05, 123.25w/s, dev=1]
language_model.model.layers.18.self_attn.v_proj.bias:  44%|████▍     | 543/1223 [00:04<00:05, 123.33w/s, dev=1]          
language_model.model.layers.18.self_attn.v_proj.weight:  44%|████▍     | 544/1223 [00:04<00:05, 123.55w/s, dev=1]
language_model.model.layers.18.self_attn.v_proj_moe_gen.bias:  45%|████▍     | 545/1223 [00:04<00:05, 123.76w/s, dev=1]
language_model.model.layers.18.self_attn.v_proj_moe_gen.weight:  45%|████▍     | 546/1223 [00:04<00:05, 123.98w/s, dev=1]
language_model.model.layers.19.input_layernorm.weight:  45%|████▍     | 547/1223 [00:04<00:05, 124.18w/s, dev=1]         
language_model.model.layers.19.input_layernorm_moe_gen.weight:  45%|████▍     | 548/1223 [00:04<00:05, 124.41w/s, dev=1]
language_model.model.layers.19.mlp.down_proj.weight:  45%|████▍     | 549/1223 [00:04<00:05, 124.63w/s, dev=1]          
language_model.model.layers.19.mlp.gate_proj.weight:  45%|████▍     | 550/1223 [00:04<00:05, 124.14w/s, dev=1]
language_model.model.layers.19.mlp.up_proj.weight:  45%|████▌     | 551/1223 [00:04<00:05, 123.65w/s, dev=1]  
language_model.model.layers.19.mlp_moe_gen.down_proj.weight:  45%|████▌     | 552/1223 [00:04<00:05, 123.13w/s, dev=1]
language_model.model.layers.19.mlp_moe_gen.gate_proj.weight:  45%|████▌     | 553/1223 [00:04<00:05, 122.64w/s, dev=1]
language_model.model.layers.19.mlp_moe_gen.up_proj.weight:  45%|████▌     | 554/1223 [00:04<00:05, 122.17w/s, dev=1]  
language_model.model.layers.19.post_attention_layernorm.weight:  45%|████▌     | 555/1223 [00:04<00:05, 121.69w/s, dev=1]
language_model.model.layers.19.post_attention_layernorm.weight:  45%|████▌     | 556/1223 [00:04<00:05, 121.90w/s, dev=1]
language_model.model.layers.19.post_attention_layernorm_moe_gen.weight:  45%|████▌     | 556/1223 [00:04<00:05, 121.90w/s, dev=1]
language_model.model.layers.19.self_attn.k_norm.weight:  46%|████▌     | 557/1223 [00:04<00:05, 122.12w/s, dev=1]                
language_model.model.layers.19.self_attn.k_norm_moe_gen.weight:  46%|████▌     | 558/1223 [00:04<00:05, 122.34w/s, dev=1]
language_model.model.layers.19.self_attn.k_proj.bias:  46%|████▌     | 559/1223 [00:04<00:05, 122.55w/s, dev=1]          
language_model.model.layers.19.self_attn.k_proj.weight:  46%|████▌     | 560/1223 [00:04<00:05, 122.77w/s, dev=1]
language_model.model.layers.19.self_attn.k_proj_moe_gen.bias:  46%|████▌     | 561/1223 [00:04<00:05, 122.96w/s, dev=1]
language_model.model.layers.19.self_attn.k_proj_moe_gen.weight:  46%|████▌     | 562/1223 [00:04<00:05, 123.17w/s, dev=1]
language_model.model.layers.19.self_attn.o_proj.weight:  46%|████▌     | 563/1223 [00:04<00:05, 123.37w/s, dev=1]        
language_model.model.layers.19.self_attn.o_proj_moe_gen.weight:  46%|████▌     | 564/1223 [00:04<00:05, 123.45w/s, dev=1]
language_model.model.layers.19.self_attn.q_norm.weight:  46%|████▌     | 565/1223 [00:04<00:05, 123.52w/s, dev=1]        
language_model.model.layers.19.self_attn.q_norm_moe_gen.weight:  46%|████▋     | 566/1223 [00:04<00:05, 123.73w/s, dev=1]
language_model.model.layers.19.self_attn.q_proj.bias:  46%|████▋     | 567/1223 [00:04<00:05, 123.94w/s, dev=1]          
language_model.model.layers.19.self_attn.q_proj.weight:  46%|████▋     | 568/1223 [00:04<00:05, 124.16w/s, dev=1]
language_model.model.layers.19.self_attn.q_proj_moe_gen.bias:  47%|████▋     | 569/1223 [00:04<00:05, 124.14w/s, dev=1]
language_model.model.layers.19.self_attn.q_proj_moe_gen.weight:  47%|████▋     | 570/1223 [00:04<00:05, 124.35w/s, dev=1]
language_model.model.layers.19.self_attn.v_proj.bias:  47%|████▋     | 571/1223 [00:04<00:05, 124.43w/s, dev=1]          
language_model.model.layers.19.self_attn.v_proj.weight:  47%|████▋     | 572/1223 [00:04<00:05, 124.64w/s, dev=1]
language_model.model.layers.19.self_attn.v_proj_moe_gen.bias:  47%|████▋     | 573/1223 [00:04<00:05, 124.84w/s, dev=1]
language_model.model.layers.19.self_attn.v_proj_moe_gen.weight:  47%|████▋     | 574/1223 [00:04<00:05, 125.05w/s, dev=1]
language_model.model.layers.20.input_layernorm.weight:  47%|████▋     | 575/1223 [00:05<00:05, 112.89w/s, dev=cpu]       
language_model.model.layers.20.input_layernorm_moe_gen.weight:  47%|████▋     | 576/1223 [00:05<00:05, 113.08w/s, dev=cpu]
language_model.model.layers.20.mlp.down_proj.weight:  47%|████▋     | 577/1223 [00:05<00:05, 113.27w/s, dev=cpu]          
language_model.model.layers.20.mlp.gate_proj.weight:  47%|████▋     | 578/1223 [00:05<00:05, 113.46w/s, dev=cpu]
language_model.model.layers.20.mlp.up_proj.weight:  47%|████▋     | 579/1223 [00:05<00:05, 113.66w/s, dev=cpu]  
language_model.model.layers.20.mlp_moe_gen.down_proj.weight:  47%|████▋     | 580/1223 [00:05<00:05, 113.85w/s, dev=cpu]
language_model.model.layers.20.mlp_moe_gen.gate_proj.weight:  48%|████▊     | 581/1223 [00:05<00:05, 114.05w/s, dev=cpu]
language_model.model.layers.20.mlp_moe_gen.up_proj.weight:  48%|████▊     | 582/1223 [00:05<00:05, 114.24w/s, dev=cpu]  
language_model.model.layers.20.post_attention_layernorm.weight:  48%|████▊     | 583/1223 [00:05<00:05, 114.43w/s, dev=cpu]
language_model.model.layers.20.post_attention_layernorm_moe_gen.weight:  48%|████▊     | 584/1223 [00:05<00:05, 114.63w/s, dev=cpu]
language_model.model.layers.20.self_attn.k_norm.weight:  48%|████▊     | 585/1223 [00:05<00:05, 114.82w/s, dev=cpu]                
language_model.model.layers.20.self_attn.k_norm_moe_gen.weight:  48%|████▊     | 586/1223 [00:05<00:05, 115.02w/s, dev=cpu]
language_model.model.layers.20.self_attn.k_proj.bias:  48%|████▊     | 587/1223 [00:05<00:05, 115.21w/s, dev=cpu]          
language_model.model.layers.20.self_attn.k_proj.weight:  48%|████▊     | 588/1223 [00:05<00:05, 115.41w/s, dev=cpu]
language_model.model.layers.20.self_attn.k_proj_moe_gen.bias:  48%|████▊     | 589/1223 [00:05<00:05, 115.60w/s, dev=cpu]
language_model.model.layers.20.self_attn.k_proj_moe_gen.weight:  48%|████▊     | 590/1223 [00:05<00:05, 115.79w/s, dev=cpu]
language_model.model.layers.20.self_attn.o_proj.weight:  48%|████▊     | 591/1223 [00:05<00:05, 115.99w/s, dev=cpu]        
language_model.model.layers.20.self_attn.o_proj.weight:  48%|████▊     | 592/1223 [00:05<00:05, 116.18w/s, dev=cpu]
language_model.model.layers.20.self_attn.o_proj_moe_gen.weight:  48%|████▊     | 592/1223 [00:05<00:05, 116.18w/s, dev=cpu]
language_model.model.layers.20.self_attn.q_norm.weight:  48%|████▊     | 593/1223 [00:05<00:05, 116.38w/s, dev=cpu]        
language_model.model.layers.20.self_attn.q_norm_moe_gen.weight:  49%|████▊     | 594/1223 [00:05<00:05, 116.57w/s, dev=cpu]
language_model.model.layers.20.self_attn.q_proj.bias:  49%|████▊     | 595/1223 [00:05<00:05, 116.76w/s, dev=cpu]          
language_model.model.layers.20.self_attn.q_proj.weight:  49%|████▊     | 596/1223 [00:05<00:05, 116.96w/s, dev=cpu]
language_model.model.layers.20.self_attn.q_proj_moe_gen.bias:  49%|████▉     | 597/1223 [00:05<00:05, 117.15w/s, dev=cpu]
language_model.model.layers.20.self_attn.q_proj_moe_gen.weight:  49%|████▉     | 598/1223 [00:05<00:05, 117.35w/s, dev=cpu]
language_model.model.layers.20.self_attn.v_proj.bias:  49%|████▉     | 599/1223 [00:05<00:05, 117.54w/s, dev=cpu]          
language_model.model.layers.20.self_attn.v_proj.weight:  49%|████▉     | 600/1223 [00:05<00:05, 117.74w/s, dev=cpu]
language_model.model.layers.20.self_attn.v_proj_moe_gen.bias:  49%|████▉     | 601/1223 [00:05<00:05, 117.93w/s, dev=cpu]
language_model.model.layers.20.self_attn.v_proj_moe_gen.weight:  49%|████▉     | 602/1223 [00:05<00:05, 118.12w/s, dev=cpu]
language_model.model.layers.21.input_layernorm.weight:  49%|████▉     | 603/1223 [00:05<00:05, 118.32w/s, dev=cpu]         
language_model.model.layers.21.input_layernorm_moe_gen.weight:  49%|████▉     | 604/1223 [00:05<00:05, 118.51w/s, dev=cpu]
language_model.model.layers.21.mlp.down_proj.weight:  49%|████▉     | 605/1223 [00:05<00:05, 118.71w/s, dev=cpu]          
language_model.model.layers.21.mlp.gate_proj.weight:  50%|████▉     | 606/1223 [00:05<00:05, 118.90w/s, dev=cpu]
language_model.model.layers.21.mlp.up_proj.weight:  50%|████▉     | 607/1223 [00:05<00:05, 119.10w/s, dev=cpu]  
language_model.model.layers.21.mlp_moe_gen.down_proj.weight:  50%|████▉     | 608/1223 [00:05<00:05, 119.29w/s, dev=cpu]
language_model.model.layers.21.mlp_moe_gen.gate_proj.weight:  50%|████▉     | 609/1223 [00:05<00:05, 119.48w/s, dev=cpu]
language_model.model.layers.21.mlp_moe_gen.up_proj.weight:  50%|████▉     | 610/1223 [00:05<00:05, 119.68w/s, dev=cpu]  
language_model.model.layers.21.post_attention_layernorm.weight:  50%|████▉     | 611/1223 [00:05<00:05, 119.87w/s, dev=cpu]
language_model.model.layers.21.post_attention_layernorm_moe_gen.weight:  50%|█████     | 612/1223 [00:05<00:05, 120.07w/s, dev=cpu]
language_model.model.layers.21.self_attn.k_norm.weight:  50%|█████     | 613/1223 [00:05<00:05, 120.26w/s, dev=cpu]                
language_model.model.layers.21.self_attn.k_norm_moe_gen.weight:  50%|█████     | 614/1223 [00:05<00:05, 120.45w/s, dev=cpu]
language_model.model.layers.21.self_attn.k_proj.bias:  50%|█████     | 615/1223 [00:05<00:05, 120.65w/s, dev=cpu]          
language_model.model.layers.21.self_attn.k_proj.weight:  50%|█████     | 616/1223 [00:05<00:05, 120.84w/s, dev=cpu]
language_model.model.layers.21.self_attn.k_proj_moe_gen.bias:  50%|█████     | 617/1223 [00:05<00:05, 121.04w/s, dev=cpu]
language_model.model.layers.21.self_attn.k_proj_moe_gen.weight:  51%|█████     | 618/1223 [00:05<00:04, 121.23w/s, dev=cpu]
language_model.model.layers.21.self_attn.o_proj.weight:  51%|█████     | 619/1223 [00:05<00:04, 121.43w/s, dev=cpu]        
language_model.model.layers.21.self_attn.o_proj_moe_gen.weight:  51%|█████     | 620/1223 [00:05<00:04, 121.62w/s, dev=cpu]
language_model.model.layers.21.self_attn.q_norm.weight:  51%|█████     | 621/1223 [00:05<00:04, 121.81w/s, dev=cpu]        
language_model.model.layers.21.self_attn.q_norm_moe_gen.weight:  51%|█████     | 622/1223 [00:05<00:04, 122.01w/s, dev=cpu]
language_model.model.layers.21.self_attn.q_proj.bias:  51%|█████     | 623/1223 [00:05<00:04, 122.20w/s, dev=cpu]          
language_model.model.layers.21.self_attn.q_proj.weight:  51%|█████     | 624/1223 [00:05<00:04, 122.40w/s, dev=cpu]
language_model.model.layers.21.self_attn.q_proj_moe_gen.bias:  51%|█████     | 625/1223 [00:05<00:04, 122.59w/s, dev=cpu]
language_model.model.layers.21.self_attn.q_proj_moe_gen.weight:  51%|█████     | 626/1223 [00:05<00:04, 122.79w/s, dev=cpu]
language_model.model.layers.21.self_attn.v_proj.bias:  51%|█████▏    | 627/1223 [00:05<00:04, 122.98w/s, dev=cpu]          
language_model.model.layers.21.self_attn.v_proj.weight:  51%|█████▏    | 628/1223 [00:05<00:04, 123.17w/s, dev=cpu]
language_model.model.layers.21.self_attn.v_proj_moe_gen.bias:  51%|█████▏    | 629/1223 [00:05<00:04, 123.37w/s, dev=cpu]
language_model.model.layers.21.self_attn.v_proj_moe_gen.weight:  52%|█████▏    | 630/1223 [00:05<00:04, 123.56w/s, dev=cpu]
language_model.model.layers.22.input_layernorm.weight:  52%|█████▏    | 631/1223 [00:05<00:04, 123.76w/s, dev=cpu]         
language_model.model.layers.22.input_layernorm_moe_gen.weight:  52%|█████▏    | 632/1223 [00:05<00:04, 123.95w/s, dev=cpu]
language_model.model.layers.22.mlp.down_proj.weight:  52%|█████▏    | 633/1223 [00:05<00:04, 124.14w/s, dev=cpu]          
language_model.model.layers.22.mlp.gate_proj.weight:  52%|█████▏    | 634/1223 [00:05<00:04, 124.34w/s, dev=cpu]
language_model.model.layers.22.mlp.up_proj.weight:  52%|█████▏    | 635/1223 [00:05<00:04, 124.53w/s, dev=cpu]  
language_model.model.layers.22.mlp_moe_gen.down_proj.weight:  52%|█████▏    | 636/1223 [00:05<00:04, 124.73w/s, dev=cpu]
language_model.model.layers.22.mlp_moe_gen.gate_proj.weight:  52%|█████▏    | 637/1223 [00:05<00:04, 124.92w/s, dev=cpu]
language_model.model.layers.22.mlp_moe_gen.up_proj.weight:  52%|█████▏    | 638/1223 [00:05<00:04, 125.11w/s, dev=cpu]  
language_model.model.layers.22.post_attention_layernorm.weight:  52%|█████▏    | 639/1223 [00:05<00:04, 125.31w/s, dev=cpu]
language_model.model.layers.22.post_attention_layernorm_moe_gen.weight:  52%|█████▏    | 640/1223 [00:05<00:04, 125.50w/s, dev=cpu]
language_model.model.layers.22.self_attn.k_norm.weight:  52%|█████▏    | 641/1223 [00:05<00:04, 125.70w/s, dev=cpu]                
language_model.model.layers.22.self_attn.k_norm_moe_gen.weight:  52%|█████▏    | 642/1223 [00:05<00:04, 125.89w/s, dev=cpu]
language_model.model.layers.22.self_attn.k_proj.bias:  53%|█████▎    | 643/1223 [00:05<00:04, 126.08w/s, dev=cpu]          
language_model.model.layers.22.self_attn.k_proj.weight:  53%|█████▎    | 644/1223 [00:05<00:04, 126.28w/s, dev=cpu]
language_model.model.layers.22.self_attn.k_proj_moe_gen.bias:  53%|█████▎    | 645/1223 [00:05<00:04, 126.47w/s, dev=cpu]
language_model.model.layers.22.self_attn.k_proj_moe_gen.weight:  53%|█████▎    | 646/1223 [00:05<00:04, 126.67w/s, dev=cpu]
language_model.model.layers.22.self_attn.o_proj.weight:  53%|█████▎    | 647/1223 [00:05<00:04, 126.86w/s, dev=cpu]        
language_model.model.layers.22.self_attn.o_proj_moe_gen.weight:  53%|█████▎    | 648/1223 [00:05<00:04, 127.05w/s, dev=cpu]
language_model.model.layers.22.self_attn.q_norm.weight:  53%|█████▎    | 649/1223 [00:05<00:04, 127.25w/s, dev=cpu]        
language_model.model.layers.22.self_attn.q_norm_moe_gen.weight:  53%|█████▎    | 650/1223 [00:05<00:04, 127.44w/s, dev=cpu]
language_model.model.layers.22.self_attn.q_proj.bias:  53%|█████▎    | 651/1223 [00:05<00:04, 127.64w/s, dev=cpu]          
language_model.model.layers.22.self_attn.q_proj.weight:  53%|█████▎    | 652/1223 [00:05<00:04, 127.83w/s, dev=cpu]
language_model.model.layers.22.self_attn.q_proj_moe_gen.bias:  53%|█████▎    | 653/1223 [00:05<00:04, 128.02w/s, dev=cpu]
language_model.model.layers.22.self_attn.q_proj_moe_gen.weight:  53%|█████▎    | 654/1223 [00:05<00:04, 128.22w/s, dev=cpu]
language_model.model.layers.22.self_attn.v_proj.bias:  54%|█████▎    | 655/1223 [00:05<00:04, 128.41w/s, dev=cpu]          
language_model.model.layers.22.self_attn.v_proj.weight:  54%|█████▎    | 656/1223 [00:05<00:04, 128.61w/s, dev=cpu]
language_model.model.layers.22.self_attn.v_proj_moe_gen.bias:  54%|█████▎    | 657/1223 [00:05<00:04, 128.80w/s, dev=cpu]
language_model.model.layers.22.self_attn.v_proj_moe_gen.weight:  54%|█████▍    | 658/1223 [00:05<00:04, 129.00w/s, dev=cpu]
language_model.model.layers.23.input_layernorm.weight:  54%|█████▍    | 659/1223 [00:05<00:04, 129.19w/s, dev=cpu]         
language_model.model.layers.23.input_layernorm_moe_gen.weight:  54%|█████▍    | 660/1223 [00:05<00:04, 129.38w/s, dev=cpu]
language_model.model.layers.23.mlp.down_proj.weight:  54%|█████▍    | 661/1223 [00:05<00:04, 129.58w/s, dev=cpu]          
language_model.model.layers.23.mlp.gate_proj.weight:  54%|█████▍    | 662/1223 [00:05<00:04, 129.77w/s, dev=cpu]
language_model.model.layers.23.mlp.up_proj.weight:  54%|█████▍    | 663/1223 [00:05<00:04, 129.96w/s, dev=cpu]  
language_model.model.layers.23.mlp_moe_gen.down_proj.weight:  54%|█████▍    | 664/1223 [00:05<00:04, 130.16w/s, dev=cpu]
language_model.model.layers.23.mlp_moe_gen.gate_proj.weight:  54%|█████▍    | 665/1223 [00:05<00:04, 130.35w/s, dev=cpu]
language_model.model.layers.23.mlp_moe_gen.up_proj.weight:  54%|█████▍    | 666/1223 [00:05<00:04, 130.55w/s, dev=cpu]  
language_model.model.layers.23.post_attention_layernorm.weight:  55%|█████▍    | 667/1223 [00:05<00:04, 130.74w/s, dev=cpu]
language_model.model.layers.23.post_attention_layernorm_moe_gen.weight:  55%|█████▍    | 668/1223 [00:05<00:04, 130.93w/s, dev=cpu]
language_model.model.layers.23.self_attn.k_norm.weight:  55%|█████▍    | 669/1223 [00:05<00:04, 131.13w/s, dev=cpu]                
language_model.model.layers.23.self_attn.k_norm_moe_gen.weight:  55%|█████▍    | 670/1223 [00:05<00:04, 131.32w/s, dev=cpu]
language_model.model.layers.23.self_attn.k_proj.bias:  55%|█████▍    | 671/1223 [00:05<00:04, 131.51w/s, dev=cpu]          
language_model.model.layers.23.self_attn.k_proj.weight:  55%|█████▍    | 672/1223 [00:05<00:04, 131.71w/s, dev=cpu]
language_model.model.layers.23.self_attn.k_proj_moe_gen.bias:  55%|█████▌    | 673/1223 [00:05<00:04, 131.90w/s, dev=cpu]
language_model.model.layers.23.self_attn.k_proj_moe_gen.weight:  55%|█████▌    | 674/1223 [00:05<00:04, 132.10w/s, dev=cpu]
language_model.model.layers.23.self_attn.o_proj.weight:  55%|█████▌    | 675/1223 [00:05<00:04, 132.29w/s, dev=cpu]        
language_model.model.layers.23.self_attn.o_proj_moe_gen.weight:  55%|█████▌    | 676/1223 [00:05<00:04, 132.48w/s, dev=cpu]
language_model.model.layers.23.self_attn.q_norm.weight:  55%|█████▌    | 677/1223 [00:05<00:04, 132.68w/s, dev=cpu]        
language_model.model.layers.23.self_attn.q_norm_moe_gen.weight:  55%|█████▌    | 678/1223 [00:05<00:04, 132.87w/s, dev=cpu]
language_model.model.layers.23.self_attn.q_proj.bias:  56%|█████▌    | 679/1223 [00:05<00:04, 133.07w/s, dev=cpu]          
language_model.model.layers.23.self_attn.q_proj.weight:  56%|█████▌    | 680/1223 [00:05<00:04, 133.26w/s, dev=cpu]
language_model.model.layers.23.self_attn.q_proj_moe_gen.bias:  56%|█████▌    | 681/1223 [00:05<00:04, 133.45w/s, dev=cpu]
language_model.model.layers.23.self_attn.q_proj_moe_gen.weight:  56%|█████▌    | 682/1223 [00:05<00:04, 133.65w/s, dev=cpu]
language_model.model.layers.23.self_attn.v_proj.bias:  56%|█████▌    | 683/1223 [00:05<00:04, 133.84w/s, dev=cpu]          
language_model.model.layers.23.self_attn.v_proj.weight:  56%|█████▌    | 684/1223 [00:05<00:04, 134.03w/s, dev=cpu]
language_model.model.layers.23.self_attn.v_proj_moe_gen.bias:  56%|█████▌    | 685/1223 [00:05<00:04, 134.23w/s, dev=cpu]
language_model.model.layers.23.self_attn.v_proj_moe_gen.weight:  56%|█████▌    | 686/1223 [00:05<00:03, 134.42w/s, dev=cpu]
language_model.model.layers.24.input_layernorm.weight:  56%|█████▌    | 687/1223 [00:05<00:03, 134.62w/s, dev=cpu]         
language_model.model.layers.24.input_layernorm_moe_gen.weight:  56%|█████▋    | 688/1223 [00:05<00:03, 134.81w/s, dev=cpu]
language_model.model.layers.24.mlp.down_proj.weight:  56%|█████▋    | 689/1223 [00:05<00:03, 135.00w/s, dev=cpu]          
language_model.model.layers.24.mlp.gate_proj.weight:  56%|█████▋    | 690/1223 [00:05<00:03, 135.20w/s, dev=cpu]
language_model.model.layers.24.mlp.up_proj.weight:  57%|█████▋    | 691/1223 [00:05<00:03, 135.39w/s, dev=cpu]  
language_model.model.layers.24.mlp_moe_gen.down_proj.weight:  57%|█████▋    | 692/1223 [00:05<00:03, 135.58w/s, dev=cpu]
language_model.model.layers.24.mlp_moe_gen.gate_proj.weight:  57%|█████▋    | 693/1223 [00:05<00:03, 135.78w/s, dev=cpu]
language_model.model.layers.24.mlp_moe_gen.up_proj.weight:  57%|█████▋    | 694/1223 [00:05<00:03, 135.97w/s, dev=cpu]  
language_model.model.layers.24.post_attention_layernorm.weight:  57%|█████▋    | 695/1223 [00:05<00:03, 136.16w/s, dev=cpu]
language_model.model.layers.24.post_attention_layernorm_moe_gen.weight:  57%|█████▋    | 696/1223 [00:05<00:03, 136.36w/s, dev=cpu]
language_model.model.layers.24.self_attn.k_norm.weight:  57%|█████▋    | 697/1223 [00:05<00:03, 136.55w/s, dev=cpu]                
language_model.model.layers.24.self_attn.k_norm_moe_gen.weight:  57%|█████▋    | 698/1223 [00:05<00:03, 136.75w/s, dev=cpu]
language_model.model.layers.24.self_attn.k_proj.bias:  57%|█████▋    | 699/1223 [00:05<00:03, 136.94w/s, dev=cpu]          
language_model.model.layers.24.self_attn.k_proj.weight:  57%|█████▋    | 700/1223 [00:05<00:03, 137.13w/s, dev=cpu]
language_model.model.layers.24.self_attn.k_proj_moe_gen.bias:  57%|█████▋    | 701/1223 [00:05<00:03, 137.33w/s, dev=cpu]
language_model.model.layers.24.self_attn.k_proj_moe_gen.weight:  57%|█████▋    | 702/1223 [00:05<00:03, 137.52w/s, dev=cpu]
language_model.model.layers.24.self_attn.o_proj.weight:  57%|█████▋    | 703/1223 [00:05<00:03, 137.71w/s, dev=cpu]        
language_model.model.layers.24.self_attn.o_proj_moe_gen.weight:  58%|█████▊    | 704/1223 [00:05<00:03, 137.91w/s, dev=cpu]
language_model.model.layers.24.self_attn.q_norm.weight:  58%|█████▊    | 705/1223 [00:05<00:03, 138.10w/s, dev=cpu]        
language_model.model.layers.24.self_attn.q_norm_moe_gen.weight:  58%|█████▊    | 706/1223 [00:05<00:03, 138.30w/s, dev=cpu]
language_model.model.layers.24.self_attn.q_proj.bias:  58%|█████▊    | 707/1223 [00:05<00:03, 138.49w/s, dev=cpu]          
language_model.model.layers.24.self_attn.q_proj.weight:  58%|█████▊    | 708/1223 [00:05<00:03, 138.68w/s, dev=cpu]
language_model.model.layers.24.self_attn.q_proj_moe_gen.bias:  58%|█████▊    | 709/1223 [00:05<00:03, 138.88w/s, dev=cpu]
language_model.model.layers.24.self_attn.q_proj_moe_gen.weight:  58%|█████▊    | 710/1223 [00:05<00:03, 139.07w/s, dev=cpu]
language_model.model.layers.24.self_attn.v_proj.bias:  58%|█████▊    | 711/1223 [00:05<00:03, 139.26w/s, dev=cpu]          
language_model.model.layers.24.self_attn.v_proj.weight:  58%|█████▊    | 712/1223 [00:05<00:03, 139.46w/s, dev=cpu]
language_model.model.layers.24.self_attn.v_proj_moe_gen.bias:  58%|█████▊    | 713/1223 [00:05<00:03, 139.65w/s, dev=cpu]
language_model.model.layers.24.self_attn.v_proj_moe_gen.weight:  58%|█████▊    | 714/1223 [00:05<00:03, 139.85w/s, dev=cpu]
language_model.model.layers.25.input_layernorm.weight:  58%|█████▊    | 715/1223 [00:05<00:03, 140.04w/s, dev=cpu]         
language_model.model.layers.25.input_layernorm_moe_gen.weight:  59%|█████▊    | 716/1223 [00:05<00:03, 140.23w/s, dev=cpu]
language_model.model.layers.25.mlp.down_proj.weight:  59%|█████▊    | 717/1223 [00:05<00:03, 140.43w/s, dev=cpu]          
language_model.model.layers.25.mlp.gate_proj.weight:  59%|█████▊    | 718/1223 [00:05<00:03, 140.62w/s, dev=cpu]
language_model.model.layers.25.mlp.up_proj.weight:  59%|█████▉    | 719/1223 [00:05<00:03, 140.81w/s, dev=cpu]  
language_model.model.layers.25.mlp_moe_gen.down_proj.weight:  59%|█████▉    | 720/1223 [00:05<00:03, 141.01w/s, dev=cpu]
language_model.model.layers.25.mlp_moe_gen.gate_proj.weight:  59%|█████▉    | 721/1223 [00:05<00:03, 141.20w/s, dev=cpu]
language_model.model.layers.25.mlp_moe_gen.up_proj.weight:  59%|█████▉    | 722/1223 [00:05<00:03, 141.39w/s, dev=cpu]  
language_model.model.layers.25.post_attention_layernorm.weight:  59%|█████▉    | 723/1223 [00:05<00:03, 141.59w/s, dev=cpu]
language_model.model.layers.25.post_attention_layernorm_moe_gen.weight:  59%|█████▉    | 724/1223 [00:05<00:03, 141.78w/s, dev=cpu]
language_model.model.layers.25.self_attn.k_norm.weight:  59%|█████▉    | 725/1223 [00:05<00:03, 141.97w/s, dev=cpu]                
language_model.model.layers.25.self_attn.k_norm_moe_gen.weight:  59%|█████▉    | 726/1223 [00:05<00:03, 142.17w/s, dev=cpu]
language_model.model.layers.25.self_attn.k_proj.bias:  59%|█████▉    | 727/1223 [00:05<00:03, 142.36w/s, dev=cpu]          
language_model.model.layers.25.self_attn.k_proj.weight:  60%|█████▉    | 728/1223 [00:05<00:03, 142.55w/s, dev=cpu]
language_model.model.layers.25.self_attn.k_proj_moe_gen.bias:  60%|█████▉    | 729/1223 [00:05<00:03, 142.75w/s, dev=cpu]
language_model.model.layers.25.self_attn.k_proj_moe_gen.weight:  60%|█████▉    | 730/1223 [00:05<00:03, 142.94w/s, dev=cpu]
language_model.model.layers.25.self_attn.o_proj.weight:  60%|█████▉    | 731/1223 [00:05<00:03, 143.13w/s, dev=cpu]        
language_model.model.layers.25.self_attn.o_proj_moe_gen.weight:  60%|█████▉    | 732/1223 [00:05<00:03, 143.33w/s, dev=cpu]
language_model.model.layers.25.self_attn.q_norm.weight:  60%|█████▉    | 733/1223 [00:05<00:03, 143.52w/s, dev=cpu]        
language_model.model.layers.25.self_attn.q_norm_moe_gen.weight:  60%|██████    | 734/1223 [00:05<00:03, 143.71w/s, dev=cpu]
language_model.model.layers.25.self_attn.q_proj.bias:  60%|██████    | 735/1223 [00:05<00:03, 143.91w/s, dev=cpu]          
language_model.model.layers.25.self_attn.q_proj.weight:  60%|██████    | 736/1223 [00:05<00:03, 144.10w/s, dev=cpu]
language_model.model.layers.25.self_attn.q_proj_moe_gen.bias:  60%|██████    | 737/1223 [00:05<00:03, 144.30w/s, dev=cpu]
language_model.model.layers.25.self_attn.q_proj_moe_gen.weight:  60%|██████    | 738/1223 [00:05<00:03, 144.49w/s, dev=cpu]
language_model.model.layers.25.self_attn.v_proj.bias:  60%|██████    | 739/1223 [00:05<00:03, 144.68w/s, dev=cpu]          
language_model.model.layers.25.self_attn.v_proj.weight:  61%|██████    | 740/1223 [00:05<00:03, 144.88w/s, dev=cpu]
language_model.model.layers.25.self_attn.v_proj_moe_gen.bias:  61%|██████    | 741/1223 [00:05<00:03, 145.07w/s, dev=cpu]
language_model.model.layers.25.self_attn.v_proj_moe_gen.weight:  61%|██████    | 742/1223 [00:05<00:03, 145.26w/s, dev=cpu]
language_model.model.layers.26.input_layernorm.weight:  61%|██████    | 743/1223 [00:05<00:03, 145.46w/s, dev=cpu]         
language_model.model.layers.26.input_layernorm_moe_gen.weight:  61%|██████    | 744/1223 [00:05<00:03, 145.65w/s, dev=cpu]
language_model.model.layers.26.mlp.down_proj.weight:  61%|██████    | 745/1223 [00:05<00:03, 145.84w/s, dev=cpu]          
language_model.model.layers.26.mlp.gate_proj.weight:  61%|██████    | 746/1223 [00:05<00:03, 146.04w/s, dev=cpu]
language_model.model.layers.26.mlp.up_proj.weight:  61%|██████    | 747/1223 [00:05<00:03, 146.23w/s, dev=cpu]  
language_model.model.layers.26.mlp_moe_gen.down_proj.weight:  61%|██████    | 748/1223 [00:05<00:03, 146.42w/s, dev=cpu]
language_model.model.layers.26.mlp_moe_gen.gate_proj.weight:  61%|██████    | 749/1223 [00:05<00:03, 146.62w/s, dev=cpu]
language_model.model.layers.26.mlp_moe_gen.up_proj.weight:  61%|██████▏   | 750/1223 [00:05<00:03, 146.81w/s, dev=cpu]  
language_model.model.layers.26.post_attention_layernorm.weight:  61%|██████▏   | 751/1223 [00:05<00:03, 147.00w/s, dev=cpu]
language_model.model.layers.26.post_attention_layernorm_moe_gen.weight:  61%|██████▏   | 752/1223 [00:05<00:03, 147.19w/s, dev=cpu]
language_model.model.layers.26.self_attn.k_norm.weight:  62%|██████▏   | 753/1223 [00:05<00:03, 147.39w/s, dev=cpu]                
language_model.model.layers.26.self_attn.k_norm_moe_gen.weight:  62%|██████▏   | 754/1223 [00:05<00:03, 147.58w/s, dev=cpu]
language_model.model.layers.26.self_attn.k_proj.bias:  62%|██████▏   | 755/1223 [00:05<00:03, 147.77w/s, dev=cpu]          
language_model.model.layers.26.self_attn.k_proj.weight:  62%|██████▏   | 756/1223 [00:05<00:03, 147.97w/s, dev=cpu]
language_model.model.layers.26.self_attn.k_proj_moe_gen.bias:  62%|██████▏   | 757/1223 [00:05<00:03, 148.16w/s, dev=cpu]
language_model.model.layers.26.self_attn.k_proj_moe_gen.weight:  62%|██████▏   | 758/1223 [00:05<00:03, 148.35w/s, dev=cpu]
language_model.model.layers.26.self_attn.o_proj.weight:  62%|██████▏   | 759/1223 [00:05<00:03, 148.55w/s, dev=cpu]        
language_model.model.layers.26.self_attn.o_proj_moe_gen.weight:  62%|██████▏   | 760/1223 [00:05<00:03, 148.74w/s, dev=cpu]
language_model.model.layers.26.self_attn.q_norm.weight:  62%|██████▏   | 761/1223 [00:05<00:03, 148.94w/s, dev=cpu]        
language_model.model.layers.26.self_attn.q_norm_moe_gen.weight:  62%|██████▏   | 762/1223 [00:05<00:03, 149.13w/s, dev=cpu]
language_model.model.layers.26.self_attn.q_proj.bias:  62%|██████▏   | 763/1223 [00:05<00:03, 149.32w/s, dev=cpu]          
language_model.model.layers.26.self_attn.q_proj.weight:  62%|██████▏   | 764/1223 [00:05<00:03, 149.52w/s, dev=cpu]
language_model.model.layers.26.self_attn.q_proj_moe_gen.bias:  63%|██████▎   | 765/1223 [00:05<00:03, 149.71w/s, dev=cpu]
language_model.model.layers.26.self_attn.q_proj_moe_gen.weight:  63%|██████▎   | 766/1223 [00:05<00:03, 149.90w/s, dev=cpu]
language_model.model.layers.26.self_attn.v_proj.bias:  63%|██████▎   | 767/1223 [00:05<00:03, 150.10w/s, dev=cpu]          
language_model.model.layers.26.self_attn.v_proj.weight:  63%|██████▎   | 768/1223 [00:05<00:03, 150.29w/s, dev=cpu]
language_model.model.layers.26.self_attn.v_proj_moe_gen.bias:  63%|██████▎   | 769/1223 [00:05<00:03, 150.48w/s, dev=cpu]
language_model.model.layers.26.self_attn.v_proj_moe_gen.weight:  63%|██████▎   | 770/1223 [00:05<00:03, 150.68w/s, dev=cpu]
language_model.model.layers.27.input_layernorm.weight:  63%|██████▎   | 771/1223 [00:05<00:02, 150.87w/s, dev=cpu]         
language_model.model.layers.27.input_layernorm_moe_gen.weight:  63%|██████▎   | 772/1223 [00:05<00:02, 151.06w/s, dev=cpu]
language_model.model.layers.27.mlp.down_proj.weight:  63%|██████▎   | 773/1223 [00:05<00:02, 151.25w/s, dev=cpu]          
language_model.model.layers.27.mlp.gate_proj.weight:  63%|██████▎   | 774/1223 [00:05<00:02, 151.45w/s, dev=cpu]
language_model.model.layers.27.mlp.up_proj.weight:  63%|██████▎   | 775/1223 [00:05<00:02, 151.64w/s, dev=cpu]  
language_model.model.layers.27.mlp_moe_gen.down_proj.weight:  63%|██████▎   | 776/1223 [00:05<00:02, 151.83w/s, dev=cpu]
language_model.model.layers.27.mlp_moe_gen.gate_proj.weight:  64%|██████▎   | 777/1223 [00:05<00:02, 152.03w/s, dev=cpu]
language_model.model.layers.27.mlp_moe_gen.up_proj.weight:  64%|██████▎   | 778/1223 [00:05<00:02, 152.22w/s, dev=cpu]  
language_model.model.layers.27.post_attention_layernorm.weight:  64%|██████▎   | 779/1223 [00:05<00:02, 152.41w/s, dev=cpu]
language_model.model.layers.27.post_attention_layernorm_moe_gen.weight:  64%|██████▍   | 780/1223 [00:05<00:02, 152.60w/s, dev=cpu]
language_model.model.layers.27.self_attn.k_norm.weight:  64%|██████▍   | 781/1223 [00:05<00:02, 152.80w/s, dev=cpu]                
language_model.model.layers.27.self_attn.k_norm_moe_gen.weight:  64%|██████▍   | 782/1223 [00:05<00:02, 152.99w/s, dev=cpu]
language_model.model.layers.27.self_attn.k_proj.bias:  64%|██████▍   | 783/1223 [00:05<00:02, 153.19w/s, dev=cpu]          
language_model.model.layers.27.self_attn.k_proj.weight:  64%|██████▍   | 784/1223 [00:05<00:02, 153.38w/s, dev=cpu]
language_model.model.layers.27.self_attn.k_proj_moe_gen.bias:  64%|██████▍   | 785/1223 [00:05<00:02, 153.57w/s, dev=cpu]
language_model.model.layers.27.self_attn.k_proj_moe_gen.weight:  64%|██████▍   | 786/1223 [00:05<00:02, 153.77w/s, dev=cpu]
language_model.model.layers.27.self_attn.o_proj.weight:  64%|██████▍   | 787/1223 [00:05<00:02, 153.96w/s, dev=cpu]        
language_model.model.layers.27.self_attn.o_proj_moe_gen.weight:  64%|██████▍   | 788/1223 [00:05<00:02, 154.15w/s, dev=cpu]
language_model.model.layers.27.self_attn.q_norm.weight:  65%|██████▍   | 789/1223 [00:05<00:02, 154.34w/s, dev=cpu]        
language_model.model.layers.27.self_attn.q_norm_moe_gen.weight:  65%|██████▍   | 790/1223 [00:05<00:02, 154.54w/s, dev=cpu]
language_model.model.layers.27.self_attn.q_proj.bias:  65%|██████▍   | 791/1223 [00:05<00:02, 154.73w/s, dev=cpu]          
language_model.model.layers.27.self_attn.q_proj.weight:  65%|██████▍   | 792/1223 [00:05<00:02, 154.92w/s, dev=cpu]
language_model.model.layers.27.self_attn.q_proj_moe_gen.bias:  65%|██████▍   | 793/1223 [00:05<00:02, 155.12w/s, dev=cpu]
language_model.model.layers.27.self_attn.q_proj_moe_gen.weight:  65%|██████▍   | 794/1223 [00:05<00:02, 155.31w/s, dev=cpu]
language_model.model.layers.27.self_attn.v_proj.bias:  65%|██████▌   | 795/1223 [00:05<00:02, 155.50w/s, dev=cpu]          
language_model.model.layers.27.self_attn.v_proj.weight:  65%|██████▌   | 796/1223 [00:05<00:02, 155.70w/s, dev=cpu]
language_model.model.layers.27.self_attn.v_proj_moe_gen.bias:  65%|██████▌   | 797/1223 [00:05<00:02, 155.89w/s, dev=cpu]
language_model.model.layers.27.self_attn.v_proj_moe_gen.weight:  65%|██████▌   | 798/1223 [00:05<00:02, 156.08w/s, dev=cpu]
language_model.model.norm.weight:  65%|██████▌   | 799/1223 [00:05<00:02, 156.28w/s, dev=cpu]                              
language_model.model.norm_moe_gen.weight:  65%|██████▌   | 800/1223 [00:05<00:02, 156.47w/s, dev=cpu]
language_model.lm_head.weight:  65%|██████▌   | 801/1223 [00:05<00:02, 156.66w/s, dev=cpu]           
vit_model.vision_model.embeddings.patch_embedding.bias:  66%|██████▌   | 802/1223 [00:05<00:02, 156.86w/s, dev=cpu]
vit_model.vision_model.embeddings.patch_embedding.weight:  66%|██████▌   | 803/1223 [00:05<00:02, 157.05w/s, dev=cpu]
vit_model.vision_model.embeddings.position_embedding.weight:  66%|██████▌   | 804/1223 [00:05<00:02, 157.24w/s, dev=cpu]
vit_model.vision_model.encoder.layers.0.layer_norm1.bias:  66%|██████▌   | 805/1223 [00:05<00:02, 157.43w/s, dev=cpu]   
vit_model.vision_model.encoder.layers.0.layer_norm1.weight:  66%|██████▌   | 806/1223 [00:05<00:02, 157.63w/s, dev=cpu]
vit_model.vision_model.encoder.layers.0.layer_norm2.bias:  66%|██████▌   | 807/1223 [00:05<00:02, 157.82w/s, dev=cpu]  
vit_model.vision_model.encoder.layers.0.layer_norm2.weight:  66%|██████▌   | 808/1223 [00:05<00:02, 158.01w/s, dev=cpu]
vit_model.vision_model.encoder.layers.0.mlp.fc1.bias:  66%|██████▌   | 809/1223 [00:05<00:02, 158.21w/s, dev=cpu]      
vit_model.vision_model.encoder.layers.0.mlp.fc1.weight:  66%|██████▌   | 810/1223 [00:05<00:02, 158.40w/s, dev=cpu]
vit_model.vision_model.encoder.layers.0.mlp.fc2.bias:  66%|██████▋   | 811/1223 [00:05<00:02, 158.59w/s, dev=cpu]  
vit_model.vision_model.encoder.layers.0.mlp.fc2.weight:  66%|██████▋   | 812/1223 [00:05<00:02, 158.79w/s, dev=cpu]
vit_model.vision_model.encoder.layers.0.self_attn.k_proj.bias:  66%|██████▋   | 813/1223 [00:05<00:02, 158.98w/s, dev=cpu]
vit_model.vision_model.encoder.layers.0.self_attn.k_proj.weight:  67%|██████▋   | 814/1223 [00:05<00:02, 159.17w/s, dev=cpu]
vit_model.vision_model.encoder.layers.0.self_attn.out_proj.bias:  67%|██████▋   | 815/1223 [00:05<00:02, 159.37w/s, dev=cpu]
vit_model.vision_model.encoder.layers.0.self_attn.out_proj.weight:  67%|██████▋   | 816/1223 [00:05<00:02, 159.56w/s, dev=cpu]
vit_model.vision_model.encoder.layers.0.self_attn.q_proj.bias:  67%|██████▋   | 817/1223 [00:05<00:02, 159.75w/s, dev=cpu]    
vit_model.vision_model.encoder.layers.0.self_attn.q_proj.weight:  67%|██████▋   | 818/1223 [00:05<00:02, 159.95w/s, dev=cpu]
vit_model.vision_model.encoder.layers.0.self_attn.v_proj.bias:  67%|██████▋   | 819/1223 [00:05<00:02, 160.14w/s, dev=cpu]  
vit_model.vision_model.encoder.layers.0.self_attn.v_proj.weight:  67%|██████▋   | 820/1223 [00:05<00:02, 160.33w/s, dev=cpu]
vit_model.vision_model.encoder.layers.1.layer_norm1.bias:  67%|██████▋   | 821/1223 [00:05<00:02, 160.52w/s, dev=cpu]       
vit_model.vision_model.encoder.layers.1.layer_norm1.weight:  67%|██████▋   | 822/1223 [00:05<00:02, 160.72w/s, dev=cpu]
vit_model.vision_model.encoder.layers.1.layer_norm2.bias:  67%|██████▋   | 823/1223 [00:05<00:02, 160.91w/s, dev=cpu]  
vit_model.vision_model.encoder.layers.1.layer_norm2.weight:  67%|██████▋   | 824/1223 [00:05<00:02, 161.10w/s, dev=cpu]
vit_model.vision_model.encoder.layers.1.mlp.fc1.bias:  67%|██████▋   | 825/1223 [00:05<00:02, 161.30w/s, dev=cpu]      
vit_model.vision_model.encoder.layers.1.mlp.fc1.weight:  68%|██████▊   | 826/1223 [00:05<00:02, 161.49w/s, dev=cpu]
vit_model.vision_model.encoder.layers.1.mlp.fc2.bias:  68%|██████▊   | 827/1223 [00:05<00:02, 161.68w/s, dev=cpu]  
vit_model.vision_model.encoder.layers.1.mlp.fc2.weight:  68%|██████▊   | 828/1223 [00:05<00:02, 161.88w/s, dev=cpu]
vit_model.vision_model.encoder.layers.1.self_attn.k_proj.bias:  68%|██████▊   | 829/1223 [00:05<00:02, 162.07w/s, dev=cpu]
vit_model.vision_model.encoder.layers.1.self_attn.k_proj.weight:  68%|██████▊   | 830/1223 [00:05<00:02, 162.26w/s, dev=cpu]
vit_model.vision_model.encoder.layers.1.self_attn.out_proj.bias:  68%|██████▊   | 831/1223 [00:05<00:02, 162.45w/s, dev=cpu]
vit_model.vision_model.encoder.layers.1.self_attn.out_proj.weight:  68%|██████▊   | 832/1223 [00:05<00:02, 162.65w/s, dev=cpu]
vit_model.vision_model.encoder.layers.1.self_attn.q_proj.bias:  68%|██████▊   | 833/1223 [00:05<00:02, 162.84w/s, dev=cpu]    
vit_model.vision_model.encoder.layers.1.self_attn.q_proj.weight:  68%|██████▊   | 834/1223 [00:05<00:02, 163.03w/s, dev=cpu]
vit_model.vision_model.encoder.layers.1.self_attn.v_proj.bias:  68%|██████▊   | 835/1223 [00:05<00:02, 163.23w/s, dev=cpu]  
vit_model.vision_model.encoder.layers.1.self_attn.v_proj.weight:  68%|██████▊   | 836/1223 [00:05<00:02, 163.42w/s, dev=cpu]
vit_model.vision_model.encoder.layers.10.layer_norm1.bias:  68%|██████▊   | 837/1223 [00:05<00:02, 163.61w/s, dev=cpu]      
vit_model.vision_model.encoder.layers.10.layer_norm1.weight:  69%|██████▊   | 838/1223 [00:05<00:02, 163.80w/s, dev=cpu]
vit_model.vision_model.encoder.layers.10.layer_norm2.bias:  69%|██████▊   | 839/1223 [00:05<00:02, 164.00w/s, dev=cpu]  
vit_model.vision_model.encoder.layers.10.layer_norm2.weight:  69%|██████▊   | 840/1223 [00:05<00:02, 164.19w/s, dev=cpu]
vit_model.vision_model.encoder.layers.10.mlp.fc1.bias:  69%|██████▉   | 841/1223 [00:05<00:02, 164.38w/s, dev=cpu]      
vit_model.vision_model.encoder.layers.10.mlp.fc1.weight:  69%|██████▉   | 842/1223 [00:05<00:02, 164.58w/s, dev=cpu]
vit_model.vision_model.encoder.layers.10.mlp.fc2.bias:  69%|██████▉   | 843/1223 [00:05<00:02, 164.77w/s, dev=cpu]  
vit_model.vision_model.encoder.layers.10.mlp.fc2.weight:  69%|██████▉   | 844/1223 [00:05<00:02, 164.96w/s, dev=cpu]
vit_model.vision_model.encoder.layers.10.self_attn.k_proj.bias:  69%|██████▉   | 845/1223 [00:05<00:02, 165.16w/s, dev=cpu]
vit_model.vision_model.encoder.layers.10.self_attn.k_proj.weight:  69%|██████▉   | 846/1223 [00:05<00:02, 165.35w/s, dev=cpu]
vit_model.vision_model.encoder.layers.10.self_attn.out_proj.bias:  69%|██████▉   | 847/1223 [00:05<00:02, 165.54w/s, dev=cpu]
vit_model.vision_model.encoder.layers.10.self_attn.out_proj.weight:  69%|██████▉   | 848/1223 [00:05<00:02, 165.73w/s, dev=cpu]
vit_model.vision_model.encoder.layers.10.self_attn.q_proj.bias:  69%|██████▉   | 849/1223 [00:05<00:02, 165.93w/s, dev=cpu]    
vit_model.vision_model.encoder.layers.10.self_attn.q_proj.weight:  70%|██████▉   | 850/1223 [00:05<00:02, 166.12w/s, dev=cpu]
vit_model.vision_model.encoder.layers.10.self_attn.v_proj.bias:  70%|██████▉   | 851/1223 [00:05<00:02, 166.31w/s, dev=cpu]  
vit_model.vision_model.encoder.layers.10.self_attn.v_proj.weight:  70%|██████▉   | 852/1223 [00:05<00:02, 166.51w/s, dev=cpu]
vit_model.vision_model.encoder.layers.11.layer_norm1.bias:  70%|██████▉   | 853/1223 [00:05<00:02, 166.70w/s, dev=cpu]       
vit_model.vision_model.encoder.layers.11.layer_norm1.weight:  70%|██████▉   | 854/1223 [00:05<00:02, 166.89w/s, dev=cpu]
vit_model.vision_model.encoder.layers.11.layer_norm2.bias:  70%|██████▉   | 855/1223 [00:05<00:02, 167.08w/s, dev=cpu]  
vit_model.vision_model.encoder.layers.11.layer_norm2.weight:  70%|██████▉   | 856/1223 [00:05<00:02, 167.28w/s, dev=cpu]
vit_model.vision_model.encoder.layers.11.mlp.fc1.bias:  70%|███████   | 857/1223 [00:05<00:02, 167.47w/s, dev=cpu]      
vit_model.vision_model.encoder.layers.11.mlp.fc1.weight:  70%|███████   | 858/1223 [00:05<00:02, 167.66w/s, dev=cpu]
vit_model.vision_model.encoder.layers.11.mlp.fc2.bias:  70%|███████   | 859/1223 [00:05<00:02, 167.86w/s, dev=cpu]  
vit_model.vision_model.encoder.layers.11.mlp.fc2.weight:  70%|███████   | 860/1223 [00:05<00:02, 168.05w/s, dev=cpu]
vit_model.vision_model.encoder.layers.11.self_attn.k_proj.bias:  70%|███████   | 861/1223 [00:05<00:02, 168.24w/s, dev=cpu]
vit_model.vision_model.encoder.layers.11.self_attn.k_proj.weight:  70%|███████   | 862/1223 [00:05<00:02, 168.43w/s, dev=cpu]
vit_model.vision_model.encoder.layers.11.self_attn.out_proj.bias:  71%|███████   | 863/1223 [00:05<00:02, 168.63w/s, dev=cpu]
vit_model.vision_model.encoder.layers.11.self_attn.out_proj.weight:  71%|███████   | 864/1223 [00:05<00:02, 168.82w/s, dev=cpu]
vit_model.vision_model.encoder.layers.11.self_attn.q_proj.bias:  71%|███████   | 865/1223 [00:05<00:02, 169.01w/s, dev=cpu]    
vit_model.vision_model.encoder.layers.11.self_attn.q_proj.weight:  71%|███████   | 866/1223 [00:05<00:02, 169.21w/s, dev=cpu]
vit_model.vision_model.encoder.layers.11.self_attn.v_proj.bias:  71%|███████   | 867/1223 [00:05<00:02, 169.40w/s, dev=cpu]  
vit_model.vision_model.encoder.layers.11.self_attn.v_proj.weight:  71%|███████   | 868/1223 [00:05<00:02, 169.59w/s, dev=cpu]
vit_model.vision_model.encoder.layers.12.layer_norm1.bias:  71%|███████   | 869/1223 [00:05<00:02, 169.78w/s, dev=cpu]       
vit_model.vision_model.encoder.layers.12.layer_norm1.weight:  71%|███████   | 870/1223 [00:05<00:02, 169.98w/s, dev=cpu]
vit_model.vision_model.encoder.layers.12.layer_norm2.bias:  71%|███████   | 871/1223 [00:05<00:02, 170.17w/s, dev=cpu]  
vit_model.vision_model.encoder.layers.12.layer_norm2.weight:  71%|███████▏  | 872/1223 [00:05<00:02, 170.36w/s, dev=cpu]
vit_model.vision_model.encoder.layers.12.mlp.fc1.bias:  71%|███████▏  | 873/1223 [00:05<00:02, 170.55w/s, dev=cpu]      
vit_model.vision_model.encoder.layers.12.mlp.fc1.weight:  71%|███████▏  | 874/1223 [00:05<00:02, 170.75w/s, dev=cpu]
vit_model.vision_model.encoder.layers.12.mlp.fc2.bias:  72%|███████▏  | 875/1223 [00:05<00:02, 170.94w/s, dev=cpu]  
vit_model.vision_model.encoder.layers.12.mlp.fc2.weight:  72%|███████▏  | 876/1223 [00:05<00:02, 171.13w/s, dev=cpu]
vit_model.vision_model.encoder.layers.12.self_attn.k_proj.bias:  72%|███████▏  | 877/1223 [00:05<00:02, 171.33w/s, dev=cpu]
vit_model.vision_model.encoder.layers.12.self_attn.k_proj.weight:  72%|███████▏  | 878/1223 [00:05<00:02, 171.52w/s, dev=cpu]
vit_model.vision_model.encoder.layers.12.self_attn.out_proj.bias:  72%|███████▏  | 879/1223 [00:05<00:02, 171.71w/s, dev=cpu]
vit_model.vision_model.encoder.layers.12.self_attn.out_proj.weight:  72%|███████▏  | 880/1223 [00:05<00:01, 171.90w/s, dev=cpu]
vit_model.vision_model.encoder.layers.12.self_attn.q_proj.bias:  72%|███████▏  | 881/1223 [00:05<00:01, 172.10w/s, dev=cpu]    
vit_model.vision_model.encoder.layers.12.self_attn.q_proj.weight:  72%|███████▏  | 882/1223 [00:05<00:01, 172.29w/s, dev=cpu]
vit_model.vision_model.encoder.layers.12.self_attn.v_proj.bias:  72%|███████▏  | 883/1223 [00:05<00:01, 172.48w/s, dev=cpu]  
vit_model.vision_model.encoder.layers.12.self_attn.v_proj.weight:  72%|███████▏  | 884/1223 [00:05<00:01, 172.68w/s, dev=cpu]
vit_model.vision_model.encoder.layers.13.layer_norm1.bias:  72%|███████▏  | 885/1223 [00:05<00:01, 172.87w/s, dev=cpu]       
vit_model.vision_model.encoder.layers.13.layer_norm1.weight:  72%|███████▏  | 886/1223 [00:05<00:01, 173.06w/s, dev=cpu]
vit_model.vision_model.encoder.layers.13.layer_norm2.bias:  73%|███████▎  | 887/1223 [00:05<00:01, 173.25w/s, dev=cpu]  
vit_model.vision_model.encoder.layers.13.layer_norm2.weight:  73%|███████▎  | 888/1223 [00:05<00:01, 173.45w/s, dev=cpu]
vit_model.vision_model.encoder.layers.13.mlp.fc1.bias:  73%|███████▎  | 889/1223 [00:05<00:01, 173.64w/s, dev=cpu]      
vit_model.vision_model.encoder.layers.13.mlp.fc1.weight:  73%|███████▎  | 890/1223 [00:05<00:01, 173.83w/s, dev=cpu]
vit_model.vision_model.encoder.layers.13.mlp.fc2.bias:  73%|███████▎  | 891/1223 [00:05<00:01, 174.02w/s, dev=cpu]  
vit_model.vision_model.encoder.layers.13.mlp.fc2.weight:  73%|███████▎  | 892/1223 [00:05<00:01, 174.22w/s, dev=cpu]
vit_model.vision_model.encoder.layers.13.self_attn.k_proj.bias:  73%|███████▎  | 893/1223 [00:05<00:01, 174.41w/s, dev=cpu]
vit_model.vision_model.encoder.layers.13.self_attn.k_proj.weight:  73%|███████▎  | 894/1223 [00:05<00:01, 174.60w/s, dev=cpu]
vit_model.vision_model.encoder.layers.13.self_attn.out_proj.bias:  73%|███████▎  | 895/1223 [00:05<00:01, 174.79w/s, dev=cpu]
vit_model.vision_model.encoder.layers.13.self_attn.out_proj.weight:  73%|███████▎  | 896/1223 [00:05<00:01, 174.99w/s, dev=cpu]
vit_model.vision_model.encoder.layers.13.self_attn.q_proj.bias:  73%|███████▎  | 897/1223 [00:05<00:01, 175.18w/s, dev=cpu]    
vit_model.vision_model.encoder.layers.13.self_attn.q_proj.weight:  73%|███████▎  | 898/1223 [00:05<00:01, 175.37w/s, dev=cpu]
vit_model.vision_model.encoder.layers.13.self_attn.v_proj.bias:  74%|███████▎  | 899/1223 [00:05<00:01, 175.57w/s, dev=cpu]  
vit_model.vision_model.encoder.layers.13.self_attn.v_proj.weight:  74%|███████▎  | 900/1223 [00:05<00:01, 175.76w/s, dev=cpu]
vit_model.vision_model.encoder.layers.14.layer_norm1.bias:  74%|███████▎  | 901/1223 [00:05<00:01, 175.95w/s, dev=cpu]       
vit_model.vision_model.encoder.layers.14.layer_norm1.weight:  74%|███████▍  | 902/1223 [00:05<00:01, 176.14w/s, dev=cpu]
vit_model.vision_model.encoder.layers.14.layer_norm2.bias:  74%|███████▍  | 903/1223 [00:05<00:01, 176.34w/s, dev=cpu]  
vit_model.vision_model.encoder.layers.14.layer_norm2.weight:  74%|███████▍  | 904/1223 [00:05<00:01, 176.53w/s, dev=cpu]
vit_model.vision_model.encoder.layers.14.mlp.fc1.bias:  74%|███████▍  | 905/1223 [00:05<00:01, 176.72w/s, dev=cpu]      
vit_model.vision_model.encoder.layers.14.mlp.fc1.weight:  74%|███████▍  | 906/1223 [00:05<00:01, 176.91w/s, dev=cpu]
vit_model.vision_model.encoder.layers.14.mlp.fc2.bias:  74%|███████▍  | 907/1223 [00:05<00:01, 177.11w/s, dev=cpu]  
vit_model.vision_model.encoder.layers.14.mlp.fc2.weight:  74%|███████▍  | 908/1223 [00:05<00:01, 177.30w/s, dev=cpu]
vit_model.vision_model.encoder.layers.14.self_attn.k_proj.bias:  74%|███████▍  | 909/1223 [00:05<00:01, 177.49w/s, dev=cpu]
vit_model.vision_model.encoder.layers.14.self_attn.k_proj.weight:  74%|███████▍  | 910/1223 [00:05<00:01, 177.68w/s, dev=cpu]
vit_model.vision_model.encoder.layers.14.self_attn.out_proj.bias:  74%|███████▍  | 911/1223 [00:05<00:01, 177.88w/s, dev=cpu]
vit_model.vision_model.encoder.layers.14.self_attn.out_proj.weight:  75%|███████▍  | 912/1223 [00:05<00:01, 178.07w/s, dev=cpu]
vit_model.vision_model.encoder.layers.14.self_attn.q_proj.bias:  75%|███████▍  | 913/1223 [00:05<00:01, 178.26w/s, dev=cpu]    
vit_model.vision_model.encoder.layers.14.self_attn.q_proj.weight:  75%|███████▍  | 914/1223 [00:05<00:01, 178.45w/s, dev=cpu]
vit_model.vision_model.encoder.layers.14.self_attn.v_proj.bias:  75%|███████▍  | 915/1223 [00:05<00:01, 178.65w/s, dev=cpu]  
vit_model.vision_model.encoder.layers.14.self_attn.v_proj.weight:  75%|███████▍  | 916/1223 [00:05<00:01, 178.84w/s, dev=cpu]
vit_model.vision_model.encoder.layers.15.layer_norm1.bias:  75%|███████▍  | 917/1223 [00:05<00:01, 179.03w/s, dev=cpu]       
vit_model.vision_model.encoder.layers.15.layer_norm1.weight:  75%|███████▌  | 918/1223 [00:05<00:01, 179.22w/s, dev=cpu]
vit_model.vision_model.encoder.layers.15.layer_norm2.bias:  75%|███████▌  | 919/1223 [00:05<00:01, 179.42w/s, dev=cpu]  
vit_model.vision_model.encoder.layers.15.layer_norm2.weight:  75%|███████▌  | 920/1223 [00:05<00:01, 179.61w/s, dev=cpu]
vit_model.vision_model.encoder.layers.15.mlp.fc1.bias:  75%|███████▌  | 921/1223 [00:05<00:01, 179.80w/s, dev=cpu]      
vit_model.vision_model.encoder.layers.15.mlp.fc1.weight:  75%|███████▌  | 922/1223 [00:05<00:01, 179.99w/s, dev=cpu]
vit_model.vision_model.encoder.layers.15.mlp.fc2.bias:  75%|███████▌  | 923/1223 [00:05<00:01, 180.19w/s, dev=cpu]  
vit_model.vision_model.encoder.layers.15.mlp.fc2.weight:  76%|███████▌  | 924/1223 [00:05<00:01, 180.38w/s, dev=cpu]
vit_model.vision_model.encoder.layers.15.self_attn.k_proj.bias:  76%|███████▌  | 925/1223 [00:05<00:01, 180.57w/s, dev=cpu]
vit_model.vision_model.encoder.layers.15.self_attn.k_proj.weight:  76%|███████▌  | 926/1223 [00:05<00:01, 180.76w/s, dev=cpu]
vit_model.vision_model.encoder.layers.15.self_attn.out_proj.bias:  76%|███████▌  | 927/1223 [00:05<00:01, 180.96w/s, dev=cpu]
vit_model.vision_model.encoder.layers.15.self_attn.out_proj.weight:  76%|███████▌  | 928/1223 [00:05<00:01, 181.15w/s, dev=cpu]
vit_model.vision_model.encoder.layers.15.self_attn.q_proj.bias:  76%|███████▌  | 929/1223 [00:05<00:01, 181.34w/s, dev=cpu]    
vit_model.vision_model.encoder.layers.15.self_attn.q_proj.weight:  76%|███████▌  | 930/1223 [00:05<00:01, 181.53w/s, dev=cpu]
vit_model.vision_model.encoder.layers.15.self_attn.v_proj.bias:  76%|███████▌  | 931/1223 [00:05<00:01, 181.73w/s, dev=cpu]  
vit_model.vision_model.encoder.layers.15.self_attn.v_proj.weight:  76%|███████▌  | 932/1223 [00:05<00:01, 181.92w/s, dev=cpu]
vit_model.vision_model.encoder.layers.16.layer_norm1.bias:  76%|███████▋  | 933/1223 [00:05<00:01, 182.11w/s, dev=cpu]       
vit_model.vision_model.encoder.layers.16.layer_norm1.weight:  76%|███████▋  | 934/1223 [00:05<00:01, 182.30w/s, dev=cpu]
vit_model.vision_model.encoder.layers.16.layer_norm2.bias:  76%|███████▋  | 935/1223 [00:05<00:01, 182.50w/s, dev=cpu]  
vit_model.vision_model.encoder.layers.16.layer_norm2.weight:  77%|███████▋  | 936/1223 [00:05<00:01, 182.69w/s, dev=cpu]
vit_model.vision_model.encoder.layers.16.mlp.fc1.bias:  77%|███████▋  | 937/1223 [00:05<00:01, 182.88w/s, dev=cpu]      
vit_model.vision_model.encoder.layers.16.mlp.fc1.weight:  77%|███████▋  | 938/1223 [00:05<00:01, 183.07w/s, dev=cpu]
vit_model.vision_model.encoder.layers.16.mlp.fc2.bias:  77%|███████▋  | 939/1223 [00:05<00:01, 183.27w/s, dev=cpu]  
vit_model.vision_model.encoder.layers.16.mlp.fc2.weight:  77%|███████▋  | 940/1223 [00:05<00:01, 183.46w/s, dev=cpu]
vit_model.vision_model.encoder.layers.16.self_attn.k_proj.bias:  77%|███████▋  | 941/1223 [00:05<00:01, 183.65w/s, dev=cpu]
vit_model.vision_model.encoder.layers.16.self_attn.k_proj.weight:  77%|███████▋  | 942/1223 [00:05<00:01, 183.84w/s, dev=cpu]
vit_model.vision_model.encoder.layers.16.self_attn.out_proj.bias:  77%|███████▋  | 943/1223 [00:05<00:01, 184.03w/s, dev=cpu]
vit_model.vision_model.encoder.layers.16.self_attn.out_proj.weight:  77%|███████▋  | 944/1223 [00:05<00:01, 184.23w/s, dev=cpu]
vit_model.vision_model.encoder.layers.16.self_attn.q_proj.bias:  77%|███████▋  | 945/1223 [00:05<00:01, 184.42w/s, dev=cpu]    
vit_model.vision_model.encoder.layers.16.self_attn.q_proj.weight:  77%|███████▋  | 946/1223 [00:05<00:01, 184.61w/s, dev=cpu]
vit_model.vision_model.encoder.layers.16.self_attn.v_proj.bias:  77%|███████▋  | 947/1223 [00:05<00:01, 184.80w/s, dev=cpu]  
vit_model.vision_model.encoder.layers.16.self_attn.v_proj.weight:  78%|███████▊  | 948/1223 [00:05<00:01, 185.00w/s, dev=cpu]
vit_model.vision_model.encoder.layers.17.layer_norm1.bias:  78%|███████▊  | 949/1223 [00:05<00:01, 185.19w/s, dev=cpu]       
vit_model.vision_model.encoder.layers.17.layer_norm1.weight:  78%|███████▊  | 950/1223 [00:05<00:01, 185.38w/s, dev=cpu]
vit_model.vision_model.encoder.layers.17.layer_norm2.bias:  78%|███████▊  | 951/1223 [00:05<00:01, 185.57w/s, dev=cpu]  
vit_model.vision_model.encoder.layers.17.layer_norm2.weight:  78%|███████▊  | 952/1223 [00:05<00:01, 185.77w/s, dev=cpu]
vit_model.vision_model.encoder.layers.17.mlp.fc1.bias:  78%|███████▊  | 953/1223 [00:05<00:01, 185.96w/s, dev=cpu]      
vit_model.vision_model.encoder.layers.17.mlp.fc1.weight:  78%|███████▊  | 954/1223 [00:05<00:01, 186.15w/s, dev=cpu]
vit_model.vision_model.encoder.layers.17.mlp.fc2.bias:  78%|███████▊  | 955/1223 [00:05<00:01, 186.34w/s, dev=cpu]  
vit_model.vision_model.encoder.layers.17.mlp.fc2.weight:  78%|███████▊  | 956/1223 [00:05<00:01, 186.54w/s, dev=cpu]
vit_model.vision_model.encoder.layers.17.self_attn.k_proj.bias:  78%|███████▊  | 957/1223 [00:05<00:01, 186.73w/s, dev=cpu]
vit_model.vision_model.encoder.layers.17.self_attn.k_proj.weight:  78%|███████▊  | 958/1223 [00:05<00:01, 186.92w/s, dev=cpu]
vit_model.vision_model.encoder.layers.17.self_attn.out_proj.bias:  78%|███████▊  | 959/1223 [00:05<00:01, 187.11w/s, dev=cpu]
vit_model.vision_model.encoder.layers.17.self_attn.out_proj.weight:  78%|███████▊  | 960/1223 [00:05<00:01, 187.30w/s, dev=cpu]
vit_model.vision_model.encoder.layers.17.self_attn.q_proj.bias:  79%|███████▊  | 961/1223 [00:05<00:01, 187.50w/s, dev=cpu]    
vit_model.vision_model.encoder.layers.17.self_attn.q_proj.weight:  79%|███████▊  | 962/1223 [00:05<00:01, 187.69w/s, dev=cpu]
vit_model.vision_model.encoder.layers.17.self_attn.v_proj.bias:  79%|███████▊  | 963/1223 [00:05<00:01, 187.88w/s, dev=cpu]  
vit_model.vision_model.encoder.layers.17.self_attn.v_proj.weight:  79%|███████▉  | 964/1223 [00:05<00:01, 188.07w/s, dev=cpu]
vit_model.vision_model.encoder.layers.18.layer_norm1.bias:  79%|███████▉  | 965/1223 [00:05<00:01, 188.27w/s, dev=cpu]       
vit_model.vision_model.encoder.layers.18.layer_norm1.weight:  79%|███████▉  | 966/1223 [00:05<00:01, 188.46w/s, dev=cpu]
vit_model.vision_model.encoder.layers.18.layer_norm2.bias:  79%|███████▉  | 967/1223 [00:05<00:01, 188.65w/s, dev=cpu]  
vit_model.vision_model.encoder.layers.18.layer_norm2.weight:  79%|███████▉  | 968/1223 [00:05<00:01, 188.84w/s, dev=cpu]
vit_model.vision_model.encoder.layers.18.mlp.fc1.bias:  79%|███████▉  | 969/1223 [00:05<00:01, 189.03w/s, dev=cpu]      
vit_model.vision_model.encoder.layers.18.mlp.fc1.weight:  79%|███████▉  | 970/1223 [00:05<00:01, 189.23w/s, dev=cpu]
vit_model.vision_model.encoder.layers.18.mlp.fc2.bias:  79%|███████▉  | 971/1223 [00:05<00:01, 189.42w/s, dev=cpu]  
vit_model.vision_model.encoder.layers.18.mlp.fc2.weight:  79%|███████▉  | 972/1223 [00:05<00:01, 189.61w/s, dev=cpu]
vit_model.vision_model.encoder.layers.18.self_attn.k_proj.bias:  80%|███████▉  | 973/1223 [00:05<00:01, 189.80w/s, dev=cpu]
vit_model.vision_model.encoder.layers.18.self_attn.k_proj.weight:  80%|███████▉  | 974/1223 [00:05<00:01, 189.99w/s, dev=cpu]
vit_model.vision_model.encoder.layers.18.self_attn.out_proj.bias:  80%|███████▉  | 975/1223 [00:05<00:01, 190.19w/s, dev=cpu]
vit_model.vision_model.encoder.layers.18.self_attn.out_proj.weight:  80%|███████▉  | 976/1223 [00:05<00:01, 190.38w/s, dev=cpu]
vit_model.vision_model.encoder.layers.18.self_attn.q_proj.bias:  80%|███████▉  | 977/1223 [00:05<00:01, 190.57w/s, dev=cpu]    
vit_model.vision_model.encoder.layers.18.self_attn.q_proj.weight:  80%|███████▉  | 978/1223 [00:05<00:01, 190.76w/s, dev=cpu]
vit_model.vision_model.encoder.layers.18.self_attn.v_proj.bias:  80%|████████  | 979/1223 [00:05<00:01, 190.95w/s, dev=cpu]  
vit_model.vision_model.encoder.layers.18.self_attn.v_proj.weight:  80%|████████  | 980/1223 [00:05<00:01, 191.15w/s, dev=cpu]
vit_model.vision_model.encoder.layers.19.layer_norm1.bias:  80%|████████  | 981/1223 [00:05<00:01, 191.34w/s, dev=cpu]       
vit_model.vision_model.encoder.layers.19.layer_norm1.weight:  80%|████████  | 982/1223 [00:05<00:01, 191.53w/s, dev=cpu]
vit_model.vision_model.encoder.layers.19.layer_norm2.bias:  80%|████████  | 983/1223 [00:05<00:01, 191.72w/s, dev=cpu]  
vit_model.vision_model.encoder.layers.19.layer_norm2.weight:  80%|████████  | 984/1223 [00:05<00:01, 191.91w/s, dev=cpu]
vit_model.vision_model.encoder.layers.19.mlp.fc1.bias:  81%|████████  | 985/1223 [00:05<00:01, 192.11w/s, dev=cpu]      
vit_model.vision_model.encoder.layers.19.mlp.fc1.weight:  81%|████████  | 986/1223 [00:05<00:01, 192.30w/s, dev=cpu]
vit_model.vision_model.encoder.layers.19.mlp.fc2.bias:  81%|████████  | 987/1223 [00:05<00:01, 192.49w/s, dev=cpu]  
vit_model.vision_model.encoder.layers.19.mlp.fc2.weight:  81%|████████  | 988/1223 [00:05<00:01, 192.68w/s, dev=cpu]
vit_model.vision_model.encoder.layers.19.self_attn.k_proj.bias:  81%|████████  | 989/1223 [00:05<00:01, 192.88w/s, dev=cpu]
vit_model.vision_model.encoder.layers.19.self_attn.k_proj.weight:  81%|████████  | 990/1223 [00:05<00:01, 193.07w/s, dev=cpu]
vit_model.vision_model.encoder.layers.19.self_attn.out_proj.bias:  81%|████████  | 991/1223 [00:05<00:01, 193.26w/s, dev=cpu]
vit_model.vision_model.encoder.layers.19.self_attn.out_proj.weight:  81%|████████  | 992/1223 [00:05<00:01, 193.45w/s, dev=cpu]
vit_model.vision_model.encoder.layers.19.self_attn.q_proj.bias:  81%|████████  | 993/1223 [00:05<00:01, 193.64w/s, dev=cpu]    
vit_model.vision_model.encoder.layers.19.self_attn.q_proj.weight:  81%|████████▏ | 994/1223 [00:05<00:01, 193.84w/s, dev=cpu]
vit_model.vision_model.encoder.layers.19.self_attn.v_proj.bias:  81%|████████▏ | 995/1223 [00:05<00:01, 194.03w/s, dev=cpu]  
vit_model.vision_model.encoder.layers.19.self_attn.v_proj.weight:  81%|████████▏ | 996/1223 [00:05<00:01, 194.22w/s, dev=cpu]
vit_model.vision_model.encoder.layers.2.layer_norm1.bias:  82%|████████▏ | 997/1223 [00:05<00:01, 194.41w/s, dev=cpu]        
vit_model.vision_model.encoder.layers.2.layer_norm1.weight:  82%|████████▏ | 998/1223 [00:05<00:01, 194.60w/s, dev=cpu]
vit_model.vision_model.encoder.layers.2.layer_norm2.bias:  82%|████████▏ | 999/1223 [00:05<00:01, 194.80w/s, dev=cpu]  
vit_model.vision_model.encoder.layers.2.layer_norm2.weight:  82%|████████▏ | 1000/1223 [00:05<00:01, 194.99w/s, dev=cpu]
vit_model.vision_model.encoder.layers.2.mlp.fc1.bias:  82%|████████▏ | 1001/1223 [00:05<00:01, 195.18w/s, dev=cpu]      
vit_model.vision_model.encoder.layers.2.mlp.fc1.weight:  82%|████████▏ | 1002/1223 [00:05<00:01, 195.37w/s, dev=cpu]
vit_model.vision_model.encoder.layers.2.mlp.fc2.bias:  82%|████████▏ | 1003/1223 [00:05<00:01, 195.56w/s, dev=cpu]  
vit_model.vision_model.encoder.layers.2.mlp.fc2.weight:  82%|████████▏ | 1004/1223 [00:05<00:01, 195.75w/s, dev=cpu]
vit_model.vision_model.encoder.layers.2.self_attn.k_proj.bias:  82%|████████▏ | 1005/1223 [00:05<00:01, 195.95w/s, dev=cpu]
vit_model.vision_model.encoder.layers.2.self_attn.k_proj.weight:  82%|████████▏ | 1006/1223 [00:05<00:01, 196.14w/s, dev=cpu]
vit_model.vision_model.encoder.layers.2.self_attn.out_proj.bias:  82%|████████▏ | 1007/1223 [00:05<00:01, 196.33w/s, dev=cpu]
vit_model.vision_model.encoder.layers.2.self_attn.out_proj.weight:  82%|████████▏ | 1008/1223 [00:05<00:01, 196.52w/s, dev=cpu]
vit_model.vision_model.encoder.layers.2.self_attn.q_proj.bias:  83%|████████▎ | 1009/1223 [00:05<00:01, 196.71w/s, dev=cpu]    
vit_model.vision_model.encoder.layers.2.self_attn.q_proj.weight:  83%|████████▎ | 1010/1223 [00:05<00:01, 196.91w/s, dev=cpu]
vit_model.vision_model.encoder.layers.2.self_attn.v_proj.bias:  83%|████████▎ | 1011/1223 [00:05<00:01, 197.10w/s, dev=cpu]  
vit_model.vision_model.encoder.layers.2.self_attn.v_proj.weight:  83%|████████▎ | 1012/1223 [00:05<00:01, 197.29w/s, dev=cpu]
vit_model.vision_model.encoder.layers.20.layer_norm1.bias:  83%|████████▎ | 1013/1223 [00:05<00:01, 197.48w/s, dev=cpu]      
vit_model.vision_model.encoder.layers.20.layer_norm1.weight:  83%|████████▎ | 1014/1223 [00:05<00:01, 197.67w/s, dev=cpu]
vit_model.vision_model.encoder.layers.20.layer_norm2.bias:  83%|████████▎ | 1015/1223 [00:05<00:01, 197.87w/s, dev=cpu]  
vit_model.vision_model.encoder.layers.20.layer_norm2.weight:  83%|████████▎ | 1016/1223 [00:05<00:01, 198.06w/s, dev=cpu]
vit_model.vision_model.encoder.layers.20.mlp.fc1.bias:  83%|████████▎ | 1017/1223 [00:05<00:01, 198.25w/s, dev=cpu]      
vit_model.vision_model.encoder.layers.20.mlp.fc1.weight:  83%|████████▎ | 1018/1223 [00:05<00:01, 198.44w/s, dev=cpu]
vit_model.vision_model.encoder.layers.20.mlp.fc2.bias:  83%|████████▎ | 1019/1223 [00:05<00:01, 198.63w/s, dev=cpu]  
vit_model.vision_model.encoder.layers.20.mlp.fc2.weight:  83%|████████▎ | 1020/1223 [00:05<00:01, 198.83w/s, dev=cpu]
vit_model.vision_model.encoder.layers.20.self_attn.k_proj.bias:  83%|████████▎ | 1021/1223 [00:05<00:01, 199.02w/s, dev=cpu]
vit_model.vision_model.encoder.layers.20.self_attn.k_proj.weight:  84%|████████▎ | 1022/1223 [00:05<00:01, 199.21w/s, dev=cpu]
vit_model.vision_model.encoder.layers.20.self_attn.out_proj.bias:  84%|████████▎ | 1023/1223 [00:05<00:01, 199.40w/s, dev=cpu]
vit_model.vision_model.encoder.layers.20.self_attn.out_proj.weight:  84%|████████▎ | 1024/1223 [00:05<00:00, 199.59w/s, dev=cpu]
vit_model.vision_model.encoder.layers.20.self_attn.q_proj.bias:  84%|████████▍ | 1025/1223 [00:05<00:00, 199.79w/s, dev=cpu]    
vit_model.vision_model.encoder.layers.20.self_attn.q_proj.weight:  84%|████████▍ | 1026/1223 [00:05<00:00, 199.98w/s, dev=cpu]
vit_model.vision_model.encoder.layers.20.self_attn.v_proj.bias:  84%|████████▍ | 1027/1223 [00:05<00:00, 200.17w/s, dev=cpu]  
vit_model.vision_model.encoder.layers.20.self_attn.v_proj.weight:  84%|████████▍ | 1028/1223 [00:05<00:00, 200.36w/s, dev=cpu]
vit_model.vision_model.encoder.layers.21.layer_norm1.bias:  84%|████████▍ | 1029/1223 [00:05<00:00, 200.55w/s, dev=cpu]       
vit_model.vision_model.encoder.layers.21.layer_norm1.weight:  84%|████████▍ | 1030/1223 [00:05<00:00, 200.74w/s, dev=cpu]
vit_model.vision_model.encoder.layers.21.layer_norm2.bias:  84%|████████▍ | 1031/1223 [00:05<00:00, 200.94w/s, dev=cpu]  
vit_model.vision_model.encoder.layers.21.layer_norm2.weight:  84%|████████▍ | 1032/1223 [00:05<00:00, 201.13w/s, dev=cpu]
vit_model.vision_model.encoder.layers.21.mlp.fc1.bias:  84%|████████▍ | 1033/1223 [00:05<00:00, 201.32w/s, dev=cpu]      
vit_model.vision_model.encoder.layers.21.mlp.fc1.weight:  85%|████████▍ | 1034/1223 [00:05<00:00, 201.51w/s, dev=cpu]
vit_model.vision_model.encoder.layers.21.mlp.fc2.bias:  85%|████████▍ | 1035/1223 [00:05<00:00, 201.70w/s, dev=cpu]  
vit_model.vision_model.encoder.layers.21.mlp.fc2.weight:  85%|████████▍ | 1036/1223 [00:05<00:00, 201.90w/s, dev=cpu]
vit_model.vision_model.encoder.layers.21.self_attn.k_proj.bias:  85%|████████▍ | 1037/1223 [00:05<00:00, 202.09w/s, dev=cpu]
vit_model.vision_model.encoder.layers.21.self_attn.k_proj.weight:  85%|████████▍ | 1038/1223 [00:05<00:00, 202.28w/s, dev=cpu]
vit_model.vision_model.encoder.layers.21.self_attn.out_proj.bias:  85%|████████▍ | 1039/1223 [00:05<00:00, 202.47w/s, dev=cpu]
vit_model.vision_model.encoder.layers.21.self_attn.out_proj.weight:  85%|████████▌ | 1040/1223 [00:05<00:00, 202.66w/s, dev=cpu]
vit_model.vision_model.encoder.layers.21.self_attn.q_proj.bias:  85%|████████▌ | 1041/1223 [00:05<00:00, 202.86w/s, dev=cpu]    
vit_model.vision_model.encoder.layers.21.self_attn.q_proj.weight:  85%|████████▌ | 1042/1223 [00:05<00:00, 203.05w/s, dev=cpu]
vit_model.vision_model.encoder.layers.21.self_attn.v_proj.bias:  85%|████████▌ | 1043/1223 [00:05<00:00, 203.24w/s, dev=cpu]  
vit_model.vision_model.encoder.layers.21.self_attn.v_proj.weight:  85%|████████▌ | 1044/1223 [00:05<00:00, 203.43w/s, dev=cpu]
vit_model.vision_model.encoder.layers.22.layer_norm1.bias:  85%|████████▌ | 1045/1223 [00:05<00:00, 203.62w/s, dev=cpu]       
vit_model.vision_model.encoder.layers.22.layer_norm1.weight:  86%|████████▌ | 1046/1223 [00:05<00:00, 203.81w/s, dev=cpu]
vit_model.vision_model.encoder.layers.22.layer_norm2.bias:  86%|████████▌ | 1047/1223 [00:05<00:00, 204.01w/s, dev=cpu]  
vit_model.vision_model.encoder.layers.22.layer_norm2.weight:  86%|████████▌ | 1048/1223 [00:05<00:00, 204.20w/s, dev=cpu]
vit_model.vision_model.encoder.layers.22.mlp.fc1.bias:  86%|████████▌ | 1049/1223 [00:05<00:00, 204.39w/s, dev=cpu]      
vit_model.vision_model.encoder.layers.22.mlp.fc1.weight:  86%|████████▌ | 1050/1223 [00:05<00:00, 204.58w/s, dev=cpu]
vit_model.vision_model.encoder.layers.22.mlp.fc2.bias:  86%|████████▌ | 1051/1223 [00:05<00:00, 204.77w/s, dev=cpu]  
vit_model.vision_model.encoder.layers.22.mlp.fc2.weight:  86%|████████▌ | 1052/1223 [00:05<00:00, 204.97w/s, dev=cpu]
vit_model.vision_model.encoder.layers.22.self_attn.k_proj.bias:  86%|████████▌ | 1053/1223 [00:05<00:00, 205.16w/s, dev=cpu]
vit_model.vision_model.encoder.layers.22.self_attn.k_proj.weight:  86%|████████▌ | 1054/1223 [00:05<00:00, 205.35w/s, dev=cpu]
vit_model.vision_model.encoder.layers.22.self_attn.out_proj.bias:  86%|████████▋ | 1055/1223 [00:05<00:00, 205.54w/s, dev=cpu]
vit_model.vision_model.encoder.layers.22.self_attn.out_proj.weight:  86%|████████▋ | 1056/1223 [00:05<00:00, 205.73w/s, dev=cpu]
vit_model.vision_model.encoder.layers.22.self_attn.q_proj.bias:  86%|████████▋ | 1057/1223 [00:05<00:00, 205.92w/s, dev=cpu]    
vit_model.vision_model.encoder.layers.22.self_attn.q_proj.weight:  87%|████████▋ | 1058/1223 [00:05<00:00, 206.12w/s, dev=cpu]
vit_model.vision_model.encoder.layers.22.self_attn.v_proj.bias:  87%|████████▋ | 1059/1223 [00:05<00:00, 206.31w/s, dev=cpu]  
vit_model.vision_model.encoder.layers.22.self_attn.v_proj.weight:  87%|████████▋ | 1060/1223 [00:05<00:00, 206.50w/s, dev=cpu]
vit_model.vision_model.encoder.layers.23.layer_norm1.bias:  87%|████████▋ | 1061/1223 [00:05<00:00, 206.69w/s, dev=cpu]       
vit_model.vision_model.encoder.layers.23.layer_norm1.weight:  87%|████████▋ | 1062/1223 [00:05<00:00, 206.88w/s, dev=cpu]
vit_model.vision_model.encoder.layers.23.layer_norm2.bias:  87%|████████▋ | 1063/1223 [00:05<00:00, 207.08w/s, dev=cpu]  
vit_model.vision_model.encoder.layers.23.layer_norm2.weight:  87%|████████▋ | 1064/1223 [00:05<00:00, 207.27w/s, dev=cpu]
vit_model.vision_model.encoder.layers.23.mlp.fc1.bias:  87%|████████▋ | 1065/1223 [00:05<00:00, 207.46w/s, dev=cpu]      
vit_model.vision_model.encoder.layers.23.mlp.fc1.weight:  87%|████████▋ | 1066/1223 [00:05<00:00, 207.65w/s, dev=cpu]
vit_model.vision_model.encoder.layers.23.mlp.fc2.bias:  87%|████████▋ | 1067/1223 [00:05<00:00, 207.84w/s, dev=cpu]  
vit_model.vision_model.encoder.layers.23.mlp.fc2.weight:  87%|████████▋ | 1068/1223 [00:05<00:00, 208.03w/s, dev=cpu]
vit_model.vision_model.encoder.layers.23.self_attn.k_proj.bias:  87%|████████▋ | 1069/1223 [00:05<00:00, 208.23w/s, dev=cpu]
vit_model.vision_model.encoder.layers.23.self_attn.k_proj.weight:  87%|████████▋ | 1070/1223 [00:05<00:00, 208.42w/s, dev=cpu]
vit_model.vision_model.encoder.layers.23.self_attn.out_proj.bias:  88%|████████▊ | 1071/1223 [00:05<00:00, 208.61w/s, dev=cpu]
vit_model.vision_model.encoder.layers.23.self_attn.out_proj.weight:  88%|████████▊ | 1072/1223 [00:05<00:00, 208.80w/s, dev=cpu]
vit_model.vision_model.encoder.layers.23.self_attn.q_proj.bias:  88%|████████▊ | 1073/1223 [00:05<00:00, 208.99w/s, dev=cpu]    
vit_model.vision_model.encoder.layers.23.self_attn.q_proj.weight:  88%|████████▊ | 1074/1223 [00:05<00:00, 209.18w/s, dev=cpu]
vit_model.vision_model.encoder.layers.23.self_attn.v_proj.bias:  88%|████████▊ | 1075/1223 [00:05<00:00, 209.38w/s, dev=cpu]  
vit_model.vision_model.encoder.layers.23.self_attn.v_proj.weight:  88%|████████▊ | 1076/1223 [00:05<00:00, 209.57w/s, dev=cpu]
vit_model.vision_model.encoder.layers.24.layer_norm1.bias:  88%|████████▊ | 1077/1223 [00:05<00:00, 209.76w/s, dev=cpu]       
vit_model.vision_model.encoder.layers.24.layer_norm1.weight:  88%|████████▊ | 1078/1223 [00:05<00:00, 209.95w/s, dev=cpu]
vit_model.vision_model.encoder.layers.24.layer_norm2.bias:  88%|████████▊ | 1079/1223 [00:05<00:00, 210.14w/s, dev=cpu]  
vit_model.vision_model.encoder.layers.24.layer_norm2.weight:  88%|████████▊ | 1080/1223 [00:05<00:00, 210.33w/s, dev=cpu]
vit_model.vision_model.encoder.layers.24.mlp.fc1.bias:  88%|████████▊ | 1081/1223 [00:05<00:00, 210.53w/s, dev=cpu]      
vit_model.vision_model.encoder.layers.24.mlp.fc1.weight:  88%|████████▊ | 1082/1223 [00:05<00:00, 210.72w/s, dev=cpu]
vit_model.vision_model.encoder.layers.24.mlp.fc2.bias:  89%|████████▊ | 1083/1223 [00:05<00:00, 210.91w/s, dev=cpu]  
vit_model.vision_model.encoder.layers.24.mlp.fc2.weight:  89%|████████▊ | 1084/1223 [00:05<00:00, 211.10w/s, dev=cpu]
vit_model.vision_model.encoder.layers.24.self_attn.k_proj.bias:  89%|████████▊ | 1085/1223 [00:05<00:00, 211.29w/s, dev=cpu]
vit_model.vision_model.encoder.layers.24.self_attn.k_proj.weight:  89%|████████▉ | 1086/1223 [00:05<00:00, 211.48w/s, dev=cpu]
vit_model.vision_model.encoder.layers.24.self_attn.out_proj.bias:  89%|████████▉ | 1087/1223 [00:05<00:00, 211.68w/s, dev=cpu]
vit_model.vision_model.encoder.layers.24.self_attn.out_proj.weight:  89%|████████▉ | 1088/1223 [00:05<00:00, 211.87w/s, dev=cpu]
vit_model.vision_model.encoder.layers.24.self_attn.q_proj.bias:  89%|████████▉ | 1089/1223 [00:05<00:00, 212.06w/s, dev=cpu]    
vit_model.vision_model.encoder.layers.24.self_attn.q_proj.weight:  89%|████████▉ | 1090/1223 [00:05<00:00, 212.25w/s, dev=cpu]
vit_model.vision_model.encoder.layers.24.self_attn.v_proj.bias:  89%|████████▉ | 1091/1223 [00:05<00:00, 212.44w/s, dev=cpu]  
vit_model.vision_model.encoder.layers.24.self_attn.v_proj.weight:  89%|████████▉ | 1092/1223 [00:05<00:00, 212.63w/s, dev=cpu]
vit_model.vision_model.encoder.layers.25.layer_norm1.bias:  89%|████████▉ | 1093/1223 [00:05<00:00, 212.83w/s, dev=cpu]       
vit_model.vision_model.encoder.layers.25.layer_norm1.weight:  89%|████████▉ | 1094/1223 [00:05<00:00, 213.02w/s, dev=cpu]
vit_model.vision_model.encoder.layers.25.layer_norm2.bias:  90%|████████▉ | 1095/1223 [00:05<00:00, 213.21w/s, dev=cpu]  
vit_model.vision_model.encoder.layers.25.layer_norm2.weight:  90%|████████▉ | 1096/1223 [00:05<00:00, 213.40w/s, dev=cpu]
vit_model.vision_model.encoder.layers.25.mlp.fc1.bias:  90%|████████▉ | 1097/1223 [00:05<00:00, 213.59w/s, dev=cpu]      
vit_model.vision_model.encoder.layers.25.mlp.fc1.weight:  90%|████████▉ | 1098/1223 [00:05<00:00, 213.78w/s, dev=cpu]
vit_model.vision_model.encoder.layers.25.mlp.fc2.bias:  90%|████████▉ | 1099/1223 [00:05<00:00, 213.98w/s, dev=cpu]  
vit_model.vision_model.encoder.layers.25.mlp.fc2.weight:  90%|████████▉ | 1100/1223 [00:05<00:00, 214.17w/s, dev=cpu]
vit_model.vision_model.encoder.layers.25.self_attn.k_proj.bias:  90%|█████████ | 1101/1223 [00:05<00:00, 214.36w/s, dev=cpu]
vit_model.vision_model.encoder.layers.25.self_attn.k_proj.weight:  90%|█████████ | 1102/1223 [00:05<00:00, 214.55w/s, dev=cpu]
vit_model.vision_model.encoder.layers.25.self_attn.out_proj.bias:  90%|█████████ | 1103/1223 [00:05<00:00, 214.74w/s, dev=cpu]
vit_model.vision_model.encoder.layers.25.self_attn.out_proj.weight:  90%|█████████ | 1104/1223 [00:05<00:00, 214.93w/s, dev=cpu]
vit_model.vision_model.encoder.layers.25.self_attn.q_proj.bias:  90%|█████████ | 1105/1223 [00:05<00:00, 215.12w/s, dev=cpu]    
vit_model.vision_model.encoder.layers.25.self_attn.q_proj.weight:  90%|█████████ | 1106/1223 [00:05<00:00, 215.32w/s, dev=cpu]
vit_model.vision_model.encoder.layers.25.self_attn.v_proj.bias:  91%|█████████ | 1107/1223 [00:05<00:00, 215.51w/s, dev=cpu]  
vit_model.vision_model.encoder.layers.25.self_attn.v_proj.weight:  91%|█████████ | 1108/1223 [00:05<00:00, 215.70w/s, dev=cpu]
vit_model.vision_model.encoder.layers.3.layer_norm1.bias:  91%|█████████ | 1109/1223 [00:05<00:00, 215.89w/s, dev=cpu]        
vit_model.vision_model.encoder.layers.3.layer_norm1.weight:  91%|█████████ | 1110/1223 [00:05<00:00, 216.08w/s, dev=cpu]
vit_model.vision_model.encoder.layers.3.layer_norm2.bias:  91%|█████████ | 1111/1223 [00:05<00:00, 216.27w/s, dev=cpu]  
vit_model.vision_model.encoder.layers.3.layer_norm2.weight:  91%|█████████ | 1112/1223 [00:05<00:00, 216.47w/s, dev=cpu]
vit_model.vision_model.encoder.layers.3.mlp.fc1.bias:  91%|█████████ | 1113/1223 [00:05<00:00, 216.66w/s, dev=cpu]      
vit_model.vision_model.encoder.layers.3.mlp.fc1.weight:  91%|█████████ | 1114/1223 [00:05<00:00, 216.85w/s, dev=cpu]
vit_model.vision_model.encoder.layers.3.mlp.fc2.bias:  91%|█████████ | 1115/1223 [00:05<00:00, 217.04w/s, dev=cpu]  
vit_model.vision_model.encoder.layers.3.mlp.fc2.weight:  91%|█████████▏| 1116/1223 [00:05<00:00, 217.23w/s, dev=cpu]
vit_model.vision_model.encoder.layers.3.self_attn.k_proj.bias:  91%|█████████▏| 1117/1223 [00:05<00:00, 217.42w/s, dev=cpu]
vit_model.vision_model.encoder.layers.3.self_attn.k_proj.weight:  91%|█████████▏| 1118/1223 [00:05<00:00, 217.61w/s, dev=cpu]
vit_model.vision_model.encoder.layers.3.self_attn.out_proj.bias:  91%|█████████▏| 1119/1223 [00:05<00:00, 217.81w/s, dev=cpu]
vit_model.vision_model.encoder.layers.3.self_attn.out_proj.weight:  92%|█████████▏| 1120/1223 [00:05<00:00, 218.00w/s, dev=cpu]
vit_model.vision_model.encoder.layers.3.self_attn.q_proj.bias:  92%|█████████▏| 1121/1223 [00:05<00:00, 218.19w/s, dev=cpu]    
vit_model.vision_model.encoder.layers.3.self_attn.q_proj.weight:  92%|█████████▏| 1122/1223 [00:05<00:00, 218.38w/s, dev=cpu]
vit_model.vision_model.encoder.layers.3.self_attn.v_proj.bias:  92%|█████████▏| 1123/1223 [00:05<00:00, 218.57w/s, dev=cpu]  
vit_model.vision_model.encoder.layers.3.self_attn.v_proj.weight:  92%|█████████▏| 1124/1223 [00:05<00:00, 218.76w/s, dev=cpu]
vit_model.vision_model.encoder.layers.4.layer_norm1.bias:  92%|█████████▏| 1125/1223 [00:05<00:00, 218.95w/s, dev=cpu]       
vit_model.vision_model.encoder.layers.4.layer_norm1.weight:  92%|█████████▏| 1126/1223 [00:05<00:00, 219.15w/s, dev=cpu]
vit_model.vision_model.encoder.layers.4.layer_norm2.bias:  92%|█████████▏| 1127/1223 [00:05<00:00, 219.34w/s, dev=cpu]  
vit_model.vision_model.encoder.layers.4.layer_norm2.weight:  92%|█████████▏| 1128/1223 [00:05<00:00, 219.53w/s, dev=cpu]
vit_model.vision_model.encoder.layers.4.mlp.fc1.bias:  92%|█████████▏| 1129/1223 [00:05<00:00, 219.72w/s, dev=cpu]      
vit_model.vision_model.encoder.layers.4.mlp.fc1.weight:  92%|█████████▏| 1130/1223 [00:05<00:00, 219.91w/s, dev=cpu]
vit_model.vision_model.encoder.layers.4.mlp.fc2.bias:  92%|█████████▏| 1131/1223 [00:05<00:00, 220.10w/s, dev=cpu]  
vit_model.vision_model.encoder.layers.4.mlp.fc2.weight:  93%|█████████▎| 1132/1223 [00:05<00:00, 220.29w/s, dev=cpu]
vit_model.vision_model.encoder.layers.4.self_attn.k_proj.bias:  93%|█████████▎| 1133/1223 [00:05<00:00, 220.49w/s, dev=cpu]
vit_model.vision_model.encoder.layers.4.self_attn.k_proj.weight:  93%|█████████▎| 1134/1223 [00:05<00:00, 220.68w/s, dev=cpu]
vit_model.vision_model.encoder.layers.4.self_attn.out_proj.bias:  93%|█████████▎| 1135/1223 [00:05<00:00, 220.87w/s, dev=cpu]
vit_model.vision_model.encoder.layers.4.self_attn.out_proj.weight:  93%|█████████▎| 1136/1223 [00:05<00:00, 221.06w/s, dev=cpu]
vit_model.vision_model.encoder.layers.4.self_attn.q_proj.bias:  93%|█████████▎| 1137/1223 [00:05<00:00, 221.25w/s, dev=cpu]    
vit_model.vision_model.encoder.layers.4.self_attn.q_proj.weight:  93%|█████████▎| 1138/1223 [00:05<00:00, 221.44w/s, dev=cpu]
vit_model.vision_model.encoder.layers.4.self_attn.v_proj.bias:  93%|█████████▎| 1139/1223 [00:05<00:00, 221.63w/s, dev=cpu]  
vit_model.vision_model.encoder.layers.4.self_attn.v_proj.weight:  93%|█████████▎| 1140/1223 [00:05<00:00, 221.82w/s, dev=cpu]
vit_model.vision_model.encoder.layers.5.layer_norm1.bias:  93%|█████████▎| 1141/1223 [00:05<00:00, 222.02w/s, dev=cpu]       
vit_model.vision_model.encoder.layers.5.layer_norm1.weight:  93%|█████████▎| 1142/1223 [00:05<00:00, 222.21w/s, dev=cpu]
vit_model.vision_model.encoder.layers.5.layer_norm2.bias:  93%|█████████▎| 1143/1223 [00:05<00:00, 222.40w/s, dev=cpu]  
vit_model.vision_model.encoder.layers.5.layer_norm2.weight:  94%|█████████▎| 1144/1223 [00:05<00:00, 222.59w/s, dev=cpu]
vit_model.vision_model.encoder.layers.5.mlp.fc1.bias:  94%|█████████▎| 1145/1223 [00:05<00:00, 222.78w/s, dev=cpu]      
vit_model.vision_model.encoder.layers.5.mlp.fc1.weight:  94%|█████████▎| 1146/1223 [00:05<00:00, 222.97w/s, dev=cpu]
vit_model.vision_model.encoder.layers.5.mlp.fc2.bias:  94%|█████████▍| 1147/1223 [00:05<00:00, 223.16w/s, dev=cpu]  
vit_model.vision_model.encoder.layers.5.mlp.fc2.weight:  94%|█████████▍| 1148/1223 [00:05<00:00, 223.36w/s, dev=cpu]
vit_model.vision_model.encoder.layers.5.self_attn.k_proj.bias:  94%|█████████▍| 1149/1223 [00:05<00:00, 223.55w/s, dev=cpu]
vit_model.vision_model.encoder.layers.5.self_attn.k_proj.weight:  94%|█████████▍| 1150/1223 [00:05<00:00, 223.74w/s, dev=cpu]
vit_model.vision_model.encoder.layers.5.self_attn.out_proj.bias:  94%|█████████▍| 1151/1223 [00:05<00:00, 223.93w/s, dev=cpu]
vit_model.vision_model.encoder.layers.5.self_attn.out_proj.weight:  94%|█████████▍| 1152/1223 [00:05<00:00, 224.12w/s, dev=cpu]
vit_model.vision_model.encoder.layers.5.self_attn.q_proj.bias:  94%|█████████▍| 1153/1223 [00:05<00:00, 224.31w/s, dev=cpu]    
vit_model.vision_model.encoder.layers.5.self_attn.q_proj.weight:  94%|█████████▍| 1154/1223 [00:05<00:00, 224.50w/s, dev=cpu]
vit_model.vision_model.encoder.layers.5.self_attn.v_proj.bias:  94%|█████████▍| 1155/1223 [00:05<00:00, 224.69w/s, dev=cpu]  
vit_model.vision_model.encoder.layers.5.self_attn.v_proj.weight:  95%|█████████▍| 1156/1223 [00:05<00:00, 224.89w/s, dev=cpu]
vit_model.vision_model.encoder.layers.6.layer_norm1.bias:  95%|█████████▍| 1157/1223 [00:05<00:00, 225.08w/s, dev=cpu]       
vit_model.vision_model.encoder.layers.6.layer_norm1.weight:  95%|█████████▍| 1158/1223 [00:05<00:00, 225.27w/s, dev=cpu]
vit_model.vision_model.encoder.layers.6.layer_norm2.bias:  95%|█████████▍| 1159/1223 [00:05<00:00, 225.46w/s, dev=cpu]  
vit_model.vision_model.encoder.layers.6.layer_norm2.weight:  95%|█████████▍| 1160/1223 [00:05<00:00, 225.65w/s, dev=cpu]
vit_model.vision_model.encoder.layers.6.mlp.fc1.bias:  95%|█████████▍| 1161/1223 [00:05<00:00, 225.84w/s, dev=cpu]      
vit_model.vision_model.encoder.layers.6.mlp.fc1.weight:  95%|█████████▌| 1162/1223 [00:05<00:00, 226.03w/s, dev=cpu]
vit_model.vision_model.encoder.layers.6.mlp.fc2.bias:  95%|█████████▌| 1163/1223 [00:05<00:00, 226.22w/s, dev=cpu]  
vit_model.vision_model.encoder.layers.6.mlp.fc2.weight:  95%|█████████▌| 1164/1223 [00:05<00:00, 226.42w/s, dev=cpu]
vit_model.vision_model.encoder.layers.6.self_attn.k_proj.bias:  95%|█████████▌| 1165/1223 [00:05<00:00, 226.61w/s, dev=cpu]
vit_model.vision_model.encoder.layers.6.self_attn.k_proj.weight:  95%|█████████▌| 1166/1223 [00:05<00:00, 226.80w/s, dev=cpu]
vit_model.vision_model.encoder.layers.6.self_attn.out_proj.bias:  95%|█████████▌| 1167/1223 [00:05<00:00, 226.99w/s, dev=cpu]
vit_model.vision_model.encoder.layers.6.self_attn.out_proj.weight:  96%|█████████▌| 1168/1223 [00:05<00:00, 227.18w/s, dev=cpu]
vit_model.vision_model.encoder.layers.6.self_attn.q_proj.bias:  96%|█████████▌| 1169/1223 [00:05<00:00, 227.37w/s, dev=cpu]    
vit_model.vision_model.encoder.layers.6.self_attn.q_proj.weight:  96%|█████████▌| 1170/1223 [00:05<00:00, 227.56w/s, dev=cpu]
vit_model.vision_model.encoder.layers.6.self_attn.v_proj.bias:  96%|█████████▌| 1171/1223 [00:05<00:00, 227.75w/s, dev=cpu]  
vit_model.vision_model.encoder.layers.6.self_attn.v_proj.weight:  96%|█████████▌| 1172/1223 [00:05<00:00, 227.94w/s, dev=cpu]
vit_model.vision_model.encoder.layers.7.layer_norm1.bias:  96%|█████████▌| 1173/1223 [00:05<00:00, 228.14w/s, dev=cpu]       
vit_model.vision_model.encoder.layers.7.layer_norm1.weight:  96%|█████████▌| 1174/1223 [00:05<00:00, 228.33w/s, dev=cpu]
vit_model.vision_model.encoder.layers.7.layer_norm2.bias:  96%|█████████▌| 1175/1223 [00:05<00:00, 228.52w/s, dev=cpu]  
vit_model.vision_model.encoder.layers.7.layer_norm2.weight:  96%|█████████▌| 1176/1223 [00:05<00:00, 228.71w/s, dev=cpu]
vit_model.vision_model.encoder.layers.7.mlp.fc1.bias:  96%|█████████▌| 1177/1223 [00:05<00:00, 228.90w/s, dev=cpu]      
vit_model.vision_model.encoder.layers.7.mlp.fc1.weight:  96%|█████████▋| 1178/1223 [00:05<00:00, 229.09w/s, dev=cpu]
vit_model.vision_model.encoder.layers.7.mlp.fc2.bias:  96%|█████████▋| 1179/1223 [00:05<00:00, 229.28w/s, dev=cpu]  
vit_model.vision_model.encoder.layers.7.mlp.fc2.weight:  96%|█████████▋| 1180/1223 [00:05<00:00, 229.47w/s, dev=cpu]
vit_model.vision_model.encoder.layers.7.self_attn.k_proj.bias:  97%|█████████▋| 1181/1223 [00:05<00:00, 229.67w/s, dev=cpu]
vit_model.vision_model.encoder.layers.7.self_attn.k_proj.weight:  97%|█████████▋| 1182/1223 [00:05<00:00, 229.86w/s, dev=cpu]
vit_model.vision_model.encoder.layers.7.self_attn.out_proj.bias:  97%|█████████▋| 1183/1223 [00:05<00:00, 230.05w/s, dev=cpu]
vit_model.vision_model.encoder.layers.7.self_attn.out_proj.weight:  97%|█████████▋| 1184/1223 [00:05<00:00, 230.24w/s, dev=cpu]
vit_model.vision_model.encoder.layers.7.self_attn.q_proj.bias:  97%|█████████▋| 1185/1223 [00:05<00:00, 230.43w/s, dev=cpu]    
vit_model.vision_model.encoder.layers.7.self_attn.q_proj.weight:  97%|█████████▋| 1186/1223 [00:05<00:00, 230.62w/s, dev=cpu]
vit_model.vision_model.encoder.layers.7.self_attn.v_proj.bias:  97%|█████████▋| 1187/1223 [00:05<00:00, 230.81w/s, dev=cpu]  
vit_model.vision_model.encoder.layers.7.self_attn.v_proj.weight:  97%|█████████▋| 1188/1223 [00:05<00:00, 231.00w/s, dev=cpu]
vit_model.vision_model.encoder.layers.8.layer_norm1.bias:  97%|█████████▋| 1189/1223 [00:05<00:00, 231.19w/s, dev=cpu]       
vit_model.vision_model.encoder.layers.8.layer_norm1.weight:  97%|█████████▋| 1190/1223 [00:05<00:00, 231.38w/s, dev=cpu]
vit_model.vision_model.encoder.layers.8.layer_norm2.bias:  97%|█████████▋| 1191/1223 [00:05<00:00, 231.58w/s, dev=cpu]  
vit_model.vision_model.encoder.layers.8.layer_norm2.weight:  97%|█████████▋| 1192/1223 [00:05<00:00, 231.77w/s, dev=cpu]
vit_model.vision_model.encoder.layers.8.mlp.fc1.bias:  98%|█████████▊| 1193/1223 [00:05<00:00, 231.96w/s, dev=cpu]      
vit_model.vision_model.encoder.layers.8.mlp.fc1.weight:  98%|█████████▊| 1194/1223 [00:05<00:00, 232.15w/s, dev=cpu]
vit_model.vision_model.encoder.layers.8.mlp.fc2.bias:  98%|█████████▊| 1195/1223 [00:05<00:00, 232.34w/s, dev=cpu]  
vit_model.vision_model.encoder.layers.8.mlp.fc2.weight:  98%|█████████▊| 1196/1223 [00:05<00:00, 232.53w/s, dev=cpu]
vit_model.vision_model.encoder.layers.8.self_attn.k_proj.bias:  98%|█████████▊| 1197/1223 [00:05<00:00, 232.72w/s, dev=cpu]
vit_model.vision_model.encoder.layers.8.self_attn.k_proj.weight:  98%|█████████▊| 1198/1223 [00:05<00:00, 232.91w/s, dev=cpu]
vit_model.vision_model.encoder.layers.8.self_attn.out_proj.bias:  98%|█████████▊| 1199/1223 [00:05<00:00, 233.10w/s, dev=cpu]
vit_model.vision_model.encoder.layers.8.self_attn.out_proj.weight:  98%|█████████▊| 1200/1223 [00:05<00:00, 233.29w/s, dev=cpu]
vit_model.vision_model.encoder.layers.8.self_attn.q_proj.bias:  98%|█████████▊| 1201/1223 [00:05<00:00, 233.49w/s, dev=cpu]    
vit_model.vision_model.encoder.layers.8.self_attn.q_proj.weight:  98%|█████████▊| 1202/1223 [00:05<00:00, 233.68w/s, dev=cpu]
vit_model.vision_model.encoder.layers.8.self_attn.v_proj.bias:  98%|█████████▊| 1203/1223 [00:05<00:00, 233.87w/s, dev=cpu]  
vit_model.vision_model.encoder.layers.8.self_attn.v_proj.weight:  98%|█████████▊| 1204/1223 [00:05<00:00, 234.06w/s, dev=cpu]
vit_model.vision_model.encoder.layers.9.layer_norm1.bias:  99%|█████████▊| 1205/1223 [00:05<00:00, 234.25w/s, dev=cpu]       
vit_model.vision_model.encoder.layers.9.layer_norm1.weight:  99%|█████████▊| 1206/1223 [00:05<00:00, 234.44w/s, dev=cpu]
vit_model.vision_model.encoder.layers.9.layer_norm2.bias:  99%|█████████▊| 1207/1223 [00:05<00:00, 234.63w/s, dev=cpu]  
vit_model.vision_model.encoder.layers.9.layer_norm2.weight:  99%|█████████▉| 1208/1223 [00:05<00:00, 234.82w/s, dev=cpu]
vit_model.vision_model.encoder.layers.9.mlp.fc1.bias:  99%|█████████▉| 1209/1223 [00:05<00:00, 235.01w/s, dev=cpu]      
vit_model.vision_model.encoder.layers.9.mlp.fc1.weight:  99%|█████████▉| 1210/1223 [00:05<00:00, 235.20w/s, dev=cpu]
vit_model.vision_model.encoder.layers.9.mlp.fc2.bias:  99%|█████████▉| 1211/1223 [00:05<00:00, 235.39w/s, dev=cpu]  
vit_model.vision_model.encoder.layers.9.mlp.fc2.weight:  99%|█████████▉| 1212/1223 [00:05<00:00, 235.58w/s, dev=cpu]
vit_model.vision_model.encoder.layers.9.self_attn.k_proj.bias:  99%|█████████▉| 1213/1223 [00:05<00:00, 235.78w/s, dev=cpu]
vit_model.vision_model.encoder.layers.9.self_attn.k_proj.weight:  99%|█████████▉| 1214/1223 [00:05<00:00, 235.97w/s, dev=cpu]
vit_model.vision_model.encoder.layers.9.self_attn.out_proj.bias:  99%|█████████▉| 1215/1223 [00:05<00:00, 236.16w/s, dev=cpu]
vit_model.vision_model.encoder.layers.9.self_attn.out_proj.weight:  99%|█████████▉| 1216/1223 [00:05<00:00, 236.35w/s, dev=cpu]
vit_model.vision_model.encoder.layers.9.self_attn.q_proj.bias: 100%|█████████▉| 1217/1223 [00:05<00:00, 236.54w/s, dev=cpu]    
vit_model.vision_model.encoder.layers.9.self_attn.q_proj.weight: 100%|█████████▉| 1218/1223 [00:05<00:00, 236.73w/s, dev=cpu]
vit_model.vision_model.encoder.layers.9.self_attn.v_proj.bias: 100%|█████████▉| 1219/1223 [00:05<00:00, 236.92w/s, dev=cpu]  
vit_model.vision_model.encoder.layers.9.self_attn.v_proj.weight: 100%|█████████▉| 1220/1223 [00:05<00:00, 237.11w/s, dev=cpu]
vit_model.vision_model.post_layernorm.bias: 100%|█████████▉| 1221/1223 [00:05<00:00, 237.30w/s, dev=cpu]                     
vit_model.vision_model.post_layernorm.weight: 100%|█████████▉| 1222/1223 [00:05<00:00, 237.49w/s, dev=cpu]
                                                                                                          
Some parameters are on the meta device because they were offloaded to the cpu.

  0%|          | 0/29 [00:00<?, ?it/s]
  3%|▎         | 1/29 [00:05<02:21,  5.05s/it]
  7%|▋         | 2/29 [00:09<02:10,  4.84s/it]
 10%|█         | 3/29 [00:14<02:04,  4.79s/it]
 14%|█▍        | 4/29 [00:19<01:58,  4.74s/it]
 17%|█▋        | 5/29 [00:23<01:53,  4.71s/it]
 21%|██        | 6/29 [00:28<01:48,  4.72s/it]
 24%|██▍       | 7/29 [00:33<01:43,  4.70s/it]
 28%|██▊       | 8/29 [00:37<01:38,  4.68s/it]
 31%|███       | 9/29 [00:42<01:33,  4.68s/it]
 34%|███▍      | 10/29 [00:47<01:29,  4.69s/it]
 38%|███▊      | 11/29 [00:52<01:25,  4.75s/it]
 41%|████▏     | 12/29 [00:56<01:20,  4.76s/it]
 45%|████▍     | 13/29 [01:01<01:16,  4.78s/it]
 48%|████▊     | 14/29 [01:06<01:11,  4.75s/it]
 52%|█████▏    | 15/29 [01:11<01:06,  4.75s/it]
 55%|█████▌    | 16/29 [01:15<01:01,  4.73s/it]
 59%|█████▊    | 17/29 [01:20<00:56,  4.73s/it]
 62%|██████▏   | 18/29 [01:25<00:52,  4.73s/it]
 66%|██████▌   | 19/29 [01:30<00:47,  4.73s/it]
 69%|██████▉   | 20/29 [01:34<00:42,  4.73s/it]
 72%|███████▏  | 21/29 [01:39<00:37,  4.72s/it]
 76%|███████▌  | 22/29 [01:44<00:32,  4.68s/it]
 79%|███████▉  | 23/29 [01:48<00:27,  4.64s/it]
 83%|████████▎ | 24/29 [01:53<00:23,  4.63s/it]
 86%|████████▌ | 25/29 [01:54<00:14,  3.71s/it]
 90%|████████▉ | 26/29 [01:56<00:09,  3.06s/it]
 93%|█████████▎| 27/29 [01:57<00:05,  2.61s/it]
 97%|█████████▋| 28/29 [01:59<00:02,  2.29s/it]
100%|██████████| 29/29 [02:00<00:00,  2.07s/it]
100%|██████████| 29/29 [02:00<00:00,  4.17s/it]

task=t2i
prompt=a blue glass castle floating above the ocean at sunset
input_image=
output=/root/autodl-tmp/BAGEL/repro_records/task10_20260601_102643/outputs/cfg_text_8.png
model_path=models/BAGEL-7B-MoT
mode=2
seed=42
think=False
num_timesteps=30
cfg_text_scale=8.0
cfg_img_scale=2.0
cfg_interval=[0.4, 1.0]
timestep_shift=3.0
gpu_memory_before=cuda:0 torch_allocated=0.00GiB torch_reserved=0.00GiB torch_peak=0.00GiB; cuda:1 torch_allocated=0.00GiB torch_reserved=0.00GiB torch_peak=0.00GiB; nvidia_smi=0, 4, 24564 | 1, 672, 24564
model_load_seconds=23.97
gpu_memory_after_load=cuda:0 torch_allocated=3.29GiB torch_reserved=3.51GiB torch_peak=11.27GiB; cuda:1 torch_allocated=2.69GiB torch_reserved=2.94GiB torch_peak=12.36GiB; nvidia_smi=0, 4052, 24564 | 1, 4140, 24564
inference_seconds=134.17
total_seconds=158.85
gpu_memory_after_inference=cuda:0 torch_allocated=3.30GiB torch_reserved=3.85GiB torch_peak=11.27GiB; cuda:1 torch_allocated=2.69GiB torch_reserved=2.94GiB torch_peak=12.36GiB; nvidia_smi=0, 4412, 24564 | 1, 4156, 24564
status=success

wall_seconds=166
after_gpu:
Mon Jun  1 20:29:38 2026       
+-----------------------------------------------------------------------------------------+
| NVIDIA-SMI 595.58.03              Driver Version: 595.58.03      CUDA Version: 13.2     |
+-----------------------------------------+------------------------+----------------------+
| GPU  Name                 Persistence-M | Bus-Id          Disp.A | Volatile Uncorr. ECC |
| Fan  Temp   Perf          Pwr:Usage/Cap |           Memory-Usage | GPU-Util  Compute M. |
|                                         |                        |               MIG M. |
|=========================================+========================+======================|
|   0  NVIDIA GeForce RTX 4090        On  |   00000000:16:00.0 Off |                  Off |
| 30%   40C    P0             59W /  450W |       1MiB /  24564MiB |     82%      Default |
|                                         |                        |                  N/A |
+-----------------------------------------+------------------------+----------------------+
|   1  NVIDIA GeForce RTX 4090        On  |   00000000:5A:00.0 Off |                  Off |
| 30%   37C    P0             65W /  450W |     672MiB /  24564MiB |      0%      Default |
|                                         |                        |                  N/A |
+-----------------------------------------+------------------------+----------------------+

+-----------------------------------------------------------------------------------------+
| Processes:                                                                              |
|  GPU   GI   CI              PID   Type   Process name                        GPU Memory |
|        ID   ID                                                               Usage      |
|=========================================================================================|
|  No running processes found                                                             |
+-----------------------------------------------------------------------------------------+

end_utc=2026-06-01T12:29:38Z
status=completed
outputs:
-rw-r--r-- 1 root root 1.4M Jun  1 20:24 /root/autodl-tmp/BAGEL/repro_records/task10_20260601_102643/outputs/cfg_text_1.png
-rw-r--r-- 1 root root 1.5M Jun  1 20:26 /root/autodl-tmp/BAGEL/repro_records/task10_20260601_102643/outputs/cfg_text_4.png
-rw-r--r-- 1 root root 1.6M Jun  1 20:29 /root/autodl-tmp/BAGEL/repro_records/task10_20260601_102643/outputs/cfg_text_8.png
